ts_utc,y_true,lgbm,estimated_bias,bias_corrected
2025-07-11 22:00:00+00:00,112.23,96.5768794423929,-8.499750074639067,105.07662951703196
2025-07-11 23:00:00+00:00,104.57,91.843707831951,-8.499750074639067,100.34345790659006
2025-07-12 00:00:00+00:00,103.68,90.6168809328402,-8.499750074639067,99.11663100747927
2025-07-12 01:00:00+00:00,97.4,83.44782725356076,-8.499750074639067,91.94757732819983
2025-07-12 02:00:00+00:00,93.33,81.10704192798906,-8.499750074639067,89.60679200262813
2025-07-12 03:00:00+00:00,89.94,82.50772201602041,-8.499750074639067,91.00747209065948
2025-07-12 04:00:00+00:00,85.27,90.93738785840796,-8.499750074639067,99.43713793304703
2025-07-12 05:00:00+00:00,87.98,81.19129266475953,-8.499750074639067,89.6910427393986
2025-07-12 06:00:00+00:00,83.8,64.1791297253485,-8.499750074639067,72.67887979998757
2025-07-12 07:00:00+00:00,59.86,41.416851860893296,-8.499750074639067,49.91660193553236
2025-07-12 08:00:00+00:00,18.19,11.52263193780061,-8.499750074639067,20.022382012439678
2025-07-12 09:00:00+00:00,3.0,12.220477809077575,-8.499750074639067,20.720227883716642
2025-07-12 10:00:00+00:00,0.22,18.64245535743537,-8.499750074639067,27.142205432074437
2025-07-12 11:00:00+00:00,0.0,15.160133949753916,-8.499750074639067,23.659884024392984
2025-07-12 12:00:00+00:00,0.0,9.07827173558042,-8.499750074639067,17.57802181021949
2025-07-12 13:00:00+00:00,0.22,11.479689211881324,-8.499750074639067,19.97943928652039
2025-07-12 14:00:00+00:00,19.73,25.720988853593436,-8.499750074639067,34.22073892823251
2025-07-12 15:00:00+00:00,73.89,58.18758122523459,-8.499750074639067,66.68733129987365
2025-07-12 16:00:00+00:00,106.2,83.7902017310391,-8.499750074639067,92.28995180567817
2025-07-12 17:00:00+00:00,109.2,107.73883942486778,-8.499750074639067,116.23858949950684
2025-07-12 18:00:00+00:00,120.0,116.83527114124152,-8.499750074639067,125.33502121588059
2025-07-12 19:00:00+00:00,125.02,118.26580110548706,-8.499750074639067,126.76555118012612
2025-07-12 20:00:00+00:00,125.0,110.72253552280668,-8.499750074639067,119.22228559744575
2025-07-12 21:00:00+00:00,115.42,106.62329989771568,-8.499750074639067,115.12304997235475
2025-07-12 22:00:00+00:00,115.35,112.12441721804444,-8.39268434586351,120.51710156390796
2025-07-12 23:00:00+00:00,109.14,106.31921209052084,-8.39268434586351,114.71189643638435
2025-07-13 00:00:00+00:00,108.42,105.307276008727,-8.39268434586351,113.69996035459052
2025-07-13 01:00:00+00:00,107.35,101.28005510302197,-8.39268434586351,109.67273944888548
2025-07-13 02:00:00+00:00,104.64,100.43258218569297,-8.39268434586351,108.82526653155648
2025-07-13 03:00:00+00:00,100.85,98.85698965417176,-8.39268434586351,107.24967400003527
2025-07-13 04:00:00+00:00,95.8,101.03132889762844,-8.39268434586351,109.42401324349196
2025-07-13 05:00:00+00:00,92.18,97.79965673683375,-8.39268434586351,106.19234108269727
2025-07-13 06:00:00+00:00,87.94,92.13474675376122,-8.39268434586351,100.52743109962474
2025-07-13 07:00:00+00:00,57.62,68.32265253835834,-8.39268434586351,76.71533688422186
2025-07-13 08:00:00+00:00,4.28,22.070694564234714,-8.39268434586351,30.46337891009822
2025-07-13 09:00:00+00:00,0.05,12.779164095115782,-8.39268434586351,21.17184844097929
2025-07-13 10:00:00+00:00,0.0,9.766123543450846,-8.39268434586351,18.158807889314353
2025-07-13 11:00:00+00:00,0.0,2.2901571866774364,-8.39268434586351,10.682841532540946
2025-07-13 12:00:00+00:00,0.0,-1.580763319146098,-8.39268434586351,6.811921026717411
2025-07-13 13:00:00+00:00,0.0,-4.512845582003286,-8.39268434586351,3.8798387638602234
2025-07-13 14:00:00+00:00,2.36,11.707538743988936,-8.39268434586351,20.100223089852445
2025-07-13 15:00:00+00:00,73.4,52.64441010487883,-8.39268434586351,61.03709445074234
2025-07-13 16:00:00+00:00,100.61,99.60666524036785,-8.39268434586351,107.99934958623136
2025-07-13 17:00:00+00:00,113.74,113.69368147039064,-8.39268434586351,122.08636581625416
2025-07-13 18:00:00+00:00,120.0,133.91363339513757,-8.39268434586351,142.30631774100107
2025-07-13 19:00:00+00:00,127.7,137.5796927035801,-8.39268434586351,145.9723770494436
2025-07-13 20:00:00+00:00,126.94,121.46382379589052,-8.39268434586351,129.85650814175403
2025-07-13 21:00:00+00:00,115.41,116.57850723826508,-8.39268434586351,124.97119158412859
2025-07-13 22:00:00+00:00,114.02,120.9370081082995,-8.068135094993307,129.0051432032928
2025-07-13 23:00:00+00:00,104.01,107.42742177353986,-8.068135094993307,115.49555686853317
2025-07-14 00:00:00+00:00,98.17,103.04523808488922,-8.068135094993307,111.11337317988253
2025-07-14 01:00:00+00:00,94.94,109.8319265747594,-8.068135094993307,117.9000616697527
2025-07-14 02:00:00+00:00,99.32,113.69968887625234,-8.068135094993307,121.76782397124565
2025-07-14 03:00:00+00:00,108.93,126.70448703083206,-8.068135094993307,134.77262212582536
2025-07-14 04:00:00+00:00,117.87,141.6566307986501,-8.068135094993307,149.7247658936434
2025-07-14 05:00:00+00:00,121.62,140.01670988436305,-8.068135094993307,148.08484497935635
2025-07-14 06:00:00+00:00,112.06,122.44770882843578,-8.068135094993307,130.5158439234291
2025-07-14 07:00:00+00:00,92.43,109.88778353684296,-8.068135094993307,117.95591863183627
2025-07-14 08:00:00+00:00,84.58,90.40825456741388,-8.068135094993307,98.47638966240719
2025-07-14 09:00:00+00:00,79.67,76.21348623267227,-8.068135094993307,84.28162132766558
2025-07-14 10:00:00+00:00,70.98,66.5227754638599,-8.068135094993307,74.59091055885321
2025-07-14 11:00:00+00:00,64.17,54.42785622632209,-8.068135094993307,62.4959913213154
2025-07-14 12:00:00+00:00,57.15,55.99654357246828,-8.068135094993307,64.06467866746159
2025-07-14 13:00:00+00:00,55.82,58.6169916292876,-8.068135094993307,66.6851267242809
2025-07-14 14:00:00+00:00,71.1,70.42829594500239,-8.068135094993307,78.4964310399957
2025-07-14 15:00:00+00:00,84.58,95.75891260719192,-8.068135094993307,103.82704770218523
2025-07-14 16:00:00+00:00,98.94,113.400391175336,-8.068135094993307,121.4685262703293
2025-07-14 17:00:00+00:00,110.11,143.89133578548046,-8.068135094993307,151.95947088047376
2025-07-14 18:00:00+00:00,139.99,195.1132331138427,-8.068135094993307,203.181368208836
2025-07-14 19:00:00+00:00,141.57,189.48623186277345,-8.068135094993307,197.55436695776675
2025-07-14 20:00:00+00:00,126.14,150.34011325204233,-8.068135094993307,158.40824834703562
2025-07-14 21:00:00+00:00,115.15,130.04506485699457,-8.068135094993307,138.11319995198787
2025-07-14 22:00:00+00:00,106.1,112.25572377754304,-7.415837958544581,119.67156173608763
2025-07-14 23:00:00+00:00,103.06,98.90653948487343,-7.415837958544581,106.32237744341802
2025-07-15 00:00:00+00:00,93.86,94.82244697985271,-7.415837958544581,102.2382849383973
2025-07-15 01:00:00+00:00,88.28,94.30354230879334,-7.415837958544581,101.71938026733793
2025-07-15 02:00:00+00:00,87.12,94.80700249274408,-7.415837958544581,102.22284045128866
2025-07-15 03:00:00+00:00,93.0,101.99258894341912,-7.415837958544581,109.40842690196371
2025-07-15 04:00:00+00:00,110.33,113.26666110569336,-7.415837958544581,120.68249906423794
2025-07-15 05:00:00+00:00,113.41,116.89422299333086,-7.415837958544581,124.31006095187544
2025-07-15 06:00:00+00:00,106.86,108.00504254234528,-7.415837958544581,115.42088050088987
2025-07-15 07:00:00+00:00,90.82,89.83957113413136,-7.415837958544581,97.25540909267595
2025-07-15 08:00:00+00:00,77.67,76.31061367425637,-7.415837958544581,83.72645163280096
2025-07-15 09:00:00+00:00,65.0,52.54300171857964,-7.415837958544581,59.95883967712422
2025-07-15 10:00:00+00:00,59.19,40.99832406717112,-7.415837958544581,48.4141620257157
2025-07-15 11:00:00+00:00,47.26,22.23168299322202,-7.415837958544581,29.6475209517666
2025-07-15 12:00:00+00:00,40.2,17.175812150506715,-7.415837958544581,24.591650109051297
2025-07-15 13:00:00+00:00,42.57,25.493073832202203,-7.415837958544581,32.908911790746785
2025-07-15 14:00:00+00:00,65.0,49.50045867777334,-7.415837958544581,56.91629663631792
2025-07-15 15:00:00+00:00,84.87,75.59026580330978,-7.415837958544581,83.00610376185436
2025-07-15 16:00:00+00:00,101.54,95.15724040595909,-7.415837958544581,102.57307836450367
2025-07-15 17:00:00+00:00,108.15,122.3385689746928,-7.415837958544581,129.7544069332374
2025-07-15 18:00:00+00:00,119.78,164.5828212629029,-7.415837958544581,171.9986592214475
2025-07-15 19:00:00+00:00,141.99,175.6386600924315,-7.415837958544581,183.0544980509761
2025-07-15 20:00:00+00:00,121.28,148.54922997746004,-7.415837958544581,155.96506793600463
2025-07-15 21:00:00+00:00,112.45,124.97884855310058,-7.415837958544581,132.39468651164515
2025-07-15 22:00:00+00:00,97.63,103.9609520160455,-7.153127106888497,111.11407912293399
2025-07-15 23:00:00+00:00,93.99,101.02141102456272,-7.153127106888497,108.17453813145121
2025-07-16 00:00:00+00:00,86.67,92.44381175889504,-7.153127106888497,99.59693886578353
2025-07-16 01:00:00+00:00,83.43,90.06851433328964,-7.153127106888497,97.22164144017813
2025-07-16 02:00:00+00:00,84.26,87.37642939321734,-7.153127106888497,94.52955650010583
2025-07-16 03:00:00+00:00,90.41,100.19344362221908,-7.153127106888497,107.34657072910757
2025-07-16 04:00:00+00:00,105.74,112.41401679015836,-7.153127106888497,119.56714389704685
2025-07-16 05:00:00+00:00,112.63,116.69026524688624,-7.153127106888497,123.84339235377473
2025-07-16 06:00:00+00:00,111.92,111.79950929137333,-7.153127106888497,118.95263639826182
2025-07-16 07:00:00+00:00,104.21,102.5739544802162,-7.153127106888497,109.72708158710469
2025-07-16 08:00:00+00:00,89.8,94.25213474775887,-7.153127106888497,101.40526185464736
2025-07-16 09:00:00+00:00,85.65,85.04504988541609,-7.153127106888497,92.19817699230458
2025-07-16 10:00:00+00:00,81.96,78.72607136472259,-7.153127106888497,85.87919847161108
2025-07-16 11:00:00+00:00,78.62,72.53902241449578,-7.153127106888497,79.69214952138427
2025-07-16 12:00:00+00:00,68.06,71.67304222869761,-7.153127106888497,78.8261693355861
2025-07-16 13:00:00+00:00,69.2,74.17477551792882,-7.153127106888497,81.32790262481731
2025-07-16 14:00:00+00:00,80.86,79.47746670961631,-7.153127106888497,86.6305938165048
2025-07-16 15:00:00+00:00,89.09,89.76285162362903,-7.153127106888497,96.91597873051752
2025-07-16 16:00:00+00:00,95.49,106.4604349951215,-7.153127106888497,113.61356210201
2025-07-16 17:00:00+00:00,108.37,115.66391291809798,-7.153127106888497,122.81704002498647
2025-07-16 18:00:00+00:00,119.72,124.3327964628131,-7.153127106888497,131.4859235697016
2025-07-16 19:00:00+00:00,129.04,137.3029071361756,-7.153127106888497,144.4560342430641
2025-07-16 20:00:00+00:00,120.71,110.22617316092789,-7.153127106888497,117.37930026781638
2025-07-16 21:00:00+00:00,110.55,104.23687144767707,-7.153127106888497,111.38999855456557
2025-07-16 22:00:00+00:00,103.76,95.75952725462705,-6.872078453156038,102.63160570778308
2025-07-16 23:00:00+00:00,98.33,92.44918908285965,-6.872078453156038,99.32126753601568
2025-07-17 00:00:00+00:00,89.96,87.08384437786727,-6.872078453156038,93.9559228310233
2025-07-17 01:00:00+00:00,84.81,84.96909172257574,-6.872078453156038,91.84117017573178
2025-07-17 02:00:00+00:00,85.76,85.6612311605155,-6.872078453156038,92.53330961367153
2025-07-17 03:00:00+00:00,89.0,93.90397619015636,-6.872078453156038,100.77605464331239
2025-07-17 04:00:00+00:00,104.05,109.36982455154693,-6.872078453156038,116.24190300470296
2025-07-17 05:00:00+00:00,110.33,109.09637639093158,-6.872078453156038,115.96845484408762
2025-07-17 06:00:00+00:00,105.92,103.03913869098176,-6.872078453156038,109.9112171441378
2025-07-17 07:00:00+00:00,93.1,88.49532190959705,-6.872078453156038,95.36740036275309
2025-07-17 08:00:00+00:00,85.0,72.44964882409266,-6.872078453156038,79.3217272772487
2025-07-17 09:00:00+00:00,77.07,53.38775786566831,-6.872078453156038,60.25983631882435
2025-07-17 10:00:00+00:00,70.17,38.91939267228983,-6.872078453156038,45.79147112544587
2025-07-17 11:00:00+00:00,55.26,29.525428030231588,-6.872078453156038,36.39750648338762
2025-07-17 12:00:00+00:00,49.78,31.0662250774815,-6.872078453156038,37.93830353063754
2025-07-17 13:00:00+00:00,66.18,41.91424140240731,-6.872078453156038,48.78631985556335
2025-07-17 14:00:00+00:00,74.79,59.57760914272082,-6.872078453156038,66.44968759587685
2025-07-17 15:00:00+00:00,82.71,76.88001435139985,-6.872078453156038,83.75209280455589
2025-07-17 16:00:00+00:00,94.98,94.1860588659845,-6.872078453156038,101.05813731914054
2025-07-17 17:00:00+00:00,109.73,103.34140481278482,-6.872078453156038,110.21348326594085
2025-07-17 18:00:00+00:00,120.75,112.85803656565425,-6.872078453156038,119.73011501881028
2025-07-17 19:00:00+00:00,132.0,119.8047312865135,-6.872078453156038,126.67680973966954
2025-07-17 20:00:00+00:00,125.07,112.41176698739724,-6.872078453156038,119.28384544055328
2025-07-17 21:00:00+00:00,114.18,106.7292431696176,-6.872078453156038,113.60132162277364
2025-07-17 22:00:00+00:00,106.8,105.5731746187998,-6.935598171603205,112.508772790403
2025-07-17 23:00:00+00:00,99.15,103.04648848556704,-6.935598171603205,109.98208665717024
2025-07-18 00:00:00+00:00,95.36,97.48330716343814,-6.935598171603205,104.41890533504134
2025-07-18 01:00:00+00:00,96.37,95.08099148909122,-6.935598171603205,102.01658966069442
2025-07-18 02:00:00+00:00,98.66,102.40950286108588,-6.935598171603205,109.34510103268909
2025-07-18 03:00:00+00:00,108.23,114.29259396700196,-6.935598171603205,121.22819213860517
2025-07-18 04:00:00+00:00,115.92,142.56400597673084,-6.935598171603205,149.49960414833404
2025-07-18 05:00:00+00:00,116.17,119.95556447585834,-6.935598171603205,126.89116264746154
2025-07-18 06:00:00+00:00,109.39,107.4123704522796,-6.935598171603205,114.3479686238828
2025-07-18 07:00:00+00:00,98.13,91.37409019113473,-6.935598171603205,98.30968836273793
2025-07-18 08:00:00+00:00,84.98,79.37742752317816,-6.935598171603205,86.31302569478136
2025-07-18 09:00:00+00:00,82.02,63.87106588856724,-6.935598171603205,70.80666406017045
2025-07-18 10:00:00+00:00,80.0,59.60893294929159,-6.935598171603205,66.5445311208948
2025-07-18 11:00:00+00:00,73.02,52.66544243088703,-6.935598171603205,59.60104060249024
2025-07-18 12:00:00+00:00,71.2,50.23061483109831,-6.935598171603205,57.16621300270151
2025-07-18 13:00:00+00:00,72.68,56.571507691731306,-6.935598171603205,63.50710586333451
2025-07-18 14:00:00+00:00,79.99,73.7067186412451,-6.935598171603205,80.6423168128483
2025-07-18 15:00:00+00:00,84.07,85.74581351413443,-6.935598171603205,92.68141168573763
2025-07-18 16:00:00+00:00,99.92,97.60511392979302,-6.935598171603205,104.54071210139622
2025-07-18 17:00:00+00:00,120.0,129.1278007709222,-6.935598171603205,136.0633989425254
2025-07-18 18:00:00+00:00,146.55,153.2177252191023,-6.935598171603205,160.1533233907055
2025-07-18 19:00:00+00:00,144.44,119.2177040485649,-6.935598171603205,126.1533022201681
2025-07-18 20:00:00+00:00,125.88,113.29432889163304,-6.935598171603205,120.22992706323625
2025-07-18 21:00:00+00:00,113.48,97.38510782882489,-6.935598171603205,104.32070600042809
2025-07-18 22:00:00+00:00,107.6,101.18607125708124,-6.873816921650009,108.05988817873124
2025-07-18 23:00:00+00:00,105.35,95.83404753805982,-6.873816921650009,102.70786445970982
2025-07-19 00:00:00+00:00,103.19,89.60851455869737,-6.873816921650009,96.48233148034737
2025-07-19 01:00:00+00:00,101.63,101.7164345125491,-6.873816921650009,108.5902514341991
2025-07-19 02:00:00+00:00,98.38,97.96009345572152,-6.873816921650009,104.83391037737152
2025-07-19 03:00:00+00:00,93.69,104.75396040607215,-6.873816921650009,111.62777732772216
2025-07-19 04:00:00+00:00,98.39,102.65564433444476,-6.873816921650009,109.52946125609476
2025-07-19 05:00:00+00:00,86.89,83.24988615107182,-6.873816921650009,90.12370307272182
2025-07-19 06:00:00+00:00,78.89,73.8668112708473,-6.873816921650009,80.7406281924973
2025-07-19 07:00:00+00:00,52.98,23.33689146812386,-6.873816921650009,30.21070838977387
2025-07-19 08:00:00+00:00,10.0,3.021339134702321,-6.873816921650009,9.89515605635233
2025-07-19 09:00:00+00:00,0.65,-10.202094549417232,-6.873816921650009,-3.328277627767223
2025-07-19 10:00:00+00:00,0.0,-19.568690832795394,-6.873816921650009,-12.694873911145384
2025-07-19 11:00:00+00:00,-0.01,-13.4996138098248,-6.873816921650009,-6.62579688817479
2025-07-19 12:00:00+00:00,0.0,-15.30962617461738,-6.873816921650009,-8.43580925296737
2025-07-19 13:00:00+00:00,2.08,1.3279320843014673,-6.873816921650009,8.201749005951477
2025-07-19 14:00:00+00:00,29.33,2.3176360863855825,-6.873816921650009,9.191453008035591
2025-07-19 15:00:00+00:00,76.85,44.31160596562846,-6.873816921650009,51.18542288727847
2025-07-19 16:00:00+00:00,98.4,86.82673714210011,-6.873816921650009,93.70055406375012
2025-07-19 17:00:00+00:00,114.47,101.79398364682284,-6.873816921650009,108.66780056847284
2025-07-19 18:00:00+00:00,112.87,112.42493399070162,-6.873816921650009,119.29875091235162
2025-07-19 19:00:00+00:00,108.08,108.49893384599324,-6.873816921650009,115.37275076764324
2025-07-19 20:00:00+00:00,105.63,98.9164658364056,-6.873816921650009,105.79028275805561
2025-07-19 21:00:00+00:00,98.07,93.32314166383314,-6.873816921650009,100.19695858548315
2025-07-19 22:00:00+00:00,91.29,83.67741223084558,-6.928737266932369,90.60614949777795
2025-07-19 23:00:00+00:00,88.94,79.61460937180397,-6.928737266932369,86.54334663873634
2025-07-20 00:00:00+00:00,89.27,82.68546060199428,-6.928737266932369,89.61419786892665
2025-07-20 01:00:00+00:00,100.41,81.66875579246418,-6.928737266932369,88.59749305939656
2025-07-20 02:00:00+00:00,101.7,77.93529233691821,-6.928737266932369,84.86402960385058
2025-07-20 03:00:00+00:00,98.27,76.5791643104836,-6.928737266932369,83.50790157741598
2025-07-20 04:00:00+00:00,97.2,76.53616580940846,-6.928737266932369,83.46490307634083
2025-07-20 05:00:00+00:00,80.59,75.52274593116124,-6.928737266932369,82.45148319809361
2025-07-20 06:00:00+00:00,77.86,68.96261007644033,-6.928737266932369,75.8913473433727
2025-07-20 07:00:00+00:00,44.58,35.08024673925376,-6.928737266932369,42.008984006186125
2025-07-20 08:00:00+00:00,9.04,5.181324209640408,-6.928737266932369,12.110061476572778
2025-07-20 09:00:00+00:00,2.07,6.801300805300468,-6.928737266932369,13.730038072232837
2025-07-20 10:00:00+00:00,0.0,1.8383501626466885,-6.928737266932369,8.767087429579057
2025-07-20 11:00:00+00:00,-0.01,-6.331444130603412,-6.928737266932369,0.5972931363289566
2025-07-20 12:00:00+00:00,0.0,-0.5542633667471697,-6.928737266932369,6.374473900185199
2025-07-20 13:00:00+00:00,9.09,6.384075017759334,-6.928737266932369,13.312812284691702
2025-07-20 14:00:00+00:00,69.33,19.3870601824814,-6.928737266932369,26.31579744941377
2025-07-20 15:00:00+00:00,92.74,73.93638757924937,-6.928737266932369,80.86512484618174
2025-07-20 16:00:00+00:00,100.26,101.70184753618388,-6.928737266932369,108.63058480311625
2025-07-20 17:00:00+00:00,112.0,110.85502052744675,-6.928737266932369,117.78375779437913
2025-07-20 18:00:00+00:00,116.0,119.18285436768242,-6.928737266932369,126.1115916346148
2025-07-20 19:00:00+00:00,115.01,122.97369427025694,-6.928737266932369,129.9024315371893
2025-07-20 20:00:00+00:00,114.85,109.12246196442482,-6.928737266932369,116.05119923135719
2025-07-20 21:00:00+00:00,105.05,104.87881059100933,-6.928737266932369,111.8075478579417
2025-07-20 22:00:00+00:00,87.08,104.29477967758936,-6.9668038937230925,111.26158357131246
2025-07-20 23:00:00+00:00,79.73,92.00589396090322,-6.9668038937230925,98.97269785462632
2025-07-21 00:00:00+00:00,83.48,91.21227071460844,-6.9668038937230925,98.17907460833153
2025-07-21 01:00:00+00:00,83.3,93.7501934433928,-6.9668038937230925,100.7169973371159
2025-07-21 02:00:00+00:00,83.49,101.14507786809642,-6.9668038937230925,108.11188176181952
2025-07-21 03:00:00+00:00,96.22,108.18811884341144,-6.9668038937230925,115.15492273713454
2025-07-21 04:00:00+00:00,113.96,130.77318043831852,-6.9668038937230925,137.73998433204162
2025-07-21 05:00:00+00:00,126.56,139.08324167314044,-6.9668038937230925,146.05004556686353
2025-07-21 06:00:00+00:00,123.91,139.12154226855515,-6.9668038937230925,146.08834616227824
2025-07-21 07:00:00+00:00,109.64,118.11182260585748,-6.9668038937230925,125.07862649958058
2025-07-21 08:00:00+00:00,105.99,106.98805843101864,-6.9668038937230925,113.95486232474174
2025-07-21 09:00:00+00:00,98.88,103.4035732301777,-6.9668038937230925,110.3703771239008
2025-07-21 10:00:00+00:00,84.9,99.87236411205632,-6.9668038937230925,106.83916800577941
2025-07-21 11:00:00+00:00,81.73,91.3391736883892,-6.9668038937230925,98.30597758211229
2025-07-21 12:00:00+00:00,85.79,91.62971409639664,-6.9668038937230925,98.59651799011974
2025-07-21 13:00:00+00:00,87.96,88.65053873671171,-6.9668038937230925,95.6173426304348
2025-07-21 14:00:00+00:00,90.95,91.12136291081576,-6.9668038937230925,98.08816680453886
2025-07-21 15:00:00+00:00,104.3,96.45013130499696,-6.9668038937230925,103.41693519872005
2025-07-21 16:00:00+00:00,105.82,105.11506429497284,-6.9668038937230925,112.08186818869594
2025-07-21 17:00:00+00:00,119.69,116.48951082124358,-6.9668038937230925,123.45631471496668
2025-07-21 18:00:00+00:00,123.25,124.0454122357214,-6.9668038937230925,131.01221612944448
2025-07-21 19:00:00+00:00,120.09,116.429996977576,-6.9668038937230925,123.39680087129909
2025-07-21 20:00:00+00:00,108.76,107.01273700511508,-6.9668038937230925,113.97954089883818
2025-07-21 21:00:00+00:00,100.04,104.23567423821667,-6.9668038937230925,111.20247813193977
2025-07-21 22:00:00+00:00,92.79,95.23123874745932,-6.63122813640368,101.862466883863
2025-07-21 23:00:00+00:00,87.2,85.45657564820438,-6.63122813640368,92.08780378460806
2025-07-22 00:00:00+00:00,85.48,86.427510535289,-6.63122813640368,93.05873867169268
2025-07-22 01:00:00+00:00,82.0,84.71425195912757,-6.63122813640368,91.34548009553124
2025-07-22 02:00:00+00:00,81.0,84.46318258000704,-6.63122813640368,91.09441071641072
2025-07-22 03:00:00+00:00,89.28,94.97406329639615,-6.63122813640368,101.60529143279983
2025-07-22 04:00:00+00:00,108.8,109.26573760019244,-6.63122813640368,115.89696573659612
2025-07-22 05:00:00+00:00,109.28,104.08370400734913,-6.63122813640368,110.7149321437528
2025-07-22 06:00:00+00:00,102.49,98.605312403452,-6.63122813640368,105.23654053985568
2025-07-22 07:00:00+00:00,91.29,84.42208383016911,-6.63122813640368,91.05331196657279
2025-07-22 08:00:00+00:00,81.73,73.60161939125948,-6.63122813640368,80.23284752766315
2025-07-22 09:00:00+00:00,68.41,48.157646289768024,-6.63122813640368,54.7888744261717
2025-07-22 10:00:00+00:00,39.63,30.71354231251212,-6.63122813640368,37.3447704489158
2025-07-22 11:00:00+00:00,10.0,16.78006054372677,-6.63122813640368,23.411288680130447
2025-07-22 12:00:00+00:00,0.17,11.1629848726436,-6.63122813640368,17.79421300904728
2025-07-22 13:00:00+00:00,4.16,20.03037659070258,-6.63122813640368,26.66160472710626
2025-07-22 14:00:00+00:00,36.9,33.521839903066805,-6.63122813640368,40.15306803947048
2025-07-22 15:00:00+00:00,75.79,64.1811454845648,-6.63122813640368,70.81237362096847
2025-07-22 16:00:00+00:00,88.98,85.32180248317876,-6.63122813640368,91.95303061958244
2025-07-22 17:00:00+00:00,108.57,103.32134831604353,-6.63122813640368,109.9525764524472
2025-07-22 18:00:00+00:00,112.56,119.2532669009397,-6.63122813640368,125.88449503734338
2025-07-22 19:00:00+00:00,113.22,110.69035164749934,-6.63122813640368,117.32157978390302
2025-07-22 20:00:00+00:00,108.48,101.12650419117982,-6.63122813640368,107.7577323275835
2025-07-22 21:00:00+00:00,102.93,96.69948094802642,-6.63122813640368,103.3307090844301
2025-07-22 22:00:00+00:00,87.65,71.51100434371399,-6.5090583134804625,78.02006265719446
2025-07-22 23:00:00+00:00,79.47,65.45166961993334,-6.5090583134804625,71.9607279334138
2025-07-23 00:00:00+00:00,78.5,62.30786714116744,-6.5090583134804625,68.8169254546479
2025-07-23 01:00:00+00:00,76.04,62.451770871734944,-6.5090583134804625,68.9608291852154
2025-07-23 02:00:00+00:00,77.69,65.47170074639415,-6.5090583134804625,71.98075905987461
2025-07-23 03:00:00+00:00,80.64,78.24846227159027,-6.5090583134804625,84.75752058507074
2025-07-23 04:00:00+00:00,91.35,93.1807838346922,-6.5090583134804625,99.68984214817267
2025-07-23 05:00:00+00:00,99.87,93.39379111278204,-6.5090583134804625,99.9028494262625
2025-07-23 06:00:00+00:00,96.5,86.90308087431414,-6.5090583134804625,93.41213918779461
2025-07-23 07:00:00+00:00,81.69,49.13521231500051,-6.5090583134804625,55.64427062848097
2025-07-23 08:00:00+00:00,67.3,9.676200152109882,-6.5090583134804625,16.185258465590344
2025-07-23 09:00:00+00:00,53.5,3.570952698828497,-6.5090583134804625,10.08001101230896
2025-07-23 10:00:00+00:00,33.72,2.646206309311959,-6.5090583134804625,9.155264622792421
2025-07-23 11:00:00+00:00,23.73,4.955578019655606,-6.5090583134804625,11.464636333136069
2025-07-23 12:00:00+00:00,26.82,2.9321658691773154,-6.5090583134804625,9.441224182657777
2025-07-23 13:00:00+00:00,40.3,6.388551466008723,-6.5090583134804625,12.897609779489185
2025-07-23 14:00:00+00:00,67.81,33.883629906910706,-6.5090583134804625,40.392688220391165
2025-07-23 15:00:00+00:00,78.05,69.10949656408447,-6.5090583134804625,75.61855487756493
2025-07-23 16:00:00+00:00,86.07,89.67530462130199,-6.5090583134804625,96.18436293478246
2025-07-23 17:00:00+00:00,105.0,108.84866499859176,-6.5090583134804625,115.35772331207222
2025-07-23 18:00:00+00:00,112.98,122.57267863792812,-6.5090583134804625,129.08173695140857
2025-07-23 19:00:00+00:00,119.74,130.6074568050546,-6.5090583134804625,137.11651511853506
2025-07-23 20:00:00+00:00,110.54,113.85712805131448,-6.5090583134804625,120.36618636479494
2025-07-23 21:00:00+00:00,103.06,103.86739646514386,-6.5090583134804625,110.37645477862432
2025-07-23 22:00:00+00:00,97.82,104.03576941474354,-6.69869705036511,110.73446646510865
2025-07-23 23:00:00+00:00,94.08,99.62118275773584,-6.69869705036511,106.31987980810095
2025-07-24 00:00:00+00:00,89.29,99.5037783503396,-6.69869705036511,106.20247540070471
2025-07-24 01:00:00+00:00,89.29,98.23929451957112,-6.69869705036511,104.93799156993623
2025-07-24 02:00:00+00:00,93.45,97.92213977390892,-6.69869705036511,104.62083682427404
2025-07-24 03:00:00+00:00,102.65,96.86194999118258,-6.69869705036511,103.5606470415477
2025-07-24 04:00:00+00:00,112.05,121.90671301357216,-6.69869705036511,128.60541006393726
2025-07-24 05:00:00+00:00,117.22,129.9642780374956,-6.69869705036511,136.6629750878607
2025-07-24 06:00:00+00:00,110.4,120.42415486800492,-6.69869705036511,127.12285191837003
2025-07-24 07:00:00+00:00,96.22,110.02433400249568,-6.69869705036511,116.72303105286079
2025-07-24 08:00:00+00:00,89.17,101.9769729527478,-6.69869705036511,108.67567000311291
2025-07-24 09:00:00+00:00,84.39,92.2930001987842,-6.69869705036511,98.99169724914931
2025-07-24 10:00:00+00:00,82.17,82.17469867340284,-6.69869705036511,88.87339572376796
2025-07-24 11:00:00+00:00,80.43,72.73145294522811,-6.69869705036511,79.43014999559323
2025-07-24 12:00:00+00:00,82.05,73.46803907090455,-6.69869705036511,80.16673612126966
2025-07-24 13:00:00+00:00,84.77,78.53207874544815,-6.69869705036511,85.23077579581326
2025-07-24 14:00:00+00:00,93.34,97.13290673267026,-6.69869705036511,103.83160378303538
2025-07-24 15:00:00+00:00,100.6,103.85425931443348,-6.69869705036511,110.55295636479859
2025-07-24 16:00:00+00:00,109.2,106.75082785131625,-6.69869705036511,113.44952490168136
2025-07-24 17:00:00+00:00,130.0,128.54056884958132,-6.69869705036511,135.23926589994642
2025-07-24 18:00:00+00:00,154.16,145.67982963147605,-6.69869705036511,152.37852668184115
2025-07-24 19:00:00+00:00,140.64,144.80852742805473,-6.69869705036511,151.50722447841983
2025-07-24 20:00:00+00:00,118.38,114.5032841556823,-6.69869705036511,121.2019812060474
2025-07-24 21:00:00+00:00,109.39,104.13932246351976,-6.69869705036511,110.83801951388487
2025-07-24 22:00:00+00:00,111.27,101.47012986897032,-6.4809663401412125,107.95109620911153
2025-07-24 23:00:00+00:00,103.67,96.80540591283804,-6.4809663401412125,103.28637225297925
2025-07-25 00:00:00+00:00,97.05,92.47082270604352,-6.4809663401412125,98.95178904618473
2025-07-25 01:00:00+00:00,92.94,91.96840249137078,-6.4809663401412125,98.44936883151199
2025-07-25 02:00:00+00:00,96.97,95.67040220980974,-6.4809663401412125,102.15136854995094
2025-07-25 03:00:00+00:00,98.2,101.39326799822392,-6.4809663401412125,107.87423433836513
2025-07-25 04:00:00+00:00,108.87,109.98364347969049,-6.4809663401412125,116.4646098198317
2025-07-25 05:00:00+00:00,112.95,112.21901607515672,-6.4809663401412125,118.69998241529792
2025-07-25 06:00:00+00:00,110.85,107.16463974865968,-6.4809663401412125,113.64560608880089
2025-07-25 07:00:00+00:00,98.2,98.55241261516387,-6.4809663401412125,105.03337895530508
2025-07-25 08:00:00+00:00,94.08,92.8432554818474,-6.4809663401412125,99.3242218219886
2025-07-25 09:00:00+00:00,85.15,82.14781125348968,-6.4809663401412125,88.62877759363089
2025-07-25 10:00:00+00:00,83.09,73.75381708908816,-6.4809663401412125,80.23478342922937
2025-07-25 11:00:00+00:00,78.7,69.26223510441464,-6.4809663401412125,75.74320144455585
2025-07-25 12:00:00+00:00,76.31,70.2296563713484,-6.4809663401412125,76.7106227114896
2025-07-25 13:00:00+00:00,79.27,75.66748765407154,-6.4809663401412125,82.14845399421274
2025-07-25 14:00:00+00:00,81.09,78.30064944310686,-6.4809663401412125,84.78161578324807
2025-07-25 15:00:00+00:00,84.02,94.22013863305166,-6.4809663401412125,100.70110497319287
2025-07-25 16:00:00+00:00,90.45,100.55636947992244,-6.4809663401412125,107.03733582006365
2025-07-25 17:00:00+00:00,101.81,114.72213406017732,-6.4809663401412125,121.20310040031853
2025-07-25 18:00:00+00:00,109.28,118.64689422577736,-6.4809663401412125,125.12786056591857
2025-07-25 19:00:00+00:00,121.21,130.92332568182997,-6.4809663401412125,137.40429202197117
2025-07-25 20:00:00+00:00,112.6,119.02432309191131,-6.4809663401412125,125.50528943205252
2025-07-25 21:00:00+00:00,110.25,108.39423664168515,-6.4809663401412125,114.87520298182636
2025-07-25 22:00:00+00:00,106.76,107.49365924732656,-6.335460971314471,113.82912021864104
2025-07-25 23:00:00+00:00,100.7,101.52059338148236,-6.335460971314471,107.85605435279683
2025-07-26 00:00:00+00:00,97.73,99.11347636526266,-6.335460971314471,105.44893733657713
2025-07-26 01:00:00+00:00,96.65,97.02670481123307,-6.335460971314471,103.36216578254755
2025-07-26 02:00:00+00:00,96.45,97.93022127999762,-6.335460971314471,104.2656822513121
2025-07-26 03:00:00+00:00,94.89,97.29417512215085,-6.335460971314471,103.62963609346532
2025-07-26 04:00:00+00:00,97.13,102.17117794813332,-6.335460971314471,108.5066389194478
2025-07-26 05:00:00+00:00,96.1,96.25312758945606,-6.335460971314471,102.58858856077053
2025-07-26 06:00:00+00:00,87.96,92.82912385581368,-6.335460971314471,99.16458482712815
2025-07-26 07:00:00+00:00,85.85,85.62095891370228,-6.335460971314471,91.95641988501676
2025-07-26 08:00:00+00:00,79.59,71.01356577072946,-6.335460971314471,77.34902674204393
2025-07-26 09:00:00+00:00,75.2,51.42937717971935,-6.335460971314471,57.76483815103382
2025-07-26 10:00:00+00:00,66.42,37.66563855885875,-6.335460971314471,44.00109953017322
2025-07-26 11:00:00+00:00,49.87,26.03474574250333,-6.335460971314471,32.3702067138178
2025-07-26 12:00:00+00:00,50.09,27.4801119267229,-6.335460971314471,33.81557289803737
2025-07-26 13:00:00+00:00,68.07,43.30058453599309,-6.335460971314471,49.63604550730756
2025-07-26 14:00:00+00:00,74.81,67.73849590134735,-6.335460971314471,74.07395687266182
2025-07-26 15:00:00+00:00,84.2,86.71374380711764,-6.335460971314471,93.04920477843211
2025-07-26 16:00:00+00:00,98.2,101.2168728239265,-6.335460971314471,107.55233379524097
2025-07-26 17:00:00+00:00,106.6,107.6731355770457,-6.335460971314471,114.00859654836017
2025-07-26 18:00:00+00:00,121.95,113.51777816186534,-6.335460971314471,119.85323913317981
2025-07-26 19:00:00+00:00,127.07,135.95231924835372,-6.335460971314471,142.28778021966818
2025-07-26 20:00:00+00:00,116.72,99.3715890381166,-6.335460971314471,105.70705000943107
2025-07-26 21:00:00+00:00,108.8,95.86804196477188,-6.335460971314471,102.20350293608635
2025-07-26 22:00:00+00:00,104.64,108.59837339223463,-6.329469969404121,114.92784336163875
2025-07-26 23:00:00+00:00,99.47,103.66858327319255,-6.329469969404121,109.99805324259667
2025-07-27 00:00:00+00:00,95.01,106.52048825329246,-6.329469969404121,112.84995822269657
2025-07-27 01:00:00+00:00,92.07,95.8815648065828,-6.329469969404121,102.21103477598692
2025-07-27 02:00:00+00:00,91.99,96.8682456330652,-6.329469969404121,103.19771560246932
2025-07-27 03:00:00+00:00,89.88,97.27883473359456,-6.329469969404121,103.60830470299868
2025-07-27 04:00:00+00:00,88.79,97.76949927039402,-6.329469969404121,104.09896923979814
2025-07-27 05:00:00+00:00,86.58,95.376853348388,-6.329469969404121,101.70632331779211
2025-07-27 06:00:00+00:00,83.76,83.51182346689203,-6.329469969404121,89.84129343629614
2025-07-27 07:00:00+00:00,81.71,82.14097697721289,-6.329469969404121,88.470446946617
2025-07-27 08:00:00+00:00,75.91,61.03771829878439,-6.329469969404121,67.36718826818851
2025-07-27 09:00:00+00:00,70.52,44.81189374038862,-6.329469969404121,51.14136370979274
2025-07-27 10:00:00+00:00,45.93,27.44965117872871,-6.329469969404121,33.77912114813283
2025-07-27 11:00:00+00:00,15.04,17.22284479172928,-6.329469969404121,23.552314761133402
2025-07-27 12:00:00+00:00,8.85,14.271086038585452,-6.329469969404121,20.600556007989574
2025-07-27 13:00:00+00:00,17.3,28.686242793138188,-6.329469969404121,35.01571276254231
2025-07-27 14:00:00+00:00,45.74,52.449416794125966,-6.329469969404121,58.77888676353009
2025-07-27 15:00:00+00:00,82.36,78.26922786443501,-6.329469969404121,84.59869783383913
2025-07-27 16:00:00+00:00,95.66,93.5102366349203,-6.329469969404121,99.83970660432442
2025-07-27 17:00:00+00:00,102.47,106.4956732344464,-6.329469969404121,112.82514320385052
2025-07-27 18:00:00+00:00,107.95,120.63236641552334,-6.329469969404121,126.96183638492745
2025-07-27 19:00:00+00:00,114.71,123.55609455210104,-6.329469969404121,129.88556452150516
2025-07-27 20:00:00+00:00,107.33,115.9348177209955,-6.329469969404121,122.26428769039961
2025-07-27 21:00:00+00:00,102.69,108.02365403943314,-6.329469969404121,114.35312400883726
2025-07-27 22:00:00+00:00,100.0,99.87494789742009,-6.143316485239373,106.01826438265945
2025-07-27 23:00:00+00:00,88.77,95.12383697466474,-6.143316485239373,101.26715345990411
2025-07-28 00:00:00+00:00,83.5,91.30837261210353,-6.143316485239373,97.45168909734289
2025-07-28 01:00:00+00:00,79.67,88.08467582822011,-6.143316485239373,94.22799231345948
2025-07-28 02:00:00+00:00,79.51,90.60686650227636,-6.143316485239373,96.75018298751573
2025-07-28 03:00:00+00:00,89.52,98.42696025903471,-6.143316485239373,104.57027674427408
2025-07-28 04:00:00+00:00,108.88,122.72707910857692,-6.143316485239373,128.87039559381628
2025-07-28 05:00:00+00:00,121.97,133.5833385290256,-6.143316485239373,139.726655014265
2025-07-28 06:00:00+00:00,118.37,129.11524552076648,-6.143316485239373,135.25856200600586
2025-07-28 07:00:00+00:00,105.45,120.32101503114384,-6.143316485239373,126.46433151638321
2025-07-28 08:00:00+00:00,97.25,105.649367715916,-6.143316485239373,111.79268420115537
2025-07-28 09:00:00+00:00,90.96,96.56502085309202,-6.143316485239373,102.70833733833139
2025-07-28 10:00:00+00:00,81.79,81.87407753881948,-6.143316485239373,88.01739402405885
2025-07-28 11:00:00+00:00,77.52,69.58625476070736,-6.143316485239373,75.72957124594673
2025-07-28 12:00:00+00:00,68.33,57.60955859056218,-6.143316485239373,63.752875075801555
2025-07-28 13:00:00+00:00,73.97,51.59676665291962,-6.143316485239373,57.740083138158994
2025-07-28 14:00:00+00:00,77.28,62.180177984403166,-6.143316485239373,68.32349446964254
2025-07-28 15:00:00+00:00,88.12,77.80216088406581,-6.143316485239373,83.94547736930518
2025-07-28 16:00:00+00:00,97.2,94.6199198103309,-6.143316485239373,100.76323629557027
2025-07-28 17:00:00+00:00,103.59,105.24107150278924,-6.143316485239373,111.3843879880286
2025-07-28 18:00:00+00:00,114.14,114.72440046341512,-6.143316485239373,120.86771694865449
2025-07-28 19:00:00+00:00,114.34,110.33030599527252,-6.143316485239373,116.47362248051189
2025-07-28 20:00:00+00:00,105.26,103.96678884150634,-6.143316485239373,110.11010532674571
2025-07-28 21:00:00+00:00,92.43,98.07942289395326,-6.143316485239373,104.22273937919263
2025-07-28 22:00:00+00:00,87.51,89.59490633287366,-5.976102630277731,95.5710089631514
2025-07-28 23:00:00+00:00,84.1,83.59042584377819,-5.976102630277731,89.56652847405593
2025-07-29 00:00:00+00:00,82.9,80.93382908902241,-5.976102630277731,86.90993171930015
2025-07-29 01:00:00+00:00,82.1,82.34653281355111,-5.976102630277731,88.32263544382884
2025-07-29 02:00:00+00:00,83.89,83.05338172094116,-5.976102630277731,89.0294843512189
2025-07-29 03:00:00+00:00,92.88,95.08967184966636,-5.976102630277731,101.0657744799441
2025-07-29 04:00:00+00:00,101.07,108.2519131487981,-5.976102630277731,114.22801577907583
2025-07-29 05:00:00+00:00,109.25,113.1340721902802,-5.976102630277731,119.11017482055793
2025-07-29 06:00:00+00:00,99.02,99.15067246897692,-5.976102630277731,105.12677509925466
2025-07-29 07:00:00+00:00,80.2,87.72467672820804,-5.976102630277731,93.70077935848578
2025-07-29 08:00:00+00:00,66.37,61.76310144082742,-5.976102630277731,67.73920407110515
2025-07-29 09:00:00+00:00,54.0,47.738859567649385,-5.976102630277731,53.714962197927115
2025-07-29 10:00:00+00:00,25.6,18.49525396821502,-5.976102630277731,24.471356598492754
2025-07-29 11:00:00+00:00,4.34,11.534948625372078,-5.976102630277731,17.51105125564981
2025-07-29 12:00:00+00:00,1.07,11.221304841269042,-5.976102630277731,17.197407471546775
2025-07-29 13:00:00+00:00,6.2,25.113259783153328,-5.976102630277731,31.08936241343106
2025-07-29 14:00:00+00:00,44.41,54.80643415175152,-5.976102630277731,60.78253678202925
2025-07-29 15:00:00+00:00,78.24,78.7468008103727,-5.976102630277731,84.72290344065044
2025-07-29 16:00:00+00:00,94.81,98.14732682943648,-5.976102630277731,104.12342945971422
2025-07-29 17:00:00+00:00,105.32,109.82146217158191,-5.976102630277731,115.79756480185965
2025-07-29 18:00:00+00:00,123.56,121.95615546583294,-5.976102630277731,127.93225809611067
2025-07-29 19:00:00+00:00,126.01,129.58551248701465,-5.976102630277731,135.56161511729238
2025-07-29 20:00:00+00:00,111.94,108.28672839334732,-5.976102630277731,114.26283102362505
2025-07-29 21:00:00+00:00,102.07,102.24495155303516,-5.976102630277731,108.2210541833129
2025-07-29 22:00:00+00:00,94.92,99.8689449899759,-5.803447556144381,105.67239254612028
2025-07-29 23:00:00+00:00,90.88,96.88409810995688,-5.803447556144381,102.68754566610126
2025-07-30 00:00:00+00:00,86.93,93.53351316973584,-5.803447556144381,99.33696072588022
2025-07-30 01:00:00+00:00,83.24,91.63261155098677,-5.803447556144381,97.43605910713114
2025-07-30 02:00:00+00:00,84.89,90.51459954964513,-5.803447556144381,96.3180471057895
2025-07-30 03:00:00+00:00,94.72,96.78982814067972,-5.803447556144381,102.5932756968241
2025-07-30 04:00:00+00:00,100.38,107.18449028514952,-5.803447556144381,112.9879378412939
2025-07-30 05:00:00+00:00,97.47,112.85657033895366,-5.803447556144381,118.66001789509804
2025-07-30 06:00:00+00:00,93.88,103.09760132196416,-5.803447556144381,108.90104887810854
2025-07-30 07:00:00+00:00,79.02,90.27640492813352,-5.803447556144381,96.0798524842779
2025-07-30 08:00:00+00:00,63.29,83.7044770071967,-5.803447556144381,89.50792456334108
2025-07-30 09:00:00+00:00,40.43,70.47939846659737,-5.803447556144381,76.28284602274175
2025-07-30 10:00:00+00:00,24.79,60.16401063682181,-5.803447556144381,65.96745819296619
2025-07-30 11:00:00+00:00,17.69,43.838197097717995,-5.803447556144381,49.64164465386237
2025-07-30 12:00:00+00:00,10.7,38.27848749088429,-5.803447556144381,44.081935047028665
2025-07-30 13:00:00+00:00,28.03,43.707697668395554,-5.803447556144381,49.51114522453993
2025-07-30 14:00:00+00:00,45.61,58.23686038980648,-5.803447556144381,64.04030794595086
2025-07-30 15:00:00+00:00,75.68,78.08397896730526,-5.803447556144381,83.88742652344963
2025-07-30 16:00:00+00:00,93.97,91.8018410069303,-5.803447556144381,97.60528856307468
2025-07-30 17:00:00+00:00,101.86,102.69473258041386,-5.803447556144381,108.49818013655823
2025-07-30 18:00:00+00:00,109.07,116.0639904074794,-5.803447556144381,121.86743796362377
2025-07-30 19:00:00+00:00,109.0,114.32532774045956,-5.803447556144381,120.12877529660393
2025-07-30 20:00:00+00:00,104.0,106.13731080949113,-5.803447556144381,111.9407583656355
2025-07-30 21:00:00+00:00,92.41,97.60859546815873,-5.803447556144381,103.4120430243031
2025-07-30 22:00:00+00:00,88.93,85.75373818899732,-5.459751714758068,91.21348990375539
2025-07-30 23:00:00+00:00,82.11,79.988497764834,-5.459751714758068,85.44824947959206
2025-07-31 00:00:00+00:00,79.0,77.19529289234843,-5.459751714758068,82.6550446071065
2025-07-31 01:00:00+00:00,77.27,73.23994773755541,-5.459751714758068,78.69969945231348
2025-07-31 02:00:00+00:00,78.51,75.30224519127272,-5.459751714758068,80.76199690603079
2025-07-31 03:00:00+00:00,85.43,88.60215614439244,-5.459751714758068,94.06190785915051
2025-07-31 04:00:00+00:00,98.14,92.83005486605502,-5.459751714758068,98.28980658081309
2025-07-31 05:00:00+00:00,100.46,101.9523894243537,-5.459751714758068,107.41214113911177
2025-07-31 06:00:00+00:00,94.09,96.72310452949463,-5.459751714758068,102.1828562442527
2025-07-31 07:00:00+00:00,88.91,81.6120372147258,-5.459751714758068,87.07178892948387
2025-07-31 08:00:00+00:00,74.17,73.75201400475892,-5.459751714758068,79.21176571951699
2025-07-31 09:00:00+00:00,70.04,54.03582587980524,-5.459751714758068,59.49557759456331
2025-07-31 10:00:00+00:00,61.15,39.27969128558637,-5.459751714758068,44.73944300034444
2025-07-31 11:00:00+00:00,48.05,32.65896369256968,-5.459751714758068,38.11871540732775
2025-07-31 12:00:00+00:00,35.06,29.706793595947275,-5.459751714758068,35.166545310705345
2025-07-31 13:00:00+00:00,55.07,36.739705280978384,-5.459751714758068,42.199456995736455
2025-07-31 14:00:00+00:00,72.43,51.87678205211909,-5.459751714758068,57.33653376687716
2025-07-31 15:00:00+00:00,84.56,79.04214787464744,-5.459751714758068,84.50189958940551
2025-07-31 16:00:00+00:00,96.9,99.58930635079756,-5.459751714758068,105.04905806555563
2025-07-31 17:00:00+00:00,111.92,112.2837997414936,-5.459751714758068,117.74355145625167
2025-07-31 18:00:00+00:00,128.27,127.1330693966179,-5.459751714758068,132.59282111137597
2025-07-31 19:00:00+00:00,125.11,125.6878116228612,-5.459751714758068,131.14756333761926
2025-07-31 20:00:00+00:00,114.16,111.20517262919309,-5.459751714758068,116.66492434395116
2025-07-31 21:00:00+00:00,102.79,99.67866533483075,-5.459751714758068,105.13841704958882
2025-07-31 22:00:00+00:00,105.31,104.91922590172716,-5.456107336549376,110.37533323827654
2025-07-31 23:00:00+00:00,98.54,95.12758620279394,-5.456107336549376,100.58369353934332
2025-08-01 00:00:00+00:00,92.15,94.47989462758724,-5.456107336549376,99.93600196413662
2025-08-01 01:00:00+00:00,89.17,92.53994262195624,-5.456107336549376,97.99604995850562
2025-08-01 02:00:00+00:00,94.21,94.75831451827166,-5.456107336549376,100.21442185482104
2025-08-01 03:00:00+00:00,100.58,102.50115070913604,-5.456107336549376,107.95725804568542
2025-08-01 04:00:00+00:00,106.69,110.90438534383824,-5.456107336549376,116.36049268038762
2025-08-01 05:00:00+00:00,110.71,119.38095375626244,-5.456107336549376,124.83706109281182
2025-08-01 06:00:00+00:00,106.64,118.9073794959087,-5.456107336549376,124.36348683245808
2025-08-01 07:00:00+00:00,103.67,109.95481177857047,-5.456107336549376,115.41091911511985
2025-08-01 08:00:00+00:00,97.95,99.57596444975944,-5.456107336549376,105.03207178630882
2025-08-01 09:00:00+00:00,84.1,92.72599435796194,-5.456107336549376,98.18210169451132
2025-08-01 10:00:00+00:00,77.05,83.93924954766607,-5.456107336549376,89.39535688421545
2025-08-01 11:00:00+00:00,61.97,76.21007442017046,-5.456107336549376,81.66618175671984
2025-08-01 12:00:00+00:00,49.06,64.62140892740705,-5.456107336549376,70.07751626395643
2025-08-01 13:00:00+00:00,49.1,72.52798324086189,-5.456107336549376,77.98409057741127
2025-08-01 14:00:00+00:00,69.93,78.51919562688526,-5.456107336549376,83.97530296343464
2025-08-01 15:00:00+00:00,83.59,88.39736054293394,-5.456107336549376,93.85346787948332
2025-08-01 16:00:00+00:00,96.45,97.2895406038026,-5.456107336549376,102.74564794035199
2025-08-01 17:00:00+00:00,109.51,112.6954533735479,-5.456107336549376,118.15156071009729
2025-08-01 18:00:00+00:00,119.23,127.6572776667325,-5.456107336549376,133.11338500328188
2025-08-01 19:00:00+00:00,117.51,124.08410390658476,-5.456107336549376,129.54021124313414
2025-08-01 20:00:00+00:00,110.72,111.1832341591676,-5.456107336549376,116.63934149571698
2025-08-01 21:00:00+00:00,102.73,104.76277667660372,-5.456107336549376,110.2188840131531
2025-08-01 22:00:00+00:00,104.47,103.95887416263284,-5.233852566505812,109.19272672913866
2025-08-01 23:00:00+00:00,100.32,99.49153136839048,-5.233852566505812,104.7253839348963
2025-08-02 00:00:00+00:00,97.79,95.55621690776655,-5.233852566505812,100.79006947427237
2025-08-02 01:00:00+00:00,92.16,93.49821873646805,-5.233852566505812,98.73207130297386
2025-08-02 02:00:00+00:00,91.29,93.70863070423106,-5.233852566505812,98.94248327073687
2025-08-02 03:00:00+00:00,90.77,94.2481038660593,-5.233852566505812,99.48195643256511
2025-08-02 04:00:00+00:00,89.67,94.71739706005503,-5.233852566505812,99.95124962656085
2025-08-02 05:00:00+00:00,84.7,91.64662339334755,-5.233852566505812,96.88047595985337
2025-08-02 06:00:00+00:00,78.4,94.11196524579196,-5.233852566505812,99.34581781229778
2025-08-02 07:00:00+00:00,65.68,85.02829642192808,-5.233852566505812,90.26214898843389
2025-08-02 08:00:00+00:00,31.09,65.87020126232633,-5.233852566505812,71.10405382883215
2025-08-02 09:00:00+00:00,5.68,44.276097847336295,-5.233852566505812,49.509950413842105
2025-08-02 10:00:00+00:00,2.95,24.100387918426684,-5.233852566505812,29.334240484932494
2025-08-02 11:00:00+00:00,0.0,15.700423186499734,-5.233852566505812,20.934275753005544
2025-08-02 12:00:00+00:00,0.0,5.638198894420895,-5.233852566505812,10.872051460926706
2025-08-02 13:00:00+00:00,0.0,13.61223654570593,-5.233852566505812,18.846089112211743
2025-08-02 14:00:00+00:00,5.3,30.70375874778384,-5.233852566505812,35.937611314289654
2025-08-02 15:00:00+00:00,60.69,54.97514588332183,-5.233852566505812,60.20899844982764
2025-08-02 16:00:00+00:00,91.32,85.46932756569282,-5.233852566505812,90.70318013219864
2025-08-02 17:00:00+00:00,102.0,103.53334703213808,-5.233852566505812,108.7671995986439
2025-08-02 18:00:00+00:00,109.49,111.4849224812441,-5.233852566505812,116.71877504774992
2025-08-02 19:00:00+00:00,108.42,111.98022601723386,-5.233852566505812,117.21407858373968
2025-08-02 20:00:00+00:00,104.34,105.89957984153986,-5.233852566505812,111.13343240804568
2025-08-02 21:00:00+00:00,95.0,102.1807814349608,-5.233852566505812,107.41463400146662
2025-08-02 22:00:00+00:00,85.09,96.85630106933264,-4.965044109677734,101.82134517901038
2025-08-02 23:00:00+00:00,77.52,93.68016696204823,-4.965044109677734,98.64521107172597
2025-08-03 00:00:00+00:00,71.95,88.45291840514655,-4.965044109677734,93.41796251482428
2025-08-03 01:00:00+00:00,68.14,81.12984718631941,-4.965044109677734,86.09489129599714
2025-08-03 02:00:00+00:00,65.77,77.31991136317828,-4.965044109677734,82.28495547285601
2025-08-03 03:00:00+00:00,59.98,76.96848068301423,-4.965044109677734,81.93352479269197
2025-08-03 04:00:00+00:00,46.8,71.55830986222776,-4.965044109677734,76.5233539719055
2025-08-03 05:00:00+00:00,26.0,64.66169800160053,-4.965044109677734,69.62674211127826
2025-08-03 06:00:00+00:00,6.16,52.56430809379705,-4.965044109677734,57.52935220347479
2025-08-03 07:00:00+00:00,0.0,36.49397494902221,-4.965044109677734,41.459019058699944
2025-08-03 08:00:00+00:00,-1.01,23.990015511525097,-4.965044109677734,28.95505962120283
2025-08-03 09:00:00+00:00,-2.1,20.26957035445973,-4.965044109677734,25.234614464137465
2025-08-03 10:00:00+00:00,-3.0,11.994680202368626,-4.965044109677734,16.95972431204636
2025-08-03 11:00:00+00:00,-9.9,0.6959085682930845,-4.965044109677734,5.660952677970819
2025-08-03 12:00:00+00:00,-10.08,1.438679986859258,-4.965044109677734,6.403724096536992
2025-08-03 13:00:00+00:00,-4.98,1.7289859253312294,-4.965044109677734,6.694030035008963
2025-08-03 14:00:00+00:00,-1.5,10.504486038481875,-4.965044109677734,15.46953014815961
2025-08-03 15:00:00+00:00,3.61,35.34835443372348,-4.965044109677734,40.31339854340121
2025-08-03 16:00:00+00:00,71.13,68.67414547056718,-4.965044109677734,73.63918958024492
2025-08-03 17:00:00+00:00,88.13,95.13583187963404,-4.965044109677734,100.10087598931177
2025-08-03 18:00:00+00:00,97.87,111.35218981283064,-4.965044109677734,116.31723392250838
2025-08-03 19:00:00+00:00,95.99,110.19769862981612,-4.965044109677734,115.16274273949385
2025-08-03 20:00:00+00:00,97.3,104.81061544605588,-4.965044109677734,109.77565955573361
2025-08-03 21:00:00+00:00,85.09,89.72751576868033,-4.965044109677734,94.69255987835807
2025-08-03 22:00:00+00:00,81.05,66.13820390471872,-4.547783376001178,70.6859872807199
2025-08-03 23:00:00+00:00,70.07,60.3160633321706,-4.547783376001178,64.86384670817178
2025-08-04 00:00:00+00:00,69.97,54.64039744272314,-4.547783376001178,59.18818081872432
2025-08-04 01:00:00+00:00,70.62,55.508933525313275,-4.547783376001178,60.05671690131445
2025-08-04 02:00:00+00:00,74.03,59.74882727108402,-4.547783376001178,64.2966106470852
2025-08-04 03:00:00+00:00,82.94,73.17965096446916,-4.547783376001178,77.72743434047034
2025-08-04 04:00:00+00:00,95.12,89.872310901033,-4.547783376001178,94.42009427703418
2025-08-04 05:00:00+00:00,102.72,113.48847272924584,-4.547783376001178,118.03625610524702
2025-08-04 06:00:00+00:00,101.44,110.1361623177968,-4.547783376001178,114.68394569379798
2025-08-04 07:00:00+00:00,97.05,112.96684663794623,-4.547783376001178,117.51463001394741
2025-08-04 08:00:00+00:00,80.05,103.7348982574378,-4.547783376001178,108.28268163343898
2025-08-04 09:00:00+00:00,56.33,79.85987644221395,-4.547783376001178,84.40765981821512
2025-08-04 10:00:00+00:00,14.84,69.8873760094279,-4.547783376001178,74.43515938542907
2025-08-04 11:00:00+00:00,4.05,39.146599911551625,-4.547783376001178,43.6943832875528
2025-08-04 12:00:00+00:00,0.66,23.058863112534578,-4.547783376001178,27.606646488535755
2025-08-04 13:00:00+00:00,0.02,26.326181678018592,-4.547783376001178,30.87396505401977
2025-08-04 14:00:00+00:00,22.09,40.29159900433634,-4.547783376001178,44.83938238033752
2025-08-04 15:00:00+00:00,67.24,77.5307790073989,-4.547783376001178,82.07856238340008
2025-08-04 16:00:00+00:00,80.91,104.20065664977665,-4.547783376001178,108.74844002577782
2025-08-04 17:00:00+00:00,84.54,109.01989794869138,-4.547783376001178,113.56768132469256
2025-08-04 18:00:00+00:00,80.21,110.30269605025632,-4.547783376001178,114.8504794262575
2025-08-04 19:00:00+00:00,72.7,97.06493136561812,-4.547783376001178,101.6127147416193
2025-08-04 20:00:00+00:00,66.63,89.5790662614482,-4.547783376001178,94.12684963744938
2025-08-04 21:00:00+00:00,47.69,66.34627923493184,-4.547783376001178,70.89406261093302
2025-08-04 22:00:00+00:00,21.52,58.4876719258956,-4.224849447772651,62.712521373668245
2025-08-04 23:00:00+00:00,15.34,55.45889673206409,-4.224849447772651,59.68374617983674
2025-08-05 00:00:00+00:00,15.9,55.24602281134494,-4.224849447772651,59.47087225911759
2025-08-05 01:00:00+00:00,23.96,56.418668271251015,-4.224849447772651,60.64351771902366
2025-08-05 02:00:00+00:00,54.47,60.477518597707586,-4.224849447772651,64.70236804548024
2025-08-05 03:00:00+00:00,76.19,72.87084701281158,-4.224849447772651,77.09569646058424
2025-08-05 04:00:00+00:00,92.25,85.96495879082595,-4.224849447772651,90.1898082385986
2025-08-05 05:00:00+00:00,92.08,105.3065779376318,-4.224849447772651,109.53142738540446
2025-08-05 06:00:00+00:00,74.74,98.99238856623327,-4.224849447772651,103.21723801400593
2025-08-05 07:00:00+00:00,3.89,83.68231997455088,-4.224849447772651,87.90716942232353
2025-08-05 08:00:00+00:00,-0.21,62.1506205584179,-4.224849447772651,66.37547000619055
2025-08-05 09:00:00+00:00,-2.01,38.821219304064826,-4.224849447772651,43.046068751837474
2025-08-05 10:00:00+00:00,-4.94,11.477932546683869,-4.224849447772651,15.702781994456519
2025-08-05 11:00:00+00:00,-9.5,5.241008205693106,-4.224849447772651,9.465857653465758
2025-08-05 12:00:00+00:00,-11.83,1.304622615423371,-4.224849447772651,5.529472063196022
2025-08-05 13:00:00+00:00,-9.92,0.0763816976331706,-4.224849447772651,4.301231145405821
2025-08-05 14:00:00+00:00,-5.07,5.3241994082157404,-4.224849447772651,9.549048855988392
2025-08-05 15:00:00+00:00,-0.52,28.289689639066825,-4.224849447772651,32.51453908683948
2025-08-05 16:00:00+00:00,1.07,49.24266852409538,-4.224849447772651,53.46751797186803
2025-08-05 17:00:00+00:00,72.48,83.61934973840098,-4.224849447772651,87.84419918617364
2025-08-05 18:00:00+00:00,89.97,85.70576054681727,-4.224849447772651,89.93060999458993
2025-08-05 19:00:00+00:00,107.15,93.9367719369788,-4.224849447772651,98.16162138475146
2025-08-05 20:00:00+00:00,87.18,95.22091821135048,-4.224849447772651,99.44576765912313
2025-08-05 21:00:00+00:00,81.0,80.01015516173455,-4.224849447772651,84.2350046095072
2025-08-05 22:00:00+00:00,75.13,57.96982000167242,-3.7630816027261083,61.73290160439853
2025-08-05 23:00:00+00:00,59.89,56.521302185124505,-3.7630816027261083,60.284383787850615
2025-08-06 00:00:00+00:00,60.76,50.78794492510716,-3.7630816027261083,54.55102652783327
2025-08-06 01:00:00+00:00,61.01,54.336294487751886,-3.7630816027261083,58.099376090477996
2025-08-06 02:00:00+00:00,60.35,60.647349888559575,-3.7630816027261083,64.41043149128568
2025-08-06 03:00:00+00:00,81.7,71.73309242844901,-3.7630816027261083,75.49617403117512
2025-08-06 04:00:00+00:00,103.77,89.05737847533628,-3.7630816027261083,92.82046007806238
2025-08-06 05:00:00+00:00,102.94,97.489896213417,-3.7630816027261083,101.2529778161431
2025-08-06 06:00:00+00:00,83.94,81.87943189618707,-3.7630816027261083,85.64251349891317
2025-08-06 07:00:00+00:00,27.74,36.78975756223497,-3.7630816027261083,40.55283916496108
2025-08-06 08:00:00+00:00,-0.01,7.903480080630434,-3.7630816027261083,11.666561683356543
2025-08-06 09:00:00+00:00,-2.05,3.353207420550236,-3.7630816027261083,7.1162890232763445
2025-08-06 10:00:00+00:00,-8.47,1.859043651812018,-3.7630816027261083,5.622125254538126
2025-08-06 11:00:00+00:00,-11.79,-6.742105288721686,-3.7630816027261083,-2.979023685995578
2025-08-06 12:00:00+00:00,-6.0,-3.3540115806874593,-3.7630816027261083,0.40907002203864895
2025-08-06 13:00:00+00:00,-3.11,2.3400682710090863,-3.7630816027261083,6.103149873735195
2025-08-06 14:00:00+00:00,-1.01,21.91751574165356,-3.7630816027261083,25.680597344379667
2025-08-06 15:00:00+00:00,52.15,56.32537999530835,-3.7630816027261083,60.08846159803446
2025-08-06 16:00:00+00:00,97.19,93.01356532961508,-3.7630816027261083,96.77664693234118
2025-08-06 17:00:00+00:00,113.7,114.45257737816094,-3.7630816027261083,118.21565898088704
2025-08-06 18:00:00+00:00,170.16,135.92279359828427,-3.7630816027261083,139.6858752010104
2025-08-06 19:00:00+00:00,157.08,144.74082536269486,-3.7630816027261083,148.50390696542098
2025-08-06 20:00:00+00:00,110.0,107.14238504320416,-3.7630816027261083,110.90546664593026
2025-08-06 21:00:00+00:00,101.6,98.92502362199136,-3.7630816027261083,102.68810522471746
2025-08-06 22:00:00+00:00,97.58,99.08417862684796,-3.7343197164502353,102.81849834329819
2025-08-06 23:00:00+00:00,97.04,85.77673499978596,-3.7343197164502353,89.51105471623619
2025-08-07 00:00:00+00:00,91.44,85.93840922109514,-3.7343197164502353,89.67272893754537
2025-08-07 01:00:00+00:00,88.79,85.36143097479076,-3.7343197164502353,89.095750691241
2025-08-07 02:00:00+00:00,88.93,86.38738404485267,-3.7343197164502353,90.1217037613029
2025-08-07 03:00:00+00:00,92.85,101.22382038321106,-3.7343197164502353,104.95814009966129
2025-08-07 04:00:00+00:00,107.46,128.1486957111017,-3.7343197164502353,131.88301542755195
2025-08-07 05:00:00+00:00,106.5,125.9266492472018,-3.7343197164502353,129.66096896365204
2025-08-07 06:00:00+00:00,100.48,104.6766759606362,-3.7343197164502353,108.41099567708643
2025-08-07 07:00:00+00:00,77.63,68.44561797460707,-3.7343197164502353,72.1799376910573
2025-08-07 08:00:00+00:00,22.23,28.898658292283745,-3.7343197164502353,32.63297800873398
2025-08-07 09:00:00+00:00,0.0,17.009147952270066,-3.7343197164502353,20.7434676687203
2025-08-07 10:00:00+00:00,-0.12,5.073436214329436,-3.7343197164502353,8.80775593077967
2025-08-07 11:00:00+00:00,-1.99,-0.741608065140667,-3.7343197164502353,2.9927116513095684
2025-08-07 12:00:00+00:00,-0.29,-2.513252666966196,-3.7343197164502353,1.2210670494840392
2025-08-07 13:00:00+00:00,-0.01,-2.2003955608019465,-3.7343197164502353,1.5339241556482888
2025-08-07 14:00:00+00:00,2.0,11.67954695457501,-3.7343197164502353,15.413866671025245
2025-08-07 15:00:00+00:00,65.59,64.95581608729562,-3.7343197164502353,68.69013580374585
2025-08-07 16:00:00+00:00,94.23,104.20855706803664,-3.7343197164502353,107.94287678448687
2025-08-07 17:00:00+00:00,111.95,125.11963949221104,-3.7343197164502353,128.85395920866128
2025-08-07 18:00:00+00:00,141.94,158.19279904958452,-3.7343197164502353,161.92711876603477
2025-08-07 19:00:00+00:00,127.5,144.15373707216818,-3.7343197164502353,147.88805678861843
2025-08-07 20:00:00+00:00,110.0,109.1844468416575,-3.7343197164502353,112.91876655810773
2025-08-07 21:00:00+00:00,101.28,97.77341945404277,-3.7343197164502353,101.507739170493
2025-08-07 22:00:00+00:00,93.9,96.0368485785144,-3.5893071298095323,99.62615570832392
2025-08-07 23:00:00+00:00,89.49,91.28324130043188,-3.5893071298095323,94.87254843024141
2025-08-08 00:00:00+00:00,86.13,86.82699148374476,-3.5893071298095323,90.41629861355429
2025-08-08 01:00:00+00:00,82.66,81.11837139957454,-3.5893071298095323,84.70767852938407
2025-08-08 02:00:00+00:00,81.45,84.61513691248705,-3.5893071298095323,88.20444404229657
2025-08-08 03:00:00+00:00,91.14,89.92150993664218,-3.5893071298095323,93.51081706645171
2025-08-08 04:00:00+00:00,100.43,102.573207362222,-3.5893071298095323,106.16251449203153
2025-08-08 05:00:00+00:00,103.05,109.63287041323662,-3.5893071298095323,113.22217754304614
2025-08-08 06:00:00+00:00,109.14,99.87268749327474,-3.5893071298095323,103.46199462308427
2025-08-08 07:00:00+00:00,89.9,77.96640158075807,-3.5893071298095323,81.5557087105676
2025-08-08 08:00:00+00:00,66.0,31.54882369548707,-3.5893071298095323,35.1381308252966
2025-08-08 09:00:00+00:00,8.39,7.382749646308711,-3.5893071298095323,10.972056776118244
2025-08-08 10:00:00+00:00,0.0,-1.0800155085243046,-3.5893071298095323,2.509291621285228
2025-08-08 11:00:00+00:00,-0.01,-5.674096430101145,-3.5893071298095323,-2.084789300291613
2025-08-08 12:00:00+00:00,-0.02,-5.645143144261347,-3.5893071298095323,-2.0558360144518146
2025-08-08 13:00:00+00:00,-0.01,-5.202944235878572,-3.5893071298095323,-1.61363710606904
2025-08-08 14:00:00+00:00,10.49,9.497037806519566,-3.5893071298095323,13.086344936329098
2025-08-08 15:00:00+00:00,71.74,67.1043955120456,-3.5893071298095323,70.69370264185513
2025-08-08 16:00:00+00:00,103.86,99.71927320465274,-3.5893071298095323,103.30858033446226
2025-08-08 17:00:00+00:00,113.97,130.2399691220266,-3.5893071298095323,133.82927625183612
2025-08-08 18:00:00+00:00,144.62,166.6563283672643,-3.5893071298095323,170.24563549707383
2025-08-08 19:00:00+00:00,151.51,151.65438039794725,-3.5893071298095323,155.24368752775678
2025-08-08 20:00:00+00:00,121.59,127.4733851214168,-3.5893071298095323,131.06269225122634
2025-08-08 21:00:00+00:00,108.46,119.18280628295642,-3.5893071298095323,122.77211341276595
2025-08-08 22:00:00+00:00,101.93,102.8428486577671,-3.538324667586706,106.38117332535381
2025-08-08 23:00:00+00:00,100.43,115.91901970035944,-3.538324667586706,119.45734436794615
2025-08-09 00:00:00+00:00,99.94,113.7531672040788,-3.538324667586706,117.29149187166551
2025-08-09 01:00:00+00:00,97.8,93.10311710142146,-3.538324667586706,96.64144176900817
2025-08-09 02:00:00+00:00,96.87,94.2102646617563,-3.538324667586706,97.748589329343
2025-08-09 03:00:00+00:00,97.01,123.44870565451112,-3.538324667586706,126.98703032209782
2025-08-09 04:00:00+00:00,97.26,113.0698547700846,-3.538324667586706,116.60817943767131
2025-08-09 05:00:00+00:00,93.45,101.21244620101152,-3.538324667586706,104.75077086859822
2025-08-09 06:00:00+00:00,70.19,89.07847019335279,-3.538324667586706,92.61679486093949
2025-08-09 07:00:00+00:00,15.34,37.14605523792426,-3.538324667586706,40.684379905510966
2025-08-09 08:00:00+00:00,-0.02,5.774686327845979,-3.538324667586706,9.313010995432684
2025-08-09 09:00:00+00:00,-1.0,1.5539433954521389,-3.538324667586706,5.092268063038845
2025-08-09 10:00:00+00:00,-6.63,-16.656895622485333,-3.538324667586706,-13.118570954898626
2025-08-09 11:00:00+00:00,-15.14,-20.659865943142,-3.538324667586706,-17.121541275555295
2025-08-09 12:00:00+00:00,-15.37,-19.22628428530994,-3.538324667586706,-15.687959617723234
2025-08-09 13:00:00+00:00,-4.1,-20.262021965876585,-3.538324667586706,-16.723697298289878
2025-08-09 14:00:00+00:00,-0.04,-7.635489008264699,-3.538324667586706,-4.097164340677993
2025-08-09 15:00:00+00:00,6.29,15.16717637275479,-3.538324667586706,18.705501040341495
2025-08-09 16:00:00+00:00,85.9,78.71970554627178,-3.538324667586706,82.25803021385849
2025-08-09 17:00:00+00:00,104.2,97.6878567555044,-3.538324667586706,101.2261814230911
2025-08-09 18:00:00+00:00,127.62,127.27613187767236,-3.538324667586706,130.81445654525905
2025-08-09 19:00:00+00:00,119.31,117.63378019734714,-3.538324667586706,121.17210486493384
2025-08-09 20:00:00+00:00,107.89,91.23053086534868,-3.538324667586706,94.76885553293539
2025-08-09 21:00:00+00:00,94.97,86.52143227306443,-3.538324667586706,90.05975694065114
2025-08-09 22:00:00+00:00,84.79,79.04983052367477,-3.445296116604693,82.49512664027947
2025-08-09 23:00:00+00:00,83.23,71.42901041872207,-3.445296116604693,74.87430653532677
2025-08-10 00:00:00+00:00,83.1,63.57086063387132,-3.445296116604693,67.01615675047601
2025-08-10 01:00:00+00:00,77.95,58.86558674007441,-3.445296116604693,62.31088285667911
2025-08-10 02:00:00+00:00,80.68,57.344202153462426,-3.445296116604693,60.78949827006712
2025-08-10 03:00:00+00:00,83.69,63.24647321578619,-3.445296116604693,66.69176933239088
2025-08-10 04:00:00+00:00,82.27,63.55168208666488,-3.445296116604693,66.99697820326958
2025-08-10 05:00:00+00:00,74.7,58.642436012449174,-3.445296116604693,62.08773212905387
2025-08-10 06:00:00+00:00,26.36,11.659890348939252,-3.445296116604693,15.105186465543945
2025-08-10 07:00:00+00:00,-0.01,-6.1590795562824905,-3.445296116604693,-2.7137834396777976
2025-08-10 08:00:00+00:00,-3.11,-23.753502397110385,-3.445296116604693,-20.308206280505694
2025-08-10 09:00:00+00:00,-15.6,-39.862285257155705,-3.445296116604693,-36.41698914055101
2025-08-10 10:00:00+00:00,-40.03,-59.79429553352481,-3.445296116604693,-56.348999416920115
2025-08-10 11:00:00+00:00,-61.08,-86.91174561208884,-3.445296116604693,-83.46644949548414
2025-08-10 12:00:00+00:00,-50.94,-83.88453130914681,-3.445296116604693,-80.43923519254211
2025-08-10 13:00:00+00:00,-22.12,-53.006745301876585,-3.445296116604693,-49.56144918527189
2025-08-10 14:00:00+00:00,-1.21,-26.73654278614037,-3.445296116604693,-23.291246669535674
2025-08-10 15:00:00+00:00,2.13,-10.177360454587951,-3.445296116604693,-6.7320643379832585
2025-08-10 16:00:00+00:00,82.64,72.060454620662,-3.445296116604693,75.5057507372667
2025-08-10 17:00:00+00:00,108.55,110.0655779496674,-3.445296116604693,113.5108740662721
2025-08-10 18:00:00+00:00,118.95,133.053786020601,-3.445296116604693,136.49908213720568
2025-08-10 19:00:00+00:00,122.45,134.2434801447722,-3.445296116604693,137.6887762613769
2025-08-10 20:00:00+00:00,106.98,112.69418002401474,-3.445296116604693,116.13947614061944
2025-08-10 21:00:00+00:00,98.9,106.5729991725013,-3.445296116604693,110.01829528910599
2025-08-10 22:00:00+00:00,99.82,94.7223668449412,-3.608364541148816,98.33073138609002
2025-08-10 23:00:00+00:00,91.97,92.63072255163924,-3.608364541148816,96.23908709278805
2025-08-11 00:00:00+00:00,87.44,93.01366603617709,-3.608364541148816,96.6220305773259
2025-08-11 01:00:00+00:00,85.19,93.43112277092374,-3.608364541148816,97.03948731207255
2025-08-11 02:00:00+00:00,92.85,96.14591900890734,-3.608364541148816,99.75428355005616
2025-08-11 03:00:00+00:00,103.51,108.77122139431688,-3.608364541148816,112.3795859354657
2025-08-11 04:00:00+00:00,129.22,127.44026676158744,-3.608364541148816,131.04863130273625
2025-08-11 05:00:00+00:00,133.49,131.4918867820003,-3.608364541148816,135.1002513231491
2025-08-11 06:00:00+00:00,105.35,101.30215410611326,-3.608364541148816,104.91051864726208
2025-08-11 07:00:00+00:00,90.75,70.36511001438704,-3.608364541148816,73.97347455553586
2025-08-11 08:00:00+00:00,50.0,20.83096401458297,-3.608364541148816,24.439328555731787
2025-08-11 09:00:00+00:00,2.54,22.18454881790423,-3.608364541148816,25.792913359053045
2025-08-11 10:00:00+00:00,0.0,1.4559882724864153,-3.608364541148816,5.064352813635232
2025-08-11 11:00:00+00:00,0.0,3.547603255370856,-3.608364541148816,7.155967796519672
2025-08-11 12:00:00+00:00,0.0,10.501042665374063,-3.608364541148816,14.10940720652288
2025-08-11 13:00:00+00:00,9.0,27.69964076176895,-3.608364541148816,31.308005302917767
2025-08-11 14:00:00+00:00,56.14,46.627580663848306,-3.608364541148816,50.23594520499712
2025-08-11 15:00:00+00:00,92.25,89.36429203224978,-3.608364541148816,92.9726565733986
2025-08-11 16:00:00+00:00,108.26,120.43363508363868,-3.608364541148816,124.0419996247875
2025-08-11 17:00:00+00:00,154.0,190.18091478464663,-3.608364541148816,193.78927932579543
2025-08-11 18:00:00+00:00,191.95,205.07600946551304,-3.608364541148816,208.68437400666184
2025-08-11 19:00:00+00:00,138.88,170.80816266249772,-3.608364541148816,174.41652720364652
2025-08-11 20:00:00+00:00,108.87,118.13078855340603,-3.608364541148816,121.73915309455485
2025-08-11 21:00:00+00:00,96.0,101.53213749996308,-3.608364541148816,105.1405020411119
2025-08-11 22:00:00+00:00,93.0,99.27153734651588,-3.48717753202199,102.75871487853787
2025-08-11 23:00:00+00:00,89.67,91.66624780928332,-3.48717753202199,95.15342534130531
2025-08-12 00:00:00+00:00,85.41,87.31362399846978,-3.48717753202199,90.80080153049177
2025-08-12 01:00:00+00:00,85.13,84.68761871684804,-3.48717753202199,88.17479624887002
2025-08-12 02:00:00+00:00,86.48,91.97694967707685,-3.48717753202199,95.46412720909883
2025-08-12 03:00:00+00:00,93.97,101.32729704055538,-3.48717753202199,104.81447457257737
2025-08-12 04:00:00+00:00,106.91,131.61371448160628,-3.48717753202199,135.10089201362828
2025-08-12 05:00:00+00:00,104.63,130.3139330785342,-3.48717753202199,133.8011106105562
2025-08-12 06:00:00+00:00,98.71,102.83308685820172,-3.48717753202199,106.32026439022371
2025-08-12 07:00:00+00:00,92.49,86.1042658439784,-3.48717753202199,89.59144337600038
2025-08-12 08:00:00+00:00,79.53,54.14708217419616,-3.48717753202199,57.634259706218145
2025-08-12 09:00:00+00:00,40.41,44.58766083759714,-3.48717753202199,48.07483836961913
2025-08-12 10:00:00+00:00,8.38,24.813349701775344,-3.48717753202199,28.300527233797332
2025-08-12 11:00:00+00:00,3.0,21.662628535429253,-3.48717753202199,25.149806067451244
2025-08-12 12:00:00+00:00,5.15,24.254569250862883,-3.48717753202199,27.741746782884874
2025-08-12 13:00:00+00:00,35.05,40.321282903735565,-3.48717753202199,43.80846043575755
2025-08-12 14:00:00+00:00,73.12,50.730624973313425,-3.48717753202199,54.21780250533541
2025-08-12 15:00:00+00:00,94.06,78.5073850711111,-3.48717753202199,81.99456260313309
2025-08-12 16:00:00+00:00,106.1,99.52650825445043,-3.48717753202199,103.01368578647242
2025-08-12 17:00:00+00:00,149.31,128.34076614129688,-3.48717753202199,131.82794367331888
2025-08-12 18:00:00+00:00,156.16,149.29311588323728,-3.48717753202199,152.78029341525928
2025-08-12 19:00:00+00:00,140.4,116.50850098266304,-3.48717753202199,119.99567851468503
2025-08-12 20:00:00+00:00,114.07,94.28075247308452,-3.48717753202199,97.7679300051065
2025-08-12 21:00:00+00:00,97.73,85.9688158681242,-3.48717753202199,89.45599340014618
2025-08-12 22:00:00+00:00,95.72,82.93973509778868,-3.1363474096236055,86.0760825074123
2025-08-12 23:00:00+00:00,90.0,76.94089779049017,-3.1363474096236055,80.07724520011378
2025-08-13 00:00:00+00:00,86.89,76.72924435351663,-3.1363474096236055,79.86559176314024
2025-08-13 01:00:00+00:00,84.71,78.36066586806669,-3.1363474096236055,81.4970132776903
2025-08-13 02:00:00+00:00,87.07,82.85652912660842,-3.1363474096236055,85.99287653623203
2025-08-13 03:00:00+00:00,93.3,93.21043427080257,-3.1363474096236055,96.34678168042618
2025-08-13 04:00:00+00:00,108.87,112.1990879601901,-3.1363474096236055,115.33543536981371
2025-08-13 05:00:00+00:00,107.52,113.51501984754766,-3.1363474096236055,116.65136725717127
2025-08-13 06:00:00+00:00,105.87,101.11865572728182,-3.1363474096236055,104.25500313690543
2025-08-13 07:00:00+00:00,93.6,83.0058785691664,-3.1363474096236055,86.14222597879001
2025-08-13 08:00:00+00:00,89.26,62.3573855003199,-3.1363474096236055,65.4937329099435
2025-08-13 09:00:00+00:00,68.2,46.72682040374845,-3.1363474096236055,49.86316781337205
2025-08-13 10:00:00+00:00,44.29,26.749543151732716,-3.1363474096236055,29.885890561356323
2025-08-13 11:00:00+00:00,27.89,21.05006991089966,-3.1363474096236055,24.186417320523265
2025-08-13 12:00:00+00:00,41.66,22.28597086749457,-3.1363474096236055,25.422318277118176
2025-08-13 13:00:00+00:00,70.9,44.17179284348561,-3.1363474096236055,47.308140253109215
2025-08-13 14:00:00+00:00,84.3,60.496900809255514,-3.1363474096236055,63.63324821887912
2025-08-13 15:00:00+00:00,96.64,90.64450431274382,-3.1363474096236055,93.78085172236743
2025-08-13 16:00:00+00:00,115.34,108.96860460351115,-3.1363474096236055,112.10495201313476
2025-08-13 17:00:00+00:00,193.3,159.5217771441027,-3.1363474096236055,162.6581245537263
2025-08-13 18:00:00+00:00,226.64,185.18393046512057,-3.1363474096236055,188.32027787474416
2025-08-13 19:00:00+00:00,154.52,169.23827107167034,-3.1363474096236055,172.37461848129394
2025-08-13 20:00:00+00:00,123.21,119.05200557654004,-3.1363474096236055,122.18835298616365
2025-08-13 21:00:00+00:00,106.27,100.16953580799924,-3.1363474096236055,103.30588321762285
2025-08-13 22:00:00+00:00,98.1,103.02140573674,-3.086186188254653,106.10759192499465
2025-08-13 23:00:00+00:00,92.0,97.19409869018706,-3.086186188254653,100.28028487844172
2025-08-14 00:00:00+00:00,88.45,92.44358207190471,-3.086186188254653,95.52976826015937
2025-08-14 01:00:00+00:00,88.2,91.1651952653798,-3.086186188254653,94.25138145363445
2025-08-14 02:00:00+00:00,88.53,93.0998348384443,-3.086186188254653,96.18602102669895
2025-08-14 03:00:00+00:00,97.52,102.01026804781344,-3.086186188254653,105.0964542360681
2025-08-14 04:00:00+00:00,107.94,119.82105136209228,-3.086186188254653,122.90723755034693
2025-08-14 05:00:00+00:00,109.92,119.2869397924602,-3.086186188254653,122.37312598071486
2025-08-14 06:00:00+00:00,99.51,109.1803684558512,-3.086186188254653,112.26655464410585
2025-08-14 07:00:00+00:00,91.1,90.54673625338832,-3.086186188254653,93.63292244164298
2025-08-14 08:00:00+00:00,81.26,77.46589500501553,-3.086186188254653,80.55208119327018
2025-08-14 09:00:00+00:00,67.57,68.90514035309114,-3.086186188254653,71.9913265413458
2025-08-14 10:00:00+00:00,54.09,53.72307933662375,-3.086186188254653,56.8092655248784
2025-08-14 11:00:00+00:00,41.02,40.65442002827971,-3.086186188254653,43.74060621653436
2025-08-14 12:00:00+00:00,54.9,49.3506001230078,-3.086186188254653,52.43678631126245
2025-08-14 13:00:00+00:00,69.43,65.09345983091525,-3.086186188254653,68.17964601916991
2025-08-14 14:00:00+00:00,78.99,80.45466163167488,-3.086186188254653,83.54084781992954
2025-08-14 15:00:00+00:00,97.22,96.66511870922972,-3.086186188254653,99.75130489748437
2025-08-14 16:00:00+00:00,115.54,114.20887365989796,-3.086186188254653,117.29505984815262
2025-08-14 17:00:00+00:00,233.8,207.7428036533201,-3.086186188254653,210.82898984157475
2025-08-14 18:00:00+00:00,283.89,228.54528958044588,-3.086186188254653,231.63147576870054
2025-08-14 19:00:00+00:00,155.84,165.4110633304781,-3.086186188254653,168.49724951873276
2025-08-14 20:00:00+00:00,120.71,123.00794401942608,-3.086186188254653,126.09413020768073
2025-08-14 21:00:00+00:00,105.95,107.7894080421345,-3.086186188254653,110.87559423038915
2025-08-14 22:00:00+00:00,99.59,98.53755036063588,-3.0118035659026963,101.54935392653857
2025-08-14 23:00:00+00:00,98.97,91.80226609486202,-3.0118035659026963,94.81406966076472
2025-08-15 00:00:00+00:00,93.9,89.09430796346577,-3.0118035659026963,92.10611152936846
2025-08-15 01:00:00+00:00,90.33,87.31426151593388,-3.0118035659026963,90.32606508183657
2025-08-15 02:00:00+00:00,92.0,87.63036135109394,-3.0118035659026963,90.64216491699663
2025-08-15 03:00:00+00:00,96.91,95.54314930791708,-3.0118035659026963,98.55495287381977
2025-08-15 04:00:00+00:00,101.66,103.5683471957942,-3.0118035659026963,106.5801507616969
2025-08-15 05:00:00+00:00,101.31,104.65390621422851,-3.0118035659026963,107.66570978013121
2025-08-15 06:00:00+00:00,96.6,95.66674096897928,-3.0118035659026963,98.67854453488198
2025-08-15 07:00:00+00:00,83.47,82.31745472944942,-3.0118035659026963,85.32925829535212
2025-08-15 08:00:00+00:00,43.9,53.10022470471262,-3.0118035659026963,56.11202827061532
2025-08-15 09:00:00+00:00,3.0,34.91136106247964,-3.0118035659026963,37.92316462838234
2025-08-15 10:00:00+00:00,0.08,8.577891496576964,-3.0118035659026963,11.58969506247966
2025-08-15 11:00:00+00:00,0.0,3.6652838155319727,-3.0118035659026963,6.677087381434669
2025-08-15 12:00:00+00:00,0.0,6.5160974362351745,-3.0118035659026963,9.52790100213787
2025-08-15 13:00:00+00:00,1.72,22.758449703731763,-3.0118035659026963,25.77025326963446
2025-08-15 14:00:00+00:00,27.66,41.62445295469518,-3.0118035659026963,44.636256520597875
2025-08-15 15:00:00+00:00,77.96,71.09668906906157,-3.0118035659026963,74.10849263496426
2025-08-15 16:00:00+00:00,105.89,90.33933248887698,-3.0118035659026963,93.35113605477967
2025-08-15 17:00:00+00:00,114.38,115.27942117536747,-3.0118035659026963,118.29122474127017
2025-08-15 18:00:00+00:00,124.01,112.66765529730344,-3.0118035659026963,115.67945886320614
2025-08-15 19:00:00+00:00,111.5,114.0847996103074,-3.0118035659026963,117.0966031762101
2025-08-15 20:00:00+00:00,105.94,97.22998707192885,-3.0118035659026963,100.24179063783154
2025-08-15 21:00:00+00:00,95.96,89.94436340802638,-3.0118035659026963,92.95616697392907
2025-08-15 22:00:00+00:00,96.11,91.384805190643,-2.78526220405613,94.17006739469912
2025-08-15 23:00:00+00:00,90.92,88.38625386080413,-2.78526220405613,91.17151606486026
2025-08-16 00:00:00+00:00,89.78,87.30817155058536,-2.78526220405613,90.09343375464148
2025-08-16 01:00:00+00:00,85.35,85.7474737567801,-2.78526220405613,88.53273596083622
2025-08-16 02:00:00+00:00,84.05,81.41342674540476,-2.78526220405613,84.19868894946089
2025-08-16 03:00:00+00:00,87.09,84.4567516484754,-2.78526220405613,87.24201385253153
2025-08-16 04:00:00+00:00,91.01,85.92714354857276,-2.78526220405613,88.71240575262888
2025-08-16 05:00:00+00:00,90.02,81.38707470277087,-2.78526220405613,84.172336906827
2025-08-16 06:00:00+00:00,80.99,66.51561605335762,-2.78526220405613,69.30087825741374
2025-08-16 07:00:00+00:00,67.94,45.9777282525458,-2.78526220405613,48.76299045660193
2025-08-16 08:00:00+00:00,25.12,9.151266207621502,-2.78526220405613,11.936528411677632
2025-08-16 09:00:00+00:00,3.8,-5.208845353277123,-2.78526220405613,-2.423583149220993
2025-08-16 10:00:00+00:00,0.17,-6.099104817964114,-2.78526220405613,-3.3138426139079837
2025-08-16 11:00:00+00:00,-0.01,-15.827765710823336,-2.78526220405613,-13.042503506767206
2025-08-16 12:00:00+00:00,-0.01,-23.048716696004863,-2.78526220405613,-20.263454491948732
2025-08-16 13:00:00+00:00,-0.01,-25.622579070744095,-2.78526220405613,-22.837316866687964
2025-08-16 14:00:00+00:00,0.71,-19.326871032725418,-2.78526220405613,-16.541608828669286
2025-08-16 15:00:00+00:00,16.21,-4.367094487014776,-2.78526220405613,-1.5818322829586458
2025-08-16 16:00:00+00:00,69.92,58.95764874177908,-2.78526220405613,61.74291094583521
2025-08-16 17:00:00+00:00,95.0,91.81030805031207,-2.78526220405613,94.5955702543682
2025-08-16 18:00:00+00:00,102.62,103.2912443547808,-2.78526220405613,106.07650655883693
2025-08-16 19:00:00+00:00,100.61,99.94320059203396,-2.78526220405613,102.72846279609008
2025-08-16 20:00:00+00:00,95.0,99.43415055410392,-2.78526220405613,102.21941275816005
2025-08-16 21:00:00+00:00,90.0,91.57323239078583,-2.78526220405613,94.35849459484196
2025-08-16 22:00:00+00:00,91.28,89.69459541584317,-2.8184063677992537,92.51300178364242
2025-08-16 23:00:00+00:00,85.34,86.08844593205013,-2.8184063677992537,88.90685229984939
2025-08-17 00:00:00+00:00,86.86,85.07872634197483,-2.8184063677992537,87.89713270977408
2025-08-17 01:00:00+00:00,86.63,80.58795319666503,-2.8184063677992537,83.40635956446428
2025-08-17 02:00:00+00:00,87.73,82.8900727412394,-2.8184063677992537,85.70847910903865
2025-08-17 03:00:00+00:00,89.93,84.11921797669496,-2.8184063677992537,86.93762434449421
2025-08-17 04:00:00+00:00,89.89,89.63168960651043,-2.8184063677992537,92.45009597430969
2025-08-17 05:00:00+00:00,81.03,88.90489548928655,-2.8184063677992537,91.7233018570858
2025-08-17 06:00:00+00:00,76.24,67.96976510983528,-2.8184063677992537,70.78817147763453
2025-08-17 07:00:00+00:00,32.59,28.407314561920312,-2.8184063677992537,31.225720929719564
2025-08-17 08:00:00+00:00,9.96,1.8846472716165912,-2.8184063677992537,4.703053639415845
2025-08-17 09:00:00+00:00,0.1,2.740483373616004,-2.8184063677992537,5.558889741415258
2025-08-17 10:00:00+00:00,-0.2,-0.8419267680292366,-2.8184063677992537,1.976479599770017
2025-08-17 11:00:00+00:00,-0.93,-8.618930656346725,-2.8184063677992537,-5.8005242885474715
2025-08-17 12:00:00+00:00,-1.25,-14.47489578022366,-2.8184063677992537,-11.656489412424406
2025-08-17 13:00:00+00:00,0.65,-6.358046305789147,-2.8184063677992537,-3.539639937989893
2025-08-17 14:00:00+00:00,13.81,4.820745599865177,-2.8184063677992537,7.63915196766443
2025-08-17 15:00:00+00:00,72.4,43.559318852722775,-2.8184063677992537,46.37772522052203
2025-08-17 16:00:00+00:00,96.69,100.30113632652149,-2.8184063677992537,103.11954269432074
2025-08-17 17:00:00+00:00,110.0,119.2312248744152,-2.8184063677992537,122.04963124221446
2025-08-17 18:00:00+00:00,110.66,129.95951166296135,-2.8184063677992537,132.7779180307606
2025-08-17 19:00:00+00:00,110.14,120.474318513003,-2.8184063677992537,123.29272488080225
2025-08-17 20:00:00+00:00,105.1,114.084544816784,-2.8184063677992537,116.90295118458326
2025-08-17 21:00:00+00:00,102.54,104.0122790574664,-2.8184063677992537,106.83068542526566
2025-08-17 22:00:00+00:00,91.99,104.36680123359524,-2.636327938643316,107.00312917223856
2025-08-17 23:00:00+00:00,87.13,91.61074372464668,-2.636327938643316,94.24707166329
2025-08-18 00:00:00+00:00,84.33,93.2886485190622,-2.636327938643316,95.92497645770553
2025-08-18 01:00:00+00:00,83.85,92.41079381858728,-2.636327938643316,95.0471217572306
2025-08-18 02:00:00+00:00,89.46,93.81869375971226,-2.636327938643316,96.45502169835558
2025-08-18 03:00:00+00:00,99.27,118.46281411899692,-2.636327938643316,121.09914205764024
2025-08-18 04:00:00+00:00,118.51,145.28519923780777,-2.636327938643316,147.9215271764511
2025-08-18 05:00:00+00:00,130.13,146.5123659594431,-2.636327938643316,149.1486938980864
2025-08-18 06:00:00+00:00,109.87,105.4982749512862,-2.636327938643316,108.13460288992952
2025-08-18 07:00:00+00:00,88.84,77.92216833571202,-2.636327938643316,80.55849627435533
2025-08-18 08:00:00+00:00,72.06,44.58769238992826,-2.636327938643316,47.22402032857158
2025-08-18 09:00:00+00:00,45.93,26.95910304743138,-2.636327938643316,29.595430986074696
2025-08-18 10:00:00+00:00,20.04,7.1683796464011165,-2.636327938643316,9.804707585044433
2025-08-18 11:00:00+00:00,14.23,-1.2332831781229938,-2.636327938643316,1.4030447605203222
2025-08-18 12:00:00+00:00,18.34,3.653908395024966,-2.636327938643316,6.2902363336682825
2025-08-18 13:00:00+00:00,54.56,31.30161395917248,-2.636327938643316,33.9379418978158
2025-08-18 14:00:00+00:00,70.94,49.214841627236744,-2.636327938643316,51.85116956588006
2025-08-18 15:00:00+00:00,90.32,84.36542972039969,-2.636327938643316,87.00175765904301
2025-08-18 16:00:00+00:00,109.87,105.3528379349119,-2.636327938643316,107.98916587355522
2025-08-18 17:00:00+00:00,185.5,160.69477358886795,-2.636327938643316,163.33110152751127
2025-08-18 18:00:00+00:00,197.42,185.8640323494451,-2.636327938643316,188.50036028808842
2025-08-18 19:00:00+00:00,124.67,147.72380361797917,-2.636327938643316,150.3601315566225
2025-08-18 20:00:00+00:00,107.49,114.42244713392758,-2.636327938643316,117.0587750725709
2025-08-18 21:00:00+00:00,102.0,105.934422844694,-2.636327938643316,108.57075078333732
2025-08-18 22:00:00+00:00,101.01,97.2251130169405,-2.9032068161603592,100.12831983310086
2025-08-18 23:00:00+00:00,94.82,93.4124482177713,-2.9032068161603592,96.31565503393166
2025-08-19 00:00:00+00:00,88.2,88.88327251581102,-2.9032068161603592,91.78647933197138
2025-08-19 01:00:00+00:00,86.37,87.9817555156722,-2.9032068161603592,90.88496233183257
2025-08-19 02:00:00+00:00,90.09,91.75941012643284,-2.9032068161603592,94.6626169425932
2025-08-19 03:00:00+00:00,102.5,105.83157088409212,-2.9032068161603592,108.73477770025248
2025-08-19 04:00:00+00:00,111.1,133.03017848382044,-2.9032068161603592,135.93338529998078
2025-08-19 05:00:00+00:00,109.95,128.83905084112413,-2.9032068161603592,131.74225765728448
2025-08-19 06:00:00+00:00,98.05,104.53610464594992,-2.9032068161603592,107.43931146211028
2025-08-19 07:00:00+00:00,88.57,81.93984391406379,-2.9032068161603592,84.84305073022415
2025-08-19 08:00:00+00:00,69.64,53.188171824894305,-2.9032068161603592,56.09137864105466
2025-08-19 09:00:00+00:00,43.23,42.84745100212107,-2.9032068161603592,45.750657818281425
2025-08-19 10:00:00+00:00,22.85,19.6915581862169,-2.9032068161603592,22.594765002377258
2025-08-19 11:00:00+00:00,8.97,9.828087585881098,-2.9032068161603592,12.731294402041458
2025-08-19 12:00:00+00:00,15.26,6.311829191328472,-2.9032068161603592,9.21503600748883
2025-08-19 13:00:00+00:00,30.89,20.476640721704044,-2.9032068161603592,23.379847537864404
2025-08-19 14:00:00+00:00,60.6,58.40211696099393,-2.9032068161603592,61.305323777154285
2025-08-19 15:00:00+00:00,91.48,86.56276881142266,-2.9032068161603592,89.46597562758302
2025-08-19 16:00:00+00:00,101.91,107.37350770607527,-2.9032068161603592,110.27671452223564
2025-08-19 17:00:00+00:00,120.51,155.04316030187644,-2.9032068161603592,157.9463671180368
2025-08-19 18:00:00+00:00,128.62,139.58466369883652,-2.9032068161603592,142.48787051499687
2025-08-19 19:00:00+00:00,111.06,118.43559833047368,-2.9032068161603592,121.33880514663404
2025-08-19 20:00:00+00:00,104.41,103.25291496513056,-2.9032068161603592,106.15612178129092
2025-08-19 21:00:00+00:00,97.2,98.22551012320494,-2.9032068161603592,101.1287169393653
2025-08-19 22:00:00+00:00,97.7,98.8019966354164,-2.49945481017597,101.30145144559238
2025-08-19 23:00:00+00:00,93.18,92.34570426406772,-2.49945481017597,94.8451590742437
2025-08-20 00:00:00+00:00,87.64,88.17961678270382,-2.49945481017597,90.6790715928798
2025-08-20 01:00:00+00:00,85.78,85.84300719253474,-2.49945481017597,88.34246200271072
2025-08-20 02:00:00+00:00,89.66,87.7681933652669,-2.49945481017597,90.26764817544287
2025-08-20 03:00:00+00:00,98.8,96.9742890189473,-2.49945481017597,99.47374382912328
2025-08-20 04:00:00+00:00,108.84,111.04788869493136,-2.49945481017597,113.54734350510734
2025-08-20 05:00:00+00:00,110.12,111.61033047795402,-2.49945481017597,114.10978528813
2025-08-20 06:00:00+00:00,103.91,101.3300903684624,-2.49945481017597,103.82954517863837
2025-08-20 07:00:00+00:00,90.05,86.63763985551196,-2.49945481017597,89.13709466568794
2025-08-20 08:00:00+00:00,80.98,71.18481789274469,-2.49945481017597,73.68427270292067
2025-08-20 09:00:00+00:00,69.06,49.42950882549011,-2.49945481017597,51.92896363566608
2025-08-20 10:00:00+00:00,49.07,36.094410679773034,-2.49945481017597,38.593865489949
2025-08-20 11:00:00+00:00,35.0,31.439223890959088,-2.49945481017597,33.93867870113506
2025-08-20 12:00:00+00:00,42.03,33.09071160150047,-2.49945481017597,35.59016641167644
2025-08-20 13:00:00+00:00,73.02,47.72568060609189,-2.49945481017597,50.22513541626786
2025-08-20 14:00:00+00:00,81.45,69.9977450242863,-2.49945481017597,72.49719983446228
2025-08-20 15:00:00+00:00,101.69,96.28183595446929,-2.49945481017597,98.78129076464526
2025-08-20 16:00:00+00:00,109.16,106.94438821792636,-2.49945481017597,109.44384302810234
2025-08-20 17:00:00+00:00,135.15,117.037468180619,-2.49945481017597,119.53692299079498
2025-08-20 18:00:00+00:00,126.11,120.6678077488035,-2.49945481017597,123.16726255897947
2025-08-20 19:00:00+00:00,114.95,119.08036966596102,-2.49945481017597,121.57982447613699
2025-08-20 20:00:00+00:00,103.49,107.47089164686318,-2.49945481017597,109.97034645703916
2025-08-20 21:00:00+00:00,97.34,98.00617950457938,-2.49945481017597,100.50563431475535
2025-08-20 22:00:00+00:00,96.11,97.3401158675048,-2.2799113586672384,99.62002722617204
2025-08-20 23:00:00+00:00,90.73,95.46505846274675,-2.2799113586672384,97.74496982141399
2025-08-21 00:00:00+00:00,87.52,91.46856893627825,-2.2799113586672384,93.74848029494548
2025-08-21 01:00:00+00:00,90.88,88.40531839917801,-2.2799113586672384,90.68522975784525
2025-08-21 02:00:00+00:00,92.37,94.1177259178882,-2.2799113586672384,96.39763727655543
2025-08-21 03:00:00+00:00,108.59,99.43677773304694,-2.2799113586672384,101.71668909171417
2025-08-21 04:00:00+00:00,115.6,111.30042751191864,-2.2799113586672384,113.58033887058588
2025-08-21 05:00:00+00:00,116.89,114.7861120253851,-2.2799113586672384,117.06602338405233
2025-08-21 06:00:00+00:00,107.79,108.2130083457458,-2.2799113586672384,110.49291970441304
2025-08-21 07:00:00+00:00,97.32,96.79176951052472,-2.2799113586672384,99.07168086919195
2025-08-21 08:00:00+00:00,85.85,84.4574552740555,-2.2799113586672384,86.73736663272274
2025-08-21 09:00:00+00:00,77.64,72.42999705736979,-2.2799113586672384,74.70990841603702
2025-08-21 10:00:00+00:00,69.49,52.4112382769728,-2.2799113586672384,54.691149635640045
2025-08-21 11:00:00+00:00,66.09,46.60456681356866,-2.2799113586672384,48.8844781722359
2025-08-21 12:00:00+00:00,56.26,45.40090190773943,-2.2799113586672384,47.68081326640667
2025-08-21 13:00:00+00:00,68.2,47.721848467592345,-2.2799113586672384,50.00175982625959
2025-08-21 14:00:00+00:00,72.39,61.052865444663766,-2.2799113586672384,63.332776803331
2025-08-21 15:00:00+00:00,92.88,81.99887422177329,-2.2799113586672384,84.27878558044053
2025-08-21 16:00:00+00:00,103.2,91.63464101303748,-2.2799113586672384,93.91455237170472
2025-08-21 17:00:00+00:00,106.39,109.45081558553676,-2.2799113586672384,111.730726944204
2025-08-21 18:00:00+00:00,110.73,100.89278294111035,-2.2799113586672384,103.17269429977759
2025-08-21 19:00:00+00:00,110.73,101.77333745546407,-2.2799113586672384,104.05324881413131
2025-08-21 20:00:00+00:00,105.0,97.64504992162584,-2.2799113586672384,99.92496128029308
2025-08-21 21:00:00+00:00,95.78,88.3560337458861,-2.2799113586672384,90.63594510455333
2025-08-21 22:00:00+00:00,89.27,84.65606513817053,-2.200454396101265,86.8565195342718
2025-08-21 23:00:00+00:00,81.99,79.49220245724919,-2.200454396101265,81.69265685335046
2025-08-22 00:00:00+00:00,78.59,77.58218084304286,-2.200454396101265,79.78263523914413
2025-08-22 01:00:00+00:00,77.52,76.76034028327223,-2.200454396101265,78.96079467937349
2025-08-22 02:00:00+00:00,77.65,81.26855396431164,-2.200454396101265,83.4690083604129
2025-08-22 03:00:00+00:00,87.9,94.4449568291571,-2.200454396101265,96.64541122525837
2025-08-22 04:00:00+00:00,105.76,102.08648726973205,-2.200454396101265,104.28694166583331
2025-08-22 05:00:00+00:00,107.45,103.38192353237608,-2.200454396101265,105.58237792847734
2025-08-22 06:00:00+00:00,102.32,92.69470262228047,-2.200454396101265,94.89515701838174
2025-08-22 07:00:00+00:00,90.02,73.20725794901821,-2.200454396101265,75.40771234511948
2025-08-22 08:00:00+00:00,72.44,50.90209279382877,-2.200454396101265,53.102547189930036
2025-08-22 09:00:00+00:00,42.5,23.152525525752264,-2.200454396101265,25.352979921853528
2025-08-22 10:00:00+00:00,14.07,11.543667327074049,-2.200454396101265,13.744121723175313
2025-08-22 11:00:00+00:00,3.84,1.805292915732748,-2.200454396101265,4.005747311834012
2025-08-22 12:00:00+00:00,0.02,0.6882372832257234,-2.200454396101265,2.888691679326988
2025-08-22 13:00:00+00:00,4.01,5.82830829924233,-2.200454396101265,8.028762695343595
2025-08-22 14:00:00+00:00,40.64,18.9943782579977,-2.200454396101265,21.194832654098963
2025-08-22 15:00:00+00:00,73.14,72.04389707589475,-2.200454396101265,74.24435147199601
2025-08-22 16:00:00+00:00,95.17,89.18768349816445,-2.200454396101265,91.38813789426571
2025-08-22 17:00:00+00:00,106.07,108.80125725506292,-2.200454396101265,111.00171165116419
2025-08-22 18:00:00+00:00,113.0,115.89430720284216,-2.200454396101265,118.09476159894342
2025-08-22 19:00:00+00:00,107.63,115.60782726817082,-2.200454396101265,117.80828166427209
2025-08-22 20:00:00+00:00,103.09,106.0503302153061,-2.200454396101265,108.25078461140737
2025-08-22 21:00:00+00:00,94.37,98.13681070050592,-2.200454396101265,100.33726509660718
2025-08-22 22:00:00+00:00,95.33,92.00303475806274,-2.501143224190485,94.50417798225322
2025-08-22 23:00:00+00:00,89.32,81.98357779693399,-2.501143224190485,84.48472102112447
2025-08-23 00:00:00+00:00,87.76,78.18130203227688,-2.501143224190485,80.68244525646736
2025-08-23 01:00:00+00:00,85.21,76.10332943388413,-2.501143224190485,78.60447265807461
2025-08-23 02:00:00+00:00,85.56,74.11121187604243,-2.501143224190485,76.61235510023292
2025-08-23 03:00:00+00:00,85.6,79.66547102361858,-2.501143224190485,82.16661424780906
2025-08-23 04:00:00+00:00,86.67,78.54700648102073,-2.501143224190485,81.04814970521122
2025-08-23 05:00:00+00:00,86.78,75.22311793868911,-2.501143224190485,77.7242611628796
2025-08-23 06:00:00+00:00,83.57,58.05633902246361,-2.501143224190485,60.5574822466541
2025-08-23 07:00:00+00:00,62.9,21.839573343591084,-2.501143224190485,24.34071656778157
2025-08-23 08:00:00+00:00,14.69,7.502844199611601,-2.501143224190485,10.003987423802085
2025-08-23 09:00:00+00:00,3.29,3.094853593443484,-2.501143224190485,5.595996817633969
2025-08-23 10:00:00+00:00,1.32,-2.8616741268677734,-2.501143224190485,-0.36053090267728827
2025-08-23 11:00:00+00:00,0.06,0.4709413743791477,-2.501143224190485,2.9720845985696327
2025-08-23 12:00:00+00:00,0.07,-3.4275783396348616,-2.501143224190485,-0.9264351154443764
2025-08-23 13:00:00+00:00,3.52,0.1925366901368634,-2.501143224190485,2.6936799143273484
2025-08-23 14:00:00+00:00,12.1,13.062110646125769,-2.501143224190485,15.563253870316254
2025-08-23 15:00:00+00:00,72.19,36.06490747500566,-2.501143224190485,38.56605069919615
2025-08-23 16:00:00+00:00,100.31,89.63777165398298,-2.501143224190485,92.13891487817347
2025-08-23 17:00:00+00:00,112.22,112.94582978641188,-2.501143224190485,115.44697301060236
2025-08-23 18:00:00+00:00,123.67,118.8188261354656,-2.501143224190485,121.31996935965608
2025-08-23 19:00:00+00:00,120.43,111.4190522731801,-2.501143224190485,113.92019549737059
2025-08-23 20:00:00+00:00,111.16,107.2156837234616,-2.501143224190485,109.71682694765208
2025-08-23 21:00:00+00:00,105.28,96.44189644187698,-2.501143224190485,98.94303966606746
2025-08-23 22:00:00+00:00,100.5,100.24251231766549,-2.687808150144998,102.93032046781049
2025-08-23 23:00:00+00:00,95.13,96.27374133008767,-2.687808150144998,98.96154948023268
2025-08-24 00:00:00+00:00,94.41,94.50554271993217,-2.687808150144998,97.19335087007717
2025-08-24 01:00:00+00:00,92.13,92.64541231898478,-2.687808150144998,95.33322046912978
2025-08-24 02:00:00+00:00,91.2,92.34054581454446,-2.687808150144998,95.02835396468946
2025-08-24 03:00:00+00:00,90.97,90.47135641952188,-2.687808150144998,93.15916456966688
2025-08-24 04:00:00+00:00,90.0,88.8527258792982,-2.687808150144998,91.54053402944321
2025-08-24 05:00:00+00:00,85.01,88.68793417980245,-2.687808150144998,91.37574232994746
2025-08-24 06:00:00+00:00,72.84,69.27729467780932,-2.687808150144998,71.96510282795433
2025-08-24 07:00:00+00:00,4.8,26.176780804366636,-2.687808150144998,28.864588954511635
2025-08-24 08:00:00+00:00,-0.01,1.5147459790611204,-2.687808150144998,4.202554129206119
2025-08-24 09:00:00+00:00,-0.07,5.99600873235744,-2.687808150144998,8.683816882502438
2025-08-24 10:00:00+00:00,-1.98,3.979215846684697,-2.687808150144998,6.667023996829695
2025-08-24 11:00:00+00:00,-7.45,3.2541121851155994,-2.687808150144998,5.941920335260598
2025-08-24 12:00:00+00:00,-7.4,1.939020280558817,-2.687808150144998,4.626828430703815
2025-08-24 13:00:00+00:00,-0.1,1.5035410458484573,-2.687808150144998,4.191349195993455
2025-08-24 14:00:00+00:00,0.0,1.4511018910877995,-2.687808150144998,4.138910041232798
2025-08-24 15:00:00+00:00,63.36,53.5844781098958,-2.687808150144998,56.272286260040794
2025-08-24 16:00:00+00:00,99.81,101.2151497153842,-2.687808150144998,103.9029578655292
2025-08-24 17:00:00+00:00,110.5,113.95543411850548,-2.687808150144998,116.64324226865048
2025-08-24 18:00:00+00:00,117.31,120.4908094744004,-2.687808150144998,123.1786176245454
2025-08-24 19:00:00+00:00,114.32,113.20746879236992,-2.687808150144998,115.89527694251493
2025-08-24 20:00:00+00:00,107.5,106.02295445311458,-2.687808150144998,108.71076260325958
2025-08-24 21:00:00+00:00,100.52,93.58705901777785,-2.687808150144998,96.27486716792285
2025-08-24 22:00:00+00:00,95.28,91.69943810666884,-2.4350867053577696,94.13452481202661
2025-08-24 23:00:00+00:00,87.03,88.93999478553575,-2.4350867053577696,91.37508149089352
2025-08-25 00:00:00+00:00,84.02,87.26958987108875,-2.4350867053577696,89.70467657644653
2025-08-25 01:00:00+00:00,82.9,88.01384102072525,-2.4350867053577696,90.44892772608303
2025-08-25 02:00:00+00:00,83.46,87.79026399021514,-2.4350867053577696,90.22535069557291
2025-08-25 03:00:00+00:00,102.46,94.52663193516668,-2.4350867053577696,96.96171864052445
2025-08-25 04:00:00+00:00,115.38,113.4512514125161,-2.4350867053577696,115.88633811787388
2025-08-25 05:00:00+00:00,125.0,128.51194641986575,-2.4350867053577696,130.94703312522353
2025-08-25 06:00:00+00:00,110.04,110.88205031007648,-2.4350867053577696,113.31713701543426
2025-08-25 07:00:00+00:00,91.97,84.72759028048029,-2.4350867053577696,87.16267698583806
2025-08-25 08:00:00+00:00,72.98,30.37906394993145,-2.4350867053577696,32.81415065528922
2025-08-25 09:00:00+00:00,35.02,19.065051657397643,-2.4350867053577696,21.50013836275541
2025-08-25 10:00:00+00:00,10.0,4.234835174029783,-2.4350867053577696,6.6699218793875525
2025-08-25 11:00:00+00:00,5.93,-15.535919509963442,-2.4350867053577696,-13.100832804605673
2025-08-25 12:00:00+00:00,6.78,-9.058909366559476,-2.4350867053577696,-6.623822661201706
2025-08-25 13:00:00+00:00,25.2,13.531308116840286,-2.4350867053577696,15.966394822198055
2025-08-25 14:00:00+00:00,56.43,47.87404297871277,-2.4350867053577696,50.30912968407054
2025-08-25 15:00:00+00:00,86.67,84.90318438134145,-2.4350867053577696,87.33827108669922
2025-08-25 16:00:00+00:00,111.54,116.90013803790497,-2.4350867053577696,119.33522474326274
2025-08-25 17:00:00+00:00,159.03,168.59124775363827,-2.4350867053577696,171.02633445899605
2025-08-25 18:00:00+00:00,232.82,235.03124517434776,-2.4350867053577696,237.46633187970554
2025-08-25 19:00:00+00:00,138.04,127.14747296124712,-2.4350867053577696,129.58255966660488
2025-08-25 20:00:00+00:00,115.04,112.37542268953725,-2.4350867053577696,114.81050939489502
2025-08-25 21:00:00+00:00,105.15,104.00039037404298,-2.4350867053577696,106.43547707940075
2025-08-25 22:00:00+00:00,105.8,101.39146600919834,-2.4229569650817586,103.81442297428009
2025-08-25 23:00:00+00:00,100.44,94.69186872486516,-2.4229569650817586,97.11482568994691
2025-08-26 00:00:00+00:00,96.58,94.78585027324016,-2.4229569650817586,97.20880723832191
2025-08-26 01:00:00+00:00,94.79,92.79052162303792,-2.4229569650817586,95.21347858811967
2025-08-26 02:00:00+00:00,96.27,91.0244159636188,-2.4229569650817586,93.44737292870055
2025-08-26 03:00:00+00:00,106.6,105.83555436694742,-2.4229569650817586,108.25851133202917
2025-08-26 04:00:00+00:00,124.59,123.98687553359365,-2.4229569650817586,126.4098324986754
2025-08-26 05:00:00+00:00,123.45,130.69314232420425,-2.4229569650817586,133.116099289286
2025-08-26 06:00:00+00:00,106.79,115.20635235672916,-2.4229569650817586,117.62930932181091
2025-08-26 07:00:00+00:00,90.0,86.77845028503828,-2.4229569650817586,89.20140725012003
2025-08-26 08:00:00+00:00,77.47,65.39455028649584,-2.4229569650817586,67.8175072515776
2025-08-26 09:00:00+00:00,61.6,61.946003506105505,-2.4229569650817586,64.36896047118726
2025-08-26 10:00:00+00:00,41.95,35.632785079677184,-2.4229569650817586,38.055742044758944
2025-08-26 11:00:00+00:00,26.28,35.49828137253443,-2.4229569650817586,37.92123833761619
2025-08-26 12:00:00+00:00,38.05,41.34064321923109,-2.4229569650817586,43.76360018431285
2025-08-26 13:00:00+00:00,72.39,55.957707617759304,-2.4229569650817586,58.380664582841064
2025-08-26 14:00:00+00:00,88.26,82.63893190969377,-2.4229569650817586,85.06188887477552
2025-08-26 15:00:00+00:00,105.05,95.0301872217162,-2.4229569650817586,97.45314418679796
2025-08-26 16:00:00+00:00,131.09,127.4369904064371,-2.4229569650817586,129.85994737151887
2025-08-26 17:00:00+00:00,196.88,188.61681285700868,-2.4229569650817586,191.03976982209045
2025-08-26 18:00:00+00:00,180.17,171.92372829476406,-2.4229569650817586,174.34668525984583
2025-08-26 19:00:00+00:00,123.3,127.76836831074716,-2.4229569650817586,130.19132527582892
2025-08-26 20:00:00+00:00,109.47,106.70553217472644,-2.4229569650817586,109.1284891398082
2025-08-26 21:00:00+00:00,97.67,97.03911259913252,-2.4229569650817586,99.46206956421427
2025-08-26 22:00:00+00:00,96.59,93.31067500561838,-2.32247308753123,95.63314809314961
2025-08-26 23:00:00+00:00,89.98,86.55155593565885,-2.32247308753123,88.87402902319009
2025-08-27 00:00:00+00:00,86.52,83.33878822969274,-2.32247308753123,85.66126131722397
2025-08-27 01:00:00+00:00,87.25,85.65811254867178,-2.32247308753123,87.98058563620302
2025-08-27 02:00:00+00:00,90.0,86.90447176051084,-2.32247308753123,89.22694484804208
2025-08-27 03:00:00+00:00,97.73,99.58387562180133,-2.32247308753123,101.90634870933256
2025-08-27 04:00:00+00:00,110.0,119.39347318093034,-2.32247308753123,121.71594626846158
2025-08-27 05:00:00+00:00,115.19,120.41363565786617,-2.32247308753123,122.7361087453974
2025-08-27 06:00:00+00:00,113.64,110.40556147020403,-2.32247308753123,112.72803455773527
2025-08-27 07:00:00+00:00,101.63,98.79291883510068,-2.32247308753123,101.11539192263191
2025-08-27 08:00:00+00:00,86.0,84.5023514237392,-2.32247308753123,86.82482451127044
2025-08-27 09:00:00+00:00,79.29,61.112750420550896,-2.32247308753123,63.435223508082125
2025-08-27 10:00:00+00:00,64.38,47.77364920166819,-2.32247308753123,50.09612228919942
2025-08-27 11:00:00+00:00,50.68,44.442125647203376,-2.32247308753123,46.764598734734605
2025-08-27 12:00:00+00:00,50.94,49.80107294988775,-2.32247308753123,52.123546037418976
2025-08-27 13:00:00+00:00,76.18,70.09355862654755,-2.32247308753123,72.41603171407878
2025-08-27 14:00:00+00:00,85.1,86.9790540943553,-2.32247308753123,89.30152718188654
2025-08-27 15:00:00+00:00,104.94,102.35044213473672,-2.32247308753123,104.67291522226796
2025-08-27 16:00:00+00:00,134.63,131.27806916199654,-2.32247308753123,133.60054224952776
2025-08-27 17:00:00+00:00,222.07,221.45430361452543,-2.32247308753123,223.77677670205665
2025-08-27 18:00:00+00:00,222.04,194.26169090692372,-2.32247308753123,196.58416399445494
2025-08-27 19:00:00+00:00,128.87,144.3874601015245,-2.32247308753123,146.70993318905573
2025-08-27 20:00:00+00:00,113.63,123.31674493040016,-2.32247308753123,125.6392180179314
2025-08-27 21:00:00+00:00,103.57,105.67490778337354,-2.32247308753123,107.99738087090478
2025-08-27 22:00:00+00:00,97.15,101.05297465339682,-2.3797316352516487,103.43270628864846
2025-08-27 23:00:00+00:00,91.92,95.8404672012177,-2.3797316352516487,98.22019883646935
2025-08-28 00:00:00+00:00,87.89,92.85124214037414,-2.3797316352516487,95.23097377562578
2025-08-28 01:00:00+00:00,87.09,94.2311983990785,-2.3797316352516487,96.61093003433014
2025-08-28 02:00:00+00:00,90.23,95.9035090071487,-2.3797316352516487,98.28324064240034
2025-08-28 03:00:00+00:00,98.72,102.80361179806371,-2.3797316352516487,105.18334343331536
2025-08-28 04:00:00+00:00,121.63,115.229365547148,-2.3797316352516487,117.60909718239965
2025-08-28 05:00:00+00:00,143.79,122.38194897282308,-2.3797316352516487,124.76168060807473
2025-08-28 06:00:00+00:00,143.95,120.8098453378262,-2.3797316352516487,123.18957697307785
2025-08-28 07:00:00+00:00,121.84,112.86493961357267,-2.3797316352516487,115.24467124882432
2025-08-28 08:00:00+00:00,112.27,105.17509832522332,-2.3797316352516487,107.55482996047496
2025-08-28 09:00:00+00:00,108.13,100.69809689360945,-2.3797316352516487,103.07782852886109
2025-08-28 10:00:00+00:00,100.89,98.01726969835563,-2.3797316352516487,100.39700133360728
2025-08-28 11:00:00+00:00,100.96,94.37721624209205,-2.3797316352516487,96.75694787734369
2025-08-28 12:00:00+00:00,100.89,94.54808852993445,-2.3797316352516487,96.92782016518609
2025-08-28 13:00:00+00:00,100.66,101.06250222925364,-2.3797316352516487,103.44223386450528
2025-08-28 14:00:00+00:00,96.1,101.98054026919208,-2.3797316352516487,104.36027190444372
2025-08-28 15:00:00+00:00,129.84,114.8690669954148,-2.3797316352516487,117.24879863066644
2025-08-28 16:00:00+00:00,160.85,138.2155827952155,-2.3797316352516487,140.59531443046717
2025-08-28 17:00:00+00:00,210.0,168.43423168314592,-2.3797316352516487,170.81396331839758
2025-08-28 18:00:00+00:00,153.16,181.0532278002696,-2.3797316352516487,183.43295943552127
2025-08-28 19:00:00+00:00,124.18,118.54472803419333,-2.3797316352516487,120.92445966944497
2025-08-28 20:00:00+00:00,107.11,109.47729190260588,-2.3797316352516487,111.85702353785753
2025-08-28 21:00:00+00:00,92.15,99.4550985595662,-2.3797316352516487,101.83483019481784
2025-08-28 22:00:00+00:00,85.04,98.70489232768848,-2.3194181614544247,101.0243104891429
2025-08-28 23:00:00+00:00,83.27,92.11154382939112,-2.3194181614544247,94.43096199084555
2025-08-29 00:00:00+00:00,83.1,89.421756804312,-2.3194181614544247,91.74117496576642
2025-08-29 01:00:00+00:00,81.59,88.13185019739309,-2.3194181614544247,90.45126835884751
2025-08-29 02:00:00+00:00,83.01,89.10479746710165,-2.3194181614544247,91.42421562855607
2025-08-29 03:00:00+00:00,91.0,94.91874435737732,-2.3194181614544247,97.23816251883174
2025-08-29 04:00:00+00:00,117.55,109.97732626136695,-2.3194181614544247,112.29674442282138
2025-08-29 05:00:00+00:00,121.39,125.4083419775032,-2.3194181614544247,127.72776013895762
2025-08-29 06:00:00+00:00,120.0,123.4003489672928,-2.3194181614544247,125.71976712874722
2025-08-29 07:00:00+00:00,110.36,103.13042970851838,-2.3194181614544247,105.4498478699728
2025-08-29 08:00:00+00:00,84.25,89.31573740283423,-2.3194181614544247,91.63515556428865
2025-08-29 09:00:00+00:00,78.08,79.75839054047566,-2.3194181614544247,82.07780870193008
2025-08-29 10:00:00+00:00,67.44,65.5280201991087,-2.3194181614544247,67.84743836056312
2025-08-29 11:00:00+00:00,53.96,62.83282011164846,-2.3194181614544247,65.15223827310288
2025-08-29 12:00:00+00:00,59.64,59.09339379711303,-2.3194181614544247,61.41281195856745
2025-08-29 13:00:00+00:00,73.06,65.53180424585257,-2.3194181614544247,67.85122240730699
2025-08-29 14:00:00+00:00,85.0,69.76597827850516,-2.3194181614544247,72.08539643995958
2025-08-29 15:00:00+00:00,104.82,95.55235918758734,-2.3194181614544247,97.87177734904176
2025-08-29 16:00:00+00:00,118.51,127.4588905802282,-2.3194181614544247,129.77830874168262
2025-08-29 17:00:00+00:00,147.68,117.44844845220858,-2.3194181614544247,119.767866613663
2025-08-29 18:00:00+00:00,116.5,120.47608262837704,-2.3194181614544247,122.79550078983146
2025-08-29 19:00:00+00:00,111.96,113.07580047087777,-2.3194181614544247,115.39521863233219
2025-08-29 20:00:00+00:00,95.7,100.43722290197331,-2.3194181614544247,102.75664106342774
2025-08-29 21:00:00+00:00,86.07,86.01664931843754,-2.3194181614544247,88.33606747989197
2025-08-29 22:00:00+00:00,92.5,79.3406553449291,-1.9152820269423305,81.25593737187144
2025-08-29 23:00:00+00:00,86.56,75.46723812933186,-1.9152820269423305,77.3825201562742
2025-08-30 00:00:00+00:00,83.3,74.93427291122745,-1.9152820269423305,76.84955493816979
2025-08-30 01:00:00+00:00,81.51,74.92455140006618,-1.9152820269423305,76.83983342700851
2025-08-30 02:00:00+00:00,83.39,77.5472163695794,-1.9152820269423305,79.46249839652174
2025-08-30 03:00:00+00:00,87.72,84.11088766711536,-1.9152820269423305,86.0261696940577
2025-08-30 04:00:00+00:00,95.02,92.83842549630415,-1.9152820269423305,94.75370752324649
2025-08-30 05:00:00+00:00,98.09,92.96145450666192,-1.9152820269423305,94.87673653360426
2025-08-30 06:00:00+00:00,89.64,83.13335474542747,-1.9152820269423305,85.0486367723698
2025-08-30 07:00:00+00:00,78.6,64.99348898181303,-1.9152820269423305,66.90877100875537
2025-08-30 08:00:00+00:00,36.46,13.755003522755622,-1.9152820269423305,15.670285549697953
2025-08-30 09:00:00+00:00,5.23,4.243470989191772,-1.9152820269423305,6.158753016134103
2025-08-30 10:00:00+00:00,0.0,4.860576910480123,-1.9152820269423305,6.775858937422454
2025-08-30 11:00:00+00:00,-0.01,0.0761358588771452,-1.9152820269423305,1.9914178858194758
2025-08-30 12:00:00+00:00,-0.01,-0.3585521610969722,-1.9152820269423305,1.5567298658453583
2025-08-30 13:00:00+00:00,-0.38,5.759562371197489,-1.9152820269423305,7.674844398139819
2025-08-30 14:00:00+00:00,9.48,17.922693192214,-1.9152820269423305,19.837975219156327
2025-08-30 15:00:00+00:00,81.1,81.71461394172788,-1.9152820269423305,83.62989596867021
2025-08-30 16:00:00+00:00,103.9,117.06477850932318,-1.9152820269423305,118.98006053626551
2025-08-30 17:00:00+00:00,127.07,122.0673926304354,-1.9152820269423305,123.98267465737774
2025-08-30 18:00:00+00:00,129.98,134.22711023898637,-1.9152820269423305,136.1423922659287
2025-08-30 19:00:00+00:00,120.39,119.00549484725744,-1.9152820269423305,120.92077687419977
2025-08-30 20:00:00+00:00,104.94,106.37351149437004,-1.9152820269423305,108.28879352131237
2025-08-30 21:00:00+00:00,90.3,96.73349363079296,-1.9152820269423305,98.6487756577353
2025-08-30 22:00:00+00:00,88.74,95.23124369748936,-1.1204750289904095,96.35171872647977
2025-08-30 23:00:00+00:00,78.91,85.43283249132853,-1.1204750289904095,86.55330752031894
2025-08-31 00:00:00+00:00,70.53,81.53384600705577,-1.1204750289904095,82.65432103604618
2025-08-31 01:00:00+00:00,67.02,72.78804863127317,-1.1204750289904095,73.90852366026358
2025-08-31 02:00:00+00:00,63.79,74.47496820725446,-1.1204750289904095,75.59544323624488
2025-08-31 03:00:00+00:00,64.56,75.86276086291099,-1.1204750289904095,76.9832358919014
2025-08-31 04:00:00+00:00,65.0,77.55117189639094,-1.1204750289904095,78.67164692538135
2025-08-31 05:00:00+00:00,62.13,70.92952057999739,-1.1204750289904095,72.0499956089878
2025-08-31 06:00:00+00:00,22.3,30.56619355586195,-1.1204750289904095,31.68666858485236
2025-08-31 07:00:00+00:00,5.2,4.042895293568048,-1.1204750289904095,5.163370322558457
2025-08-31 08:00:00+00:00,-0.01,-0.9579370995026836,-1.1204750289904095,0.16253792948772594
2025-08-31 09:00:00+00:00,-0.02,-2.172196428427546,-1.1204750289904095,-1.0517213994371364
2025-08-31 10:00:00+00:00,-0.11,-12.427898384966957,-1.1204750289904095,-11.307423355976548
2025-08-31 11:00:00+00:00,-1.0,-8.279699136569763,-1.1204750289904095,-7.1592241075793535
2025-08-31 12:00:00+00:00,-0.61,-4.7923782835715585,-1.1204750289904095,-3.671903254581149
2025-08-31 13:00:00+00:00,0.0,-0.1996556949497472,-1.1204750289904095,0.9208193340406623
2025-08-31 14:00:00+00:00,25.47,27.74892612856624,-1.1204750289904095,28.86940115755665
2025-08-31 15:00:00+00:00,79.74,93.5796598068658,-1.1204750289904095,94.70013483585622
2025-08-31 16:00:00+00:00,117.59,106.74916299846092,-1.1204750289904095,107.86963802745133
2025-08-31 17:00:00+00:00,135.1,140.43927802042995,-1.1204750289904095,141.55975304942035
2025-08-31 18:00:00+00:00,132.07,122.24764612457508,-1.1204750289904095,123.3681211535655
2025-08-31 19:00:00+00:00,114.15,110.3558686757345,-1.1204750289904095,111.47634370472491
2025-08-31 20:00:00+00:00,102.63,95.88761466477622,-1.1204750289904095,97.00808969376664
2025-08-31 21:00:00+00:00,89.76,88.47293414366608,-1.1204750289904095,89.5934091726565
2025-08-31 22:00:00+00:00,84.08,83.64913345638685,-0.8739144581900238,84.52304791457688
2025-08-31 23:00:00+00:00,81.43,75.09807275947988,-0.8739144581900238,75.9719872176699
2025-09-01 00:00:00+00:00,80.97,73.2126861027718,-0.8739144581900238,74.08660056096183
2025-09-01 01:00:00+00:00,80.03,70.37168200874149,-0.8739144581900238,71.24559646693152
2025-09-01 02:00:00+00:00,81.37,73.72595043770966,-0.8739144581900238,74.59986489589969
2025-09-01 03:00:00+00:00,92.58,87.80451150298849,-0.8739144581900238,88.67842596117852
2025-09-01 04:00:00+00:00,120.43,113.89316852392116,-0.8739144581900238,114.76708298211119
2025-09-01 05:00:00+00:00,125.67,132.01764384265195,-0.8739144581900238,132.89155830084198
2025-09-01 06:00:00+00:00,116.1,116.61239003538778,-0.8739144581900238,117.4863044935778
2025-09-01 07:00:00+00:00,98.19,100.52306256010314,-0.8739144581900238,101.39697701829317
2025-09-01 08:00:00+00:00,82.0,92.15327299404088,-0.8739144581900238,93.0271874522309
2025-09-01 09:00:00+00:00,69.4,80.30926237971853,-0.8739144581900238,81.18317683790856
2025-09-01 10:00:00+00:00,38.27,68.20265399499945,-0.8739144581900238,69.07656845318948
2025-09-01 11:00:00+00:00,25.03,60.69349292108606,-0.8739144581900238,61.567407379276084
2025-09-01 12:00:00+00:00,42.73,60.12768044776022,-0.8739144581900238,61.00159490595024
2025-09-01 13:00:00+00:00,67.76,80.61972004978271,-0.8739144581900238,81.49363450797274
2025-09-01 14:00:00+00:00,84.67,91.41836769945564,-0.8739144581900238,92.29228215764567
2025-09-01 15:00:00+00:00,109.7,101.20760394127628,-0.8739144581900238,102.0815183994663
2025-09-01 16:00:00+00:00,155.32,139.10328099612298,-0.8739144581900238,139.977195454313
2025-09-01 17:00:00+00:00,250.65,161.79545058727248,-0.8739144581900238,162.6693650454625
2025-09-01 18:00:00+00:00,210.56,178.14498801059872,-0.8739144581900238,179.01890246878875
2025-09-01 19:00:00+00:00,125.2,135.583427583833,-0.8739144581900238,136.45734204202301
2025-09-01 20:00:00+00:00,112.4,108.91648214381486,-0.8739144581900238,109.79039660200489
2025-09-01 21:00:00+00:00,100.53,96.98072780260416,-0.8739144581900238,97.8546422607942
2025-09-01 22:00:00+00:00,95.01,97.960409167214,-0.8040430564041565,98.76445222361815
2025-09-01 23:00:00+00:00,90.11,94.20215083924568,-0.8040430564041565,95.00619389564983
2025-09-02 00:00:00+00:00,90.84,92.11917306082997,-0.8040430564041565,92.92321611723412
2025-09-02 01:00:00+00:00,92.5,92.2304852567014,-0.8040430564041565,93.03452831310555
2025-09-02 02:00:00+00:00,94.8,92.15950850323944,-0.8040430564041565,92.96355155964359
2025-09-02 03:00:00+00:00,106.85,98.61246378061648,-0.8040430564041565,99.41650683702063
2025-09-02 04:00:00+00:00,134.39,131.45040402041468,-0.8040430564041565,132.25444707681885
2025-09-02 05:00:00+00:00,153.67,154.66186603642277,-0.8040430564041565,155.46590909282693
2025-09-02 06:00:00+00:00,147.48,140.91190007629584,-0.8040430564041565,141.7159431327
2025-09-02 07:00:00+00:00,121.05,111.17225722165588,-0.8040430564041565,111.97630027806004
2025-09-02 08:00:00+00:00,102.14,97.4373344119726,-0.8040430564041565,98.24137746837675
2025-09-02 09:00:00+00:00,84.66,91.23664346796926,-0.8040430564041565,92.04068652437341
2025-09-02 10:00:00+00:00,78.94,86.13726598871767,-0.8040430564041565,86.94130904512183
2025-09-02 11:00:00+00:00,79.73,77.774616803159,-0.8040430564041565,78.57865985956316
2025-09-02 12:00:00+00:00,78.54,76.88665349561413,-0.8040430564041565,77.69069655201828
2025-09-02 13:00:00+00:00,84.37,76.1130447642509,-0.8040430564041565,76.91708782065506
2025-09-02 14:00:00+00:00,95.0,87.75389632048913,-0.8040430564041565,88.55793937689329
2025-09-02 15:00:00+00:00,108.97,103.49834981916612,-0.8040430564041565,104.30239287557028
2025-09-02 16:00:00+00:00,173.16,148.511752062652,-0.8040430564041565,149.31579511905616
2025-09-02 17:00:00+00:00,311.51,364.7565647459018,-0.8040430564041565,365.560607802306
2025-09-02 18:00:00+00:00,263.79,249.98512537626715,-0.8040430564041565,250.78916843267132
2025-09-02 19:00:00+00:00,140.92,124.6408348612668,-0.8040430564041565,125.44487791767095
2025-09-02 20:00:00+00:00,110.47,102.73050264330074,-0.8040430564041565,103.53454569970489
2025-09-02 21:00:00+00:00,91.21,94.71967659099936,-0.8040430564041565,95.52371964740351
2025-09-02 22:00:00+00:00,97.25,88.15832406117497,-0.8434408794264461,89.00176494060142
2025-09-02 23:00:00+00:00,90.74,77.50785795778798,-0.8434408794264461,78.35129883721443
2025-09-03 00:00:00+00:00,85.95,69.48609198686317,-0.8434408794264461,70.32953286628963
2025-09-03 01:00:00+00:00,81.72,61.06288290170901,-0.8434408794264461,61.906323781135455
2025-09-03 02:00:00+00:00,81.23,57.01534198555131,-0.8434408794264461,57.858782864977755
2025-09-03 03:00:00+00:00,86.97,68.77999941895719,-0.8434408794264461,69.62344029838364
2025-09-03 04:00:00+00:00,103.2,87.48284129458789,-0.8434408794264461,88.32628217401434
2025-09-03 05:00:00+00:00,112.34,94.94552663407218,-0.8434408794264461,95.78896751349863
2025-09-03 06:00:00+00:00,109.13,78.25027334460106,-0.8434408794264461,79.09371422402751
2025-09-03 07:00:00+00:00,85.3,50.24265653685976,-0.8434408794264461,51.08609741628621
2025-09-03 08:00:00+00:00,29.04,9.548914467261548,-0.8434408794264461,10.392355346687994
2025-09-03 09:00:00+00:00,0.03,-3.5346324805270575,-0.8434408794264461,-2.6911916011006114
2025-09-03 10:00:00+00:00,-0.1,-8.809752406692304,-0.8434408794264461,-7.966311527265859
2025-09-03 11:00:00+00:00,-0.1,-9.022906271503668,-0.8434408794264461,-8.179465392077223
2025-09-03 12:00:00+00:00,-0.28,-9.920519527951113,-0.8434408794264461,-9.077078648524667
2025-09-03 13:00:00+00:00,0.0,-4.749863767805713,-0.8434408794264461,-3.9064228883792667
2025-09-03 14:00:00+00:00,3.89,6.29267265753309,-0.8434408794264461,7.136113536959536
2025-09-03 15:00:00+00:00,63.46,34.23415519512007,-0.8434408794264461,35.07759607454651
2025-09-03 16:00:00+00:00,102.35,76.89220496476756,-0.8434408794264461,77.73564584419401
2025-09-03 17:00:00+00:00,110.92,140.52115546836157,-0.8434408794264461,141.36459634778802
2025-09-03 18:00:00+00:00,104.0,108.740666326271,-0.8434408794264461,109.58410720569745
2025-09-03 19:00:00+00:00,94.17,75.1779392265431,-0.8434408794264461,76.02138010596956
2025-09-03 20:00:00+00:00,80.68,65.79971344306514,-0.8434408794264461,66.6431543224916
2025-09-03 21:00:00+00:00,54.25,57.36497509443354,-0.8434408794264461,58.208415973859985
2025-09-03 22:00:00+00:00,21.65,50.16597835844984,-0.911922910431978,51.07790126888182
2025-09-03 23:00:00+00:00,17.7,45.50012321176922,-0.911922910431978,46.4120461222012
2025-09-04 00:00:00+00:00,17.87,42.07377996153225,-0.911922910431978,42.98570287196423
2025-09-04 01:00:00+00:00,30.02,43.424981488940155,-0.911922910431978,44.33690439937213
2025-09-04 02:00:00+00:00,59.92,57.577009032946464,-0.911922910431978,58.48893194337844
2025-09-04 03:00:00+00:00,83.89,70.10549133552787,-0.911922910431978,71.01741424595986
2025-09-04 04:00:00+00:00,107.87,95.38735552461968,-0.911922910431978,96.29927843505166
2025-09-04 05:00:00+00:00,120.0,108.39426116072865,-0.911922910431978,109.30618407116063
2025-09-04 06:00:00+00:00,108.09,99.18350736976974,-0.911922910431978,100.09543028020173
2025-09-04 07:00:00+00:00,77.81,80.10837539442642,-0.911922910431978,81.0202983048584
2025-09-04 08:00:00+00:00,41.45,61.820009843113226,-0.911922910431978,62.7319327535452
2025-09-04 09:00:00+00:00,5.79,30.138769554136328,-0.911922910431978,31.050692464568307
2025-09-04 10:00:00+00:00,3.2,13.288545967902207,-0.911922910431978,14.200468878334185
2025-09-04 11:00:00+00:00,3.36,15.614061120512124,-0.911922910431978,16.5259840309441
2025-09-04 12:00:00+00:00,34.89,21.432241855606627,-0.911922910431978,22.344164766038606
2025-09-04 13:00:00+00:00,71.0,49.25358087665761,-0.911922910431978,50.165503787089584
2025-09-04 14:00:00+00:00,90.05,77.47710602233785,-0.911922910431978,78.38902893276983
2025-09-04 15:00:00+00:00,109.13,109.3549887602575,-0.911922910431978,110.26691167068948
2025-09-04 16:00:00+00:00,191.8,164.08187961645163,-0.911922910431978,164.9938025268836
2025-09-04 17:00:00+00:00,350.0,190.675199665705,-0.911922910431978,191.58712257613698
2025-09-04 18:00:00+00:00,218.82,159.61864818785327,-0.911922910431978,160.53057109828524
2025-09-04 19:00:00+00:00,124.93,133.12522416208253,-0.911922910431978,134.0371470725145
2025-09-04 20:00:00+00:00,112.14,103.12305968068011,-0.911922910431978,104.0349825911121
2025-09-04 21:00:00+00:00,101.3,89.09182919721003,-0.911922910431978,90.00375210764201
2025-09-04 22:00:00+00:00,95.25,87.65844492227004,-0.809315578099365,88.4677605003694
2025-09-04 23:00:00+00:00,86.1,83.23984228171462,-0.809315578099365,84.04915785981397
2025-09-05 00:00:00+00:00,85.26,80.97411787109907,-0.809315578099365,81.78343344919843
2025-09-05 01:00:00+00:00,85.2,84.27586229221897,-0.809315578099365,85.08517787031833
2025-09-05 02:00:00+00:00,85.6,87.63420401001078,-0.809315578099365,88.44351958811014
2025-09-05 03:00:00+00:00,97.36,98.61363437956454,-0.809315578099365,99.4229499576639
2025-09-05 04:00:00+00:00,119.16,117.66210435620624,-0.809315578099365,118.4714199343056
2025-09-05 05:00:00+00:00,132.13,134.99021454495403,-0.809315578099365,135.7995301230534
2025-09-05 06:00:00+00:00,125.75,122.96211229624568,-0.809315578099365,123.77142787434504
2025-09-05 07:00:00+00:00,100.4,112.81840717718468,-0.809315578099365,113.62772275528404
2025-09-05 08:00:00+00:00,87.83,94.41259545806432,-0.809315578099365,95.22191103616368
2025-09-05 09:00:00+00:00,84.15,82.87690237924025,-0.809315578099365,83.68621795733961
2025-09-05 10:00:00+00:00,78.25,66.9277074573684,-0.809315578099365,67.73702303546776
2025-09-05 11:00:00+00:00,72.19,57.42678497937238,-0.809315578099365,58.236100557471744
2025-09-05 12:00:00+00:00,70.17,60.347899910415286,-0.809315578099365,61.15721548851465
2025-09-05 13:00:00+00:00,77.53,69.36286365328229,-0.809315578099365,70.17217923138165
2025-09-05 14:00:00+00:00,85.0,81.75697614318152,-0.809315578099365,82.56629172128088
2025-09-05 15:00:00+00:00,90.96,94.90638229375216,-0.809315578099365,95.71569787185152
2025-09-05 16:00:00+00:00,108.95,127.84513444077236,-0.809315578099365,128.65445001887173
2025-09-05 17:00:00+00:00,154.53,244.93063951317788,-0.809315578099365,245.73995509127724
2025-09-05 18:00:00+00:00,150.75,163.94577456280985,-0.809315578099365,164.7550901409092
2025-09-05 19:00:00+00:00,117.1,121.2407988708099,-0.809315578099365,122.05011444890926
2025-09-05 20:00:00+00:00,107.71,106.87849061326467,-0.809315578099365,107.68780619136403
2025-09-05 21:00:00+00:00,100.7,98.67189987913348,-0.809315578099365,99.48121545723284
2025-09-05 22:00:00+00:00,101.21,100.424087433237,-0.637436356122472,101.06152378935948
2025-09-05 23:00:00+00:00,100.59,95.5109931227967,-0.637436356122472,96.14842947891918
2025-09-06 00:00:00+00:00,99.57,94.58749006272824,-0.637436356122472,95.22492641885071
2025-09-06 01:00:00+00:00,97.84,95.77230954438096,-0.637436356122472,96.40974590050344
2025-09-06 02:00:00+00:00,96.96,97.14447674553256,-0.637436356122472,97.78191310165504
2025-09-06 03:00:00+00:00,98.01,112.20562087875712,-0.637436356122472,112.8430572348796
2025-09-06 04:00:00+00:00,102.6,126.05362884085012,-0.637436356122472,126.6910651969726
2025-09-06 05:00:00+00:00,100.91,124.08359413167508,-0.637436356122472,124.72103048779756
2025-09-06 06:00:00+00:00,95.98,108.219550360451,-0.637436356122472,108.85698671657347
2025-09-06 07:00:00+00:00,79.11,77.50014007562866,-0.637436356122472,78.13757643175114
2025-09-06 08:00:00+00:00,11.35,9.725513561229242,-0.637436356122472,10.362949917351713
2025-09-06 09:00:00+00:00,0.0,5.370007590499194,-0.637436356122472,6.007443946621666
2025-09-06 10:00:00+00:00,-0.02,-4.953145378867031,-0.637436356122472,-4.315709022744559
2025-09-06 11:00:00+00:00,-0.86,-0.835556386530254,-0.637436356122472,-0.19812003040778203
2025-09-06 12:00:00+00:00,-0.99,1.202906592243885,-0.637436356122472,1.8403429483663571
2025-09-06 13:00:00+00:00,-0.01,14.324664264587952,-0.637436356122472,14.962100620710423
2025-09-06 14:00:00+00:00,40.99,52.89918444345647,-0.637436356122472,53.53662079957894
2025-09-06 15:00:00+00:00,87.6,96.21187692349756,-0.637436356122472,96.84931327962003
2025-09-06 16:00:00+00:00,116.47,109.31444080777727,-0.637436356122472,109.95187716389975
2025-09-06 17:00:00+00:00,158.39,122.48150912238306,-0.637436356122472,123.11894547850554
2025-09-06 18:00:00+00:00,139.54,118.90370215489192,-0.637436356122472,119.5411385110144
2025-09-06 19:00:00+00:00,109.95,110.17193201308427,-0.637436356122472,110.80936836920675
2025-09-06 20:00:00+00:00,92.95,104.18845577092962,-0.637436356122472,104.8258921270521
2025-09-06 21:00:00+00:00,82.56,92.08000332168974,-0.637436356122472,92.71743967781222
2025-09-06 22:00:00+00:00,89.72,89.63099077022109,-0.6561639517671405,90.28715472198823
2025-09-06 23:00:00+00:00,85.02,84.91613860730334,-0.6561639517671405,85.57230255907048
2025-09-07 00:00:00+00:00,80.77,80.34020516938074,-0.6561639517671405,80.99636912114788
2025-09-07 01:00:00+00:00,83.4,80.7101889516707,-0.6561639517671405,81.36635290343784
2025-09-07 02:00:00+00:00,82.92,80.1018453989095,-0.6561639517671405,80.75800935067664
2025-09-07 03:00:00+00:00,82.67,76.30743729232483,-0.6561639517671405,76.96360124409198
2025-09-07 04:00:00+00:00,81.5,76.33460105110635,-0.6561639517671405,76.99076500287349
2025-09-07 05:00:00+00:00,55.48,65.77233287509561,-0.6561639517671405,66.42849682686276
2025-09-07 06:00:00+00:00,0.0,33.96970236488786,-0.6561639517671405,34.625866316655
2025-09-07 07:00:00+00:00,-0.09,5.158312981622026,-0.6561639517671405,5.814476933389166
2025-09-07 08:00:00+00:00,-4.0,-4.142681695618161,-0.6561639517671405,-3.4865177438510204
2025-09-07 09:00:00+00:00,-20.09,-35.093648244989176,-0.6561639517671405,-34.437484293222035
2025-09-07 10:00:00+00:00,-40.02,-48.54467020652966,-0.6561639517671405,-47.88850625476252
2025-09-07 11:00:00+00:00,-53.4,-53.6390748268487,-0.6561639517671405,-52.98291087508156
2025-09-07 12:00:00+00:00,-49.99,-49.79399678338205,-0.6561639517671405,-49.13783283161491
2025-09-07 13:00:00+00:00,-21.21,-21.520245357182645,-0.6561639517671405,-20.864081405415504
2025-09-07 14:00:00+00:00,-2.47,-8.169415569195309,-0.6561639517671405,-7.513251617428168
2025-09-07 15:00:00+00:00,3.36,28.420244632663476,-0.6561639517671405,29.076408584430617
2025-09-07 16:00:00+00:00,95.91,79.11801595977998,-0.6561639517671405,79.77417991154712
2025-09-07 17:00:00+00:00,108.3,93.32810350596476,-0.6561639517671405,93.9842674577319
2025-09-07 18:00:00+00:00,96.25,92.10392832394572,-0.6561639517671405,92.76009227571286
2025-09-07 19:00:00+00:00,86.02,80.4962417795951,-0.6561639517671405,81.15240573136224
2025-09-07 20:00:00+00:00,85.01,61.88812289762375,-0.6561639517671405,62.54428684939089
2025-09-07 21:00:00+00:00,86.06,56.556191633526765,-0.6561639517671405,57.212355585293906
2025-09-07 22:00:00+00:00,79.66,69.9141354419062,-0.6949410339638358,70.60907647587003
2025-09-07 23:00:00+00:00,85.74,71.57603771309707,-0.6949410339638358,72.2709787470609
2025-09-08 00:00:00+00:00,84.7,74.18992378382296,-0.6949410339638358,74.88486481778679
2025-09-08 01:00:00+00:00,82.27,79.26089336859677,-0.6949410339638358,79.9558344025606
2025-09-08 02:00:00+00:00,83.79,81.08460560206737,-0.6949410339638358,81.7795466360312
2025-09-08 03:00:00+00:00,95.6,87.74570065225934,-0.6949410339638358,88.44064168622317
2025-09-08 04:00:00+00:00,109.9,111.7633024918226,-0.6949410339638358,112.45824352578643
2025-09-08 05:00:00+00:00,148.14,121.96981476435082,-0.6949410339638358,122.66475579831464
2025-09-08 06:00:00+00:00,125.53,119.1931363634318,-0.6949410339638358,119.88807739739563
2025-09-08 07:00:00+00:00,102.05,92.3705203583222,-0.6949410339638358,93.06546139228602
2025-09-08 08:00:00+00:00,85.83,69.04530158414245,-0.6949410339638358,69.74024261810628
2025-09-08 09:00:00+00:00,76.14,53.71309336856214,-0.6949410339638358,54.40803440252598
2025-09-08 10:00:00+00:00,65.35,30.946948628958616,-0.6949410339638358,31.641889662922452
2025-09-08 11:00:00+00:00,60.84,37.248448000513555,-0.6949410339638358,37.94338903447739
2025-09-08 12:00:00+00:00,69.65,41.520688000389185,-0.6949410339638358,42.21562903435302
2025-09-08 13:00:00+00:00,78.46,57.0529051247182,-0.6949410339638358,57.74784615868204
2025-09-08 14:00:00+00:00,99.72,77.30017110240364,-0.6949410339638358,77.99511213636747
2025-09-08 15:00:00+00:00,124.28,112.85311782349297,-0.6949410339638358,113.5480588574568
2025-09-08 16:00:00+00:00,196.61,156.19411991223475,-0.6949410339638358,156.88906094619858
2025-09-08 17:00:00+00:00,413.66,248.25427737877357,-0.6949410339638358,248.9492184127374
2025-09-08 18:00:00+00:00,308.52,214.3118063693997,-0.6949410339638358,215.00674740336353
2025-09-08 19:00:00+00:00,152.0,117.39549657988448,-0.6949410339638358,118.09043761384831
2025-09-08 20:00:00+00:00,123.93,112.8819336785699,-0.6949410339638358,113.57687471253372
2025-09-08 21:00:00+00:00,113.12,106.06593124408752,-0.6949410339638358,106.76087227805135
2025-09-08 22:00:00+00:00,114.52,104.21431799391408,-1.1687626125043056,105.38308060641839
2025-09-08 23:00:00+00:00,112.46,101.72716339911064,-1.1687626125043056,102.89592601161495
2025-09-09 00:00:00+00:00,110.35,100.7969067888338,-1.1687626125043056,101.9656694013381
2025-09-09 01:00:00+00:00,109.8,101.7561661773478,-1.1687626125043056,102.9249287898521
2025-09-09 02:00:00+00:00,110.86,103.62431922603903,-1.1687626125043056,104.79308183854334
2025-09-09 03:00:00+00:00,118.18,113.13151275132284,-1.1687626125043056,114.30027536382715
2025-09-09 04:00:00+00:00,182.39,148.80571155828332,-1.1687626125043056,149.97447417078763
2025-09-09 05:00:00+00:00,300.0,180.28639495244667,-1.1687626125043056,181.45515756495098
2025-09-09 06:00:00+00:00,196.98,169.585136104048,-1.1687626125043056,170.7538987165523
2025-09-09 07:00:00+00:00,127.59,118.83283809249323,-1.1687626125043056,120.00160070499754
2025-09-09 08:00:00+00:00,101.73,103.4943805845986,-1.1687626125043056,104.66314319710291
2025-09-09 09:00:00+00:00,99.25,96.69146797552833,-1.1687626125043056,97.86023058803264
2025-09-09 10:00:00+00:00,87.18,88.37780808753655,-1.1687626125043056,89.54657070004086
2025-09-09 11:00:00+00:00,85.69,83.89569743473717,-1.1687626125043056,85.06446004724148
2025-09-09 12:00:00+00:00,85.51,85.1540367466736,-1.1687626125043056,86.3227993591779
2025-09-09 13:00:00+00:00,92.49,91.68604765189112,-1.1687626125043056,92.85481026439543
2025-09-09 14:00:00+00:00,103.35,98.76727833916487,-1.1687626125043056,99.93604095166918
2025-09-09 15:00:00+00:00,127.41,119.98030792253726,-1.1687626125043056,121.14907053504157
2025-09-09 16:00:00+00:00,192.68,158.7156296955694,-1.1687626125043056,159.8843923080737
2025-09-09 17:00:00+00:00,386.4,256.72881005439575,-1.1687626125043056,257.89757266690003
2025-09-09 18:00:00+00:00,215.59,273.2242606579682,-1.1687626125043056,274.3930232704725
2025-09-09 19:00:00+00:00,133.37,124.18675580770758,-1.1687626125043056,125.3555184202119
2025-09-09 20:00:00+00:00,115.79,118.08067939580356,-1.1687626125043056,119.24944200830787
2025-09-09 21:00:00+00:00,109.3,108.2929141065698,-1.1687626125043056,109.4616767190741
2025-09-09 22:00:00+00:00,106.93,104.9211224184532,-1.3280033736097656,106.24912579206296
2025-09-09 23:00:00+00:00,107.29,101.05170899402442,-1.3280033736097656,102.37971236763418
2025-09-10 00:00:00+00:00,103.73,102.20183764921892,-1.3280033736097656,103.52984102282868
2025-09-10 01:00:00+00:00,104.81,100.74033622630506,-1.3280033736097656,102.06833959991482
2025-09-10 02:00:00+00:00,104.55,102.51903032248528,-1.3280033736097656,103.84703369609504
2025-09-10 03:00:00+00:00,114.28,113.70526265016572,-1.3280033736097656,115.03326602377548
2025-09-10 04:00:00+00:00,133.35,178.36186655546587,-1.3280033736097656,179.68986992907563
2025-09-10 05:00:00+00:00,223.39,336.5513182890685,-1.3280033736097656,337.87932166267825
2025-09-10 06:00:00+00:00,171.94,228.46521611575983,-1.3280033736097656,229.7932194893696
2025-09-10 07:00:00+00:00,129.46,123.3350880699912,-1.3280033736097656,124.66309144360096
2025-09-10 08:00:00+00:00,107.33,106.99055420409628,-1.3280033736097656,108.31855757770604
2025-09-10 09:00:00+00:00,102.39,103.01437435209932,-1.3280033736097656,104.34237772570908
2025-09-10 10:00:00+00:00,88.85,93.85838714690968,-1.3280033736097656,95.18639052051944
2025-09-10 11:00:00+00:00,86.09,84.93628360951413,-1.3280033736097656,86.2642869831239
2025-09-10 12:00:00+00:00,87.8,87.28485576410264,-1.3280033736097656,88.6128591377124
2025-09-10 13:00:00+00:00,90.8,97.90646440496498,-1.3280033736097656,99.23446777857474
2025-09-10 14:00:00+00:00,105.07,105.77802909927728,-1.3280033736097656,107.10603247288704
2025-09-10 15:00:00+00:00,127.78,127.44617656908856,-1.3280033736097656,128.77417994269834
2025-09-10 16:00:00+00:00,170.59,237.67115170985525,-1.3280033736097656,238.999155083465
2025-09-10 17:00:00+00:00,275.19,326.0883529269019,-1.3280033736097656,327.41635630051167
2025-09-10 18:00:00+00:00,169.07,212.58462857182047,-1.3280033736097656,213.91263194543023
2025-09-10 19:00:00+00:00,122.94,129.70508617094995,-1.3280033736097656,131.03308954455972
2025-09-10 20:00:00+00:00,101.58,113.87039890013442,-1.3280033736097656,115.19840227374418
2025-09-10 21:00:00+00:00,87.63,105.61672631969212,-1.3280033736097656,106.94472969330188
2025-09-10 22:00:00+00:00,88.21,92.13877047356014,-0.9626552092884693,93.10142568284861
2025-09-10 23:00:00+00:00,85.0,85.35903049859026,-0.9626552092884693,86.32168570787873
2025-09-11 00:00:00+00:00,77.13,80.29257498771342,-0.9626552092884693,81.2552301970019
2025-09-11 01:00:00+00:00,70.67,76.59678289112775,-0.9626552092884693,77.55943810041622
2025-09-11 02:00:00+00:00,70.67,78.45038739176013,-0.9626552092884693,79.4130426010486
2025-09-11 03:00:00+00:00,79.05,86.21161556060481,-0.9626552092884693,87.17427076989328
2025-09-11 04:00:00+00:00,111.18,96.81430582419472,-0.9626552092884693,97.77696103348319
2025-09-11 05:00:00+00:00,125.33,110.38169477713572,-0.9626552092884693,111.34434998642419
2025-09-11 06:00:00+00:00,120.36,114.80749733616418,-0.9626552092884693,115.77015254545265
2025-09-11 07:00:00+00:00,102.05,82.31249392272811,-0.9626552092884693,83.27514913201658
2025-09-11 08:00:00+00:00,73.64,57.61260934706948,-0.9626552092884693,58.57526455635795
2025-09-11 09:00:00+00:00,8.23,18.91687670391965,-0.9626552092884693,19.879531913208123
2025-09-11 10:00:00+00:00,-0.01,6.20484404818841,-0.9626552092884693,7.167499257476879
2025-09-11 11:00:00+00:00,-0.07,0.0311674310414295,-0.9626552092884693,0.9938226403298988
2025-09-11 12:00:00+00:00,-0.72,1.266964686390099,-0.9626552092884693,2.229619895678568
2025-09-11 13:00:00+00:00,0.0,8.640221612767672,-0.9626552092884693,9.60287682205614
2025-09-11 14:00:00+00:00,8.96,22.344852936382367,-0.9626552092884693,23.307508145670838
2025-09-11 15:00:00+00:00,75.82,74.91263195369393,-0.9626552092884693,75.8752871629824
2025-09-11 16:00:00+00:00,118.57,114.83093842898168,-0.9626552092884693,115.79359363827015
2025-09-11 17:00:00+00:00,132.86,111.53106156343208,-0.9626552092884693,112.49371677272055
2025-09-11 18:00:00+00:00,125.25,117.61558230730448,-0.9626552092884693,118.57823751659295
2025-09-11 19:00:00+00:00,111.45,93.39967094842989,-0.9626552092884693,94.36232615771836
2025-09-11 20:00:00+00:00,84.81,85.56653099198013,-0.9626552092884693,86.5291862012686
2025-09-11 21:00:00+00:00,63.89,63.252724648669904,-0.9626552092884693,64.21537985795837
2025-09-11 22:00:00+00:00,32.83,40.36984571824826,-1.032563243382747,41.402408961631004
2025-09-11 23:00:00+00:00,33.23,32.30670681970472,-1.032563243382747,33.33927006308747
2025-09-12 00:00:00+00:00,20.94,30.850514906661207,-1.032563243382747,31.883078150043954
2025-09-12 01:00:00+00:00,16.35,27.33499064000901,-1.032563243382747,28.367553883391757
2025-09-12 02:00:00+00:00,29.15,29.398820649896756,-1.032563243382747,30.431383893279502
2025-09-12 03:00:00+00:00,51.84,51.59900123110256,-1.032563243382747,52.63156447448531
2025-09-12 04:00:00+00:00,95.29,83.05931652615298,-1.032563243382747,84.09187976953574
2025-09-12 05:00:00+00:00,105.73,100.66263333727574,-1.032563243382747,101.69519658065849
2025-09-12 06:00:00+00:00,102.01,92.39763904394142,-1.032563243382747,93.43020228732418
2025-09-12 07:00:00+00:00,48.07,51.60855387940817,-1.032563243382747,52.64111712279092
2025-09-12 08:00:00+00:00,1.85,13.725143930694545,-1.032563243382747,14.757707174077291
2025-09-12 09:00:00+00:00,-1.66,9.593611510080237,-1.032563243382747,10.626174753462983
2025-09-12 10:00:00+00:00,-5.11,2.585781418475805,-1.032563243382747,3.618344661858552
2025-09-12 11:00:00+00:00,-8.66,-0.2356615726999951,-1.032563243382747,0.7969016706827519
2025-09-12 12:00:00+00:00,-6.19,-0.5320357212752344,-1.032563243382747,0.5005275221075126
2025-09-12 13:00:00+00:00,-4.0,8.355029874967128,-1.032563243382747,9.387593118349875
2025-09-12 14:00:00+00:00,-0.01,22.679469850962693,-1.032563243382747,23.71203309434544
2025-09-12 15:00:00+00:00,57.69,67.92086234336222,-1.032563243382747,68.95342558674497
2025-09-12 16:00:00+00:00,108.71,123.81087225490168,-1.032563243382747,124.84343549828444
2025-09-12 17:00:00+00:00,155.36,157.40687167092963,-1.032563243382747,158.4394349143124
2025-09-12 18:00:00+00:00,152.24,143.30006957041715,-1.032563243382747,144.3326328137999
2025-09-12 19:00:00+00:00,113.96,119.28017433244302,-1.032563243382747,120.31273757582578
2025-09-12 20:00:00+00:00,102.85,100.79527252034896,-1.032563243382747,101.82783576373171
2025-09-12 21:00:00+00:00,96.66,90.19581052289908,-1.032563243382747,91.22837376628183
2025-09-12 22:00:00+00:00,85.89,68.41000569939295,-1.187872128472083,69.59787782786503
2025-09-12 23:00:00+00:00,72.75,64.6307997882101,-1.187872128472083,65.81867191668218
2025-09-13 00:00:00+00:00,72.45,60.887167173313664,-1.187872128472083,62.07503930178574
2025-09-13 01:00:00+00:00,72.45,57.962140178017535,-1.187872128472083,59.150012306489614
2025-09-13 02:00:00+00:00,69.79,66.3058934900877,-1.187872128472083,67.49376561855978
2025-09-13 03:00:00+00:00,72.75,69.82435996745122,-1.187872128472083,71.0122320959233
2025-09-13 04:00:00+00:00,74.71,80.07575070587377,-1.187872128472083,81.26362283434585
2025-09-13 05:00:00+00:00,74.11,75.6930029099149,-1.187872128472083,76.88087503838698
2025-09-13 06:00:00+00:00,72.45,72.59179481938541,-1.187872128472083,73.77966694785749
2025-09-13 07:00:00+00:00,53.85,38.12784527999232,-1.187872128472083,39.3157174084644
2025-09-13 08:00:00+00:00,14.3,10.10445861084057,-1.187872128472083,11.292330739312654
2025-09-13 09:00:00+00:00,2.37,12.41209018285934,-1.187872128472083,13.599962311331423
2025-09-13 10:00:00+00:00,0.0,-6.048371865291886,-1.187872128472083,-4.860499736819802
2025-09-13 11:00:00+00:00,-0.01,-11.600436945575636,-1.187872128472083,-10.412564817103553
2025-09-13 12:00:00+00:00,-0.01,-13.683552558105797,-1.187872128472083,-12.495680429633714
2025-09-13 13:00:00+00:00,-0.01,-4.9611276146860765,-1.187872128472083,-3.7732554862139933
2025-09-13 14:00:00+00:00,3.88,9.443321744941352,-1.187872128472083,10.631193873413435
2025-09-13 15:00:00+00:00,74.11,58.5647683103398,-1.187872128472083,59.75264043881188
2025-09-13 16:00:00+00:00,108.1,108.3022853153543,-1.187872128472083,109.49015744382638
2025-09-13 17:00:00+00:00,121.9,140.70642789654664,-1.187872128472083,141.89430002501874
2025-09-13 18:00:00+00:00,118.77,119.47408753529793,-1.187872128472083,120.66195966377
2025-09-13 19:00:00+00:00,111.17,109.1303625966114,-1.187872128472083,110.31823472508349
2025-09-13 20:00:00+00:00,100.0,96.79748841972182,-1.187872128472083,97.9853605481939
2025-09-13 21:00:00+00:00,87.18,90.8303270699673,-1.187872128472083,92.01819919843938
2025-09-13 22:00:00+00:00,85.69,90.23930169004052,-1.2749284168303012,91.51423010687083
2025-09-13 23:00:00+00:00,77.57,85.48970889404187,-1.2749284168303012,86.76463731087217
2025-09-14 00:00:00+00:00,80.61,82.9630385722858,-1.2749284168303012,84.2379669891161
2025-09-14 01:00:00+00:00,85.93,83.9849065246107,-1.2749284168303012,85.259834941441
2025-09-14 02:00:00+00:00,93.77,85.28360905910057,-1.2749284168303012,86.55853747593088
2025-09-14 03:00:00+00:00,99.82,89.22739897087487,-1.2749284168303012,90.50232738770518
2025-09-14 04:00:00+00:00,100.75,88.59205931504759,-1.2749284168303012,89.8669877318779
2025-09-14 05:00:00+00:00,105.36,94.65695408050222,-1.2749284168303012,95.93188249733252
2025-09-14 06:00:00+00:00,108.48,89.71708327853781,-1.2749284168303012,90.99201169536812
2025-09-14 07:00:00+00:00,87.78,69.4117867969127,-1.2749284168303012,70.686715213743
2025-09-14 08:00:00+00:00,61.68,42.37773388788437,-1.2749284168303012,43.65266230471467
2025-09-14 09:00:00+00:00,17.58,18.78007449013713,-1.2749284168303012,20.055002906967434
2025-09-14 10:00:00+00:00,6.52,9.062045819951488,-1.2749284168303012,10.336974236781789
2025-09-14 11:00:00+00:00,0.0,1.0319489982067729,-1.2749284168303012,2.306877415037074
2025-09-14 12:00:00+00:00,-0.01,-3.6001381152755707,-1.2749284168303012,-2.3252096984452697
2025-09-14 13:00:00+00:00,0.0,-0.9654551055203304,-1.2749284168303012,0.3094733113099708
2025-09-14 14:00:00+00:00,19.33,8.92184466571456,-1.2749284168303012,10.19677308254486
2025-09-14 15:00:00+00:00,98.2,80.0781909854139,-1.2749284168303012,81.3531194022442
2025-09-14 16:00:00+00:00,124.34,111.35009129617968,-1.2749284168303012,112.62501971300999
2025-09-14 17:00:00+00:00,153.29,138.01698581671187,-1.2749284168303012,139.29191423354217
2025-09-14 18:00:00+00:00,126.01,129.8165610873296,-1.2749284168303012,131.0914895041599
2025-09-14 19:00:00+00:00,97.37,109.28734238466627,-1.2749284168303012,110.56227080149658
2025-09-14 20:00:00+00:00,77.02,90.77704820946008,-1.2749284168303012,92.05197662629038
2025-09-14 21:00:00+00:00,14.27,65.62671440758622,-1.2749284168303012,66.90164282441653
2025-09-14 22:00:00+00:00,20.0,38.12363602915971,-1.3621777102744268,39.485813739434136
2025-09-14 23:00:00+00:00,3.87,18.53412348397692,-1.3621777102744268,19.896301194251347
2025-09-15 00:00:00+00:00,1.39,11.225199020685944,-1.3621777102744268,12.58737673096037
2025-09-15 01:00:00+00:00,0.01,3.4040167496078784,-1.3621777102744268,4.766194459882305
2025-09-15 02:00:00+00:00,0.0,4.555468311639277,-1.3621777102744268,5.917646021913704
2025-09-15 03:00:00+00:00,0.9,15.69012533497232,-1.3621777102744268,17.052303045246745
2025-09-15 04:00:00+00:00,20.27,18.799092149251084,-1.3621777102744268,20.16126985952551
2025-09-15 05:00:00+00:00,54.31,44.4843361362116,-1.3621777102744268,45.84651384648603
2025-09-15 06:00:00+00:00,40.4,42.665018435425,-1.3621777102744268,44.02719614569942
2025-09-15 07:00:00+00:00,0.9,15.043658258400452,-1.3621777102744268,16.40583596867488
2025-09-15 08:00:00+00:00,-0.47,4.98916256228568,-1.3621777102744268,6.3513402725601065
2025-09-15 09:00:00+00:00,-2.61,-1.204445233767027,-1.3621777102744268,0.15773247650739974
2025-09-15 10:00:00+00:00,-8.0,2.048267242003575,-1.3621777102744268,3.410444952278002
2025-09-15 11:00:00+00:00,-14.27,-2.2811965892949586,-1.3621777102744268,-0.9190188790205318
2025-09-15 12:00:00+00:00,-13.7,-3.4575270374017415,-1.3621777102744268,-2.0953493271273147
2025-09-15 13:00:00+00:00,-8.9,-4.786506637065458,-1.3621777102744268,-3.4243289267910315
2025-09-15 14:00:00+00:00,-5.24,-4.1337076734184866,-1.3621777102744268,-2.7715299631440597
2025-09-15 15:00:00+00:00,-0.53,14.859875127358602,-1.3621777102744268,16.22205283763303
2025-09-15 16:00:00+00:00,14.01,53.14785629051235,-1.3621777102744268,54.510034000786774
2025-09-15 17:00:00+00:00,53.93,67.96778013695719,-1.3621777102744268,69.32995784723161
2025-09-15 18:00:00+00:00,47.37,65.40626911312485,-1.3621777102744268,66.76844682339927
2025-09-15 19:00:00+00:00,5.33,36.03940619739557,-1.3621777102744268,37.40158390767
2025-09-15 20:00:00+00:00,2.91,32.563927497740664,-1.3621777102744268,33.92610520801509
2025-09-15 21:00:00+00:00,0.06,18.084167782453456,-1.3621777102744268,19.446345492727882
2025-09-15 22:00:00+00:00,-0.01,8.639753290350827,-1.015206236453377,9.654959526804204
2025-09-15 23:00:00+00:00,-0.09,9.539288203568209,-1.015206236453377,10.554494440021585
2025-09-16 00:00:00+00:00,-0.23,2.5130547395341516,-1.015206236453377,3.5282609759875285
2025-09-16 01:00:00+00:00,-1.05,8.731688143158095,-1.015206236453377,9.746894379611472
2025-09-16 02:00:00+00:00,-1.33,15.07865833162332,-1.015206236453377,16.093864568076697
2025-09-16 03:00:00+00:00,-0.01,27.06286434740779,-1.015206236453377,28.078070583861166
2025-09-16 04:00:00+00:00,2.32,38.237229700234174,-1.015206236453377,39.25243593668755
2025-09-16 05:00:00+00:00,16.21,57.07570700194088,-1.015206236453377,58.09091323839425
2025-09-16 06:00:00+00:00,3.81,54.88260294427719,-1.015206236453377,55.89780918073056
2025-09-16 07:00:00+00:00,-1.01,37.54503507971331,-1.015206236453377,38.56024131616668
2025-09-16 08:00:00+00:00,-5.11,11.113446407819076,-1.015206236453377,12.128652644272453
2025-09-16 09:00:00+00:00,-10.38,5.492128107478627,-1.015206236453377,6.507334343932004
2025-09-16 10:00:00+00:00,-20.05,4.428043231141008,-1.015206236453377,5.443249467594385
2025-09-16 11:00:00+00:00,-18.03,1.0890828028038912,-1.015206236453377,2.104289039257268
2025-09-16 12:00:00+00:00,-11.17,-0.9242185601373232,-1.015206236453377,0.09098767631605376
2025-09-16 13:00:00+00:00,-9.99,2.3844152511086816,-1.015206236453377,3.3996214875620585
2025-09-16 14:00:00+00:00,-3.24,3.3722520907989093,-1.015206236453377,4.387458327252286
2025-09-16 15:00:00+00:00,0.0,22.267022008710857,-1.015206236453377,23.282228245164234
2025-09-16 16:00:00+00:00,72.64,57.8900295077895,-1.015206236453377,58.90523574424287
2025-09-16 17:00:00+00:00,103.33,82.32266472180444,-1.015206236453377,83.33787095825782
2025-09-16 18:00:00+00:00,112.97,78.97404076384919,-1.015206236453377,79.98924700030257
2025-09-16 19:00:00+00:00,92.97,73.31020255645224,-1.015206236453377,74.32540879290562
2025-09-16 20:00:00+00:00,80.55,62.559573585662534,-1.015206236453377,63.574779822115914
2025-09-16 21:00:00+00:00,65.44,51.34241732649562,-1.015206236453377,52.357623562949
2025-09-16 22:00:00+00:00,70.8,36.17787460692804,-0.7666093005203044,36.944483907448344
2025-09-16 23:00:00+00:00,63.47,28.919040242790977,-0.7666093005203044,29.685649543311282
2025-09-17 00:00:00+00:00,50.95,32.725280162620535,-0.7666093005203044,33.491889463140836
2025-09-17 01:00:00+00:00,48.53,29.88350324707779,-0.7666093005203044,30.650112547598095
2025-09-17 02:00:00+00:00,60.01,32.44907510662635,-0.7666093005203044,33.215684407146654
2025-09-17 03:00:00+00:00,73.82,41.65298626366451,-0.7666093005203044,42.41959556418481
2025-09-17 04:00:00+00:00,98.85,82.70628724180546,-0.7666093005203044,83.47289654232576
2025-09-17 05:00:00+00:00,117.34,103.38590868316044,-0.7666093005203044,104.15251798368074
2025-09-17 06:00:00+00:00,112.74,96.84890265206384,-0.7666093005203044,97.61551195258414
2025-09-17 07:00:00+00:00,95.14,47.58443638706556,-0.7666093005203044,48.35104568758586
2025-09-17 08:00:00+00:00,69.14,29.254357706669527,-0.7666093005203044,30.02096700718983
2025-09-17 09:00:00+00:00,41.38,18.684006837042467,-0.7666093005203044,19.450616137562772
2025-09-17 10:00:00+00:00,10.5,19.71126921318154,-0.7666093005203044,20.477878513701846
2025-09-17 11:00:00+00:00,7.88,18.29790235137086,-0.7666093005203044,19.064511651891163
2025-09-17 12:00:00+00:00,10.59,10.386974060235715,-0.7666093005203044,11.15358336075602
2025-09-17 13:00:00+00:00,43.09,19.779075186928775,-0.7666093005203044,20.54568448744908
2025-09-17 14:00:00+00:00,81.17,39.426360486422226,-0.7666093005203044,40.19296978694253
2025-09-17 15:00:00+00:00,110.0,102.57875960085948,-0.7666093005203044,103.34536890137979
2025-09-17 16:00:00+00:00,123.31,125.8538508233214,-0.7666093005203044,126.6204601238417
2025-09-17 17:00:00+00:00,142.58,137.73487589994704,-0.7666093005203044,138.50148520046736
2025-09-17 18:00:00+00:00,123.52,132.74228353296397,-0.7666093005203044,133.50889283348428
2025-09-17 19:00:00+00:00,94.2,107.64575038308573,-0.7666093005203044,108.41235968360603
2025-09-17 20:00:00+00:00,86.1,84.39692074257029,-0.7666093005203044,85.16353004309059
2025-09-17 21:00:00+00:00,73.07,63.854320062556,-0.7666093005203044,64.6209293630763
2025-09-17 22:00:00+00:00,53.12,42.84222243420705,-0.8710822432299782,43.71330467743703
2025-09-17 23:00:00+00:00,48.29,35.4156693594119,-0.8710822432299782,36.28675160264188
2025-09-18 00:00:00+00:00,38.47,31.123026160847253,-0.8710822432299782,31.99410840407723
2025-09-18 01:00:00+00:00,37.96,31.026467344251117,-0.8710822432299782,31.897549587481095
2025-09-18 02:00:00+00:00,48.12,34.31046886921895,-0.8710822432299782,35.18155111244893
2025-09-18 03:00:00+00:00,74.15,40.5611566038804,-0.8710822432299782,41.432238847110376
2025-09-18 04:00:00+00:00,105.81,77.62562042581978,-0.8710822432299782,78.49670266904975
2025-09-18 05:00:00+00:00,117.21,105.17398228403448,-0.8710822432299782,106.04506452726446
2025-09-18 06:00:00+00:00,111.28,93.42153239450336,-0.8710822432299782,94.29261463773334
2025-09-18 07:00:00+00:00,90.8,64.65652971544294,-0.8710822432299782,65.52761195867292
2025-09-18 08:00:00+00:00,65.1,44.18323434957191,-0.8710822432299782,45.05431659280189
2025-09-18 09:00:00+00:00,5.89,16.04690115599867,-0.8710822432299782,16.917983399228646
2025-09-18 10:00:00+00:00,0.2,-1.1459653986191354,-0.8710822432299782,-0.2748831553891572
2025-09-18 11:00:00+00:00,0.0,-5.573637527373258,-0.8710822432299782,-4.70255528414328
2025-09-18 12:00:00+00:00,0.0,-6.454080129165432,-0.8710822432299782,-5.5829978859354545
2025-09-18 13:00:00+00:00,0.52,2.4868811651595575,-0.8710822432299782,3.3579634083895358
2025-09-18 14:00:00+00:00,15.31,29.784105423204895,-0.8710822432299782,30.655187666434873
2025-09-18 15:00:00+00:00,89.79,78.28955670443274,-0.8710822432299782,79.16063894766272
2025-09-18 16:00:00+00:00,115.45,102.06570390634248,-0.8710822432299782,102.93678614957246
2025-09-18 17:00:00+00:00,134.23,116.41317740824864,-0.8710822432299782,117.28425965147862
2025-09-18 18:00:00+00:00,128.68,112.48443842518748,-0.8710822432299782,113.35552066841745
2025-09-18 19:00:00+00:00,110.0,95.69977540175786,-0.8710822432299782,96.57085764498784
2025-09-18 20:00:00+00:00,98.94,83.7216137870097,-0.8710822432299782,84.59269603023968
2025-09-18 21:00:00+00:00,88.2,74.87493674390352,-0.8710822432299782,75.7460189871335
2025-09-18 22:00:00+00:00,74.09,46.99291477962647,-0.9242535112231923,47.91716829084966
2025-09-18 23:00:00+00:00,72.47,46.00269765724968,-0.9242535112231923,46.926951168472876
2025-09-19 00:00:00+00:00,73.45,47.63346474086404,-0.9242535112231923,48.557718252087234
2025-09-19 01:00:00+00:00,73.7,53.40952659723838,-0.9242535112231923,54.333780108461575
2025-09-19 02:00:00+00:00,74.02,58.80333325459613,-0.9242535112231923,59.727586765819325
2025-09-19 03:00:00+00:00,89.59,84.40579142041042,-0.9242535112231923,85.33004493163362
2025-09-19 04:00:00+00:00,118.92,104.69690100863065,-0.9242535112231923,105.62115451985385
2025-09-19 05:00:00+00:00,143.42,124.11370131614764,-0.9242535112231923,125.03795482737084
2025-09-19 06:00:00+00:00,118.29,115.36894703681575,-0.9242535112231923,116.29320054803895
2025-09-19 07:00:00+00:00,95.18,85.26852108456373,-0.9242535112231923,86.19277459578693
2025-09-19 08:00:00+00:00,53.7,43.89607569218677,-0.9242535112231923,44.82032920340996
2025-09-19 09:00:00+00:00,13.03,13.74502962093825,-0.9242535112231923,14.669283132161443
2025-09-19 10:00:00+00:00,0.99,13.936072627249384,-0.9242535112231923,14.860326138472576
2025-09-19 11:00:00+00:00,0.0,9.083120168567428,-0.9242535112231923,10.00737367979062
2025-09-19 12:00:00+00:00,0.0,5.781638177659677,-0.9242535112231923,6.705891688882869
2025-09-19 13:00:00+00:00,11.97,21.25383653853906,-0.9242535112231923,22.17809004976225
2025-09-19 14:00:00+00:00,74.46,60.62027113369248,-0.9242535112231923,61.544524644915676
2025-09-19 15:00:00+00:00,119.44,102.24616412283584,-0.9242535112231923,103.17041763405904
2025-09-19 16:00:00+00:00,255.21,138.73050198810267,-0.9242535112231923,139.65475549932586
2025-09-19 17:00:00+00:00,409.24,168.83491676037093,-0.9242535112231923,169.75917027159412
2025-09-19 18:00:00+00:00,167.59,139.07771704150952,-0.9242535112231923,140.0019705527327
2025-09-19 19:00:00+00:00,111.82,118.56334624308172,-0.9242535112231923,119.48759975430492
2025-09-19 20:00:00+00:00,86.04,102.97009814650448,-0.9242535112231923,103.89435165772768
2025-09-19 21:00:00+00:00,78.93,88.37944940424524,-0.9242535112231923,89.30370291546843
2025-09-19 22:00:00+00:00,87.24,70.84738405959865,-1.394173925817397,72.24155798541605
2025-09-19 23:00:00+00:00,77.91,65.56933024902916,-1.394173925817397,66.96350417484656
2025-09-20 00:00:00+00:00,74.99,60.86018874895073,-1.394173925817397,62.25436267476813
2025-09-20 01:00:00+00:00,74.8,56.157978014030554,-1.394173925817397,57.55215193984795
2025-09-20 02:00:00+00:00,74.79,54.313320439427834,-1.394173925817397,55.70749436524523
2025-09-20 03:00:00+00:00,80.21,58.241821719079304,-1.394173925817397,59.6359956448967
2025-09-20 04:00:00+00:00,88.51,72.0226896693709,-1.394173925817397,73.4168635951883
2025-09-20 05:00:00+00:00,86.97,84.82829786259646,-1.394173925817397,86.22247178841386
2025-09-20 06:00:00+00:00,75.29,38.733494679992305,-1.394173925817397,40.1276686058097
2025-09-20 07:00:00+00:00,24.9,14.95231087753026,-1.394173925817397,16.346484803347657
2025-09-20 08:00:00+00:00,3.02,4.525900915533224,-1.394173925817397,5.920074841350622
2025-09-20 09:00:00+00:00,-0.28,2.1709259102019396,-1.394173925817397,3.5650998360193364
2025-09-20 10:00:00+00:00,-6.1,-8.76647656557554,-1.394173925817397,-7.372302639758142
2025-09-20 11:00:00+00:00,-10.86,-14.394541194829111,-1.394173925817397,-13.000367269011715
2025-09-20 12:00:00+00:00,-5.1,-3.672009385139212,-1.394173925817397,-2.277835459321815
2025-09-20 13:00:00+00:00,-0.04,-2.9292616072148734,-1.394173925817397,-1.5350876813974763
2025-09-20 14:00:00+00:00,26.36,2.243587672222645,-1.394173925817397,3.6377615980400417
2025-09-20 15:00:00+00:00,93.84,75.8153125041642,-1.394173925817397,77.2094864299816
2025-09-20 16:00:00+00:00,124.58,114.49048259856808,-1.394173925817397,115.88465652438548
2025-09-20 17:00:00+00:00,134.1,148.99381694996822,-1.394173925817397,150.38799087578562
2025-09-20 18:00:00+00:00,99.08,100.1360334894129,-1.394173925817397,101.5302074152303
2025-09-20 19:00:00+00:00,81.95,91.91006921663076,-1.394173925817397,93.30424314244816
2025-09-20 20:00:00+00:00,74.5,76.38695429089792,-1.394173925817397,77.78112821671532
2025-09-20 21:00:00+00:00,48.3,69.79062010042745,-1.394173925817397,71.18479402624484
2025-09-20 22:00:00+00:00,8.07,51.205723115153944,-1.4891721197534271,52.69489523490737
2025-09-20 23:00:00+00:00,3.7,44.66624421032568,-1.4891721197534271,46.155416330079106
2025-09-21 00:00:00+00:00,3.46,36.924563663119955,-1.4891721197534271,38.41373578287338
2025-09-21 01:00:00+00:00,1.65,34.206964275090336,-1.4891721197534271,35.69613639484376
2025-09-21 02:00:00+00:00,2.08,35.375251571747874,-1.4891721197534271,36.8644236915013
2025-09-21 03:00:00+00:00,3.23,36.61619004657497,-1.4891721197534271,38.1053621663284
2025-09-21 04:00:00+00:00,4.41,28.26097128531326,-1.4891721197534271,29.750143405066687
2025-09-21 05:00:00+00:00,5.23,23.17268437650436,-1.4891721197534271,24.661856496257787
2025-09-21 06:00:00+00:00,3.01,20.395696301872785,-1.4891721197534271,21.884868421626212
2025-09-21 07:00:00+00:00,1.31,9.090433452250547,-1.4891721197534271,10.579605572003974
2025-09-21 08:00:00+00:00,0.0,-3.8791462990668455,-1.4891721197534271,-2.3899741793134184
2025-09-21 09:00:00+00:00,-0.09,-18.99252098818589,-1.4891721197534271,-17.503348868432465
2025-09-21 10:00:00+00:00,-1.2,-33.767708599703596,-1.4891721197534271,-32.27853647995017
2025-09-21 11:00:00+00:00,-2.02,-34.49097861339461,-1.4891721197534271,-33.00180649364118
2025-09-21 12:00:00+00:00,-1.31,-28.2625583525786,-1.4891721197534271,-26.773386232825175
2025-09-21 13:00:00+00:00,-0.01,-9.029285842782594,-1.4891721197534271,-7.540113723029167
2025-09-21 14:00:00+00:00,9.47,5.475639200053857,-1.4891721197534271,6.964811319807284
2025-09-21 15:00:00+00:00,85.18,65.5649995262393,-1.4891721197534271,67.05417164599274
2025-09-21 16:00:00+00:00,113.96,109.1122713158694,-1.4891721197534271,110.60144343562284
2025-09-21 17:00:00+00:00,120.57,109.58725868506087,-1.4891721197534271,111.07643080481431
2025-09-21 18:00:00+00:00,118.84,108.8672147899448,-1.4891721197534271,110.35638690969823
2025-09-21 19:00:00+00:00,104.68,96.71948308564642,-1.4891721197534271,98.20865520539985
2025-09-21 20:00:00+00:00,96.35,91.1558228604326,-1.4891721197534271,92.64499498018603
2025-09-21 21:00:00+00:00,91.68,73.6699660107645,-1.4891721197534271,75.15913813051793
2025-09-21 22:00:00+00:00,87.33,69.26785342878307,-1.1928051576843244,70.46065858646739
2025-09-21 23:00:00+00:00,83.57,66.0281228253751,-1.1928051576843244,67.22092798305943
2025-09-22 00:00:00+00:00,79.21,63.61612294914058,-1.1928051576843244,64.80892810682491
2025-09-22 01:00:00+00:00,79.21,63.56724939425155,-1.1928051576843244,64.76005455193587
2025-09-22 02:00:00+00:00,80.35,63.198021851049056,-1.1928051576843244,64.39082700873338
2025-09-22 03:00:00+00:00,93.59,72.69431963346578,-1.1928051576843244,73.8871247911501
2025-09-22 04:00:00+00:00,118.69,87.51971595770318,-1.1928051576843244,88.7125211153875
2025-09-22 05:00:00+00:00,130.0,104.96028482137866,-1.1928051576843244,106.15308997906298
2025-09-22 06:00:00+00:00,130.0,107.52609248572054,-1.1928051576843244,108.71889764340486
2025-09-22 07:00:00+00:00,108.57,103.71681794096544,-1.1928051576843244,104.90962309864976
2025-09-22 08:00:00+00:00,91.82,95.47694144793071,-1.1928051576843244,96.66974660561503
2025-09-22 09:00:00+00:00,77.86,84.78631741451409,-1.1928051576843244,85.9791225721984
2025-09-22 10:00:00+00:00,74.04,72.91384588717213,-1.1928051576843244,74.10665104485645
2025-09-22 11:00:00+00:00,71.17,67.731607537265,-1.1928051576843244,68.92441269494932
2025-09-22 12:00:00+00:00,70.23,67.8413295314048,-1.1928051576843244,69.03413468908911
2025-09-22 13:00:00+00:00,78.39,76.67054723266888,-1.1928051576843244,77.8633523903532
2025-09-22 14:00:00+00:00,84.79,89.7263081569968,-1.1928051576843244,90.91911331468111
2025-09-22 15:00:00+00:00,100.13,110.49036020950376,-1.1928051576843244,111.68316536718808
2025-09-22 16:00:00+00:00,128.08,156.5137705491507,-1.1928051576843244,157.70657570683503
2025-09-22 17:00:00+00:00,140.92,168.9741029675023,-1.1928051576843244,170.1669081251866
2025-09-22 18:00:00+00:00,130.0,131.56290119374466,-1.1928051576843244,132.75570635142898
2025-09-22 19:00:00+00:00,114.24,105.51166010408112,-1.1928051576843244,106.70446526176544
2025-09-22 20:00:00+00:00,97.72,102.75189434446676,-1.1928051576843244,103.94469950215108
2025-09-22 21:00:00+00:00,89.99,93.42293153049168,-1.1928051576843244,94.615736688176
2025-09-22 22:00:00+00:00,88.6,86.87551567117266,-1.3159719940368058,88.19148766520946
2025-09-22 23:00:00+00:00,90.0,82.70626648994123,-1.3159719940368058,84.02223848397803
2025-09-23 00:00:00+00:00,89.73,81.45219545028435,-1.3159719940368058,82.76816744432115
2025-09-23 01:00:00+00:00,89.93,81.82044362246671,-1.3159719940368058,83.13641561650351
2025-09-23 02:00:00+00:00,91.34,81.61096290601704,-1.3159719940368058,82.92693490005384
2025-09-23 03:00:00+00:00,98.11,87.48926721411323,-1.3159719940368058,88.80523920815003
2025-09-23 04:00:00+00:00,122.01,115.57801741160368,-1.3159719940368058,116.89398940564048
2025-09-23 05:00:00+00:00,172.36,131.40629516235668,-1.3159719940368058,132.72226715639349
2025-09-23 06:00:00+00:00,162.8,112.88276545369534,-1.3159719940368058,114.19873744773214
2025-09-23 07:00:00+00:00,125.76,95.64442441616588,-1.3159719940368058,96.96039641020268
2025-09-23 08:00:00+00:00,93.92,84.22757529110886,-1.3159719940368058,85.54354728514566
2025-09-23 09:00:00+00:00,85.51,78.60377373416392,-1.3159719940368058,79.91974572820072
2025-09-23 10:00:00+00:00,77.54,78.44717805527996,-1.3159719940368058,79.76315004931676
2025-09-23 11:00:00+00:00,74.24,73.03362574644338,-1.3159719940368058,74.34959774048018
2025-09-23 12:00:00+00:00,74.25,74.23633256527248,-1.3159719940368058,75.55230455930928
2025-09-23 13:00:00+00:00,84.11,69.19621586150966,-1.3159719940368058,70.51218785554646
2025-09-23 14:00:00+00:00,85.76,76.79737129818237,-1.3159719940368058,78.11334329221917
2025-09-23 15:00:00+00:00,102.9,99.62663921159395,-1.3159719940368058,100.94261120563075
2025-09-23 16:00:00+00:00,136.83,140.77120266243406,-1.3159719940368058,142.08717465647086
2025-09-23 17:00:00+00:00,149.58,132.92388482676043,-1.3159719940368058,134.23985682079723
2025-09-23 18:00:00+00:00,115.81,115.16083826311689,-1.3159719940368058,116.47681025715369
2025-09-23 19:00:00+00:00,94.0,101.32263793317436,-1.3159719940368058,102.63860992721116
2025-09-23 20:00:00+00:00,84.91,88.33013650532394,-1.3159719940368058,89.64610849936074
2025-09-23 21:00:00+00:00,84.1,83.91852581510541,-1.3159719940368058,85.23449780914221
2025-09-23 22:00:00+00:00,82.67,72.73192526925273,-1.4674639285856688,74.1993891978384
2025-09-23 23:00:00+00:00,82.32,72.59724241669107,-1.4674639285856688,74.06470634527675
2025-09-24 00:00:00+00:00,81.61,72.0229139508707,-1.4674639285856688,73.49037787945637
2025-09-24 01:00:00+00:00,77.95,71.95206568894741,-1.4674639285856688,73.41952961753309
2025-09-24 02:00:00+00:00,78.59,73.32740757980694,-1.4674639285856688,74.79487150839262
2025-09-24 03:00:00+00:00,82.67,77.17160972956285,-1.4674639285856688,78.63907365814852
2025-09-24 04:00:00+00:00,109.76,94.64405182376304,-1.4674639285856688,96.11151575234871
2025-09-24 05:00:00+00:00,118.01,115.04085760951114,-1.4674639285856688,116.50832153809681
2025-09-24 06:00:00+00:00,120.45,114.27460613499623,-1.4674639285856688,115.7420700635819
2025-09-24 07:00:00+00:00,107.0,96.62045566227634,-1.4674639285856688,98.08791959086201
2025-09-24 08:00:00+00:00,85.54,70.59496282049508,-1.4674639285856688,72.06242674908076
2025-09-24 09:00:00+00:00,70.09,44.24013776248419,-1.4674639285856688,45.707601691069854
2025-09-24 10:00:00+00:00,27.1,22.161811690141462,-1.4674639285856688,23.62927561872713
2025-09-24 11:00:00+00:00,10.66,11.31137255850742,-1.4674639285856688,12.77883648709309
2025-09-24 12:00:00+00:00,9.9,9.970182492440808,-1.4674639285856688,11.437646421026477
2025-09-24 13:00:00+00:00,15.0,18.5381638876083,-1.4674639285856688,20.005627816193968
2025-09-24 14:00:00+00:00,66.1,37.60007574061199,-1.4674639285856688,39.06753966919766
2025-09-24 15:00:00+00:00,85.69,75.78043759479107,-1.4674639285856688,77.24790152337674
2025-09-24 16:00:00+00:00,113.08,94.82892423673576,-1.4674639285856688,96.29638816532143
2025-09-24 17:00:00+00:00,115.93,100.81347818079888,-1.4674639285856688,102.28094210938455
2025-09-24 18:00:00+00:00,113.95,80.20694637156143,-1.4674639285856688,81.6744103001471
2025-09-24 19:00:00+00:00,91.29,55.32309019909921,-1.4674639285856688,56.79055412768488
2025-09-24 20:00:00+00:00,85.5,43.73756559206359,-1.4674639285856688,45.205029520649255
2025-09-24 21:00:00+00:00,69.68,37.220590758046825,-1.4674639285856688,38.68805468663249
2025-09-24 22:00:00+00:00,73.3,34.697745338331615,-1.6009697223360617,36.298715060667675
2025-09-24 23:00:00+00:00,69.69,34.12708542815178,-1.6009697223360617,35.72805515048784
2025-09-25 00:00:00+00:00,67.81,30.357082583822937,-1.6009697223360617,31.958052306158997
2025-09-25 01:00:00+00:00,68.09,27.797918476770008,-1.6009697223360617,29.398888199106068
2025-09-25 02:00:00+00:00,71.69,31.269526185815575,-1.6009697223360617,32.87049590815164
2025-09-25 03:00:00+00:00,77.33,40.38112352028134,-1.6009697223360617,41.9820932426174
2025-09-25 04:00:00+00:00,108.55,83.2773749793723,-1.6009697223360617,84.87834470170836
2025-09-25 05:00:00+00:00,124.26,102.53459246902304,-1.6009697223360617,104.1355621913591
2025-09-25 06:00:00+00:00,124.99,101.61840749364184,-1.6009697223360617,103.2193772159779
2025-09-25 07:00:00+00:00,104.88,85.68245705944456,-1.6009697223360617,87.28342678178062
2025-09-25 08:00:00+00:00,77.95,64.02684113635726,-1.6009697223360617,65.62781085869332
2025-09-25 09:00:00+00:00,69.24,33.71546846845916,-1.6009697223360617,35.31643819079522
2025-09-25 10:00:00+00:00,38.18,14.917664861221732,-1.6009697223360617,16.518634583557795
2025-09-25 11:00:00+00:00,16.03,7.1626214824995875,-1.6009697223360617,8.763591204835649
2025-09-25 12:00:00+00:00,20.1,14.971538800942168,-1.6009697223360617,16.57250852327823
2025-09-25 13:00:00+00:00,43.66,30.152521017252457,-1.6009697223360617,31.753490739588518
2025-09-25 14:00:00+00:00,75.0,53.83355137490476,-1.6009697223360617,55.43452109724082
2025-09-25 15:00:00+00:00,88.79,79.78510992308465,-1.6009697223360617,81.38607964542071
2025-09-25 16:00:00+00:00,117.04,95.00671626037824,-1.6009697223360617,96.6076859827143
2025-09-25 17:00:00+00:00,121.47,117.001019235857,-1.6009697223360617,118.60198895819306
2025-09-25 18:00:00+00:00,123.75,109.24456835816268,-1.6009697223360617,110.84553808049874
2025-09-25 19:00:00+00:00,105.83,88.2605134914292,-1.6009697223360617,89.86148321376525
2025-09-25 20:00:00+00:00,94.77,80.04774760152463,-1.6009697223360617,81.6487173238607
2025-09-25 21:00:00+00:00,81.09,72.17534861498993,-1.6009697223360617,73.77631833732599
2025-09-25 22:00:00+00:00,78.48,62.56328150037916,-2.0072555717044405,64.5705370720836
2025-09-25 23:00:00+00:00,75.0,66.83963186155543,-2.0072555717044405,68.84688743325987
2025-09-26 00:00:00+00:00,73.17,71.01500391766092,-2.0072555717044405,73.02225948936535
2025-09-26 01:00:00+00:00,73.18,72.1516289380269,-2.0072555717044405,74.15888450973134
2025-09-26 02:00:00+00:00,74.93,77.94566055004125,-2.0072555717044405,79.95291612174569
2025-09-26 03:00:00+00:00,82.0,82.26960283556994,-2.0072555717044405,84.27685840727437
2025-09-26 04:00:00+00:00,107.74,111.3264307434444,-2.0072555717044405,113.33368631514884
2025-09-26 05:00:00+00:00,120.33,140.55990326334947,-2.0072555717044405,142.5671588350539
2025-09-26 06:00:00+00:00,123.56,138.36828924687094,-2.0072555717044405,140.37554481857538
2025-09-26 07:00:00+00:00,110.41,100.76247460443626,-2.0072555717044405,102.7697301761407
2025-09-26 08:00:00+00:00,89.84,87.0078545780636,-2.0072555717044405,89.01511014976803
2025-09-26 09:00:00+00:00,85.36,78.70967198499157,-2.0072555717044405,80.716927556696
2025-09-26 10:00:00+00:00,78.96,61.090304962360165,-2.0072555717044405,63.097560534064606
2025-09-26 11:00:00+00:00,73.16,47.63159158154507,-2.0072555717044405,49.63884715324951
2025-09-26 12:00:00+00:00,75.05,57.240294928441934,-2.0072555717044405,59.247550500146374
2025-09-26 13:00:00+00:00,79.99,69.71466961494326,-2.0072555717044405,71.7219251866477
2025-09-26 14:00:00+00:00,98.81,83.03630863459914,-2.0072555717044405,85.04356420630357
2025-09-26 15:00:00+00:00,109.8,107.70947867376596,-2.0072555717044405,109.71673424547039
2025-09-26 16:00:00+00:00,123.65,151.12033631176553,-2.0072555717044405,153.12759188346996
2025-09-26 17:00:00+00:00,133.02,146.54658734695562,-2.0072555717044405,148.55384291866005
2025-09-26 18:00:00+00:00,119.61,136.2228573371373,-2.0072555717044405,138.23011290884173
2025-09-26 19:00:00+00:00,106.21,101.87621611482152,-2.0072555717044405,103.88347168652595
2025-09-26 20:00:00+00:00,96.9,93.25280707523778,-2.0072555717044405,95.26006264694222
2025-09-26 21:00:00+00:00,89.9,86.36279109104807,-2.0072555717044405,88.3700466627525
2025-09-26 22:00:00+00:00,84.99,83.81026202198375,-2.069001373825256,85.879263395809
2025-09-26 23:00:00+00:00,83.26,83.29895989950835,-2.069001373825256,85.3679612733336
2025-09-27 00:00:00+00:00,82.7,82.51357664394483,-2.069001373825256,84.58257801777009
2025-09-27 01:00:00+00:00,82.51,82.46631464272045,-2.069001373825256,84.5353160165457
2025-09-27 02:00:00+00:00,85.28,83.00617704984306,-2.069001373825256,85.07517842366832
2025-09-27 03:00:00+00:00,89.19,83.38114896944491,-2.069001373825256,85.45015034327017
2025-09-27 04:00:00+00:00,90.57,94.43343941442308,-2.069001373825256,96.50244078824834
2025-09-27 05:00:00+00:00,105.45,97.02668138883644,-2.069001373825256,99.0956827626617
2025-09-27 06:00:00+00:00,109.71,94.42980689479198,-2.069001373825256,96.49880826861724
2025-09-27 07:00:00+00:00,96.92,87.81409227810113,-2.069001373825256,89.88309365192639
2025-09-27 08:00:00+00:00,87.86,57.47458575068037,-2.069001373825256,59.54358712450563
2025-09-27 09:00:00+00:00,75.0,36.10012520424537,-2.069001373825256,38.16912657807063
2025-09-27 10:00:00+00:00,59.77,33.1976572106085,-2.069001373825256,35.266658584433756
2025-09-27 11:00:00+00:00,36.11,34.18008865928643,-2.069001373825256,36.24909003311169
2025-09-27 12:00:00+00:00,48.54,36.022688984211285,-2.069001373825256,38.091690358036544
2025-09-27 13:00:00+00:00,78.22,52.44071277960507,-2.069001373825256,54.50971415343033
2025-09-27 14:00:00+00:00,93.1,84.12340594119215,-2.069001373825256,86.1924073150174
2025-09-27 15:00:00+00:00,112.01,111.74986623007317,-2.069001373825256,113.81886760389843
2025-09-27 16:00:00+00:00,133.35,131.5907238921016,-2.069001373825256,133.65972526592685
2025-09-27 17:00:00+00:00,148.61,132.54663762420526,-2.069001373825256,134.6156389980305
2025-09-27 18:00:00+00:00,122.53,115.9038579497422,-2.069001373825256,117.97285932356746
2025-09-27 19:00:00+00:00,114.4,105.85030851000366,-2.069001373825256,107.91930988382892
2025-09-27 20:00:00+00:00,107.56,100.6732684716398,-2.069001373825256,102.74226984546506
2025-09-27 21:00:00+00:00,99.54,92.0811792418177,-2.069001373825256,94.15018061564295
2025-09-27 22:00:00+00:00,97.56,95.8414501124909,-2.267985135368273,98.10943524785918
2025-09-27 23:00:00+00:00,95.31,92.84670495655482,-2.267985135368273,95.1146900919231
2025-09-28 00:00:00+00:00,94.32,92.25079662073288,-2.267985135368273,94.51878175610116
2025-09-28 01:00:00+00:00,91.47,92.8718449600148,-2.267985135368273,95.13983009538308
2025-09-28 02:00:00+00:00,97.77,90.5139361822916,-2.267985135368273,92.78192131765988
2025-09-28 03:00:00+00:00,97.58,93.80548813487972,-2.267985135368273,96.073473270248
2025-09-28 04:00:00+00:00,100.91,92.95700024544554,-2.267985135368273,95.22498538081382
2025-09-28 05:00:00+00:00,105.79,105.6730954223962,-2.267985135368273,107.94108055776448
2025-09-28 06:00:00+00:00,98.77,101.38402018416365,-2.267985135368273,103.65200531953192
2025-09-28 07:00:00+00:00,95.04,93.3760845146914,-2.267985135368273,95.64406965005968
2025-09-28 08:00:00+00:00,82.08,64.04680748818991,-2.267985135368273,66.31479262355819
2025-09-28 09:00:00+00:00,37.47,25.948174445678298,-2.267985135368273,28.216159581046572
2025-09-28 10:00:00+00:00,17.11,4.135968179506865,-2.267985135368273,6.403953314875137
2025-09-28 11:00:00+00:00,8.53,-3.6446158863633182,-2.267985135368273,-1.3766307509950453
2025-09-28 12:00:00+00:00,13.0,1.4843332826072697,-2.267985135368273,3.752318417975543
2025-09-28 13:00:00+00:00,61.33,32.86980282847063,-2.267985135368273,35.1377879638389
2025-09-28 14:00:00+00:00,86.0,78.63464513333523,-2.267985135368273,80.9026302687035
2025-09-28 15:00:00+00:00,105.89,105.09569852118584,-2.267985135368273,107.36368365655412
2025-09-28 16:00:00+00:00,131.02,144.06997559822284,-2.267985135368273,146.3379607335911
2025-09-28 17:00:00+00:00,137.97,147.42387108777552,-2.267985135368273,149.6918562231438
2025-09-28 18:00:00+00:00,125.93,121.4793553533815,-2.267985135368273,123.74734048874977
2025-09-28 19:00:00+00:00,113.51,106.95957600195898,-2.267985135368273,109.22756113732726
2025-09-28 20:00:00+00:00,102.29,103.78685949359422,-2.267985135368273,106.0548446289625
2025-09-28 21:00:00+00:00,95.74,94.89117109275028,-2.267985135368273,97.15915622811856
2025-09-28 22:00:00+00:00,90.95,91.68167108161822,-2.5308959160411097,94.21256699765932
2025-09-28 23:00:00+00:00,88.76,91.93628732906409,-2.5308959160411097,94.46718324510519
2025-09-29 00:00:00+00:00,87.88,89.09959153386393,-2.5308959160411097,91.63048744990503
2025-09-29 01:00:00+00:00,87.94,86.29629320949087,-2.5308959160411097,88.82718912553197
2025-09-29 02:00:00+00:00,88.31,91.99237928914128,-2.5308959160411097,94.52327520518239
2025-09-29 03:00:00+00:00,98.37,99.05403212662348,-2.5308959160411097,101.58492804266459
2025-09-29 04:00:00+00:00,134.98,116.37130333589948,-2.5308959160411097,118.90219925194059
2025-09-29 05:00:00+00:00,222.1,152.51842801323696,-2.5308959160411097,155.04932392927807
2025-09-29 06:00:00+00:00,166.91,137.67937012390905,-2.5308959160411097,140.21026603995017
2025-09-29 07:00:00+00:00,122.06,112.17412334083048,-2.5308959160411097,114.70501925687158
2025-09-29 08:00:00+00:00,90.21,94.46604694481482,-2.5308959160411097,96.99694286085592
2025-09-29 09:00:00+00:00,84.95,84.6392863534149,-2.5308959160411097,87.170182269456
2025-09-29 10:00:00+00:00,78.71,75.48048124962673,-2.5308959160411097,78.01137716566784
2025-09-29 11:00:00+00:00,77.08,72.92847211194633,-2.5308959160411097,75.45936802798744
2025-09-29 12:00:00+00:00,83.33,76.20495689033929,-2.5308959160411097,78.7358528063804
2025-09-29 13:00:00+00:00,87.4,87.60551410990153,-2.5308959160411097,90.13641002594264
2025-09-29 14:00:00+00:00,99.98,104.53024046654676,-2.5308959160411097,107.06113638258786
2025-09-29 15:00:00+00:00,140.79,134.88258362995913,-2.5308959160411097,137.41347954600025
2025-09-29 16:00:00+00:00,302.65,210.48608176414243,-2.5308959160411097,213.01697768018354
2025-09-29 17:00:00+00:00,406.78,232.80005515639775,-2.5308959160411097,235.33095107243886
2025-09-29 18:00:00+00:00,167.6,142.12977118293463,-2.5308959160411097,144.66066709897575
2025-09-29 19:00:00+00:00,123.85,118.3993184417559,-2.5308959160411097,120.930214357797
2025-09-29 20:00:00+00:00,108.3,107.86565155990236,-2.5308959160411097,110.39654747594346
2025-09-29 21:00:00+00:00,93.68,97.05446565700623,-2.5308959160411097,99.58536157304734
2025-09-29 22:00:00+00:00,101.1,96.32458207470368,-2.738279810342407,99.06286188504609
2025-09-29 23:00:00+00:00,98.43,94.22786574054778,-2.738279810342407,96.96614555089019
2025-09-30 00:00:00+00:00,98.93,89.14576185317651,-2.738279810342407,91.88404166351891
2025-09-30 01:00:00+00:00,94.99,89.47328008525665,-2.738279810342407,92.21155989559905
2025-09-30 02:00:00+00:00,99.12,90.03465981218676,-2.738279810342407,92.77293962252917
2025-09-30 03:00:00+00:00,112.08,97.07371092271454,-2.738279810342407,99.81199073305694
2025-09-30 04:00:00+00:00,141.86,133.1893282542048,-2.738279810342407,135.92760806454723
2025-09-30 05:00:00+00:00,244.0,187.69901021261555,-2.738279810342407,190.43729002295797
2025-09-30 06:00:00+00:00,209.23,174.42784481774893,-2.738279810342407,177.16612462809135
2025-09-30 07:00:00+00:00,141.85,130.92181816801798,-2.738279810342407,133.6600979783604
2025-09-30 08:00:00+00:00,115.2,99.57142918586112,-2.738279810342407,102.30970899620353
2025-09-30 09:00:00+00:00,96.72,96.16412589238456,-2.738279810342407,98.90240570272697
2025-09-30 10:00:00+00:00,87.91,84.70751444142483,-2.738279810342407,87.44579425176724
2025-09-30 11:00:00+00:00,86.04,81.96691932311009,-2.738279810342407,84.7051991334525
2025-09-30 12:00:00+00:00,87.26,90.06885168803511,-2.738279810342407,92.80713149837752
2025-09-30 13:00:00+00:00,96.8,94.99933409440143,-2.738279810342407,97.73761390474384
2025-09-30 14:00:00+00:00,104.03,105.44891908332932,-2.738279810342407,108.18719889367172
2025-09-30 15:00:00+00:00,142.64,152.8856160122148,-2.738279810342407,155.62389582255722
2025-09-30 16:00:00+00:00,294.54,261.2577413617731,-2.738279810342407,263.99602117211555
2025-09-30 17:00:00+00:00,357.77,241.61861302904535,-2.738279810342407,244.35689283938777
2025-09-30 18:00:00+00:00,147.28,134.55980431078547,-2.738279810342407,137.29808412112789
2025-09-30 19:00:00+00:00,116.04,120.70192086445115,-2.738279810342407,123.44020067479356
2025-09-30 20:00:00+00:00,101.63,108.38137040883252,-2.738279810342407,111.11965021917493
2025-09-30 21:00:00+00:00,92.54,95.40615371679677,-2.738279810342407,98.14443352713917
2025-09-30 22:00:00+00:00,91.565,98.60465872041598,-3.0569097319413787,101.66156845235736
2025-09-30 23:00:00+00:00,86.285,95.6648197567897,-3.0569097319413787,98.72172948873107
2025-10-01 00:00:00+00:00,84.8725,94.3133918057477,-3.0569097319413787,97.37030153768907
2025-10-01 01:00:00+00:00,88.325,91.1952805475765,-3.0569097319413787,94.25219027951788
2025-10-01 02:00:00+00:00,87.655,92.5253792096094,-3.0569097319413787,95.58228894155077
2025-10-01 03:00:00+00:00,95.3275,101.2110500669676,-3.0569097319413787,104.26795979890898
2025-10-01 04:00:00+00:00,124.96,119.6275608960231,-3.0569097319413787,122.68447062796447
2025-10-01 05:00:00+00:00,173.29999999999998,140.5684187634896,-3.0569097319413787,143.62532849543098
2025-10-01 06:00:00+00:00,139.0875,137.4927123370111,-3.0569097319413787,140.5496220689525
2025-10-01 07:00:00+00:00,105.25,112.1798044952426,-3.0569097319413787,115.23671422718398
2025-10-01 08:00:00+00:00,86.035,95.517927257891,-3.0569097319413787,98.57483698983238
2025-10-01 09:00:00+00:00,70.5675,64.63689836498335,-3.0569097319413787,67.69380809692473
2025-10-01 10:00:00+00:00,66.025,46.66621912086382,-3.0569097319413787,49.7231288528052
2025-10-01 11:00:00+00:00,68.4,57.8482780547174,-3.0569097319413787,60.90518778665878
2025-10-01 12:00:00+00:00,72.6275,71.10385893900963,-3.0569097319413787,74.160768670951
2025-10-01 13:00:00+00:00,81.7225,87.83211609237419,-3.0569097319413787,90.88902582431557
2025-10-01 14:00:00+00:00,92.87,102.5764444370921,-3.0569097319413787,105.63335416903348
2025-10-01 15:00:00+00:00,135.39999999999998,136.2794250616351,-3.0569097319413787,139.33633479357647
2025-10-01 16:00:00+00:00,253.2375,279.6151401090464,-3.0569097319413787,282.6720498409878
2025-10-01 17:00:00+00:00,339.9925,295.90211982997045,-3.0569097319413787,298.95902956191185
2025-10-01 18:00:00+00:00,152.0225,165.59947323985588,-3.0569097319413787,168.65638297179726
2025-10-01 19:00:00+00:00,113.035,122.512989923795,-3.0569097319413787,125.56989965573638
2025-10-01 20:00:00+00:00,98.51,103.6135542652374,-3.0569097319413787,106.67046399717877
2025-10-01 21:00:00+00:00,90.6475,93.29697499676936,-3.0569097319413787,96.35388472871074
2025-10-01 22:00:00+00:00,90.805,92.35898458844729,-3.1966291737699812,95.55561376221726
2025-10-01 23:00:00+00:00,88.0,88.20770778485112,-3.1966291737699812,91.4043369586211
2025-10-02 00:00:00+00:00,86.52499999999999,86.30815629330039,-3.1966291737699812,89.50478546707036
2025-10-02 01:00:00+00:00,88.56,89.74497920629578,-3.1966291737699812,92.94160838006576
2025-10-02 02:00:00+00:00,90.8075,88.80365432775791,-3.1966291737699812,92.00028350152789
2025-10-02 03:00:00+00:00,95.9725,94.70684385850215,-3.1966291737699812,97.90347303227213
2025-10-02 04:00:00+00:00,128.72,125.59681637761896,-3.1966291737699812,128.79344555138894
2025-10-02 05:00:00+00:00,181.0875,147.7159940090057,-3.1966291737699812,150.9126231827757
2025-10-02 06:00:00+00:00,136.67749999999998,130.45478081289917,-3.1966291737699812,133.65140998666917
2025-10-02 07:00:00+00:00,100.505,99.6481552100133,-3.1966291737699812,102.84478438378328
2025-10-02 08:00:00+00:00,91.48,71.48056033189414,-3.1966291737699812,74.67718950566412
2025-10-02 09:00:00+00:00,78.285,45.27186723488061,-3.1966291737699812,48.468496408650594
2025-10-02 10:00:00+00:00,65.77,23.231978365342677,-3.1966291737699812,26.428607539112658
2025-10-02 11:00:00+00:00,60.5,28.18552810184332,-3.1966291737699812,31.382157275613302
2025-10-02 12:00:00+00:00,71.28999999999999,48.93616076963764,-3.1966291737699812,52.132789943407616
2025-10-02 13:00:00+00:00,80.6625,58.23856979595629,-3.1966291737699812,61.43519896972627
2025-10-02 14:00:00+00:00,91.445,80.57452919750583,-3.1966291737699812,83.7711583712758
2025-10-02 15:00:00+00:00,113.32,119.58598455974229,-3.1966291737699812,122.78261373351226
2025-10-02 16:00:00+00:00,167.925,140.85836731063736,-3.1966291737699812,144.05499648440735
2025-10-02 17:00:00+00:00,176.8375,191.7420193047767,-3.1966291737699812,194.9386484785467
2025-10-02 18:00:00+00:00,109.92,125.58915540465044,-3.1966291737699812,128.78578457842042
2025-10-02 19:00:00+00:00,90.855,102.7269265020545,-3.1966291737699812,105.92355567582447
2025-10-02 20:00:00+00:00,96.6575,90.53961968420394,-3.1966291737699812,93.73624885797392
2025-10-02 21:00:00+00:00,82.0925,80.74015103650918,-3.1966291737699812,83.93678021027915
2025-10-02 22:00:00+00:00,85.9325,74.6710788581972,-3.6306896630310828,78.30176852122828
2025-10-02 23:00:00+00:00,77.14,72.0254651377055,-3.6306896630310828,75.65615480073657
2025-10-03 00:00:00+00:00,71.75,70.05158088058951,-3.6306896630310828,73.68227054362059
2025-10-03 01:00:00+00:00,73.9075,71.19103507110185,-3.6306896630310828,74.82172473413293
2025-10-03 02:00:00+00:00,76.2875,68.81934516049509,-3.6306896630310828,72.45003482352617
2025-10-03 03:00:00+00:00,77.98,72.0316502211535,-3.6306896630310828,75.66233988418458
2025-10-03 04:00:00+00:00,93.78,85.80550970047503,-3.6306896630310828,89.4361993635061
2025-10-03 05:00:00+00:00,100.4175,100.6076354769221,-3.6306896630310828,104.23832513995318
2025-10-03 06:00:00+00:00,103.68,74.47687224708169,-3.6306896630310828,78.10756191011276
2025-10-03 07:00:00+00:00,83.9025,36.12707208200364,-3.6306896630310828,39.75776174503473
2025-10-03 08:00:00+00:00,59.9975,15.899734512856496,-3.6306896630310828,19.53042417588758
2025-10-03 09:00:00+00:00,40.5025,-8.851755270597968,-3.6306896630310828,-5.221065607566885
2025-10-03 10:00:00+00:00,26.3525,-27.768743196500296,-3.6306896630310828,-24.13805353346921
2025-10-03 11:00:00+00:00,16.502499999999998,-25.56009491251705,-3.6306896630310828,-21.929405249485967
2025-10-03 12:00:00+00:00,26.2025,-10.364248489311343,-3.6306896630310828,-6.733558826280261
2025-10-03 13:00:00+00:00,49.8825,-0.987308112063844,-3.6306896630310828,2.6433815509672387
2025-10-03 14:00:00+00:00,63.3925,27.505497943242897,-3.6306896630310828,31.136187606273978
2025-10-03 15:00:00+00:00,89.9,61.90201038358854,-3.6306896630310828,65.53270004661962
2025-10-03 16:00:00+00:00,120.76,93.1854477370059,-3.6306896630310828,96.81613740003698
2025-10-03 17:00:00+00:00,109.01,91.43730960212277,-3.6306896630310828,95.06799926515384
2025-10-03 18:00:00+00:00,75.03999999999999,67.85009277480032,-3.6306896630310828,71.4807824378314
2025-10-03 19:00:00+00:00,43.4425,45.049373297229856,-3.6306896630310828,48.68006296026094
2025-10-03 20:00:00+00:00,25.4025,39.20193810617953,-3.6306896630310828,42.83262776921062
2025-10-03 21:00:00+00:00,11.1075,21.99671209680604,-3.6306896630310828,25.62740175983712
2025-10-03 22:00:00+00:00,0.7250000000000001,28.816414504358377,-4.183012481539122,32.9994269858975
2025-10-03 23:00:00+00:00,-0.01,29.28118807067151,-4.183012481539122,33.464200552210634
2025-10-04 00:00:00+00:00,-0.0425,23.836192727321,-4.183012481539122,28.01920520886012
2025-10-04 01:00:00+00:00,-0.0975,9.154703636449048,-4.183012481539122,13.337716117988169
2025-10-04 02:00:00+00:00,-1.1275,7.474035428261227,-4.183012481539122,11.65704790980035
2025-10-04 03:00:00+00:00,-1.905,2.389879934477388,-4.183012481539122,6.57289241601651
2025-10-04 04:00:00+00:00,-1.915,4.5220962798282525,-4.183012481539122,8.705108761367374
2025-10-04 05:00:00+00:00,-0.775,12.38493319212097,-4.183012481539122,16.56794567366009
2025-10-04 06:00:00+00:00,-0.3,27.333659981077837,-4.183012481539122,31.51667246261696
2025-10-04 07:00:00+00:00,-0.1625,7.696886145309908,-4.183012481539122,11.87989862684903
2025-10-04 08:00:00+00:00,-0.09,7.870426400409257,-4.183012481539122,12.053438881948379
2025-10-04 09:00:00+00:00,-0.0975,7.839118108706737,-4.183012481539122,12.022130590245858
2025-10-04 10:00:00+00:00,-0.08,6.744200987703957,-4.183012481539122,10.927213469243078
2025-10-04 11:00:00+00:00,-0.44,0.1543631401448608,-4.183012481539122,4.337375621683983
2025-10-04 12:00:00+00:00,-2.045,-1.6637182104546402,-4.183012481539122,2.519294271084482
2025-10-04 13:00:00+00:00,-2.605,-1.2484932820184391,-4.183012481539122,2.934519199520683
2025-10-04 14:00:00+00:00,-0.095,2.7273308498525233,-4.183012481539122,6.910343331391646
2025-10-04 15:00:00+00:00,-0.0925,17.55518032809288,-4.183012481539122,21.738192809632004
2025-10-04 16:00:00+00:00,1.105,45.64825264758157,-4.183012481539122,49.831265129120695
2025-10-04 17:00:00+00:00,3.23,43.542084759804794,-4.183012481539122,47.72509724134392
2025-10-04 18:00:00+00:00,0.3225,30.80994048680493,-4.183012481539122,34.99295296834405
2025-10-04 19:00:00+00:00,-0.0949999999999999,11.164543813768136,-4.183012481539122,15.347556295307257
2025-10-04 20:00:00+00:00,-0.0525,12.13842890550726,-4.183012481539122,16.32144138704638
2025-10-04 21:00:00+00:00,-0.3425,-8.534983782161142,-4.183012481539122,-4.3519713006220195
2025-10-04 22:00:00+00:00,-0.7475,-2.339358832714145,-4.303507622970562,1.964148790256417
2025-10-04 23:00:00+00:00,-1.4025,-18.00754055308886,-4.303507622970562,-13.704032930118297
2025-10-05 00:00:00+00:00,-4.19,-16.187636131171075,-4.303507622970562,-11.884128508200513
2025-10-05 01:00:00+00:00,-4.3775,-14.102258298141289,-4.303507622970562,-9.798750675170727
2025-10-05 02:00:00+00:00,-4.98,-13.964510585184277,-4.303507622970562,-9.661002962213715
2025-10-05 03:00:00+00:00,-4.4575,-0.5277625739630749,-4.303507622970562,3.775745049007487
2025-10-05 04:00:00+00:00,-3.76,-0.8934065934848073,-4.303507622970562,3.4101010294857548
2025-10-05 05:00:00+00:00,-1.505,-0.0570840964711614,-4.303507622970562,4.246423526499401
2025-10-05 06:00:00+00:00,-0.0875,1.757325527532664,-4.303507622970562,6.0608331505032265
2025-10-05 07:00:00+00:00,-1.3925,3.526676566337154,-4.303507622970562,7.830184189307716
2025-10-05 08:00:00+00:00,-3.33,-1.8565703776638016,-4.303507622970562,2.4469372453067604
2025-10-05 09:00:00+00:00,-2.0175,-8.430374967580542,-4.303507622970562,-4.12686734460998
2025-10-05 10:00:00+00:00,-3.415,-12.11909183839242,-4.303507622970562,-7.8155842154218576
2025-10-05 11:00:00+00:00,-3.3875,-10.904325673734812,-4.303507622970562,-6.60081805076425
2025-10-05 12:00:00+00:00,-2.9425,-12.975348842550794,-4.303507622970562,-8.671841219580232
2025-10-05 13:00:00+00:00,-2.3925,-7.514305487486519,-4.303507622970562,-3.210797864515957
2025-10-05 14:00:00+00:00,-0.6875,-0.7748231494486808,-4.303507622970562,3.5286844735218814
2025-10-05 15:00:00+00:00,0.8525,10.29246060578824,-4.303507622970562,14.595968228758801
2025-10-05 16:00:00+00:00,16.0825,34.78072484050084,-4.303507622970562,39.0842324634714
2025-10-05 17:00:00+00:00,35.0475,44.59742163638364,-4.303507622970562,48.90092925935421
2025-10-05 18:00:00+00:00,19.83,25.479002337357528,-4.303507622970562,29.782509960328092
2025-10-05 19:00:00+00:00,5.4775,7.49987872748426,-4.303507622970562,11.803386350454822
2025-10-05 20:00:00+00:00,5.202500000000001,14.156944380158468,-4.303507622970562,18.460452003129028
2025-10-05 21:00:00+00:00,4.075,5.39518006934245,-4.303507622970562,9.698687692313012
2025-10-05 22:00:00+00:00,20.845,14.575393729429992,-4.277817206303573,18.853210935733564
2025-10-05 23:00:00+00:00,10.0475,7.8244488495139874,-4.277817206303573,12.10226605581756
2025-10-06 00:00:00+00:00,9.1025,11.099294124550353,-4.277817206303573,15.377111330853925
2025-10-06 01:00:00+00:00,10.7325,9.918019804018146,-4.277817206303573,14.195837010321718
2025-10-06 02:00:00+00:00,16.8,11.796316158784403,-4.277817206303573,16.074133365087977
2025-10-06 03:00:00+00:00,22.6025,25.52173327972948,-4.277817206303573,29.799550486033056
2025-10-06 04:00:00+00:00,68.585,62.93058877501601,-4.277817206303573,67.20840598131959
2025-10-06 05:00:00+00:00,105.0525,99.62156157303188,-4.277817206303573,103.89937877933545
2025-10-06 06:00:00+00:00,121.7675,108.99984833944464,-4.277817206303573,113.2776655457482
2025-10-06 07:00:00+00:00,121.1175,94.70741123518594,-4.277817206303573,98.98522844148951
2025-10-06 08:00:00+00:00,100.5275,62.86557327860077,-4.277817206303573,67.14339048490434
2025-10-06 09:00:00+00:00,89.3025,51.85252036742973,-4.277817206303573,56.13033757373331
2025-10-06 10:00:00+00:00,87.325,47.971826664826885,-4.277817206303573,52.24964387113046
2025-10-06 11:00:00+00:00,84.5975,48.37833907777156,-4.277817206303573,52.65615628407513
2025-10-06 12:00:00+00:00,92.3275,58.45327658225262,-4.277817206303573,62.731093788556194
2025-10-06 13:00:00+00:00,94.5475,70.88766357238842,-4.277817206303573,75.16548077869199
2025-10-06 14:00:00+00:00,104.7725,95.7325950099491,-4.277817206303573,100.01041221625266
2025-10-06 15:00:00+00:00,120.29,138.20937050335056,-4.277817206303573,142.48718770965414
2025-10-06 16:00:00+00:00,141.5875,136.76334544859438,-4.277817206303573,141.04116265489796
2025-10-06 17:00:00+00:00,168.315,139.3360007712761,-4.277817206303573,143.61381797757969
2025-10-06 18:00:00+00:00,133.6775,125.6652398499143,-4.277817206303573,129.94305705621787
2025-10-06 19:00:00+00:00,120.2025,116.86801384392253,-4.277817206303573,121.14583105022609
2025-10-06 20:00:00+00:00,118.665,109.30158773382668,-4.277817206303573,113.57940494013025
2025-10-06 21:00:00+00:00,105.5,97.0953226182808,-4.277817206303573,101.37313982458437
2025-10-06 22:00:00+00:00,100.2625,106.75972036082317,-4.576892382788704,111.33661274361187
2025-10-06 23:00:00+00:00,93.9875,104.57703718900206,-4.576892382788704,109.15392957179075
2025-10-07 00:00:00+00:00,89.8175,102.25834708464453,-4.576892382788704,106.83523946743323
2025-10-07 01:00:00+00:00,89.55,101.05603707330258,-4.576892382788704,105.63292945609128
2025-10-07 02:00:00+00:00,92.975,103.16063773443469,-4.576892382788704,107.73753011722339
2025-10-07 03:00:00+00:00,96.74,115.573343054415,-4.576892382788704,120.1502354372037
2025-10-07 04:00:00+00:00,134.885,148.43578527120908,-4.576892382788704,153.0126776539978
2025-10-07 05:00:00+00:00,228.555,221.59233825730567,-4.576892382788704,226.16923064009438
2025-10-07 06:00:00+00:00,287.67,250.94910106963232,-4.576892382788704,255.52599345242103
2025-10-07 07:00:00+00:00,212.1825,182.5076016277905,-4.576892382788704,187.08449401057922
2025-10-07 08:00:00+00:00,154.66,137.823737028199,-4.576892382788704,142.4006294109877
2025-10-07 09:00:00+00:00,129.9075,122.77119003102771,-4.576892382788704,127.34808241381641
2025-10-07 10:00:00+00:00,110.94,112.67480729515856,-4.576892382788704,117.25169967794726
2025-10-07 11:00:00+00:00,106.1825,109.88734777241216,-4.576892382788704,114.46424015520086
2025-10-07 12:00:00+00:00,105.3525,113.9257555603002,-4.576892382788704,118.5026479430889
2025-10-07 13:00:00+00:00,113.16,116.51388535061665,-4.576892382788704,121.09077773340535
2025-10-07 14:00:00+00:00,122.105,135.4026817838245,-4.576892382788704,139.97957416661322
2025-10-07 15:00:00+00:00,151.84,170.67491375799864,-4.576892382788704,175.25180614078735
2025-10-07 16:00:00+00:00,202.4175,232.53146731015192,-4.576892382788704,237.10835969294064
2025-10-07 17:00:00+00:00,213.28,221.9652738848384,-4.576892382788704,226.54216626762712
2025-10-07 18:00:00+00:00,146.34,150.5732459999189,-4.576892382788704,155.1501383827076
2025-10-07 19:00:00+00:00,123.2425,123.25841778626948,-4.576892382788704,127.83531016905818
2025-10-07 20:00:00+00:00,107.4225,117.36814871996803,-4.576892382788704,121.94504110275673
2025-10-07 21:00:00+00:00,97.4825,100.0560274057767,-4.576892382788704,104.6329197885654
2025-10-07 22:00:00+00:00,93.4525,95.74420114172148,-4.502923541045457,100.24712468276694
2025-10-07 23:00:00+00:00,88.4375,88.91205046554994,-4.502923541045457,93.4149740065954
2025-10-08 00:00:00+00:00,87.56,87.56474525452491,-4.502923541045457,92.06766879557037
2025-10-08 01:00:00+00:00,86.975,88.27910235433814,-4.502923541045457,92.7820258953836
2025-10-08 02:00:00+00:00,89.6725,87.31299799687156,-4.502923541045457,91.81592153791702
2025-10-08 03:00:00+00:00,97.395,90.18803542781046,-4.502923541045457,94.69095896885592
2025-10-08 04:00:00+00:00,117.1075,104.0865563296854,-4.502923541045457,108.58947987073086
2025-10-08 05:00:00+00:00,155.58,175.24998996045116,-4.502923541045457,179.7529135014966
2025-10-08 06:00:00+00:00,166.395,218.48425130610917,-4.502923541045457,222.98717484715462
2025-10-08 07:00:00+00:00,135.17499999999998,145.7442334328633,-4.502923541045457,150.24715697390874
2025-10-08 08:00:00+00:00,118.445,119.96247573569168,-4.502923541045457,124.46539927673714
2025-10-08 09:00:00+00:00,103.325,111.19497099072473,-4.502923541045457,115.69789453177019
2025-10-08 10:00:00+00:00,90.8225,95.3522633685096,-4.502923541045457,99.85518690955506
2025-10-08 11:00:00+00:00,89.33500000000001,92.85744641922597,-4.502923541045457,97.36036996027143
2025-10-08 12:00:00+00:00,90.4425,94.91219583153882,-4.502923541045457,99.41511937258429
2025-10-08 13:00:00+00:00,99.4275,100.64682564829089,-4.502923541045457,105.14974918933635
2025-10-08 14:00:00+00:00,117.465,109.63867492436516,-4.502923541045457,114.14159846541062
2025-10-08 15:00:00+00:00,149.48000000000002,155.43556704159943,-4.502923541045457,159.93849058264487
2025-10-08 16:00:00+00:00,183.8075,270.13330973554116,-4.502923541045457,274.6362332765866
2025-10-08 17:00:00+00:00,199.0025,265.51772598253524,-4.502923541045457,270.0206495235807
2025-10-08 18:00:00+00:00,141.695,141.90089899708323,-4.502923541045457,146.40382253812868
2025-10-08 19:00:00+00:00,114.74,117.68235117113387,-4.502923541045457,122.18527471217934
2025-10-08 20:00:00+00:00,108.24,105.12450797824624,-4.502923541045457,109.6274315192917
2025-10-08 21:00:00+00:00,97.8325,97.82428713094846,-4.502923541045457,102.32721067199392
2025-10-08 22:00:00+00:00,97.215,96.02040318061668,-4.370193660172603,100.39059684078929
2025-10-08 23:00:00+00:00,92.5825,91.2189861232508,-4.370193660172603,95.5891797834234
2025-10-09 00:00:00+00:00,93.2625,87.52497283565408,-4.370193660172603,91.89516649582669
2025-10-09 01:00:00+00:00,90.8175,86.89765499245159,-4.370193660172603,91.2678486526242
2025-10-09 02:00:00+00:00,92.7,91.9947895982667,-4.370193660172603,96.36498325843931
2025-10-09 03:00:00+00:00,101.1525,96.92479678641314,-4.370193660172603,101.29499044658574
2025-10-09 04:00:00+00:00,125.58,114.5493381395354,-4.370193660172603,118.919531799708
2025-10-09 05:00:00+00:00,145.0,138.691729825742,-4.370193660172603,143.06192348591458
2025-10-09 06:00:00+00:00,149.9,157.2703961009356,-4.370193660172603,161.64058976110823
2025-10-09 07:00:00+00:00,132.4875,121.46818050577816,-4.370193660172603,125.83837416595077
2025-10-09 08:00:00+00:00,109.6875,109.6598960703399,-4.370193660172603,114.0300897305125
2025-10-09 09:00:00+00:00,96.9625,91.5665408570368,-4.370193660172603,95.9367345172094
2025-10-09 10:00:00+00:00,91.0225,79.24493606557792,-4.370193660172603,83.61512972575052
2025-10-09 11:00:00+00:00,83.3525,73.87264130351562,-4.370193660172603,78.24283496368822
2025-10-09 12:00:00+00:00,83.2,72.9341545764236,-4.370193660172603,77.3043482365962
2025-10-09 13:00:00+00:00,88.8275,72.76120684830373,-4.370193660172603,77.13140050847633
2025-10-09 14:00:00+00:00,92.075,83.12813440994482,-4.370193660172603,87.49832807011742
2025-10-09 15:00:00+00:00,110.01,100.53744697760337,-4.370193660172603,104.90764063777597
2025-10-09 16:00:00+00:00,122.9075,112.75020891945348,-4.370193660172603,117.12040257962609
2025-10-09 17:00:00+00:00,123.1125,99.9683606051818,-4.370193660172603,104.3385542653544
2025-10-09 18:00:00+00:00,112.3625,94.18994695159152,-4.370193660172603,98.56014061176413
2025-10-09 19:00:00+00:00,98.0925,86.11666513519734,-4.370193660172603,90.48685879536994
2025-10-09 20:00:00+00:00,96.8325,83.11109907728307,-4.370193660172603,87.48129273745568
2025-10-09 21:00:00+00:00,88.7,72.21584266881396,-4.370193660172603,76.58603632898657
2025-10-09 22:00:00+00:00,88.01,58.51047047072635,-4.2908315305219356,62.80130200124828
2025-10-09 23:00:00+00:00,84.9675,54.98651276867669,-4.2908315305219356,59.277344299198624
2025-10-10 00:00:00+00:00,80.0875,52.596927880203296,-4.2908315305219356,56.88775941072523
2025-10-10 01:00:00+00:00,78.285,49.564573120203626,-4.2908315305219356,53.85540465072556
2025-10-10 02:00:00+00:00,79.21000000000001,55.01780813349232,-4.2908315305219356,59.30863966401426
2025-10-10 03:00:00+00:00,86.0725,68.30488782574533,-4.2908315305219356,72.59571935626727
2025-10-10 04:00:00+00:00,102.6375,89.56441993326693,-4.2908315305219356,93.85525146378887
2025-10-10 05:00:00+00:00,119.325,92.15534469108472,-4.2908315305219356,96.44617622160666
2025-10-10 06:00:00+00:00,122.6125,99.77498147897026,-4.2908315305219356,104.0658130094922
2025-10-10 07:00:00+00:00,107.765,92.0715096044042,-4.2908315305219356,96.36234113492614
2025-10-10 08:00:00+00:00,93.0075,81.38540960179724,-4.2908315305219356,85.67624113231918
2025-10-10 09:00:00+00:00,82.1175,69.94962303449182,-4.2908315305219356,74.24045456501376
2025-10-10 10:00:00+00:00,77.5325,54.990954979548555,-4.2908315305219356,59.28178651007049
2025-10-10 11:00:00+00:00,75.69,57.21345008136791,-4.2908315305219356,61.504281611889844
2025-10-10 12:00:00+00:00,77.2575,68.93121017840653,-4.2908315305219356,73.22204170892847
2025-10-10 13:00:00+00:00,88.89500000000001,73.60084671588652,-4.2908315305219356,77.89167824640846
2025-10-10 14:00:00+00:00,97.8575,87.23842191185925,-4.2908315305219356,91.52925344238119
2025-10-10 15:00:00+00:00,118.2,107.01429659196248,-4.2908315305219356,111.30512812248442
2025-10-10 16:00:00+00:00,120.605,113.0065090009477,-4.2908315305219356,117.29734053146964
2025-10-10 17:00:00+00:00,123.29,119.2683343258718,-4.2908315305219356,123.55916585639375
2025-10-10 18:00:00+00:00,115.39,114.37334837537966,-4.2908315305219356,118.6641799059016
2025-10-10 19:00:00+00:00,103.915,102.66647031654593,-4.2908315305219356,106.95730184706787
2025-10-10 20:00:00+00:00,97.7375,96.71301433036004,-4.2908315305219356,101.00384586088198
2025-10-10 21:00:00+00:00,93.35,90.24363520993376,-4.2908315305219356,94.5344667404557
2025-10-10 22:00:00+00:00,92.9675,85.5354151073493,-4.620610894579651,90.15602600192895
2025-10-10 23:00:00+00:00,88.83500000000001,81.01181650024058,-4.620610894579651,85.63242739482024
2025-10-11 00:00:00+00:00,87.3875,75.23618347117203,-4.620610894579651,79.85679436575168
2025-10-11 01:00:00+00:00,84.175,74.00756986120561,-4.620610894579651,78.62818075578527
2025-10-11 02:00:00+00:00,82.0275,75.91304580689796,-4.620610894579651,80.53365670147761
2025-10-11 03:00:00+00:00,84.755,76.2722077914989,-4.620610894579651,80.89281868607856
2025-10-11 04:00:00+00:00,90.265,82.68888719179309,-4.620610894579651,87.30949808637274
2025-10-11 05:00:00+00:00,96.7525,86.32172372017834,-4.620610894579651,90.942334614758
2025-10-11 06:00:00+00:00,100.4,90.4136155478359,-4.620610894579651,95.03422644241556
2025-10-11 07:00:00+00:00,92.96,85.87041270442484,-4.620610894579651,90.49102359900449
2025-10-11 08:00:00+00:00,82.4325,64.61842442740898,-4.620610894579651,69.23903532198864
2025-10-11 09:00:00+00:00,74.02,42.40474172933648,-4.620610894579651,47.02535262391613
2025-10-11 10:00:00+00:00,55.4175,32.93506775622755,-4.620610894579651,37.555678650807195
2025-10-11 11:00:00+00:00,46.7725,28.6540151632135,-4.620610894579651,33.27462605779315
2025-10-11 12:00:00+00:00,51.03,33.48280033674337,-4.620610894579651,38.103411231323015
2025-10-11 13:00:00+00:00,76.9425,58.38083330493586,-4.620610894579651,63.00144419951551
2025-10-11 14:00:00+00:00,83.65,83.20257505617167,-4.620610894579651,87.82318595075132
2025-10-11 15:00:00+00:00,114.005,106.8272999274544,-4.620610894579651,111.44791082203406
2025-10-11 16:00:00+00:00,126.4375,120.59773261118956,-4.620610894579651,125.21834350576921
2025-10-11 17:00:00+00:00,130.1725,128.56636965662187,-4.620610894579651,133.18698055120151
2025-10-11 18:00:00+00:00,120.635,113.20154363580936,-4.620610894579651,117.82215453038901
2025-10-11 19:00:00+00:00,112.545,100.6970084833176,-4.620610894579651,105.31761937789726
2025-10-11 20:00:00+00:00,106.9075,96.35570025801456,-4.620610894579651,100.97631115259422
2025-10-11 21:00:00+00:00,95.0975,92.818548375276,-4.620610894579651,97.43915926985565
2025-10-11 22:00:00+00:00,96.1775,94.33281268971146,-4.788498241439116,99.12131093115057
2025-10-11 23:00:00+00:00,92.1675,89.08208759164091,-4.788498241439116,93.87058583308003
2025-10-12 00:00:00+00:00,88.86,82.08362622086288,-4.788498241439116,86.872124462302
2025-10-12 01:00:00+00:00,85.13,79.96924784068398,-4.788498241439116,84.75774608212309
2025-10-12 02:00:00+00:00,86.4125,75.9859837637525,-4.788498241439116,80.77448200519162
2025-10-12 03:00:00+00:00,86.6575,73.38634147718483,-4.788498241439116,78.17483971862394
2025-10-12 04:00:00+00:00,88.3,80.34412526205018,-4.788498241439116,85.1326235034893
2025-10-12 05:00:00+00:00,89.1725,78.1006814564338,-4.788498241439116,82.88917969787292
2025-10-12 06:00:00+00:00,88.66,80.61862586371413,-4.788498241439116,85.40712410515324
2025-10-12 07:00:00+00:00,83.0625,77.46191182418542,-4.788498241439116,82.25041006562454
2025-10-12 08:00:00+00:00,76.205,65.7356836545366,-4.788498241439116,70.52418189597572
2025-10-12 09:00:00+00:00,71.9,40.586401051507465,-4.788498241439116,45.37489929294658
2025-10-12 10:00:00+00:00,66.8875,27.320147249914516,-4.788498241439116,32.108645491353634
2025-10-12 11:00:00+00:00,52.16,25.47868013783828,-4.788498241439116,30.267178379277397
2025-10-12 12:00:00+00:00,62.475,30.486976322257657,-4.788498241439116,35.275474563696775
2025-10-12 13:00:00+00:00,79.985,61.849770161252,-4.788498241439116,66.63826840269112
2025-10-12 14:00:00+00:00,88.0025,77.20089907129568,-4.788498241439116,81.9893973127348
2025-10-12 15:00:00+00:00,105.55,102.26454007378784,-4.788498241439116,107.05303831522696
2025-10-12 16:00:00+00:00,108.9,119.16076048446806,-4.788498241439116,123.94925872590717
2025-10-12 17:00:00+00:00,116.64,126.82118342228274,-4.788498241439116,131.60968166372186
2025-10-12 18:00:00+00:00,115.5275,113.2152044139782,-4.788498241439116,118.00370265541731
2025-10-12 19:00:00+00:00,110.4475,107.07598124056535,-4.788498241439116,111.86447948200447
2025-10-12 20:00:00+00:00,107.79,105.35803603147755,-4.788498241439116,110.14653427291667
2025-10-12 21:00:00+00:00,93.445,99.0285126174266,-4.788498241439116,103.81701085886571
2025-10-12 22:00:00+00:00,93.4525,101.171423280187,-4.753144103353891,105.92456738354089
2025-10-12 23:00:00+00:00,90.26,95.4748769536554,-4.753144103353891,100.22802105700929
2025-10-13 00:00:00+00:00,90.8325,90.78398578521188,-4.753144103353891,95.53712988856577
2025-10-13 01:00:00+00:00,89.1225,88.4293836951596,-4.753144103353891,93.18252779851349
2025-10-13 02:00:00+00:00,93.4525,91.4198834151198,-4.753144103353891,96.17302751847369
2025-10-13 03:00:00+00:00,98.095,103.2411019416885,-4.753144103353891,107.99424604504239
2025-10-13 04:00:00+00:00,131.41,114.38185546094716,-4.753144103353891,119.13499956430105
2025-10-13 05:00:00+00:00,218.6375,144.68614132168057,-4.753144103353891,149.43928542503446
2025-10-13 06:00:00+00:00,199.5575,162.0480606168233,-4.753144103353891,166.8012047201772
2025-10-13 07:00:00+00:00,150.185,133.21247231524802,-4.753144103353891,137.9656164186019
2025-10-13 08:00:00+00:00,125.0975,110.90531878022274,-4.753144103353891,115.65846288357663
2025-10-13 09:00:00+00:00,110.0,101.4379859613442,-4.753144103353891,106.19113006469809
2025-10-13 10:00:00+00:00,95.1,89.1918450963694,-4.753144103353891,93.9449891997233
2025-10-13 11:00:00+00:00,89.8575,85.1448494504372,-4.753144103353891,89.8979935537911
2025-10-13 12:00:00+00:00,92.0975,88.06688672966042,-4.753144103353891,92.82003083301431
2025-10-13 13:00:00+00:00,101.8425,101.94708359008403,-4.753144103353891,106.70022769343792
2025-10-13 14:00:00+00:00,117.9025,105.00900106227064,-4.753144103353891,109.76214516562453
2025-10-13 15:00:00+00:00,180.6,136.9551274108972,-4.753144103353891,141.7082715142511
2025-10-13 16:00:00+00:00,305.74,231.3703723364663,-4.753144103353891,236.12351643982018
2025-10-13 17:00:00+00:00,306.575,204.91459884734803,-4.753144103353891,209.66774295070192
2025-10-13 18:00:00+00:00,186.9525,172.90564410140095,-4.753144103353891,177.65878820475484
2025-10-13 19:00:00+00:00,137.175,131.87460091257216,-4.753144103353891,136.62774501592605
2025-10-13 20:00:00+00:00,121.9875,122.53147555905984,-4.753144103353891,127.28461966241373
2025-10-13 21:00:00+00:00,111.275,108.40349867704268,-4.753144103353891,113.15664278039657
2025-10-13 22:00:00+00:00,109.1825,105.14538737132722,-5.028843592601741,110.17423096392896
2025-10-13 23:00:00+00:00,103.015,101.1704692758168,-5.028843592601741,106.19931286841855
2025-10-14 00:00:00+00:00,99.52,95.67678747794751,-5.028843592601741,100.70563107054926
2025-10-14 01:00:00+00:00,98.8675,93.45241962497316,-5.028843592601741,98.4812632175749
2025-10-14 02:00:00+00:00,100.0475,94.45229499616028,-5.028843592601741,99.48113858876202
2025-10-14 03:00:00+00:00,101.4475,96.2460238644472,-5.028843592601741,101.27486745704894
2025-10-14 04:00:00+00:00,123.2925,111.83971330226198,-5.028843592601741,116.86855689486373
2025-10-14 05:00:00+00:00,160.195,164.63868112380342,-5.028843592601741,169.66752471640515
2025-10-14 06:00:00+00:00,190.82,156.20549170400008,-5.028843592601741,161.2343352966018
2025-10-14 07:00:00+00:00,156.445,131.6163907493309,-5.028843592601741,136.64523434193262
2025-10-14 08:00:00+00:00,134.725,114.90294762804288,-5.028843592601741,119.93179122064463
2025-10-14 09:00:00+00:00,119.845,100.2103085317214,-5.028843592601741,105.23915212432314
2025-10-14 10:00:00+00:00,107.6475,91.25760633873038,-5.028843592601741,96.28644993133213
2025-10-14 11:00:00+00:00,102.9975,89.30035563587579,-5.028843592601741,94.32919922847753
2025-10-14 12:00:00+00:00,105.265,93.80863195883838,-5.028843592601741,98.83747555144012
2025-10-14 13:00:00+00:00,122.275,98.54814534900584,-5.028843592601741,103.57698894160758
2025-10-14 14:00:00+00:00,146.6,118.73486294202225,-5.028843592601741,123.76370653462399
2025-10-14 15:00:00+00:00,219.195,187.93426199209412,-5.028843592601741,192.96310558469585
2025-10-14 16:00:00+00:00,404.9575,311.52919763340157,-5.028843592601741,316.5580412260033
2025-10-14 17:00:00+00:00,407.205,338.8799376745803,-5.028843592601741,343.908781267182
2025-10-14 18:00:00+00:00,225.48,188.7273510433707,-5.028843592601741,193.75619463597243
2025-10-14 19:00:00+00:00,163.04,154.84969271421554,-5.028843592601741,159.87853630681727
2025-10-14 20:00:00+00:00,129.85750000000002,128.670563793599,-5.028843592601741,133.69940738620073
2025-10-14 21:00:00+00:00,115.36,119.39758081915242,-5.028843592601741,124.42642441175417
2025-10-14 22:00:00+00:00,115.4625,114.74943190424284,-5.370004531110406,120.11943643535325
2025-10-14 23:00:00+00:00,111.865,107.8240578597904,-5.370004531110406,113.19406239090081
2025-10-15 00:00:00+00:00,107.68,102.19807755092432,-5.370004531110406,107.56808208203473
2025-10-15 01:00:00+00:00,103.6175,101.66038632580658,-5.370004531110406,107.030390856917
2025-10-15 02:00:00+00:00,106.48,104.99745443282062,-5.370004531110406,110.36745896393103
2025-10-15 03:00:00+00:00,114.3975,112.05605833912048,-5.370004531110406,117.4260628702309
2025-10-15 04:00:00+00:00,151.96,147.84344656758495,-5.370004531110406,153.21345109869534
2025-10-15 05:00:00+00:00,278.74,259.2994018637669,-5.370004531110406,264.6694063948773
2025-10-15 06:00:00+00:00,276.1975,254.26084121146215,-5.370004531110406,259.63084574257255
2025-10-15 07:00:00+00:00,181.0525,199.73699375314467,-5.370004531110406,205.10699828425507
2025-10-15 08:00:00+00:00,142.3575,164.26869152330917,-5.370004531110406,169.63869605441957
2025-10-15 09:00:00+00:00,126.105,129.5080749647301,-5.370004531110406,134.8780794958405
2025-10-15 10:00:00+00:00,119.425,112.8480733239115,-5.370004531110406,118.21807785502192
2025-10-15 11:00:00+00:00,112.8775,106.74556287382784,-5.370004531110406,112.11556740493825
2025-10-15 12:00:00+00:00,115.3925,102.74157994732238,-5.370004531110406,108.11158447843279
2025-10-15 13:00:00+00:00,122.6425,119.30567906274852,-5.370004531110406,124.67568359385893
2025-10-15 14:00:00+00:00,135.6925,129.6300891116667,-5.370004531110406,135.0000936427771
2025-10-15 15:00:00+00:00,170.0,157.30436724236586,-5.370004531110406,162.67437177347625
2025-10-15 16:00:00+00:00,221.8775,241.19495394620645,-5.370004531110406,246.56495847731685
2025-10-15 17:00:00+00:00,220.0,268.3168011792442,-5.370004531110406,273.6868057103546
2025-10-15 18:00:00+00:00,152.845,130.62673911377743,-5.370004531110406,135.99674364488783
2025-10-15 19:00:00+00:00,124.3425,112.98736295270731,-5.370004531110406,118.35736748381773
2025-10-15 20:00:00+00:00,98.21,100.01331647283465,-5.370004531110406,105.38332100394506
2025-10-15 21:00:00+00:00,88.17,94.64108995851804,-5.370004531110406,100.01109448962845
2025-10-15 22:00:00+00:00,88.16499999999999,87.09051287597073,-5.240425355798579,92.33093823176931
2025-10-15 23:00:00+00:00,85.8075,84.29565369937558,-5.240425355798579,89.53607905517416
2025-10-16 00:00:00+00:00,88.0,82.92487616174705,-5.240425355798579,88.16530151754563
2025-10-16 01:00:00+00:00,86.655,79.27644918977153,-5.240425355798579,84.5168745455701
2025-10-16 02:00:00+00:00,88.335,82.78593182546959,-5.240425355798579,88.02635718126817
2025-10-16 03:00:00+00:00,85.045,87.86108402965921,-5.240425355798579,93.10150938545779
2025-10-16 04:00:00+00:00,96.1925,103.49517891212533,-5.240425355798579,108.7356042679239
2025-10-16 05:00:00+00:00,116.1225,116.62304132378856,-5.240425355798579,121.86346667958713
2025-10-16 06:00:00+00:00,132.76749999999998,127.46551191467054,-5.240425355798579,132.70593727046912
2025-10-16 07:00:00+00:00,119.93,118.24943580751008,-5.240425355798579,123.48986116330866
2025-10-16 08:00:00+00:00,92.2375,115.38438785483784,-5.240425355798579,120.62481321063642
2025-10-16 09:00:00+00:00,88.3075,105.00101116520298,-5.240425355798579,110.24143652100156
2025-10-16 10:00:00+00:00,83.4025,95.89619389497884,-5.240425355798579,101.13661925077741
2025-10-16 11:00:00+00:00,81.47500000000001,88.49872276709546,-5.240425355798579,93.73914812289404
2025-10-16 12:00:00+00:00,82.98,90.9966709296212,-5.240425355798579,96.23709628541978
2025-10-16 13:00:00+00:00,83.0275,101.74317720947944,-5.240425355798579,106.98360256527802
2025-10-16 14:00:00+00:00,89.0275,107.6995492669247,-5.240425355798579,112.93997462272328
2025-10-16 15:00:00+00:00,120.915,130.63175049148805,-5.240425355798579,135.87217584728663
2025-10-16 16:00:00+00:00,130.0,132.03413061686285,-5.240425355798579,137.27455597266143
2025-10-16 17:00:00+00:00,140.59,125.13505294888792,-5.240425355798579,130.3754783046865
2025-10-16 18:00:00+00:00,125.595,122.29652919501372,-5.240425355798579,127.5369545508123
2025-10-16 19:00:00+00:00,102.2325,117.39235849655984,-5.240425355798579,122.63278385235841
2025-10-16 20:00:00+00:00,99.855,100.37992803075838,-5.240425355798579,105.62035338655696
2025-10-16 21:00:00+00:00,93.3625,90.94146531460112,-5.240425355798579,96.1818906703997
2025-10-16 22:00:00+00:00,88.14750000000001,88.0951851748655,-5.145207288637608,93.24039246350311
2025-10-16 23:00:00+00:00,88.3125,85.05091773596376,-5.145207288637608,90.19612502460137
2025-10-17 00:00:00+00:00,89.0575,82.73137969566717,-5.145207288637608,87.87658698430478
2025-10-17 01:00:00+00:00,88.4575,82.32536670334491,-5.145207288637608,87.47057399198252
2025-10-17 02:00:00+00:00,90.5875,83.67360820834016,-5.145207288637608,88.81881549697776
2025-10-17 03:00:00+00:00,94.51,88.02486592805323,-5.145207288637608,93.17007321669084
2025-10-17 04:00:00+00:00,107.91,103.78930757650686,-5.145207288637608,108.93451486514446
2025-10-17 05:00:00+00:00,129.485,126.816149411081,-5.145207288637608,131.9613566997186
2025-10-17 06:00:00+00:00,144.835,131.22268438535974,-5.145207288637608,136.36789167399735
2025-10-17 07:00:00+00:00,129.02,119.15743938840464,-5.145207288637608,124.30264667704225
2025-10-17 08:00:00+00:00,117.18,103.40491920326733,-5.145207288637608,108.55012649190493
2025-10-17 09:00:00+00:00,99.0375,87.23393548293174,-5.145207288637608,92.37914277156935
2025-10-17 10:00:00+00:00,88.14,84.03489989855606,-5.145207288637608,89.18010718719367
2025-10-17 11:00:00+00:00,86.7175,77.99684167722295,-5.145207288637608,83.14204896586055
2025-10-17 12:00:00+00:00,87.805,80.38815490961713,-5.145207288637608,85.53336219825474
2025-10-17 13:00:00+00:00,88.6425,85.05320161624331,-5.145207288637608,90.19840890488092
2025-10-17 14:00:00+00:00,95.0,99.78550662248016,-5.145207288637608,104.93071391111776
2025-10-17 15:00:00+00:00,117.1675,117.03655814732126,-5.145207288637608,122.18176543595887
2025-10-17 16:00:00+00:00,129.31,130.81439389426157,-5.145207288637608,135.95960118289918
2025-10-17 17:00:00+00:00,130.69,134.56343937275696,-5.145207288637608,139.70864666139457
2025-10-17 18:00:00+00:00,116.9875,126.9048338888702,-5.145207288637608,132.0500411775078
2025-10-17 19:00:00+00:00,104.055,106.49726273560512,-5.145207288637608,111.64247002424273
2025-10-17 20:00:00+00:00,102.1825,99.75350829755877,-5.145207288637608,104.89871558619637
2025-10-17 21:00:00+00:00,92.4975,96.10455272047646,-5.145207288637608,101.24976000911407
2025-10-17 22:00:00+00:00,94.615,96.057194385019,-5.161674367846907,101.21886875286592
2025-10-17 23:00:00+00:00,89.86,93.10105742946848,-5.161674367846907,98.2627317973154
2025-10-18 00:00:00+00:00,89.8125,96.14840609195416,-5.161674367846907,101.31008045980107
2025-10-18 01:00:00+00:00,88.33500000000001,96.41541013244304,-5.161674367846907,101.57708450028996
2025-10-18 02:00:00+00:00,88.35,98.44528405342834,-5.161674367846907,103.60695842127525
2025-10-18 03:00:00+00:00,88.315,100.36749088473049,-5.161674367846907,105.5291652525774
2025-10-18 04:00:00+00:00,91.955,103.5574445113079,-5.161674367846907,108.71911887915482
2025-10-18 05:00:00+00:00,109.4725,105.0305459101822,-5.161674367846907,110.19222027802911
2025-10-18 06:00:00+00:00,114.545,108.46499878361638,-5.161674367846907,113.6266731514633
2025-10-18 07:00:00+00:00,102.2425,106.44842395530328,-5.161674367846907,111.6100983231502
2025-10-18 08:00:00+00:00,91.4675,86.27191746224179,-5.161674367846907,91.4335918300887
2025-10-18 09:00:00+00:00,80.7875,63.778880344106845,-5.161674367846907,68.94055471195375
2025-10-18 10:00:00+00:00,73.94,38.98767672397852,-5.161674367846907,44.14935109182542
2025-10-18 11:00:00+00:00,67.5325,37.34090776271207,-5.161674367846907,42.50258213055898
2025-10-18 12:00:00+00:00,72.2975,52.99091610760761,-5.161674367846907,58.15259047545452
2025-10-18 13:00:00+00:00,83.5,78.30447463882064,-5.161674367846907,83.46614900666755
2025-10-18 14:00:00+00:00,96.55,96.05250767993851,-5.161674367846907,101.21418204778543
2025-10-18 15:00:00+00:00,120.64,122.30488117412273,-5.161674367846907,127.46655554196964
2025-10-18 16:00:00+00:00,133.235,153.6366382998241,-5.161674367846907,158.798312667671
2025-10-18 17:00:00+00:00,124.8225,144.94106377908108,-5.161674367846907,150.10273814692798
2025-10-18 18:00:00+00:00,112.995,122.46461576056356,-5.161674367846907,127.62629012841047
2025-10-18 19:00:00+00:00,92.5525,109.34146326437651,-5.161674367846907,114.50313763222343
2025-10-18 20:00:00+00:00,95.5775,105.63456834169124,-5.161674367846907,110.79624270953815
2025-10-18 21:00:00+00:00,94.355,93.7983564009364,-5.161674367846907,98.96003076878331
2025-10-18 22:00:00+00:00,92.3425,91.3986916831101,-5.191703953745785,96.59039563685589
2025-10-18 23:00:00+00:00,87.58500000000001,84.18535203629682,-5.191703953745785,89.3770559900426
2025-10-19 00:00:00+00:00,82.2925,81.73878657465323,-5.191703953745785,86.93049052839902
2025-10-19 01:00:00+00:00,82.14,78.81826270386222,-5.191703953745785,84.009966657608
2025-10-19 02:00:00+00:00,83.2125,75.55604804915149,-5.191703953745785,80.74775200289727
2025-10-19 03:00:00+00:00,83.4975,74.01532469001405,-5.191703953745785,79.20702864375984
2025-10-19 04:00:00+00:00,85.25,74.45438126678398,-5.191703953745785,79.64608522052977
2025-10-19 05:00:00+00:00,85.255,80.09866289013155,-5.191703953745785,85.29036684387734
2025-10-19 06:00:00+00:00,87.1575,70.04200657884014,-5.191703953745785,75.23371053258593
2025-10-19 07:00:00+00:00,78.4325,56.61979489481334,-5.191703953745785,61.811498848559125
2025-10-19 08:00:00+00:00,69.6375,52.72560600474434,-5.191703953745785,57.91730995849013
2025-10-19 09:00:00+00:00,60.3,38.44296998867786,-5.191703953745785,43.634673942423646
2025-10-19 10:00:00+00:00,34.567499999999995,29.55447521687646,-5.191703953745785,34.74617917062225
2025-10-19 11:00:00+00:00,20.295,18.49063458587139,-5.191703953745785,23.682338539617177
2025-10-19 12:00:00+00:00,36.2175,29.79705207667352,-5.191703953745785,34.9887560304193
2025-10-19 13:00:00+00:00,66.77250000000001,41.91052531127345,-5.191703953745785,47.10222926501924
2025-10-19 14:00:00+00:00,89.93,61.31947524480173,-5.191703953745785,66.51117919854751
2025-10-19 15:00:00+00:00,106.0725,81.76466766739887,-5.191703953745785,86.95637162114465
2025-10-19 16:00:00+00:00,107.6875,90.3547147536301,-5.191703953745785,95.54641870737589
2025-10-19 17:00:00+00:00,85.62,80.38981946615229,-5.191703953745785,85.58152341989808
2025-10-19 18:00:00+00:00,75.5025,65.66378491432765,-5.191703953745785,70.85548886807344
2025-10-19 19:00:00+00:00,73.15,51.52246211243116,-5.191703953745785,56.714166066176944
2025-10-19 20:00:00+00:00,74.74249999999999,53.717394868808654,-5.191703953745785,58.90909882255444
2025-10-19 21:00:00+00:00,60.855,46.51998530316656,-5.191703953745785,51.711689256912344
2025-10-19 22:00:00+00:00,70.03750000000001,56.18130924923106,-5.316859451810627,61.49816870104169
2025-10-19 23:00:00+00:00,63.975,53.73720324761687,-5.316859451810627,59.0540626994275
2025-10-20 00:00:00+00:00,60.98,53.782763405969874,-5.316859451810627,59.0996228577805
2025-10-20 01:00:00+00:00,60.0025,48.71549497860206,-5.316859451810627,54.03235443041269
2025-10-20 02:00:00+00:00,60.6025,52.846647366085904,-5.316859451810627,58.16350681789653
2025-10-20 03:00:00+00:00,74.81,63.12232894374763,-5.316859451810627,68.43918839555826
2025-10-20 04:00:00+00:00,76.2525,83.28095464376236,-5.316859451810627,88.59781409557299
2025-10-20 05:00:00+00:00,91.8675,102.03052733094331,-5.316859451810627,107.34738678275394
2025-10-20 06:00:00+00:00,125.0975,112.68954588484787,-5.316859451810627,118.0064053366585
2025-10-20 07:00:00+00:00,92.185,100.38672236172653,-5.316859451810627,105.70358181353716
2025-10-20 08:00:00+00:00,73.15,89.33868060455367,-5.316859451810627,94.6555400563643
2025-10-20 09:00:00+00:00,69.935,67.14194400613404,-5.316859451810627,72.45880345794467
2025-10-20 10:00:00+00:00,60.2875,74.65909725927635,-5.316859451810627,79.97595671108698
2025-10-20 11:00:00+00:00,65.27250000000001,68.08670540132763,-5.316859451810627,73.40356485313826
2025-10-20 12:00:00+00:00,76.08500000000001,87.96943772791741,-5.316859451810627,93.28629717972804
2025-10-20 13:00:00+00:00,97.14,100.73358057404572,-5.316859451810627,106.05044002585635
2025-10-20 14:00:00+00:00,119.51,110.1187185528742,-5.316859451810627,115.43557800468483
2025-10-20 15:00:00+00:00,131.1225,111.31777308466816,-5.316859451810627,116.63463253647879
2025-10-20 16:00:00+00:00,125.09,112.31198151704614,-5.316859451810627,117.62884096885676
2025-10-20 17:00:00+00:00,103.0,104.51349551837048,-5.316859451810627,109.8303549701811
2025-10-20 18:00:00+00:00,82.29,93.62121540358868,-5.316859451810627,98.93807485539931
2025-10-20 19:00:00+00:00,76.2525,84.82331417727377,-5.316859451810627,90.1401736290844
2025-10-20 20:00:00+00:00,68.3775,78.67830104509295,-5.316859451810627,83.99516049690358
2025-10-20 21:00:00+00:00,51.0,63.64632427419458,-5.316859451810627,68.96318372600521
2025-10-20 22:00:00+00:00,61.48,52.07334205861474,-5.21638287144793,57.289724930062675
2025-10-20 23:00:00+00:00,43.8325,45.22452701886511,-5.21638287144793,50.44090989031304
2025-10-21 00:00:00+00:00,33.0725,33.13545133300202,-5.21638287144793,38.35183420444994
2025-10-21 01:00:00+00:00,22.2775,31.94558092927869,-5.21638287144793,37.161963800726625
2025-10-21 02:00:00+00:00,25.9125,30.892609433310636,-5.21638287144793,36.108992304758566
2025-10-21 03:00:00+00:00,47.46,43.95578960989219,-5.21638287144793,49.17217248134013
2025-10-21 04:00:00+00:00,75.095,69.07613734308855,-5.21638287144793,74.29252021453648
2025-10-21 05:00:00+00:00,88.1225,83.09525496150326,-5.21638287144793,88.31163783295119
2025-10-21 06:00:00+00:00,91.5825,85.21984220288022,-5.21638287144793,90.43622507432815
2025-10-21 07:00:00+00:00,84.7175,63.9977055133059,-5.21638287144793,69.21408838475384
2025-10-21 08:00:00+00:00,74.27,42.75062351924603,-5.21638287144793,47.96700639069395
2025-10-21 09:00:00+00:00,65.1125,33.28119746184419,-5.21638287144793,38.49758033329212
2025-10-21 10:00:00+00:00,47.455,12.882965043871176,-5.21638287144793,18.099347915319107
2025-10-21 11:00:00+00:00,31.5825,8.443550265202997,-5.21638287144793,13.659933136650928
2025-10-21 12:00:00+00:00,33.06,9.256987526848423,-5.21638287144793,14.473370398296353
2025-10-21 13:00:00+00:00,60.23,50.37316980826641,-5.21638287144793,55.589552679714345
2025-10-21 14:00:00+00:00,68.2025,76.28087205448355,-5.21638287144793,81.49725492593149
2025-10-21 15:00:00+00:00,100.0,100.57775285590604,-5.21638287144793,105.79413572735398
2025-10-21 16:00:00+00:00,121.8,108.94227389214711,-5.21638287144793,114.15865676359505
2025-10-21 17:00:00+00:00,115.385,99.82388818830904,-5.21638287144793,105.04027105975698
2025-10-21 18:00:00+00:00,99.6725,91.8519949008973,-5.21638287144793,97.06837777234523
2025-10-21 19:00:00+00:00,81.055,84.12380801955126,-5.21638287144793,89.3401908909992
2025-10-21 20:00:00+00:00,81.68,81.25864114054826,-5.21638287144793,86.4750240119962
2025-10-21 21:00:00+00:00,74.33,63.76086147506592,-5.21638287144793,68.97724434651386
2025-10-21 22:00:00+00:00,87.8375,67.22570487202937,-5.314239788080904,72.53994466011028
2025-10-21 23:00:00+00:00,87.4925,65.8748881062444,-5.314239788080904,71.18912789432531
2025-10-22 00:00:00+00:00,85.405,60.857783562804755,-5.314239788080904,66.17202335088567
2025-10-22 01:00:00+00:00,89.3475,61.15417420735319,-5.314239788080904,66.4684139954341
2025-10-22 02:00:00+00:00,89.5025,65.4465121792919,-5.314239788080904,70.76075196737281
2025-10-22 03:00:00+00:00,90.175,77.29284755694034,-5.314239788080904,82.60708734502126
2025-10-22 04:00:00+00:00,99.3925,119.63206078497664,-5.314239788080904,124.94630057305756
2025-10-22 05:00:00+00:00,100.1825,137.06984549295962,-5.314239788080904,142.3840852810405
2025-10-22 06:00:00+00:00,113.7575,147.20714332541235,-5.314239788080904,152.52138311349324
2025-10-22 07:00:00+00:00,125.7175,131.3505493723606,-5.314239788080904,136.6647891604415
2025-10-22 08:00:00+00:00,105.7275,130.1143214495731,-5.314239788080904,135.428561237654
2025-10-22 09:00:00+00:00,91.215,118.89525335399662,-5.314239788080904,124.20949314207752
2025-10-22 10:00:00+00:00,87.1,110.49034299280808,-5.314239788080904,115.80458278088898
2025-10-22 11:00:00+00:00,86.0,106.59925657439348,-5.314239788080904,111.91349636247438
2025-10-22 12:00:00+00:00,93.46,106.77679190143786,-5.314239788080904,112.09103168951876
2025-10-22 13:00:00+00:00,110.655,117.0714804116085,-5.314239788080904,122.38572019968942
2025-10-22 14:00:00+00:00,135.0,133.51840243453924,-5.314239788080904,138.83264222262014
2025-10-22 15:00:00+00:00,198.0525,178.99262925480704,-5.314239788080904,184.30686904288794
2025-10-22 16:00:00+00:00,296.48249999999996,223.74727498922044,-5.314239788080904,229.06151477730134
2025-10-22 17:00:00+00:00,279.76,214.0265183759163,-5.314239788080904,219.3407581639972
2025-10-22 18:00:00+00:00,185.31,152.27001620071508,-5.314239788080904,157.58425598879597
2025-10-22 19:00:00+00:00,133.9475,115.19380817637251,-5.314239788080904,120.50804796445343
2025-10-22 20:00:00+00:00,122.065,107.48981094745578,-5.314239788080904,112.80405073553669
2025-10-22 21:00:00+00:00,108.0925,94.76184777628836,-5.314239788080904,100.07608756436926
2025-10-22 22:00:00+00:00,101.375,106.52993212975848,-5.269726038729277,111.79965816848775
2025-10-22 23:00:00+00:00,98.745,101.13066658665082,-5.269726038729277,106.40039262538009
2025-10-23 00:00:00+00:00,95.0675,92.02734111764094,-5.269726038729277,97.29706715637022
2025-10-23 01:00:00+00:00,79.9225,83.31901714008148,-5.269726038729277,88.58874317881076
2025-10-23 02:00:00+00:00,70.9975,59.72573925721815,-5.269726038729277,64.99546529594743
2025-10-23 03:00:00+00:00,67.52,50.10145319682386,-5.269726038729277,55.371179235553136
2025-10-23 04:00:00+00:00,72.25,67.701143842394,-5.269726038729277,72.97086988112328
2025-10-23 05:00:00+00:00,82.2825,74.72185203552225,-5.269726038729277,79.99157807425152
2025-10-23 06:00:00+00:00,90.0,75.27195939067849,-5.269726038729277,80.54168542940776
2025-10-23 07:00:00+00:00,83.0175,86.07210476764267,-5.269726038729277,91.34183080637195
2025-10-23 08:00:00+00:00,79.7025,45.62211597815491,-5.269726038729277,50.89184201688418
2025-10-23 09:00:00+00:00,69.6,35.91761186714659,-5.269726038729277,41.187337905875864
2025-10-23 10:00:00+00:00,66.0975,24.80433945475304,-5.269726038729277,30.07406549348232
2025-10-23 11:00:00+00:00,64.105,22.85060562667455,-5.269726038729277,28.12033166540383
2025-10-23 12:00:00+00:00,63.535,22.994181264037703,-5.269726038729277,28.26390730276698
2025-10-23 13:00:00+00:00,75.605,31.481347157515675,-5.269726038729277,36.75107319624495
2025-10-23 14:00:00+00:00,85.4975,57.64625608064545,-5.269726038729277,62.915982119374725
2025-10-23 15:00:00+00:00,98.1175,95.53357687264035,-5.269726038729277,100.80330291136963
2025-10-23 16:00:00+00:00,114.93,81.29208896865477,-5.269726038729277,86.56181500738404
2025-10-23 17:00:00+00:00,107.9125,79.95477748555228,-5.269726038729277,85.22450352428156
2025-10-23 18:00:00+00:00,87.7125,49.89254736240441,-5.269726038729277,55.16227340113368
2025-10-23 19:00:00+00:00,82.8125,38.61880157642644,-5.269726038729277,43.888527615155716
2025-10-23 20:00:00+00:00,77.655,35.294918919322996,-5.269726038729277,40.56464495805227
2025-10-23 21:00:00+00:00,60.0775,27.782950888278684,-5.269726038729277,33.05267692700796
2025-10-23 22:00:00+00:00,14.335,10.594730885998455,-5.6698129256303575,16.264543811628812
2025-10-23 23:00:00+00:00,9.835,9.673606944090118,-5.6698129256303575,15.343419869720474
2025-10-24 00:00:00+00:00,6.5249999999999995,8.820876041110512,-5.6698129256303575,14.49068896674087
2025-10-24 01:00:00+00:00,1.025,3.1162252127718633,-5.6698129256303575,8.78603813840222
2025-10-24 02:00:00+00:00,2.19,1.82169036760111,-5.6698129256303575,7.491503293231467
2025-10-24 03:00:00+00:00,7.525,2.6514671535045062,-5.6698129256303575,8.321280079134864
2025-10-24 04:00:00+00:00,23.2775,14.89208296406756,-5.6698129256303575,20.56189588969792
2025-10-24 05:00:00+00:00,64.985,35.6814200724587,-5.6698129256303575,41.35123299808906
2025-10-24 06:00:00+00:00,84.87,40.51717017349078,-5.6698129256303575,46.18698309912114
2025-10-24 07:00:00+00:00,76.5475,34.60138122436902,-5.6698129256303575,40.27119414999938
2025-10-24 08:00:00+00:00,58.3025,24.79742319906981,-5.6698129256303575,30.467236124700168
2025-10-24 09:00:00+00:00,33.0,8.876067565006416,-5.6698129256303575,14.545880490636772
2025-10-24 10:00:00+00:00,1.2525,5.641875359407821,-5.6698129256303575,11.311688285038178
2025-10-24 11:00:00+00:00,-0.01,0.3134027488819433,-5.6698129256303575,5.983215674512301
2025-10-24 12:00:00+00:00,-0.01,-2.04911773476327,-5.6698129256303575,3.6206951908670875
2025-10-24 13:00:00+00:00,1.81,-2.5210375044753253,-5.6698129256303575,3.1487754211550323
2025-10-24 14:00:00+00:00,37.32,5.127830786847077,-5.6698129256303575,10.797643712477434
2025-10-24 15:00:00+00:00,66.26,25.33522334696441,-5.6698129256303575,31.005036272594765
2025-10-24 16:00:00+00:00,74.61,53.50453453114961,-5.6698129256303575,59.17434745677997
2025-10-24 17:00:00+00:00,74.61250000000001,54.75259717050215,-5.6698129256303575,60.42241009613251
2025-10-24 18:00:00+00:00,57.05,44.00816319024173,-5.6698129256303575,49.67797611587209
2025-10-24 19:00:00+00:00,41.5075,29.780590636076315,-5.6698129256303575,35.45040356170667
2025-10-24 20:00:00+00:00,28.9225,28.470972001861742,-5.6698129256303575,34.1407849274921
2025-10-24 21:00:00+00:00,9.9675,16.46061949828765,-5.6698129256303575,22.130432423918005
2025-10-24 22:00:00+00:00,3.525,-0.679818942216714,-5.807258326095821,5.127439383879107
2025-10-24 23:00:00+00:00,1.3199999999999998,-1.6045800065964746,-5.807258326095821,4.202678319499346
2025-10-25 00:00:00+00:00,0.925,-1.0433184540794456,-5.807258326095821,4.763939872016375
2025-10-25 01:00:00+00:00,-0.0025,-0.2592105375647912,-5.807258326095821,5.548047788531029
2025-10-25 02:00:00+00:00,-0.0075,1.9208646256171185,-5.807258326095821,7.728122951712939
2025-10-25 03:00:00+00:00,0.1649999999999999,2.0772833648551754,-5.807258326095821,7.884541690950996
2025-10-25 04:00:00+00:00,0.5225,10.925113248614648,-5.807258326095821,16.73237157471047
2025-10-25 05:00:00+00:00,0.99,18.206587663338357,-5.807258326095821,24.013845989434177
2025-10-25 06:00:00+00:00,3.995,22.20993939199229,-5.807258326095821,28.01719771808811
2025-10-25 07:00:00+00:00,7.5825,21.632684531278596,-5.807258326095821,27.439942857374415
2025-10-25 08:00:00+00:00,6.7275,22.230019833239247,-5.807258326095821,28.037278159335067
2025-10-25 09:00:00+00:00,4.765000000000001,21.576756751005377,-5.807258326095821,27.384015077101196
2025-10-25 10:00:00+00:00,6.095000000000001,15.089697325277752,-5.807258326095821,20.896955651373574
2025-10-25 11:00:00+00:00,4.37,10.023933923497662,-5.807258326095821,15.831192249593482
2025-10-25 12:00:00+00:00,4.03,7.698973636688476,-5.807258326095821,13.506231962784296
2025-10-25 13:00:00+00:00,3.945,14.685282050404869,-5.807258326095821,20.49254037650069
2025-10-25 14:00:00+00:00,5.5575,22.5730537319617,-5.807258326095821,28.38031205805752
2025-10-25 15:00:00+00:00,25.3075,38.53396487278495,-5.807258326095821,44.34122319888077
2025-10-25 16:00:00+00:00,55.2525,42.928859270519126,-5.807258326095821,48.736117596614946
2025-10-25 17:00:00+00:00,61.265,39.87169495453893,-5.807258326095821,45.67895328063475
2025-10-25 18:00:00+00:00,33.995,25.609529921403546,-5.807258326095821,31.416788247499365
2025-10-25 19:00:00+00:00,14.1075,20.19096381874116,-5.807258326095821,25.99822214483698
2025-10-25 20:00:00+00:00,16.682499999999997,16.488010846956463,-5.807258326095821,22.295269173052283
2025-10-25 21:00:00+00:00,8.17,-1.3344944159882866,-5.807258326095821,4.472763910107534
2025-10-25 22:00:00+00:00,5.5725,11.65948670968346,-5.692610646172371,17.352097355855832
2025-10-25 23:00:00+00:00,3.6975,8.285529563755587,-5.692610646172371,13.978140209927957
2025-10-26 00:00:00+00:00,3.19,4.806295672554706,-5.692610646172371,10.498906318727077
2025-10-26 01:00:00+00:00,2.015,1.3329638274982674,-5.692610646172371,7.0255744736706385
2025-10-26 02:00:00+00:00,0.3425,-1.8747373817488573,-5.692610646172371,3.817873264423514
2025-10-26 03:00:00+00:00,0.1025,-2.779029431624538,-5.692610646172371,2.913581214547833
2025-10-26 04:00:00+00:00,0.105,-0.195692302266583,-5.692610646172371,5.496918343905788
2025-10-26 05:00:00+00:00,0.1075,-1.4685202244052082,-5.692610646172371,4.224090421767163
2025-10-26 06:00:00+00:00,0.1025,-1.162894643381244,-5.692610646172371,4.529716002791127
2025-10-26 07:00:00+00:00,-0.01,1.295463283352912,-5.692610646172371,6.988073929525283
2025-10-26 08:00:00+00:00,-0.3125,-0.0864528847432898,-5.692610646172371,5.606157761429081
2025-10-26 09:00:00+00:00,-0.065,-0.4312462233326857,-5.692610646172371,5.261364422839685
2025-10-26 10:00:00+00:00,-0.08,-1.5798961201895578,-5.692610646172371,4.112714525982813
2025-10-26 11:00:00+00:00,-0.065,-4.634588489446514,-5.692610646172371,1.0580221567258565
2025-10-26 12:00:00+00:00,-0.545,-6.497173690567366,-5.692610646172371,-0.8045630443949952
2025-10-26 13:00:00+00:00,-0.7325,-5.017863779947799,-5.692610646172371,0.6747468662245719
2025-10-26 14:00:00+00:00,-0.01,-3.4598665466409213,-5.692610646172371,2.2327440995314496
2025-10-26 15:00:00+00:00,3.0375,3.132751134060201,-5.692610646172371,8.825361780232573
2025-10-26 16:00:00+00:00,30.0025,6.7546354308344485,-5.692610646172371,12.44724607700682
2025-10-26 17:00:00+00:00,42.0225,3.838478438915786,-5.692610646172371,9.531089085088157
2025-10-26 18:00:00+00:00,34.730000000000004,3.254285828228283,-5.692610646172371,8.946896474400654
2025-10-26 19:00:00+00:00,16.642500000000002,-5.081922816074536,-5.692610646172371,0.6106878300978344
2025-10-26 20:00:00+00:00,3.065,-4.82943728381449,-5.692610646172371,0.8631733623578812
2025-10-26 21:00:00+00:00,14.9075,-3.830689131215262,-5.692610646172371,1.8619215149571087
2025-10-26 22:00:00+00:00,5.0600000000000005,-9.116422432494945,-5.692610646172371,-3.423811786322574
2025-10-26 23:00:00+00:00,1.3424999999999998,7.956557072699776,-5.766037212508474,13.722594285208249
2025-10-27 00:00:00+00:00,1.825,6.014520353773606,-5.766037212508474,11.78055756628208
2025-10-27 01:00:00+00:00,1.25,3.885469189339698,-5.766037212508474,9.651506401848172
2025-10-27 02:00:00+00:00,-0.0025,3.521455666884191,-5.766037212508474,9.287492879392666
2025-10-27 03:00:00+00:00,1.3075,6.206125896886762,-5.766037212508474,11.972163109395236
2025-10-27 04:00:00+00:00,10.7825,17.21922085194554,-5.766037212508474,22.985258064454015
2025-10-27 05:00:00+00:00,55.0,41.65780350187271,-5.766037212508474,47.423840714381186
2025-10-27 06:00:00+00:00,86.065,96.30213210568245,-5.766037212508474,102.06816931819093
2025-10-27 07:00:00+00:00,100.1475,82.02083082277659,-5.766037212508474,87.78686803528507
2025-10-27 08:00:00+00:00,101.86,69.15803093173832,-5.766037212508474,74.9240681442468
2025-10-27 09:00:00+00:00,96.7375,70.93797513151371,-5.766037212508474,76.70401234402219
2025-10-27 10:00:00+00:00,94.6325,58.4930636962163,-5.766037212508474,64.25910090872478
2025-10-27 11:00:00+00:00,82.6975,55.1481217280928,-5.766037212508474,60.914158940601276
2025-10-27 12:00:00+00:00,81.1225,48.01446030368802,-5.766037212508474,53.78049751619649
2025-10-27 13:00:00+00:00,83.3475,43.410881919628864,-5.766037212508474,49.176919132137336
2025-10-27 14:00:00+00:00,83.66499999999999,66.17475082964246,-5.766037212508474,71.94078804215094
2025-10-27 15:00:00+00:00,99.2325,96.76516408901118,-5.766037212508474,102.53120130151966
2025-10-27 16:00:00+00:00,110.71,100.45862143022504,-5.766037212508474,106.22465864273352
2025-10-27 17:00:00+00:00,126.5375,92.10562043824544,-5.766037212508474,97.87165765075392
2025-10-27 18:00:00+00:00,113.4975,86.23114422314262,-5.766037212508474,91.9971814356511
2025-10-27 19:00:00+00:00,95.035,67.1530412188186,-5.766037212508474,72.91907843132708
2025-10-27 20:00:00+00:00,77.94,55.42505456932121,-5.766037212508474,61.191091781829684
2025-10-27 21:00:00+00:00,74.48,59.28596821754811,-5.766037212508474,65.05200543005658
2025-10-27 22:00:00+00:00,62.425,40.68161373116143,-5.766037212508474,46.4476509436699
2025-10-27 23:00:00+00:00,44.11,36.22421880927337,-5.9505528368727125,42.17477164614608
2025-10-28 00:00:00+00:00,28.8825,21.23587259288463,-5.9505528368727125,27.186425429757342
2025-10-28 01:00:00+00:00,18.5425,16.53137784406072,-5.9505528368727125,22.481930680933434
2025-10-28 02:00:00+00:00,10.2225,15.2670216819456,-5.9505528368727125,21.217574518818314
2025-10-28 03:00:00+00:00,10.9525,21.0023181545492,-5.9505528368727125,26.952870991421914
2025-10-28 04:00:00+00:00,30.4075,23.32843862680631,-5.9505528368727125,29.278991463679024
2025-10-28 05:00:00+00:00,59.522499999999994,57.97566948475942,-5.9505528368727125,63.92622232163213
2025-10-28 06:00:00+00:00,80.3825,72.30788982571785,-5.9505528368727125,78.25844266259057
2025-10-28 07:00:00+00:00,89.395,68.45609687111525,-5.9505528368727125,74.40664970798797
2025-10-28 08:00:00+00:00,87.36500000000001,62.70875936279274,-5.9505528368727125,68.65931219966545
2025-10-28 09:00:00+00:00,81.0025,50.708663039644335,-5.9505528368727125,56.659215876517045
2025-10-28 10:00:00+00:00,75.41499999999999,41.03467782186171,-5.9505528368727125,46.98523065873442
2025-10-28 11:00:00+00:00,67.56,30.120355194339343,-5.9505528368727125,36.070908031212056
2025-10-28 12:00:00+00:00,62.3025,23.93337806439898,-5.9505528368727125,29.883930901271693
2025-10-28 13:00:00+00:00,64.42,22.912899289736707,-5.9505528368727125,28.86345212660942
2025-10-28 14:00:00+00:00,73.0975,32.006882910621066,-5.9505528368727125,37.957435747493776
2025-10-28 15:00:00+00:00,80.07249999999999,55.57843161382264,-5.9505528368727125,61.52898445069535
2025-10-28 16:00:00+00:00,93.8325,51.8632877862216,-5.9505528368727125,57.81384062309431
2025-10-28 17:00:00+00:00,110.23,58.72079551301434,-5.9505528368727125,64.67134834988705
2025-10-28 18:00:00+00:00,106.9125,70.3526870592814,-5.9505528368727125,76.30323989615411
2025-10-28 19:00:00+00:00,91.925,60.64454741099536,-5.9505528368727125,66.59510024786807
2025-10-28 20:00:00+00:00,80.8375,61.43335214519231,-5.9505528368727125,67.38390498206502
2025-10-28 21:00:00+00:00,79.58,59.84184565750682,-5.9505528368727125,65.79239849437954
2025-10-28 22:00:00+00:00,73.2225,47.9638722707724,-5.9505528368727125,53.91442510764511
2025-10-28 23:00:00+00:00,58.8025,31.67003952427279,-6.329220977734516,37.99926050200731
2025-10-29 00:00:00+00:00,54.035,23.940704219702955,-6.329220977734516,30.26992519743747
2025-10-29 01:00:00+00:00,54.155,23.08902646487476,-6.329220977734516,29.418247442609275
2025-10-29 02:00:00+00:00,56.3475,30.606972587792058,-6.329220977734516,36.93619356552657
2025-10-29 03:00:00+00:00,54.725,35.43178284486129,-6.329220977734516,41.761003822595804
2025-10-29 04:00:00+00:00,66.6175,49.729383543954945,-6.329220977734516,56.05860452168946
2025-10-29 05:00:00+00:00,95.4325,78.70453534859601,-6.329220977734516,85.03375632633053
2025-10-29 06:00:00+00:00,107.5325,98.4485326752123,-6.329220977734516,104.77775365294683
2025-10-29 07:00:00+00:00,100.265,103.52757527145684,-6.329220977734516,109.85679624919136
2025-10-29 08:00:00+00:00,85.805,83.60247278221763,-6.329220977734516,89.93169375995215
2025-10-29 09:00:00+00:00,71.9525,69.08599054176663,-6.329220977734516,75.41521151950116
2025-10-29 10:00:00+00:00,70.2125,64.5673850888016,-6.329220977734516,70.89660606653612
2025-10-29 11:00:00+00:00,70.8375,57.77396456697891,-6.329220977734516,64.10318554471343
2025-10-29 12:00:00+00:00,77.1125,67.83640887017967,-6.329220977734516,74.16562984791419
2025-10-29 13:00:00+00:00,88.8525,78.61727469286814,-6.329220977734516,84.94649567060266
2025-10-29 14:00:00+00:00,116.3575,110.10955096624086,-6.329220977734516,116.43877194397538
2025-10-29 15:00:00+00:00,126.2325,125.8065714773962,-6.329220977734516,132.1357924551307
2025-10-29 16:00:00+00:00,126.975,132.2575079475313,-6.329220977734516,138.58672892526582
2025-10-29 17:00:00+00:00,128.7425,149.08886303530562,-6.329220977734516,155.41808401304013
2025-10-29 18:00:00+00:00,113.5425,142.61138774333895,-6.329220977734516,148.94060872107346
2025-10-29 19:00:00+00:00,102.65,124.15693095452416,-6.329220977734516,130.48615193225868
2025-10-29 20:00:00+00:00,96.5025,108.41375122843648,-6.329220977734516,114.742972206171
2025-10-29 21:00:00+00:00,94.4225,99.80533172763576,-6.329220977734516,106.13455270537028
2025-10-29 22:00:00+00:00,87.1425,92.59811010620086,-6.329220977734516,98.92733108393539
2025-10-29 23:00:00+00:00,75.245,73.75151902585003,-6.372724986977278,80.1242440128273
2025-10-30 00:00:00+00:00,70.105,66.76238434412024,-6.372724986977278,73.13510933109751
2025-10-30 01:00:00+00:00,65.525,46.26802451100794,-6.372724986977278,52.64074949798521
2025-10-30 02:00:00+00:00,60.4175,36.66896050201141,-6.372724986977278,43.04168548898869
2025-10-30 03:00:00+00:00,57.1525,31.85048979690055,-6.372724986977278,38.22321478387783
2025-10-30 04:00:00+00:00,60.0125,35.906139390941526,-6.372724986977278,42.27886437791881
2025-10-30 05:00:00+00:00,69.1775,47.437812769605934,-6.372724986977278,53.810537756583216
2025-10-30 06:00:00+00:00,79.9375,69.56496605817416,-6.372724986977278,75.93769104515144
2025-10-30 07:00:00+00:00,85.2975,63.946454508223496,-6.372724986977278,70.31917949520077
2025-10-30 08:00:00+00:00,66.7225,36.203844939909985,-6.372724986977278,42.57656992688726
2025-10-30 09:00:00+00:00,42.9025,24.643603584789968,-6.372724986977278,31.016328571767247
2025-10-30 10:00:00+00:00,7.0825000000000005,22.30717443362622,-6.372724986977278,28.679899420603498
2025-10-30 11:00:00+00:00,-0.0025,21.50186893479402,-6.372724986977278,27.8745939217713
2025-10-30 12:00:00+00:00,0.0024999999999999,19.90227643515953,-6.372724986977278,26.275001422136807
2025-10-30 13:00:00+00:00,31.2925,25.617921544464373,-6.372724986977278,31.99064653144165
2025-10-30 14:00:00+00:00,69.8,71.69662111532176,-6.372724986977278,78.06934610229904
2025-10-30 15:00:00+00:00,85.295,92.86278117291714,-6.372724986977278,99.23550615989441
2025-10-30 16:00:00+00:00,117.93,108.8076766680754,-6.372724986977278,115.18040165505268
2025-10-30 17:00:00+00:00,117.6975,120.7046488378632,-6.372724986977278,127.07737382484048
2025-10-30 18:00:00+00:00,117.6725,108.73627542812564,-6.372724986977278,115.10900041510291
2025-10-30 19:00:00+00:00,105.2875,98.98054150343243,-6.372724986977278,105.35326649040971
2025-10-30 20:00:00+00:00,98.035,92.35053821386006,-6.372724986977278,98.72326320083734
2025-10-30 21:00:00+00:00,98.44,92.00857549410044,-6.372724986977278,98.38130048107772
2025-10-30 22:00:00+00:00,84.8325,83.48328416606208,-6.372724986977278,89.85600915303935
2025-10-30 23:00:00+00:00,87.74000000000001,88.59132473483989,-6.5226350656579735,95.11395980049787
2025-10-31 00:00:00+00:00,78.1575,85.97689807514216,-6.5226350656579735,92.49953314080014
2025-10-31 01:00:00+00:00,74.74,79.65643171288245,-6.5226350656579735,86.17906677854043
2025-10-31 02:00:00+00:00,75.675,78.18543375535616,-6.5226350656579735,84.70806882101414
2025-10-31 03:00:00+00:00,79.7625,77.66390590694468,-6.5226350656579735,84.18654097260266
2025-10-31 04:00:00+00:00,91.825,83.29670429328738,-6.5226350656579735,89.81933935894536
2025-10-31 05:00:00+00:00,120.385,100.1722788393829,-6.5226350656579735,106.69491390504088
2025-10-31 06:00:00+00:00,119.5725,110.5564274340298,-6.5226350656579735,117.07906249968778
2025-10-31 07:00:00+00:00,108.765,109.30839627908216,-6.5226350656579735,115.83103134474014
2025-10-31 08:00:00+00:00,83.0125,84.22471372065937,-6.5226350656579735,90.74734878631735
2025-10-31 09:00:00+00:00,75.67,70.33078405775485,-6.5226350656579735,76.85341912341283
2025-10-31 10:00:00+00:00,74.0875,54.04109662047557,-6.5226350656579735,60.56373168613354
2025-10-31 11:00:00+00:00,75.99000000000001,59.21343902093009,-6.5226350656579735,65.73607408658806
2025-10-31 12:00:00+00:00,84.2075,63.34157450954552,-6.5226350656579735,69.86420957520349
2025-10-31 13:00:00+00:00,106.7,83.72391627479972,-6.5226350656579735,90.2465513404577
2025-10-31 14:00:00+00:00,127.0775,110.87754996193614,-6.5226350656579735,117.40018502759412
2025-10-31 15:00:00+00:00,132.0475,115.98300872989564,-6.5226350656579735,122.50564379555362
2025-10-31 16:00:00+00:00,122.175,129.87613135217092,-6.5226350656579735,136.39876641782888
2025-10-31 17:00:00+00:00,107.28,119.8310190532888,-6.5226350656579735,126.35365411894678
2025-10-31 18:00:00+00:00,90.005,103.1306003363077,-6.5226350656579735,109.65323540196567
2025-10-31 19:00:00+00:00,86.0475,90.42472860776772,-6.5226350656579735,96.9473636734257
2025-10-31 20:00:00+00:00,87.465,79.57072279159746,-6.5226350656579735,86.09335785725544
2025-10-31 21:00:00+00:00,81.845,78.64499378342133,-6.5226350656579735,85.1676288490793
2025-10-31 22:00:00+00:00,67.60249999999999,65.3484508670094,-6.5226350656579735,71.87108593266738
2025-10-31 23:00:00+00:00,54.7075,44.08845050165315,-6.566326378679485,50.65477688033263
2025-11-01 00:00:00+00:00,38.115,43.6399036514015,-6.566326378679485,50.20623003008098
2025-11-01 01:00:00+00:00,28.2725,42.60225465536639,-6.566326378679485,49.16858103404587
2025-11-01 02:00:00+00:00,29.9575,40.49076923828118,-6.566326378679485,47.057095616960666
2025-11-01 03:00:00+00:00,19.9025,37.268346696579734,-6.566326378679485,43.83467307525922
2025-11-01 04:00:00+00:00,15.3275,35.535925225476404,-6.566326378679485,42.10225160415589
2025-11-01 05:00:00+00:00,11.6275,56.00124855007061,-6.566326378679485,62.5675749287501
2025-11-01 06:00:00+00:00,17.605,50.21043672743885,-6.566326378679485,56.77676310611833
2025-11-01 07:00:00+00:00,29.95,27.37508200789688,-6.566326378679485,33.94140838657636
2025-11-01 08:00:00+00:00,27.045,14.034880478011065,-6.566326378679485,20.60120685669055
2025-11-01 09:00:00+00:00,18.299999999999997,13.588219111828192,-6.566326378679485,20.154545490507676
2025-11-01 10:00:00+00:00,15.7575,18.46365502726663,-6.566326378679485,25.029981405946113
2025-11-01 11:00:00+00:00,21.015,18.11944278825325,-6.566326378679485,24.685769166932733
2025-11-01 12:00:00+00:00,31.74,25.030027862925117,-6.566326378679485,31.5963542416046
2025-11-01 13:00:00+00:00,54.0025,44.941763938079056,-6.566326378679485,51.50809031675854
2025-11-01 14:00:00+00:00,59.0725,55.401457075783014,-6.566326378679485,61.9677834544625
2025-11-01 15:00:00+00:00,76.58500000000001,66.64636784074779,-6.566326378679485,73.21269421942728
2025-11-01 16:00:00+00:00,88.78999999999999,76.34402658053202,-6.566326378679485,82.91035295921151
2025-11-01 17:00:00+00:00,89.055,75.32030317157758,-6.566326378679485,81.88662955025707
2025-11-01 18:00:00+00:00,86.4,58.626882240990035,-6.566326378679485,65.19320861966952
2025-11-01 19:00:00+00:00,86.1975,47.79707931166586,-6.566326378679485,54.363405690345346
2025-11-01 20:00:00+00:00,83.2825,51.52447918309634,-6.566326378679485,58.090805561775824
2025-11-01 21:00:00+00:00,82.93,66.69113576598825,-6.566326378679485,73.25746214466774
2025-11-01 22:00:00+00:00,77.5075,64.02870228205477,-6.566326378679485,70.59502866073426
2025-11-01 23:00:00+00:00,64.285,50.980301550494026,-6.585012734960817,57.565314285454846
2025-11-02 00:00:00+00:00,60.3275,46.83134501498652,-6.585012734960817,53.41635774994734
2025-11-02 01:00:00+00:00,60.9775,41.90357565452624,-6.585012734960817,48.48858838948706
2025-11-02 02:00:00+00:00,62.7325,45.99603757658645,-6.585012734960817,52.58105031154727
2025-11-02 03:00:00+00:00,67.0175,51.91120338443359,-6.585012734960817,58.49621611939441
2025-11-02 04:00:00+00:00,68.81,59.684417464753096,-6.585012734960817,66.26943019971391
2025-11-02 05:00:00+00:00,70.3475,61.4131617184327,-6.585012734960817,67.99817445339352
2025-11-02 06:00:00+00:00,75.53,64.95988664744978,-6.585012734960817,71.54489938241059
2025-11-02 07:00:00+00:00,77.12,64.8032528671894,-6.585012734960817,71.38826560215021
2025-11-02 08:00:00+00:00,78.4575,59.266900116743706,-6.585012734960817,65.85191285170453
2025-11-02 09:00:00+00:00,74.99,55.57429170611104,-6.585012734960817,62.15930444107186
2025-11-02 10:00:00+00:00,74.97999999999999,60.073129407577476,-6.585012734960817,66.6581421425383
2025-11-02 11:00:00+00:00,75.2125,67.97804043870887,-6.585012734960817,74.56305317366969
2025-11-02 12:00:00+00:00,83.1625,74.41396407231527,-6.585012734960817,80.99897680727608
2025-11-02 13:00:00+00:00,92.55,93.46446775987684,-6.585012734960817,100.04948049483765
2025-11-02 14:00:00+00:00,110.6525,95.68616905713932,-6.585012734960817,102.27118179210014
2025-11-02 15:00:00+00:00,116.5025,114.71018740911757,-6.585012734960817,121.29520014407838
2025-11-02 16:00:00+00:00,132.0725,126.49081888552878,-6.585012734960817,133.0758316204896
2025-11-02 17:00:00+00:00,130.4075,118.9113054983933,-6.585012734960817,125.49631823335412
2025-11-02 18:00:00+00:00,113.6075,111.35302437634871,-6.585012734960817,117.93803711130953
2025-11-02 19:00:00+00:00,98.6,102.51149634250388,-6.585012734960817,109.09650907746469
2025-11-02 20:00:00+00:00,95.33,95.07880006421904,-6.585012734960817,101.66381279917985
2025-11-02 21:00:00+00:00,93.1775,88.72464462766732,-6.585012734960817,95.30965736262813
2025-11-02 22:00:00+00:00,85.04249999999999,80.41902510047856,-6.585012734960817,87.00403783543938
2025-11-02 23:00:00+00:00,82.44,67.69975895517666,-6.532326802809159,74.23208575798583
2025-11-03 00:00:00+00:00,80.105,55.01336653963784,-6.532326802809159,61.545693342447
2025-11-03 01:00:00+00:00,74.9975,47.83438093432249,-6.532326802809159,54.36670773713165
2025-11-03 02:00:00+00:00,73.14,45.1551233352017,-6.532326802809159,51.68745013801086
2025-11-03 03:00:00+00:00,74.9725,45.48298549159085,-6.532326802809159,52.01531229440001
2025-11-03 04:00:00+00:00,75.0,54.27313547168656,-6.532326802809159,60.80546227449572
2025-11-03 05:00:00+00:00,95.33,68.94583579007084,-6.532326802809159,75.47816259288001
2025-11-03 06:00:00+00:00,117.255,87.84183671876067,-6.532326802809159,94.37416352156984
2025-11-03 07:00:00+00:00,105.0,87.27281928148183,-6.532326802809159,93.80514608429098
2025-11-03 08:00:00+00:00,85.7625,67.32229961143204,-6.532326802809159,73.85462641424121
2025-11-03 09:00:00+00:00,75.44500000000001,50.14052993051641,-6.532326802809159,56.67285673332557
2025-11-03 10:00:00+00:00,71.675,42.48176115080917,-6.532326802809159,49.01408795361833
2025-11-03 11:00:00+00:00,67.99000000000001,39.82693694055664,-6.532326802809159,46.3592637433658
2025-11-03 12:00:00+00:00,71.925,45.866124153521255,-6.532326802809159,52.398450956330414
2025-11-03 13:00:00+00:00,74.975,64.14593932720392,-6.532326802809159,70.67826613001307
2025-11-03 14:00:00+00:00,82.60499999999999,84.42329719009865,-6.532326802809159,90.95562399290782
2025-11-03 15:00:00+00:00,92.735,94.39351971294688,-6.532326802809159,100.92584651575604
2025-11-03 16:00:00+00:00,92.52,98.68812208382174,-6.532326802809159,105.22044888663089
2025-11-03 17:00:00+00:00,90.555,100.2240953573412,-6.532326802809159,106.75642216015035
2025-11-03 18:00:00+00:00,81.57499999999999,86.31872400321116,-6.532326802809159,92.85105080602031
2025-11-03 19:00:00+00:00,71.63250000000001,66.77963390728758,-6.532326802809159,73.31196071009674
2025-11-03 20:00:00+00:00,60.00749999999999,57.67722491263874,-6.532326802809159,64.2095517154479
2025-11-03 21:00:00+00:00,52.7125,63.518864848105245,-6.532326802809159,70.0511916509144
2025-11-03 22:00:00+00:00,28.715,51.70078228682033,-6.532326802809159,58.23310908962949
2025-11-03 23:00:00+00:00,16.53,44.84745950824959,-6.611007517184575,51.45846702543417
2025-11-04 00:00:00+00:00,7.2575,35.37155747452364,-6.611007517184575,41.982564991708216
2025-11-04 01:00:00+00:00,4.925,38.10852432111692,-6.611007517184575,44.71953183830149
2025-11-04 02:00:00+00:00,6.3125,37.266895870040635,-6.611007517184575,43.87790338722521
2025-11-04 03:00:00+00:00,21.1975,42.50447490340297,-6.611007517184575,49.11548242058755
2025-11-04 04:00:00+00:00,58.4325,50.11727066167211,-6.611007517184575,56.728278178856684
2025-11-04 05:00:00+00:00,81.0375,84.95417237169308,-6.611007517184575,91.56517988887765
2025-11-04 06:00:00+00:00,114.3075,102.91566532364322,-6.611007517184575,109.5266728408278
2025-11-04 07:00:00+00:00,110.0,100.97161976973317,-6.611007517184575,107.58262728691774
2025-11-04 08:00:00+00:00,80.8475,84.9546848529418,-6.611007517184575,91.56569237012637
2025-11-04 09:00:00+00:00,60.6475,75.40103240920611,-6.611007517184575,82.01203992639068
2025-11-04 10:00:00+00:00,52.87,69.37938327648617,-6.611007517184575,75.99039079367074
2025-11-04 11:00:00+00:00,50.1525,68.70890190366501,-6.611007517184575,75.31990942084958
2025-11-04 12:00:00+00:00,66.9375,70.37710551784312,-6.611007517184575,76.9881130350277
2025-11-04 13:00:00+00:00,81.05,85.18093107560796,-6.611007517184575,91.79193859279253
2025-11-04 14:00:00+00:00,116.265,107.4588278132735,-6.611007517184575,114.06983533045808
2025-11-04 15:00:00+00:00,127.475,122.30578304135442,-6.611007517184575,128.916790558539
2025-11-04 16:00:00+00:00,129.1,127.75919164349662,-6.611007517184575,134.37019916068118
2025-11-04 17:00:00+00:00,122.7625,133.58073484762642,-6.611007517184575,140.19174236481098
2025-11-04 18:00:00+00:00,106.6975,118.44317565730448,-6.611007517184575,125.05418317448905
2025-11-04 19:00:00+00:00,96.7525,99.85124410805555,-6.611007517184575,106.46225162524013
2025-11-04 20:00:00+00:00,91.365,90.65309395144163,-6.611007517184575,97.26410146862621
2025-11-04 21:00:00+00:00,86.2375,90.26579625932152,-6.611007517184575,96.8768037765061
2025-11-04 22:00:00+00:00,76.1225,79.40192036314075,-6.611007517184575,86.01292788032532
2025-11-04 23:00:00+00:00,77.33,64.88919753249357,-6.533861679128554,71.42305921162212
2025-11-05 00:00:00+00:00,75.8225,55.636313830432144,-6.533861679128554,62.1701755095607
2025-11-05 01:00:00+00:00,74.35499999999999,54.84347599992875,-6.533861679128554,61.377337679057305
2025-11-05 02:00:00+00:00,74.6825,58.28636461773874,-6.533861679128554,64.82022629686729
2025-11-05 03:00:00+00:00,78.885,61.11285237213168,-6.533861679128554,67.64671405126023
2025-11-05 04:00:00+00:00,85.0,67.35972027441996,-6.533861679128554,73.8935819535485
2025-11-05 05:00:00+00:00,91.3625,83.5719332541548,-6.533861679128554,90.10579493328335
2025-11-05 06:00:00+00:00,115.9,113.70778839913216,-6.533861679128554,120.2416500782607
2025-11-05 07:00:00+00:00,107.115,97.85095993235176,-6.533861679128554,104.3848216114803
2025-11-05 08:00:00+00:00,74.54,77.44542438243228,-6.533861679128554,83.97928606156083
2025-11-05 09:00:00+00:00,62.8825,65.0660506304037,-6.533861679128554,71.59991230953224
2025-11-05 10:00:00+00:00,62.0075,63.10663856850376,-6.533861679128554,69.64050024763232
2025-11-05 11:00:00+00:00,62.07,63.593892811592816,-6.533861679128554,70.12775449072137
2025-11-05 12:00:00+00:00,77.3325,71.41466459422222,-6.533861679128554,77.94852627335077
2025-11-05 13:00:00+00:00,96.1925,87.67959344526072,-6.533861679128554,94.21345512438927
2025-11-05 14:00:00+00:00,115.395,125.2556202043396,-6.533861679128554,131.78948188346817
2025-11-05 15:00:00+00:00,141.3825,133.53923153846466,-6.533861679128554,140.07309321759323
2025-11-05 16:00:00+00:00,147.4175,134.42425885100866,-6.533861679128554,140.95812053013722
2025-11-05 17:00:00+00:00,127.58,131.04716747830432,-6.533861679128554,137.58102915743288
2025-11-05 18:00:00+00:00,114.755,117.5688382890582,-6.533861679128554,124.10269996818676
2025-11-05 19:00:00+00:00,104.79,104.51419916101388,-6.533861679128554,111.04806084014243
2025-11-05 20:00:00+00:00,98.9175,100.3729937831017,-6.533861679128554,106.90685546223025
2025-11-05 21:00:00+00:00,88.8475,96.3376215146601,-6.533861679128554,102.87148319378865
2025-11-05 22:00:00+00:00,87.7,94.27935772501009,-6.533861679128554,100.81321940413864
2025-11-05 23:00:00+00:00,93.3725,96.48907883224032,-6.6526997962741135,103.14177862851443
2025-11-06 00:00:00+00:00,90.83,93.71789580037634,-6.6526997962741135,100.37059559665045
2025-11-06 01:00:00+00:00,91.3975,93.06927059793512,-6.6526997962741135,99.72197039420922
2025-11-06 02:00:00+00:00,90.505,91.32460330821256,-6.6526997962741135,97.97730310448668
2025-11-06 03:00:00+00:00,91.9,92.73265713339188,-6.6526997962741135,99.38535692966599
2025-11-06 04:00:00+00:00,92.17,99.36153315720205,-6.6526997962741135,106.01423295347615
2025-11-06 05:00:00+00:00,118.35,108.0790871093383,-6.6526997962741135,114.73178690561241
2025-11-06 06:00:00+00:00,130.2325,136.38674299990063,-6.6526997962741135,143.03944279617474
2025-11-06 07:00:00+00:00,119.68,123.96838718585848,-6.6526997962741135,130.6210869821326
2025-11-06 08:00:00+00:00,93.2125,105.94413275356742,-6.6526997962741135,112.59683254984154
2025-11-06 09:00:00+00:00,85.1575,90.05260944775597,-6.6526997962741135,96.70530924403008
2025-11-06 10:00:00+00:00,83.7,84.86100516541505,-6.6526997962741135,91.51370496168917
2025-11-06 11:00:00+00:00,83.9925,84.64684868864222,-6.6526997962741135,91.29954848491633
2025-11-06 12:00:00+00:00,87.17999999999999,85.43726004379474,-6.6526997962741135,92.08995984006884
2025-11-06 13:00:00+00:00,99.485,94.59405073877387,-6.6526997962741135,101.246750535048
2025-11-06 14:00:00+00:00,128.24,116.54450308931972,-6.6526997962741135,123.19720288559384
2025-11-06 15:00:00+00:00,147.495,145.97647593330697,-6.6526997962741135,152.62917572958108
2025-11-06 16:00:00+00:00,154.255,146.71763532035797,-6.6526997962741135,153.37033511663208
2025-11-06 17:00:00+00:00,137.4475,134.0777347800007,-6.6526997962741135,140.7304345762748
2025-11-06 18:00:00+00:00,126.4625,119.9992217119446,-6.6526997962741135,126.65192150821872
2025-11-06 19:00:00+00:00,114.97,113.5141067469261,-6.6526997962741135,120.16680654320021
2025-11-06 20:00:00+00:00,100.98,105.65227790193116,-6.6526997962741135,112.30497769820528
2025-11-06 21:00:00+00:00,97.485,99.35065155958635,-6.6526997962741135,106.00335135586047
2025-11-06 22:00:00+00:00,90.5525,91.46888348464316,-6.6526997962741135,98.12158328091726
2025-11-06 23:00:00+00:00,90.1775,98.258900149279,-6.602883500660965,104.86178364993997
2025-11-07 00:00:00+00:00,88.8225,94.91234786547136,-6.602883500660965,101.51523136613233
2025-11-07 01:00:00+00:00,89.6,94.29088956427216,-6.602883500660965,100.89377306493313
2025-11-07 02:00:00+00:00,89.61250000000001,93.509476593995,-6.602883500660965,100.11236009465597
2025-11-07 03:00:00+00:00,90.41,93.35876095360832,-6.602883500660965,99.96164445426929
2025-11-07 04:00:00+00:00,94.21,96.50162607467183,-6.602883500660965,103.1045095753328
2025-11-07 05:00:00+00:00,112.265,115.73298394808036,-6.602883500660965,122.33586744874133
2025-11-07 06:00:00+00:00,133.8825,129.62654685544237,-6.602883500660965,136.22943035610334
2025-11-07 07:00:00+00:00,128.0475,124.39895560964784,-6.602883500660965,131.00183911030882
2025-11-07 08:00:00+00:00,108.105,99.34022613956294,-6.602883500660965,105.94310964022391
2025-11-07 09:00:00+00:00,93.38,95.10564185317692,-6.602883500660965,101.70852535383789
2025-11-07 10:00:00+00:00,89.9875,95.63232144666216,-6.602883500660965,102.23520494732313
2025-11-07 11:00:00+00:00,88.80250000000001,92.95178131713548,-6.602883500660965,99.55466481779645
2025-11-07 12:00:00+00:00,92.0525,91.83142694998315,-6.602883500660965,98.43431045064412
2025-11-07 13:00:00+00:00,103.1,101.57194005429496,-6.602883500660965,108.17482355495592
2025-11-07 14:00:00+00:00,129.6225,132.27732702757626,-6.602883500660965,138.88021052823723
2025-11-07 15:00:00+00:00,165.1225,172.96709354974897,-6.602883500660965,179.56997705040993
2025-11-07 16:00:00+00:00,178.5375,201.55895144884815,-6.602883500660965,208.1618349495091
2025-11-07 17:00:00+00:00,145.6825,180.8410619491885,-6.602883500660965,187.44394544984945
2025-11-07 18:00:00+00:00,131.4825,147.91758643281003,-6.602883500660965,154.520469933471
2025-11-07 19:00:00+00:00,119.4275,131.9032404073307,-6.602883500660965,138.50612390799168
2025-11-07 20:00:00+00:00,106.6525,109.68085025570755,-6.602883500660965,116.28373375636852
2025-11-07 21:00:00+00:00,98.275,101.96779651550818,-6.602883500660965,108.57068001616915
2025-11-07 22:00:00+00:00,92.0525,97.7521466187916,-6.602883500660965,104.35503011945256
2025-11-07 23:00:00+00:00,96.53,101.92627274254336,-6.07809684539033,108.0043695879337
2025-11-08 00:00:00+00:00,96.325,98.31526681596831,-6.07809684539033,104.39336366135865
2025-11-08 01:00:00+00:00,93.9975,96.78959618023256,-6.07809684539033,102.8676930256229
2025-11-08 02:00:00+00:00,93.9725,99.45452990187133,-6.07809684539033,105.53262674726166
2025-11-08 03:00:00+00:00,95.0375,97.2455257686885,-6.07809684539033,103.32362261407883
2025-11-08 04:00:00+00:00,94.195,95.26497467261866,-6.07809684539033,101.343071518009
2025-11-08 05:00:00+00:00,95.2775,98.55331635630938,-6.07809684539033,104.63141320169971
2025-11-08 06:00:00+00:00,103.8425,118.61204869441217,-6.07809684539033,124.6901455398025
2025-11-08 07:00:00+00:00,105.5,114.19570961002428,-6.07809684539033,120.27380645541461
2025-11-08 08:00:00+00:00,103.62,111.20541771492292,-6.07809684539033,117.28351456031325
2025-11-08 09:00:00+00:00,102.1775,101.99949929091996,-6.07809684539033,108.07759613631029
2025-11-08 10:00:00+00:00,96.9475,96.37635349964164,-6.07809684539033,102.45445034503197
2025-11-08 11:00:00+00:00,95.16,95.24122303848212,-6.07809684539033,101.31931988387245
2025-11-08 12:00:00+00:00,95.9125,94.83366655581476,-6.07809684539033,100.91176340120509
2025-11-08 13:00:00+00:00,101.5425,105.43857869332376,-6.07809684539033,111.5166755387141
2025-11-08 14:00:00+00:00,117.6175,113.8145964559854,-6.07809684539033,119.89269330137573
2025-11-08 15:00:00+00:00,124.635,197.2443078260806,-6.07809684539033,203.3224046714709
2025-11-08 16:00:00+00:00,134.915,219.3013387248897,-6.07809684539033,225.37943557028
2025-11-08 17:00:00+00:00,136.5325,163.9189088492276,-6.07809684539033,169.9970056946179
2025-11-08 18:00:00+00:00,131.98000000000002,121.4134096197509,-6.07809684539033,127.49150646514123
2025-11-08 19:00:00+00:00,122.9675,127.22376172055051,-6.07809684539033,133.30185856594085
2025-11-08 20:00:00+00:00,113.305,117.88461676927288,-6.07809684539033,123.96271361466322
2025-11-08 21:00:00+00:00,106.26,105.57113404472727,-6.07809684539033,111.64923089011761
2025-11-08 22:00:00+00:00,96.905,101.76576864560256,-6.07809684539033,107.8438654909929
2025-11-08 23:00:00+00:00,96.345,109.48133369883594,-5.656675415350538,115.13800911418647
2025-11-09 00:00:00+00:00,94.555,102.69616211243824,-5.656675415350538,108.35283752778878
2025-11-09 01:00:00+00:00,92.8325,103.52643750692307,-5.656675415350538,109.18311292227361
2025-11-09 02:00:00+00:00,91.1325,98.6500704008514,-5.656675415350538,104.30674581620194
2025-11-09 03:00:00+00:00,91.6475,97.55245854936295,-5.656675415350538,103.20913396471349
2025-11-09 04:00:00+00:00,91.685,97.96578465083766,-5.656675415350538,103.6224600661882
2025-11-09 05:00:00+00:00,89.9375,92.74412680885943,-5.656675415350538,98.40080222420997
2025-11-09 06:00:00+00:00,88.615,93.07970902190324,-5.656675415350538,98.73638443725378
2025-11-09 07:00:00+00:00,97.2725,94.19140295343269,-5.656675415350538,99.84807836878322
2025-11-09 08:00:00+00:00,97.6175,107.8003481448797,-5.656675415350538,113.45702356023024
2025-11-09 09:00:00+00:00,97.0325,110.79384929438578,-5.656675415350538,116.45052470973631
2025-11-09 10:00:00+00:00,97.305,105.44035941442536,-5.656675415350538,111.0970348297759
2025-11-09 11:00:00+00:00,97.8375,105.49735776383432,-5.656675415350538,111.15403317918485
2025-11-09 12:00:00+00:00,96.4025,107.17325288093812,-5.656675415350538,112.82992829628866
2025-11-09 13:00:00+00:00,97.315,112.19672869150996,-5.656675415350538,117.8534041068605
2025-11-09 14:00:00+00:00,97.795,118.20840979949976,-5.656675415350538,123.8650852148503
2025-11-09 15:00:00+00:00,109.8475,112.63982092041208,-5.656675415350538,118.29649633576261
2025-11-09 16:00:00+00:00,125.1,125.70756437811458,-5.656675415350538,131.36423979346512
2025-11-09 17:00:00+00:00,126.1,137.46443561000885,-5.656675415350538,143.1211110253594
2025-11-09 18:00:00+00:00,117.955,132.54076521933428,-5.656675415350538,138.19744063468482
2025-11-09 19:00:00+00:00,106.0,119.4946765544572,-5.656675415350538,125.15135196980773
2025-11-09 20:00:00+00:00,93.5375,109.0093976690972,-5.656675415350538,114.66607308444773
2025-11-09 21:00:00+00:00,92.315,103.03833428195767,-5.656675415350538,108.69500969730821
2025-11-09 22:00:00+00:00,89.93,92.33182499802412,-5.656675415350538,97.98850041337465
2025-11-09 23:00:00+00:00,88.98,93.27886330903756,-5.787592934931398,99.06645624396896
2025-11-10 00:00:00+00:00,87.63499999999999,91.85948970437283,-5.787592934931398,97.64708263930423
2025-11-10 01:00:00+00:00,88.9025,88.81035639730706,-5.787592934931398,94.59794933223846
2025-11-10 02:00:00+00:00,87.5225,87.02999893104793,-5.787592934931398,92.81759186597932
2025-11-10 03:00:00+00:00,87.1775,90.30886589979316,-5.787592934931398,96.09645883472456
2025-11-10 04:00:00+00:00,92.3125,97.3983097256036,-5.787592934931398,103.18590266053499
2025-11-10 05:00:00+00:00,113.4525,116.914045179705,-5.787592934931398,122.7016381146364
2025-11-10 06:00:00+00:00,142.995,158.21832531228506,-5.787592934931398,164.00591824721647
2025-11-10 07:00:00+00:00,157.875,143.95368003340047,-5.787592934931398,149.74127296833188
2025-11-10 08:00:00+00:00,144.2975,128.5751012649406,-5.787592934931398,134.362694199872
2025-11-10 09:00:00+00:00,126.2725,119.81391058624726,-5.787592934931398,125.60150352117866
2025-11-10 10:00:00+00:00,115.245,110.36482454052944,-5.787592934931398,116.15241747546084
2025-11-10 11:00:00+00:00,105.9225,108.35533032780792,-5.787592934931398,114.14292326273932
2025-11-10 12:00:00+00:00,108.41,109.794720448766,-5.787592934931398,115.5823133836974
2025-11-10 13:00:00+00:00,115.565,113.64553586236292,-5.787592934931398,119.43312879729432
2025-11-10 14:00:00+00:00,126.2525,130.57695629374476,-5.787592934931398,136.36454922867617
2025-11-10 15:00:00+00:00,133.35500000000002,144.21116928761256,-5.787592934931398,149.99876222254397
2025-11-10 16:00:00+00:00,139.4025,156.11233492646195,-5.787592934931398,161.89992786139337
2025-11-10 17:00:00+00:00,120.725,152.8247630345884,-5.787592934931398,158.6123559695198
2025-11-10 18:00:00+00:00,103.6625,132.01762209707965,-5.787592934931398,137.80521503201106
2025-11-10 19:00:00+00:00,90.11,112.99719691007414,-5.787592934931398,118.78478984500553
2025-11-10 20:00:00+00:00,88.9875,102.5551761105922,-5.787592934931398,108.3427690455236
2025-11-10 21:00:00+00:00,88.39250000000001,96.0357721837924,-5.787592934931398,101.8233651187238
2025-11-10 22:00:00+00:00,83.87,86.99400214713543,-5.787592934931398,92.78159508206683
2025-11-10 23:00:00+00:00,83.19,82.70336017431309,-5.657015544756202,88.3603757190693
2025-11-11 00:00:00+00:00,79.9825,79.65134404192865,-5.657015544756202,85.30835958668486
2025-11-11 01:00:00+00:00,75.80250000000001,77.1061457498261,-5.657015544756202,82.7631612945823
2025-11-11 02:00:00+00:00,74.87,73.916036672083,-5.657015544756202,79.5730522168392
2025-11-11 03:00:00+00:00,75.495,72.58898282521181,-5.657015544756202,78.24599836996802
2025-11-11 04:00:00+00:00,77.07249999999999,85.23010718471609,-5.657015544756202,90.8871227294723
2025-11-11 05:00:00+00:00,86.7875,102.42255558440816,-5.657015544756202,108.07957112916436
2025-11-11 06:00:00+00:00,105.21,116.85174645997924,-5.657015544756202,122.50876200473544
2025-11-11 07:00:00+00:00,113.7975,125.4771438918068,-5.657015544756202,131.134159436563
2025-11-11 08:00:00+00:00,103.115,113.44260237099488,-5.657015544756202,119.09961791575108
2025-11-11 09:00:00+00:00,91.4725,98.70694701251486,-5.657015544756202,104.36396255727107
2025-11-11 10:00:00+00:00,87.9225,90.31282401427195,-5.657015544756202,95.96983955902816
2025-11-11 11:00:00+00:00,86.66,83.63422816371168,-5.657015544756202,89.29124370846789
2025-11-11 12:00:00+00:00,89.93,90.4383685865119,-5.657015544756202,96.0953841312681
2025-11-11 13:00:00+00:00,101.235,102.70508255504949,-5.657015544756202,108.36209809980569
2025-11-11 14:00:00+00:00,124.275,122.1981707477445,-5.657015544756202,127.8551862925007
2025-11-11 15:00:00+00:00,143.0725,125.64058238287184,-5.657015544756202,131.29759792762803
2025-11-11 16:00:00+00:00,143.2575,140.79226976250635,-5.657015544756202,146.44928530726256
2025-11-11 17:00:00+00:00,114.9975,125.6428680198591,-5.657015544756202,131.2998835646153
2025-11-11 18:00:00+00:00,105.0325,114.60311154671606,-5.657015544756202,120.26012709147227
2025-11-11 19:00:00+00:00,98.175,102.78861880089651,-5.657015544756202,108.44563434565272
2025-11-11 20:00:00+00:00,96.3825,100.50824969769332,-5.657015544756202,106.16526524244952
2025-11-11 21:00:00+00:00,92.06,98.78617651387772,-5.657015544756202,104.44319205863393
2025-11-11 22:00:00+00:00,75.5,91.39848755748228,-5.657015544756202,97.05550310223849
2025-11-11 23:00:00+00:00,74.9775,93.39670235535796,-5.661934548879681,99.05863690423764
2025-11-12 00:00:00+00:00,68.315,88.8710230255062,-5.661934548879681,94.53295757438589
2025-11-12 01:00:00+00:00,64.41,82.50343797936662,-5.661934548879681,88.16537252824631
2025-11-12 02:00:00+00:00,62.4,75.44611990340589,-5.661934548879681,81.10805445228557
2025-11-12 03:00:00+00:00,62.3,69.02257942908058,-5.661934548879681,74.68451397796026
2025-11-12 04:00:00+00:00,69.30000000000001,69.03622328837317,-5.661934548879681,74.69815783725285
2025-11-12 05:00:00+00:00,76.9975,80.35774638240805,-5.661934548879681,86.01968093128774
2025-11-12 06:00:00+00:00,107.26,105.70243152394872,-5.661934548879681,111.3643660728284
2025-11-12 07:00:00+00:00,100.7225,98.60709377249196,-5.661934548879681,104.26902832137165
2025-11-12 08:00:00+00:00,78.1125,76.03145194031394,-5.661934548879681,81.69338648919363
2025-11-12 09:00:00+00:00,71.5275,48.14788934184925,-5.661934548879681,53.80982389072893
2025-11-12 10:00:00+00:00,60.005,47.43960722939406,-5.661934548879681,53.10154177827374
2025-11-12 11:00:00+00:00,59.135,48.63830430511486,-5.661934548879681,54.300238853994536
2025-11-12 12:00:00+00:00,73.7675,63.24244678155963,-5.661934548879681,68.9043813304393
2025-11-12 13:00:00+00:00,80.425,80.12974873822489,-5.661934548879681,85.79168328710458
2025-11-12 14:00:00+00:00,104.97,101.06105671493572,-5.661934548879681,106.7229912638154
2025-11-12 15:00:00+00:00,113.625,111.81088267542928,-5.661934548879681,117.47281722430897
2025-11-12 16:00:00+00:00,115.395,116.04117100018937,-5.661934548879681,121.70310554906905
2025-11-12 17:00:00+00:00,104.8675,102.48531237469004,-5.661934548879681,108.14724692356972
2025-11-12 18:00:00+00:00,88.9275,90.50908347232274,-5.661934548879681,96.17101802120243
2025-11-12 19:00:00+00:00,80.945,73.30344658680963,-5.661934548879681,78.96538113568931
2025-11-12 20:00:00+00:00,76.905,67.19273530235377,-5.661934548879681,72.85466985123345
2025-11-12 21:00:00+00:00,75.545,60.48474409536799,-5.661934548879681,66.14667864424767
2025-11-12 22:00:00+00:00,56.934999999999995,48.520175880081126,-5.661934548879681,54.182110428960804
2025-11-12 23:00:00+00:00,32.917500000000004,47.05419025711675,-5.6208654819899415,52.675055739106696
2025-11-13 00:00:00+00:00,18.9725,41.28821091090422,-5.6208654819899415,46.909076392894164
2025-11-13 01:00:00+00:00,11.1875,34.94976294625712,-5.6208654819899415,40.57062842824706
2025-11-13 02:00:00+00:00,7.78,32.977516739963015,-5.6208654819899415,38.59838222195296
2025-11-13 03:00:00+00:00,6.0,35.89838188256445,-5.6208654819899415,41.51924736455439
2025-11-13 04:00:00+00:00,25.9725,43.680308018730535,-5.6208654819899415,49.30117350072048
2025-11-13 05:00:00+00:00,50.885000000000005,69.4948401546799,-5.6208654819899415,75.11570563666984
2025-11-13 06:00:00+00:00,76.845,94.36311508946945,-5.6208654819899415,99.98398057145938
2025-11-13 07:00:00+00:00,66.0825,78.1149929354774,-5.6208654819899415,83.73585841746734
2025-11-13 08:00:00+00:00,53.61,41.11742800211304,-5.6208654819899415,46.73829348410298
2025-11-13 09:00:00+00:00,50.3225,37.3942738732287,-5.6208654819899415,43.015139355218636
2025-11-13 10:00:00+00:00,42.96,21.48518541093441,-5.6208654819899415,27.10605089292435
2025-11-13 11:00:00+00:00,48.09,21.206805660656343,-5.6208654819899415,26.827671142646285
2025-11-13 12:00:00+00:00,60.5725,34.50709111878215,-5.6208654819899415,40.127956600772094
2025-11-13 13:00:00+00:00,77.33500000000001,55.56315496493183,-5.6208654819899415,61.18402044692178
2025-11-13 14:00:00+00:00,101.665,99.95359093960994,-5.6208654819899415,105.57445642159988
2025-11-13 15:00:00+00:00,111.5125,111.34800491098196,-5.6208654819899415,116.9688703929719
2025-11-13 16:00:00+00:00,130.1,128.2164624679425,-5.6208654819899415,133.83732794993244
2025-11-13 17:00:00+00:00,131.8025,125.66702692644692,-5.6208654819899415,131.28789240843687
2025-11-13 18:00:00+00:00,129.8875,124.01114914229656,-5.6208654819899415,129.6320146242865
2025-11-13 19:00:00+00:00,111.845,113.9212040423226,-5.6208654819899415,119.54206952431254
2025-11-13 20:00:00+00:00,116.6075,105.42387981307924,-5.6208654819899415,111.04474529506918
2025-11-13 21:00:00+00:00,110.585,101.40775342565112,-5.6208654819899415,107.02861890764106
2025-11-13 22:00:00+00:00,102.7725,94.457811004987,-5.6208654819899415,100.07867648697693
2025-11-13 23:00:00+00:00,98.4425,90.04179985398022,-5.566441259485622,95.60824111346585
2025-11-14 00:00:00+00:00,95.8025,86.35840766853312,-5.566441259485622,91.92484892801875
2025-11-14 01:00:00+00:00,94.9325,89.89631484551727,-5.566441259485622,95.46275610500288
2025-11-14 02:00:00+00:00,91.53,86.54750936150401,-5.566441259485622,92.11395062098964
2025-11-14 03:00:00+00:00,92.13,89.65016691672571,-5.566441259485622,95.21660817621134
2025-11-14 04:00:00+00:00,91.6025,93.86958786204072,-5.566441259485622,99.43602912152633
2025-11-14 05:00:00+00:00,112.7775,114.53333264943632,-5.566441259485622,120.09977390892195
2025-11-14 06:00:00+00:00,138.3475,130.7341934134355,-5.566441259485622,136.30063467292112
2025-11-14 07:00:00+00:00,136.385,121.61190711592332,-5.566441259485622,127.17834837540894
2025-11-14 08:00:00+00:00,120.9025,107.31474271092388,-5.566441259485622,112.8811839704095
2025-11-14 09:00:00+00:00,112.0275,92.48086573101784,-5.566441259485622,98.04730699050347
2025-11-14 10:00:00+00:00,106.035,86.24522598420207,-5.566441259485622,91.81166724368768
2025-11-14 11:00:00+00:00,101.225,88.70282831309699,-5.566441259485622,94.2692695725826
2025-11-14 12:00:00+00:00,105.4225,88.17258805824609,-5.566441259485622,93.7390293177317
2025-11-14 13:00:00+00:00,107.0625,99.42129820144068,-5.566441259485622,104.98773946092629
2025-11-14 14:00:00+00:00,115.3925,122.36980131324331,-5.566441259485622,127.93624257272893
2025-11-14 15:00:00+00:00,115.965,141.64821497016823,-5.566441259485622,147.21465622965385
2025-11-14 16:00:00+00:00,131.57,143.83025545956266,-5.566441259485622,149.3966967190483
2025-11-14 17:00:00+00:00,119.81,142.82659261958395,-5.566441259485622,148.39303387906958
2025-11-14 18:00:00+00:00,106.49,129.28413585309815,-5.566441259485622,134.85057711258378
2025-11-14 19:00:00+00:00,98.915,107.03725483260824,-5.566441259485622,112.60369609209386
2025-11-14 20:00:00+00:00,93.1625,106.76044683655324,-5.566441259485622,112.32688809603886
2025-11-14 21:00:00+00:00,97.015,97.365147285239,-5.566441259485622,102.93158854472463
2025-11-14 22:00:00+00:00,78.65,85.60345562887396,-5.566441259485622,91.16989688835957
2025-11-14 23:00:00+00:00,77.3775,55.51878130027912,-5.774017199251936,61.29279849953106
2025-11-15 00:00:00+00:00,77.95,49.407195600741694,-5.774017199251936,55.18121279999363
2025-11-15 01:00:00+00:00,74.7175,47.54369772654335,-5.774017199251936,53.317714925795286
2025-11-15 02:00:00+00:00,73.03,37.87450130043664,-5.774017199251936,43.64851849968858
2025-11-15 03:00:00+00:00,72.2,36.59177166572129,-5.774017199251936,42.365788864973226
2025-11-15 04:00:00+00:00,70.615,35.39947661698987,-5.774017199251936,41.17349381624181
2025-11-15 05:00:00+00:00,68.1575,51.77699045614024,-5.774017199251936,57.551007655392176
2025-11-15 06:00:00+00:00,77.055,64.29870179469674,-5.774017199251936,70.07271899394867
2025-11-15 07:00:00+00:00,80.065,63.3248420261155,-5.774017199251936,69.09885922536743
2025-11-15 08:00:00+00:00,85.235,65.97886061754546,-5.774017199251936,71.7528778167974
2025-11-15 09:00:00+00:00,85.6125,71.07037083869511,-5.774017199251936,76.84438803794704
2025-11-15 10:00:00+00:00,85.4225,71.9071411938337,-5.774017199251936,77.68115839308562
2025-11-15 11:00:00+00:00,84.1925,73.72824435069569,-5.774017199251936,79.50226154994762
2025-11-15 12:00:00+00:00,90.6675,83.51782623954487,-5.774017199251936,89.2918434387968
2025-11-15 13:00:00+00:00,94.6525,91.22564196541728,-5.774017199251936,96.99965916466921
2025-11-15 14:00:00+00:00,101.1925,101.91420127873212,-5.774017199251936,107.68821847798405
2025-11-15 15:00:00+00:00,109.7925,100.09428460196966,-5.774017199251936,105.86830180122159
2025-11-15 16:00:00+00:00,121.8,113.73854079069652,-5.774017199251936,119.51255798994845
2025-11-15 17:00:00+00:00,121.5225,108.2569268441526,-5.774017199251936,114.03094404340453
2025-11-15 18:00:00+00:00,114.065,100.92674501518354,-5.774017199251936,106.70076221443547
2025-11-15 19:00:00+00:00,109.125,96.93114975084684,-5.774017199251936,102.70516695009877
2025-11-15 20:00:00+00:00,102.885,101.34484641483093,-5.774017199251936,107.11886361408285
2025-11-15 21:00:00+00:00,101.7175,100.83319522714464,-5.774017199251936,106.60721242639657
2025-11-15 22:00:00+00:00,97.8675,95.69948994439872,-5.774017199251936,101.47350714365065
2025-11-15 23:00:00+00:00,93.7475,95.3814719316822,-6.193448884208378,101.57492081589058
2025-11-16 00:00:00+00:00,95.0,94.93732795763768,-6.193448884208378,101.13077684184606
2025-11-16 01:00:00+00:00,93.35,94.14142007852512,-6.193448884208378,100.3348689627335
2025-11-16 02:00:00+00:00,91.45,93.09205460238256,-6.193448884208378,99.28550348659094
2025-11-16 03:00:00+00:00,88.215,94.52204656650292,-6.193448884208378,100.7154954507113
2025-11-16 04:00:00+00:00,91.13,94.12453888177932,-6.193448884208378,100.3179877659877
2025-11-16 05:00:00+00:00,85.6725,91.14219604441122,-6.193448884208378,97.3356449286196
2025-11-16 06:00:00+00:00,92.4875,94.94808050950924,-6.193448884208378,101.14152939371762
2025-11-16 07:00:00+00:00,98.49,95.78555356617176,-6.193448884208378,101.97900245038014
2025-11-16 08:00:00+00:00,101.185,105.57205927213084,-6.193448884208378,111.76550815633922
2025-11-16 09:00:00+00:00,99.2775,108.39927469818718,-6.193448884208378,114.59272358239556
2025-11-16 10:00:00+00:00,102.5675,107.34026646539688,-6.193448884208378,113.53371534960526
2025-11-16 11:00:00+00:00,102.4675,107.39546453658944,-6.193448884208378,113.58891342079782
2025-11-16 12:00:00+00:00,103.9975,109.99903205240756,-6.193448884208378,116.19248093661594
2025-11-16 13:00:00+00:00,109.265,110.28361651458512,-6.193448884208378,116.4770653987935
2025-11-16 14:00:00+00:00,116.72,113.31236915362632,-6.193448884208378,119.5058180378347
2025-11-16 15:00:00+00:00,124.495,119.93844412657135,-6.193448884208378,126.13189301077973
2025-11-16 16:00:00+00:00,129.3725,126.3638125411224,-6.193448884208378,132.55726142533078
2025-11-16 17:00:00+00:00,125.21,125.4749366655264,-6.193448884208378,131.66838554973478
2025-11-16 18:00:00+00:00,115.33,119.01714952181578,-6.193448884208378,125.21059840602416
2025-11-16 19:00:00+00:00,102.7175,112.43050778312498,-6.193448884208378,118.62395666733336
2025-11-16 20:00:00+00:00,91.41,104.66457166826902,-6.193448884208378,110.8580205524774
2025-11-16 21:00:00+00:00,94.385,99.98645732541928,-6.193448884208378,106.17990620962766
2025-11-16 22:00:00+00:00,86.5275,87.33123657379129,-6.193448884208378,93.52468545799967
2025-11-16 23:00:00+00:00,88.29,87.9493188257743,-5.89045520790289,93.83977403367719
2025-11-17 00:00:00+00:00,80.5575,82.58615071076294,-5.89045520790289,88.47660591866583
2025-11-17 01:00:00+00:00,74.0875,81.68879066136995,-5.89045520790289,87.57924586927284
2025-11-17 02:00:00+00:00,71.32249999999999,73.29414588032108,-5.89045520790289,79.18460108822397
2025-11-17 03:00:00+00:00,74.095,73.35977607792752,-5.89045520790289,79.25023128583041
2025-11-17 04:00:00+00:00,83.6,82.54061006643535,-5.89045520790289,88.43106527433824
2025-11-17 05:00:00+00:00,89.59,94.3441997068262,-5.89045520790289,100.23465491472909
2025-11-17 06:00:00+00:00,114.8675,119.69495830788672,-5.89045520790289,125.58541351578961
2025-11-17 07:00:00+00:00,126.9925,126.65916673618632,-5.89045520790289,132.5496219440892
2025-11-17 08:00:00+00:00,121.6875,121.13452919762558,-5.89045520790289,127.02498440552847
2025-11-17 09:00:00+00:00,105.215,111.10549676394196,-5.89045520790289,116.99595197184485
2025-11-17 10:00:00+00:00,84.3925,109.79148941414086,-5.89045520790289,115.68194462204374
2025-11-17 11:00:00+00:00,77.805,99.53399133300512,-5.89045520790289,105.42444654090801
2025-11-17 12:00:00+00:00,77.785,93.44447913904632,-5.89045520790289,99.33493434694921
2025-11-17 13:00:00+00:00,87.035,94.8927867104376,-5.89045520790289,100.7832419183405
2025-11-17 14:00:00+00:00,97.52,108.4750937765935,-5.89045520790289,114.36554898449639
2025-11-17 15:00:00+00:00,107.32,112.7993883886304,-5.89045520790289,118.6898435965333
2025-11-17 16:00:00+00:00,117.355,114.38510846907144,-5.89045520790289,120.27556367697433
2025-11-17 17:00:00+00:00,116.4925,113.05258756309662,-5.89045520790289,118.94304277099951
2025-11-17 18:00:00+00:00,110.7025,108.88804773219884,-5.89045520790289,114.77850294010173
2025-11-17 19:00:00+00:00,102.89,99.26079211162477,-5.89045520790289,105.15124731952766
2025-11-17 20:00:00+00:00,92.6975,97.969178061483,-5.89045520790289,103.8596332693859
2025-11-17 21:00:00+00:00,89.7075,99.39267984035077,-5.89045520790289,105.28313504825365
2025-11-17 22:00:00+00:00,81.14,88.34679156564611,-5.89045520790289,94.237246773549
2025-11-17 23:00:00+00:00,84.88499999999999,85.03135759930491,-5.612919649240082,90.644277248545
2025-11-18 00:00:00+00:00,82.83,75.1328051003018,-5.612919649240082,80.74572474954188
2025-11-18 01:00:00+00:00,79.0375,69.45612585999152,-5.612919649240082,75.0690455092316
2025-11-18 02:00:00+00:00,77.7175,68.14666300389236,-5.612919649240082,73.75958265313244
2025-11-18 03:00:00+00:00,80.5125,69.92187053515494,-5.612919649240082,75.53479018439502
2025-11-18 04:00:00+00:00,83.4725,82.3875395968383,-5.612919649240082,88.00045924607838
2025-11-18 05:00:00+00:00,91.0475,98.71704005740094,-5.612919649240082,104.32995970664102
2025-11-18 06:00:00+00:00,104.735,114.28525599710812,-5.612919649240082,119.89817564634821
2025-11-18 07:00:00+00:00,119.84,124.41071418409172,-5.612919649240082,130.0236338333318
2025-11-18 08:00:00+00:00,107.45,117.82706208608822,-5.612919649240082,123.4399817353283
2025-11-18 09:00:00+00:00,92.1275,99.17722491675292,-5.612919649240082,104.790144565993
2025-11-18 10:00:00+00:00,88.7975,83.25920528829427,-5.612919649240082,88.87212493753435
2025-11-18 11:00:00+00:00,89.2,81.90091642785214,-5.612919649240082,87.51383607709222
2025-11-18 12:00:00+00:00,90.6,87.71587090640588,-5.612919649240082,93.32879055564597
2025-11-18 13:00:00+00:00,96.575,104.5147950978256,-5.612919649240082,110.12771474706568
2025-11-18 14:00:00+00:00,120.595,129.19421034490287,-5.612919649240082,134.80712999414294
2025-11-18 15:00:00+00:00,141.9125,145.24197102751728,-5.612919649240082,150.85489067675735
2025-11-18 16:00:00+00:00,151.66,155.58472972621598,-5.612919649240082,161.19764937545605
2025-11-18 17:00:00+00:00,143.8025,142.68501072121708,-5.612919649240082,148.29793037045715
2025-11-18 18:00:00+00:00,131.15,123.0999347856247,-5.612919649240082,128.71285443486477
2025-11-18 19:00:00+00:00,107.13,111.58363954917786,-5.612919649240082,117.19655919841794
2025-11-18 20:00:00+00:00,94.6425,105.15360426090471,-5.612919649240082,110.7665239101448
2025-11-18 21:00:00+00:00,97.4825,103.01726338422192,-5.612919649240082,108.630183033462
2025-11-18 22:00:00+00:00,89.9625,94.52503394691298,-5.612919649240082,100.13795359615307
2025-11-18 23:00:00+00:00,87.3775,94.3851862560665,-5.233640809654814,99.61882706572132
2025-11-19 00:00:00+00:00,86.225,95.25736819159644,-5.233640809654814,100.49100900125126
2025-11-19 01:00:00+00:00,84.1675,90.86033945144852,-5.233640809654814,96.09398026110334
2025-11-19 02:00:00+00:00,83.185,91.41070572842575,-5.233640809654814,96.64434653808057
2025-11-19 03:00:00+00:00,84.3925,93.85106753456206,-5.233640809654814,99.08470834421688
2025-11-19 04:00:00+00:00,87.0025,97.52640188998936,-5.233640809654814,102.76004269964417
2025-11-19 05:00:00+00:00,99.03,104.35370005851888,-5.233640809654814,109.5873408681737
2025-11-19 06:00:00+00:00,127.03,114.32409825390884,-5.233640809654814,119.55773906356366
2025-11-19 07:00:00+00:00,136.67000000000002,116.81765611649088,-5.233640809654814,122.0512969261457
2025-11-19 08:00:00+00:00,115.1625,106.68837866631544,-5.233640809654814,111.92201947597026
2025-11-19 09:00:00+00:00,97.5225,95.04085888059086,-5.233640809654814,100.27449969024568
2025-11-19 10:00:00+00:00,91.62,91.9156518024594,-5.233640809654814,97.14929261211421
2025-11-19 11:00:00+00:00,89.59,97.57249334548844,-5.233640809654814,102.80613415514325
2025-11-19 12:00:00+00:00,93.5975,108.26421326892503,-5.233640809654814,113.49785407857985
2025-11-19 13:00:00+00:00,104.62,107.25996785240658,-5.233640809654814,112.49360866206139
2025-11-19 14:00:00+00:00,113.05,119.5539964730517,-5.233640809654814,124.78763728270651
2025-11-19 15:00:00+00:00,117.8075,122.3340744413442,-5.233640809654814,127.56771525099902
2025-11-19 16:00:00+00:00,127.5675,130.66558391787385,-5.233640809654814,135.89922472752866
2025-11-19 17:00:00+00:00,119.19,127.53869029461532,-5.233640809654814,132.77233110427014
2025-11-19 18:00:00+00:00,119.05,124.7814161521926,-5.233640809654814,130.01505696184742
2025-11-19 19:00:00+00:00,105.6875,108.840278887864,-5.233640809654814,114.07391969751882
2025-11-19 20:00:00+00:00,100.225,99.105193460737,-5.233640809654814,104.33883427039181
2025-11-19 21:00:00+00:00,99.17,98.14337924870578,-5.233640809654814,103.3770200583606
2025-11-19 22:00:00+00:00,91.885,93.38896303306213,-5.233640809654814,98.62260384271694
2025-11-19 23:00:00+00:00,90.6275,88.27780858694884,-5.063768198973505,93.34157678592234
2025-11-20 00:00:00+00:00,88.0925,83.96754708768964,-5.063768198973505,89.03131528666314
2025-11-20 01:00:00+00:00,87.0325,81.85771104818575,-5.063768198973505,86.92147924715925
2025-11-20 02:00:00+00:00,86.795,80.87208500044882,-5.063768198973505,85.93585319942233
2025-11-20 03:00:00+00:00,87.125,82.99578267862009,-5.063768198973505,88.0595508775936
2025-11-20 04:00:00+00:00,90.5025,88.79684891891675,-5.063768198973505,93.86061711789026
2025-11-20 05:00:00+00:00,103.6825,104.2634897315366,-5.063768198973505,109.3272579305101
2025-11-20 06:00:00+00:00,144.4075,122.58737334251028,-5.063768198973505,127.65114154148378
2025-11-20 07:00:00+00:00,155.715,136.29670094793852,-5.063768198973505,141.360469146912
2025-11-20 08:00:00+00:00,153.655,130.82934313347144,-5.063768198973505,135.89311133244493
2025-11-20 09:00:00+00:00,141.27,112.54924804059428,-5.063768198973505,117.61301623956778
2025-11-20 10:00:00+00:00,129.3025,102.2200106743035,-5.063768198973505,107.283778873277
2025-11-20 11:00:00+00:00,125.055,99.7051474436535,-5.063768198973505,104.76891564262701
2025-11-20 12:00:00+00:00,126.1,99.06429308089535,-5.063768198973505,104.12806127986886
2025-11-20 13:00:00+00:00,134.2025,109.94254299253603,-5.063768198973505,115.00631119150954
2025-11-20 14:00:00+00:00,149.685,122.09238730649022,-5.063768198973505,127.15615550546373
2025-11-20 15:00:00+00:00,175.82999999999998,139.61452422211605,-5.063768198973505,144.67829242108954
2025-11-20 16:00:00+00:00,175.4725,144.15649852688574,-5.063768198973505,149.22026672585923
2025-11-20 17:00:00+00:00,163.25,141.61292126332876,-5.063768198973505,146.67668946230225
2025-11-20 18:00:00+00:00,156.01749999999998,138.47821104016433,-5.063768198973505,143.54197923913782
2025-11-20 19:00:00+00:00,137.1025,117.34197242873896,-5.063768198973505,122.40574062771246
2025-11-20 20:00:00+00:00,120.7525,110.31485915600874,-5.063768198973505,115.37862735498224
2025-11-20 21:00:00+00:00,108.235,108.49833129244476,-5.063768198973505,113.56209949141827
2025-11-20 22:00:00+00:00,93.7625,99.3304596870097,-5.063768198973505,104.3942278859832
2025-11-20 23:00:00+00:00,101.5525,107.70880471224378,-5.381187755840137,113.0899924680839
2025-11-21 00:00:00+00:00,94.14,105.0785634783414,-5.381187755840137,110.45975123418152
2025-11-21 01:00:00+00:00,90.2825,102.5655962815267,-5.381187755840137,107.94678403736683
2025-11-21 02:00:00+00:00,90.185,102.09880701157964,-5.381187755840137,107.47999476741977
2025-11-21 03:00:00+00:00,93.625,102.97696384208496,-5.381187755840137,108.35815159792509
2025-11-21 04:00:00+00:00,101.865,105.71172935292874,-5.381187755840137,111.09291710876887
2025-11-21 05:00:00+00:00,133.525,118.85501949971436,-5.381187755840137,124.23620725555449
2025-11-21 06:00:00+00:00,180.42,164.09121905618892,-5.381187755840137,169.47240681202905
2025-11-21 07:00:00+00:00,205.3825,156.95616996929778,-5.381187755840137,162.3373577251379
2025-11-21 08:00:00+00:00,181.83,130.61845439003872,-5.381187755840137,135.99964214587885
2025-11-21 09:00:00+00:00,151.015,120.05139407568409,-5.381187755840137,125.43258183152422
2025-11-21 10:00:00+00:00,137.72,114.40650724866268,-5.381187755840137,119.78769500450281
2025-11-21 11:00:00+00:00,130.3425,114.97577061987172,-5.381187755840137,120.35695837571186
2025-11-21 12:00:00+00:00,135.57500000000002,117.98213984017428,-5.381187755840137,123.36332759601441
2025-11-21 13:00:00+00:00,153.7525,125.1340310304832,-5.381187755840137,130.51521878632335
2025-11-21 14:00:00+00:00,196.8375,142.01412302628066,-5.381187755840137,147.3953107821208
2025-11-21 15:00:00+00:00,251.87,154.83785987150029,-5.381187755840137,160.21904762734042
2025-11-21 16:00:00+00:00,250.0075,152.28863998155464,-5.381187755840137,157.66982773739477
2025-11-21 17:00:00+00:00,205.0875,147.41712446122574,-5.381187755840137,152.79831221706587
2025-11-21 18:00:00+00:00,171.3675,149.57967559242712,-5.381187755840137,154.96086334826725
2025-11-21 19:00:00+00:00,141.95,131.17488624885954,-5.381187755840137,136.55607400469967
2025-11-21 20:00:00+00:00,117.3075,117.68162325923954,-5.381187755840137,123.06281101507967
2025-11-21 21:00:00+00:00,104.9,110.19900979169418,-5.381187755840137,115.58019754753431
2025-11-21 22:00:00+00:00,95.0325,96.0395336338446,-5.381187755840137,101.42072138968473
2025-11-21 23:00:00+00:00,102.2475,98.04999637183658,-5.666890721224787,103.71688709306137
2025-11-22 00:00:00+00:00,94.6,90.79211416413692,-5.666890721224787,96.45900488536171
2025-11-22 01:00:00+00:00,88.44,88.6981288642206,-5.666890721224787,94.3650195854454
2025-11-22 02:00:00+00:00,85.2775,88.8954754077163,-5.666890721224787,94.5623661289411
2025-11-22 03:00:00+00:00,86.0975,88.63674638244106,-5.666890721224787,94.30363710366585
2025-11-22 04:00:00+00:00,85.2775,89.83145792720832,-5.666890721224787,95.49834864843311
2025-11-22 05:00:00+00:00,90.5225,93.42200948567168,-5.666890721224787,99.08890020689647
2025-11-22 06:00:00+00:00,106.7475,114.3580157341932,-5.666890721224787,120.02490645541799
2025-11-22 07:00:00+00:00,104.21,108.23825971878642,-5.666890721224787,113.90515044001121
2025-11-22 08:00:00+00:00,89.1175,103.9226930570191,-5.666890721224787,109.58958377824389
2025-11-22 09:00:00+00:00,82.00999999999999,86.62934492395867,-5.666890721224787,92.29623564518346
2025-11-22 10:00:00+00:00,78.58,71.52042485416855,-5.666890721224787,77.18731557539334
2025-11-22 11:00:00+00:00,76.2825,69.64550039773319,-5.666890721224787,75.31239111895798
2025-11-22 12:00:00+00:00,75.3675,80.38606154283598,-5.666890721224787,86.05295226406076
2025-11-22 13:00:00+00:00,81.645,96.30558819965349,-5.666890721224787,101.97247892087827
2025-11-22 14:00:00+00:00,88.965,107.58872410822153,-5.666890721224787,113.25561482944632
2025-11-22 15:00:00+00:00,105.0,114.8026390251528,-5.666890721224787,120.46952974637759
2025-11-22 16:00:00+00:00,114.455,103.54654055142603,-5.666890721224787,109.21343127265082
2025-11-22 17:00:00+00:00,109.2525,104.53264357118678,-5.666890721224787,110.19953429241157
2025-11-22 18:00:00+00:00,98.33,111.20366723129824,-5.666890721224787,116.87055795252303
2025-11-22 19:00:00+00:00,86.61,101.4312598788412,-5.666890721224787,107.09815060006599
2025-11-22 20:00:00+00:00,89.2475,87.16651443604796,-5.666890721224787,92.83340515727275
2025-11-22 21:00:00+00:00,89.4275,79.54602178829835,-5.666890721224787,85.21291250952314
2025-11-22 22:00:00+00:00,82.23,69.22617218292449,-5.666890721224787,74.89306290414928
2025-11-22 23:00:00+00:00,81.5275,66.61300354727389,-5.473640264432495,72.08664381170638
2025-11-23 00:00:00+00:00,74.35249999999999,59.532407660012666,-5.473640264432495,65.00604792444516
2025-11-23 01:00:00+00:00,70.44,54.466744580787754,-5.473640264432495,59.94038484522025
2025-11-23 02:00:00+00:00,63.23,46.05957539856946,-5.473640264432495,51.533215663001954
2025-11-23 03:00:00+00:00,60.885,43.29819059468373,-5.473640264432495,48.77183085911623
2025-11-23 04:00:00+00:00,64.21,37.33025445419164,-5.473640264432495,42.803894718624136
2025-11-23 05:00:00+00:00,62.03,41.96753409523084,-5.473640264432495,47.441174359663336
2025-11-23 06:00:00+00:00,67.9825,63.54591128043884,-5.473640264432495,69.01955154487133
2025-11-23 07:00:00+00:00,67.8325,59.171189914067334,-5.473640264432495,64.64483017849983
2025-11-23 08:00:00+00:00,65.96,41.46246030764987,-5.473640264432495,46.93610057208237
2025-11-23 09:00:00+00:00,65.985,26.774301330651813,-5.473640264432495,32.247941595084306
2025-11-23 10:00:00+00:00,66.69,20.974186402019193,-5.473640264432495,26.44782666645169
2025-11-23 11:00:00+00:00,67.8625,24.234855243633316,-5.473640264432495,29.70849550806581
2025-11-23 12:00:00+00:00,65.45750000000001,23.76971643872529,-5.473640264432495,29.243356703157787
2025-11-23 13:00:00+00:00,69.42750000000001,33.87891192165838,-5.473640264432495,39.352552186090875
2025-11-23 14:00:00+00:00,77.28999999999999,59.95141405156018,-5.473640264432495,65.42505431599267
2025-11-23 15:00:00+00:00,77.8875,59.67306047509987,-5.473640264432495,65.14670073953236
2025-11-23 16:00:00+00:00,80.84,57.95968749238179,-5.473640264432495,63.433327756814286
2025-11-23 17:00:00+00:00,82.54249999999999,57.258218224141935,-5.473640264432495,62.73185848857443
2025-11-23 18:00:00+00:00,83.7975,59.97069181446102,-5.473640264432495,65.44433207889351
2025-11-23 19:00:00+00:00,77.4125,46.08029150238562,-5.473640264432495,51.55393176681812
2025-11-23 20:00:00+00:00,74.16,50.35690906685125,-5.473640264432495,55.83054933128375
2025-11-23 21:00:00+00:00,75.1675,58.334946751334215,-5.473640264432495,63.80858701576671
2025-11-23 22:00:00+00:00,71.2625,53.63652310458136,-5.473640264432495,59.110163369013854
2025-11-23 23:00:00+00:00,72.4575,53.05830305052604,-5.633322700309437,58.69162575083548
2025-11-24 00:00:00+00:00,70.0625,57.06526200568267,-5.633322700309437,62.698584705992104
2025-11-24 01:00:00+00:00,72.255,54.52266424754016,-5.633322700309437,60.1559869478496
2025-11-24 02:00:00+00:00,73.275,52.70083786212332,-5.633322700309437,58.33416056243276
2025-11-24 03:00:00+00:00,73.755,57.623700066612535,-5.633322700309437,63.25702276692197
2025-11-24 04:00:00+00:00,80.065,76.98196622252296,-5.633322700309437,82.61528892283239
2025-11-24 05:00:00+00:00,90.3075,91.53730275876596,-5.633322700309437,97.1706254590754
2025-11-24 06:00:00+00:00,104.3925,114.99700447054929,-5.633322700309437,120.63032717085872
2025-11-24 07:00:00+00:00,107.785,136.3233174367053,-5.633322700309437,141.95664013701474
2025-11-24 08:00:00+00:00,110.26,138.62899910194528,-5.633322700309437,144.26232180225472
2025-11-24 09:00:00+00:00,117.4475,127.03555421987085,-5.633322700309437,132.66887692018028
2025-11-24 10:00:00+00:00,128.0375,120.58706218528172,-5.633322700309437,126.22038488559116
2025-11-24 11:00:00+00:00,134.235,118.21500514636617,-5.633322700309437,123.8483278466756
2025-11-24 12:00:00+00:00,149.9925,120.64730145280598,-5.633322700309437,126.28062415311541
2025-11-24 13:00:00+00:00,173.5375,123.55256682068816,-5.633322700309437,129.1858895209976
2025-11-24 14:00:00+00:00,195.8125,129.12773236594933,-5.633322700309437,134.76105506625876
2025-11-24 15:00:00+00:00,225.775,134.4482543009516,-5.633322700309437,140.08157700126102
2025-11-24 16:00:00+00:00,263.4825,146.25807326212433,-5.633322700309437,151.89139596243376
2025-11-24 17:00:00+00:00,230.5875,144.01085239573115,-5.633322700309437,149.64417509604058
2025-11-24 18:00:00+00:00,188.305,146.2614231551949,-5.633322700309437,151.89474585550434
2025-11-24 19:00:00+00:00,151.185,124.54895173065358,-5.633322700309437,130.18227443096302
2025-11-24 20:00:00+00:00,135.235,113.2189679043029,-5.633322700309437,118.85229060461234
2025-11-24 21:00:00+00:00,123.035,112.920573547664,-5.633322700309437,118.55389624797344
2025-11-24 22:00:00+00:00,105.405,107.96430807914771,-5.633322700309437,113.59763077945715
2025-11-24 23:00:00+00:00,100.9,107.19213160138356,-5.663167294599522,112.85529889598308
2025-11-25 00:00:00+00:00,99.1525,102.19161633206132,-5.663167294599522,107.85478362666083
2025-11-25 01:00:00+00:00,97.5875,100.2558749599337,-5.663167294599522,105.91904225453322
2025-11-25 02:00:00+00:00,96.0975,98.89435660803645,-5.663167294599522,104.55752390263596
2025-11-25 03:00:00+00:00,99.51,98.99320711433656,-5.663167294599522,104.65637440893607
2025-11-25 04:00:00+00:00,106.73,103.09178947478377,-5.663167294599522,108.75495676938328
2025-11-25 05:00:00+00:00,122.4075,124.8325367398761,-5.663167294599522,130.49570403447564
2025-11-25 06:00:00+00:00,291.02,162.106075625846,-5.663167294599522,167.76924292044552
2025-11-25 07:00:00+00:00,333.275,181.14677638883563,-5.663167294599522,186.80994368343516
2025-11-25 08:00:00+00:00,292.65,187.8834292849636,-5.663167294599522,193.54659657956313
2025-11-25 09:00:00+00:00,273.085,182.40770246053484,-5.663167294599522,188.07086975513437
2025-11-25 10:00:00+00:00,326.6275,190.3826634045689,-5.663167294599522,196.04583069916842
2025-11-25 11:00:00+00:00,351.0,197.6568497588838,-5.663167294599522,203.32001705348333
2025-11-25 12:00:00+00:00,317.65250000000003,224.1030243280701,-5.663167294599522,229.76619162266962
2025-11-25 13:00:00+00:00,300.0,227.26010022586087,-5.663167294599522,232.9232675204604
2025-11-25 14:00:00+00:00,309.995,257.30944405524525,-5.663167294599522,262.9726113498448
2025-11-25 15:00:00+00:00,325.0825,304.6402775603,-5.663167294599522,310.3034448548995
2025-11-25 16:00:00+00:00,373.3125,378.45960521087346,-5.663167294599522,384.122772505473
2025-11-25 17:00:00+00:00,297.905,279.05283045901314,-5.663167294599522,284.71599775361267
2025-11-25 18:00:00+00:00,249.3725,228.26304039984288,-5.663167294599522,233.9262076944424
2025-11-25 19:00:00+00:00,172.835,161.03562967773112,-5.663167294599522,166.69879697233065
2025-11-25 20:00:00+00:00,135.02,132.1574269265683,-5.663167294599522,137.82059422116782
2025-11-25 21:00:00+00:00,119.155,121.77628729480074,-5.663167294599522,127.43945458940026
2025-11-25 22:00:00+00:00,102.035,108.84356910737615,-5.663167294599522,114.50673640197567
2025-11-25 23:00:00+00:00,92.855,101.5902769168709,-6.346536435957804,107.93681335282871
2025-11-26 00:00:00+00:00,89.94999999999999,98.3979626708144,-6.346536435957804,104.7444991067722
2025-11-26 01:00:00+00:00,88.325,95.83387788255372,-6.346536435957804,102.18041431851152
2025-11-26 02:00:00+00:00,89.435,94.08466222387868,-6.346536435957804,100.43119865983648
2025-11-26 03:00:00+00:00,89.80250000000001,96.5200057057186,-6.346536435957804,102.8665421416764
2025-11-26 04:00:00+00:00,97.25,103.17197346431034,-6.346536435957804,109.51850990026814
2025-11-26 05:00:00+00:00,129.8225,117.31374675860282,-6.346536435957804,123.66028319456062
2025-11-26 06:00:00+00:00,191.17,302.3443390620804,-6.346536435957804,308.6908754980382
2025-11-26 07:00:00+00:00,237.2225,332.16789849167594,-6.346536435957804,338.5144349276338
2025-11-26 08:00:00+00:00,211.8475,279.1088957301993,-6.346536435957804,285.45543216615715
2025-11-26 09:00:00+00:00,197.1375,250.92743357751388,-6.346536435957804,257.2739700134717
2025-11-26 10:00:00+00:00,170.4975,313.88046145410635,-6.346536435957804,320.2269978900642
2025-11-26 11:00:00+00:00,164.6825,297.2568639832305,-6.346536435957804,303.60340041918835
2025-11-26 12:00:00+00:00,168.2375,303.1171836701865,-6.346536435957804,309.4637201061443
2025-11-26 13:00:00+00:00,184.49,330.0923724471193,-6.346536435957804,336.43890888307715
2025-11-26 14:00:00+00:00,223.7225,359.2448135217563,-6.346536435957804,365.59134995771416
2025-11-26 15:00:00+00:00,294.3775,321.6508075664682,-6.346536435957804,327.997344002426
2025-11-26 16:00:00+00:00,294.61,330.900987572282,-6.346536435957804,337.24752400823985
2025-11-26 17:00:00+00:00,228.93,311.8047473519865,-6.346536435957804,318.15128378794435
2025-11-26 18:00:00+00:00,183.675,188.88460117541757,-6.346536435957804,195.23113761137537
2025-11-26 19:00:00+00:00,141.26,133.4399624029164,-6.346536435957804,139.7864988388742
2025-11-26 20:00:00+00:00,114.9475,125.39693126943504,-6.346536435957804,131.74346770539285
2025-11-26 21:00:00+00:00,101.9925,119.7575820361228,-6.346536435957804,126.1041184720806
2025-11-26 22:00:00+00:00,90.1875,109.03609331725634,-6.346536435957804,115.38262975321415
2025-11-26 23:00:00+00:00,89.945,94.49656587811236,-5.32602192200951,99.82258780012188
2025-11-27 00:00:00+00:00,84.275,90.00026796739735,-5.32602192200951,95.32628988940687
2025-11-27 01:00:00+00:00,79.9475,87.00820171818137,-5.32602192200951,92.33422364019088
2025-11-27 02:00:00+00:00,77.3425,87.58172331907015,-5.32602192200951,92.90774524107967
2025-11-27 03:00:00+00:00,79.94749999999999,85.24066442988445,-5.32602192200951,90.56668635189396
2025-11-27 04:00:00+00:00,82.0775,82.85892111556824,-5.32602192200951,88.18494303757775
2025-11-27 05:00:00+00:00,112.22,99.8710230022199,-5.32602192200951,105.19704492422942
2025-11-27 06:00:00+00:00,122.0,133.1652883043982,-5.32602192200951,138.4913102264077
2025-11-27 07:00:00+00:00,123.105,139.94784722632136,-5.32602192200951,145.27386914833087
2025-11-27 08:00:00+00:00,106.9525,141.60687740610544,-5.32602192200951,146.93289932811496
2025-11-27 09:00:00+00:00,90.9475,128.3733779935398,-5.32602192200951,133.69939991554932
2025-11-27 10:00:00+00:00,88.66499999999999,115.98602606651264,-5.32602192200951,121.31204798852215
2025-11-27 11:00:00+00:00,87.0625,107.30513941913853,-5.32602192200951,112.63116134114804
2025-11-27 12:00:00+00:00,85.75999999999999,110.9504514445947,-5.32602192200951,116.27647336660422
2025-11-27 13:00:00+00:00,89.2475,111.064308613319,-5.32602192200951,116.39033053532852
2025-11-27 14:00:00+00:00,90.6,120.17870679546849,-5.32602192200951,125.504728717478
2025-11-27 15:00:00+00:00,90.43,104.35618713342136,-5.32602192200951,109.68220905543087
2025-11-27 16:00:00+00:00,97.5075,106.95672227462282,-5.32602192200951,112.28274419663234
2025-11-27 17:00:00+00:00,101.3925,111.7694312393145,-5.32602192200951,117.09545316132402
2025-11-27 18:00:00+00:00,88.27,106.27583304026255,-5.32602192200951,111.60185496227207
2025-11-27 19:00:00+00:00,85.39750000000001,77.92333599600305,-5.32602192200951,83.24935791801256
2025-11-27 20:00:00+00:00,80.625,67.04788466633498,-5.32602192200951,72.3739065883445
2025-11-27 21:00:00+00:00,85.105,58.11123330252059,-5.32602192200951,63.4372552245301
2025-11-27 22:00:00+00:00,69.45750000000001,47.12474944207205,-5.32602192200951,52.45077136408156
2025-11-27 23:00:00+00:00,60.84,38.018373503690825,-5.089652231627534,43.10802573531836
2025-11-28 00:00:00+00:00,55.0,32.5374150760611,-5.089652231627534,37.627067307688634
2025-11-28 01:00:00+00:00,52.93,25.346728341121818,-5.089652231627534,30.43638057274935
2025-11-28 02:00:00+00:00,47.8825,29.583486429461015,-5.089652231627534,34.67313866108855
2025-11-28 03:00:00+00:00,58.375,41.054262603607896,-5.089652231627534,46.14391483523543
2025-11-28 04:00:00+00:00,61.04,50.626548984989135,-5.089652231627534,55.71620121661667
2025-11-28 05:00:00+00:00,82.8625,84.11430543202782,-5.089652231627534,89.20395766365536
2025-11-28 06:00:00+00:00,87.82,103.7702303487012,-5.089652231627534,108.85988258032874
2025-11-28 07:00:00+00:00,100.475,126.20882165997132,-5.089652231627534,131.29847389159886
2025-11-28 08:00:00+00:00,103.4,111.68895122845048,-5.089652231627534,116.77860346007802
2025-11-28 09:00:00+00:00,97.845,113.05901222315536,-5.089652231627534,118.1486644547829
2025-11-28 10:00:00+00:00,102.82,107.77154629118668,-5.089652231627534,112.86119852281422
2025-11-28 11:00:00+00:00,98.7125,109.03285757453594,-5.089652231627534,114.12250980616348
2025-11-28 12:00:00+00:00,99.45,110.2900828188046,-5.089652231627534,115.37973505043215
2025-11-28 13:00:00+00:00,98.79,118.00662936278032,-5.089652231627534,123.09628159440786
2025-11-28 14:00:00+00:00,104.67,129.6040354740997,-5.089652231627534,134.69368770572723
2025-11-28 15:00:00+00:00,103.4,129.44882008896346,-5.089652231627534,134.53847232059098
2025-11-28 16:00:00+00:00,96.1575,127.86873381624982,-5.089652231627534,132.95838604787735
2025-11-28 17:00:00+00:00,98.125,122.64412840287152,-5.089652231627534,127.73378063449906
2025-11-28 18:00:00+00:00,93.32,112.68574327007929,-5.089652231627534,117.77539550170683
2025-11-28 19:00:00+00:00,88.45750000000001,98.58105731258031,-5.089652231627534,103.67070954420785
2025-11-28 20:00:00+00:00,85.41,87.49115547573709,-5.089652231627534,92.58080770736463
2025-11-28 21:00:00+00:00,85.545,81.61008421618942,-5.089652231627534,86.69973644781696
2025-11-28 22:00:00+00:00,77.83,69.69244235734558,-5.089652231627534,74.78209458897312
2025-11-28 23:00:00+00:00,81.72999999999999,69.98927073174079,-4.71153179624218,74.70080252798297
2025-11-29 00:00:00+00:00,80.89750000000001,68.30556064290198,-4.71153179624218,73.01709243914416
2025-11-29 01:00:00+00:00,81.33500000000001,71.4163051345924,-4.71153179624218,76.12783693083459
2025-11-29 02:00:00+00:00,82.5575,75.65446468650109,-4.71153179624218,80.36599648274327
2025-11-29 03:00:00+00:00,85.6975,77.00102804451183,-4.71153179624218,81.71255984075401
2025-11-29 04:00:00+00:00,89.9975,80.56767319508039,-4.71153179624218,85.27920499132257
2025-11-29 05:00:00+00:00,90.8875,92.30143081225184,-4.71153179624218,97.01296260849402
2025-11-29 06:00:00+00:00,96.175,104.52383753276796,-4.71153179624218,109.23536932901014
2025-11-29 07:00:00+00:00,89.15,101.27646477299672,-4.71153179624218,105.9879965692389
2025-11-29 08:00:00+00:00,101.5825,110.54927519880673,-4.71153179624218,115.26080699504891
2025-11-29 09:00:00+00:00,101.44,102.47625019348656,-4.71153179624218,107.18778198972875
2025-11-29 10:00:00+00:00,95.2625,108.13800497712968,-4.71153179624218,112.84953677337187
2025-11-29 11:00:00+00:00,86.0975,100.1549039578305,-4.71153179624218,104.86643575407268
2025-11-29 12:00:00+00:00,87.9575,92.14061515530136,-4.71153179624218,96.85214695154355
2025-11-29 13:00:00+00:00,91.7275,95.19420322849162,-4.71153179624218,99.9057350247338
2025-11-29 14:00:00+00:00,102.7225,108.28549548613988,-4.71153179624218,112.99702728238206
2025-11-29 15:00:00+00:00,102.645,102.8062141608772,-4.71153179624218,107.51774595711939
2025-11-29 16:00:00+00:00,107.085,98.0740032448226,-4.71153179624218,102.78553504106479
2025-11-29 17:00:00+00:00,98.13,96.24055504038964,-4.71153179624218,100.95208683663182
2025-11-29 18:00:00+00:00,88.43,89.40052283697295,-4.71153179624218,94.11205463321514
2025-11-29 19:00:00+00:00,81.1125,81.05310513112596,-4.71153179624218,85.76463692736814
2025-11-29 20:00:00+00:00,80.8,78.07364072986742,-4.71153179624218,82.7851725261096
2025-11-29 21:00:00+00:00,83.49000000000001,78.07598303102115,-4.71153179624218,82.78751482726334
2025-11-29 22:00:00+00:00,77.72749999999999,65.23365467173352,-4.71153179624218,69.9451864679757
2025-11-29 23:00:00+00:00,75.9725,69.17651007659599,-4.50332306116673,73.67983313776271
2025-11-30 00:00:00+00:00,69.7825,64.04357955026246,-4.50332306116673,68.54690261142919
2025-11-30 01:00:00+00:00,67.4375,63.35636187237495,-4.50332306116673,67.85968493354167
2025-11-30 02:00:00+00:00,65.355,64.4755534080605,-4.50332306116673,68.97887646922723
2025-11-30 03:00:00+00:00,67.0,52.08523625712484,-4.50332306116673,56.58855931829157
2025-11-30 04:00:00+00:00,74.2925,52.89535544144473,-4.50332306116673,57.39867850261146
2025-11-30 05:00:00+00:00,75.5775,50.0206817726882,-4.50332306116673,54.52400483385493
2025-11-30 06:00:00+00:00,75.975,58.37513236346938,-4.50332306116673,62.878455424636115
2025-11-30 07:00:00+00:00,79.84,59.212019190942854,-4.50332306116673,63.715342252109586
2025-11-30 08:00:00+00:00,80.65,68.80925616672396,-4.50332306116673,73.31257922789068
2025-11-30 09:00:00+00:00,84.4225,69.11579029542743,-4.50332306116673,73.61911335659416
2025-11-30 10:00:00+00:00,81.5425,70.65748599534798,-4.50332306116673,75.16080905651471
2025-11-30 11:00:00+00:00,80.695,70.19942519462144,-4.50332306116673,74.70274825578817
2025-11-30 12:00:00+00:00,82.5175,79.66975449391461,-4.50332306116673,84.17307755508133
2025-11-30 13:00:00+00:00,87.5475,84.98770171845162,-4.50332306116673,89.49102477961834
2025-11-30 14:00:00+00:00,93.5775,90.69770004220304,-4.50332306116673,95.20102310336976
2025-11-30 15:00:00+00:00,92.81,89.24550598162044,-4.50332306116673,93.74882904278716
2025-11-30 16:00:00+00:00,104.0475,98.54706285601992,-4.50332306116673,103.05038591718665
2025-11-30 17:00:00+00:00,106.2125,92.60241504105971,-4.50332306116673,97.10573810222644
2025-11-30 18:00:00+00:00,104.1275,90.66304602335424,-4.50332306116673,95.16636908452097
2025-11-30 19:00:00+00:00,97.525,89.17451532099247,-4.50332306116673,93.6778383821592
2025-11-30 20:00:00+00:00,92.93,85.59834372707483,-4.50332306116673,90.10166678824156
2025-11-30 21:00:00+00:00,92.5975,85.24083271847867,-4.50332306116673,89.7441557796454
2025-11-30 22:00:00+00:00,87.1275,82.47536865049932,-4.50332306116673,86.97869171166604
2025-11-30 23:00:00+00:00,87.995,92.95555484269552,-4.67466404807399,97.63021889076951
2025-12-01 00:00:00+00:00,86.02250000000001,94.09709688817183,-4.67466404807399,98.77176093624583
2025-12-01 01:00:00+00:00,81.34,91.79234995382132,-4.67466404807399,96.46701400189531
2025-12-01 02:00:00+00:00,85.14,91.87005817654206,-4.67466404807399,96.54472222461605
2025-12-01 03:00:00+00:00,80.2575,95.54779506738824,-4.67466404807399,100.22245911546223
2025-12-01 04:00:00+00:00,88.745,106.52696914922318,-4.67466404807399,111.20163319729717
2025-12-01 05:00:00+00:00,88.625,121.74256452481195,-4.67466404807399,126.41722857288595
2025-12-01 06:00:00+00:00,127.86,135.6234820933626,-4.67466404807399,140.2981461414366
2025-12-01 07:00:00+00:00,139.3325,134.5652262774242,-4.67466404807399,139.23989032549818
2025-12-01 08:00:00+00:00,105.095,123.81043033254494,-4.67466404807399,128.48509438061893
2025-12-01 09:00:00+00:00,93.7325,110.04844422033987,-4.67466404807399,114.72310826841387
2025-12-01 10:00:00+00:00,85.96,112.50554050079428,-4.67466404807399,117.18020454886828
2025-12-01 11:00:00+00:00,85.01750000000001,110.19666166573202,-4.67466404807399,114.87132571380602
2025-12-01 12:00:00+00:00,90.07,115.40726291933392,-4.67466404807399,120.08192696740791
2025-12-01 13:00:00+00:00,107.2175,123.54120771043505,-4.67466404807399,128.21587175850902
2025-12-01 14:00:00+00:00,120.3225,115.20337804296662,-4.67466404807399,119.87804209104061
2025-12-01 15:00:00+00:00,112.965,114.42201488898168,-4.67466404807399,119.09667893705567
2025-12-01 16:00:00+00:00,94.4125,119.34488989042876,-4.67466404807399,124.01955393850275
2025-12-01 17:00:00+00:00,88.9925,118.88260298353272,-4.67466404807399,123.55726703160671
2025-12-01 18:00:00+00:00,86.7675,111.57170892264052,-4.67466404807399,116.24637297071452
2025-12-01 19:00:00+00:00,82.3,100.17315967824862,-4.67466404807399,104.84782372632262
2025-12-01 20:00:00+00:00,75.95,90.71410269085686,-4.67466404807399,95.38876673893085
2025-12-01 21:00:00+00:00,76.43,87.0119059678166,-4.67466404807399,91.6865700158906
2025-12-01 22:00:00+00:00,71.80250000000001,72.43575564590299,-4.67466404807399,77.11041969397698
2025-12-01 23:00:00+00:00,65.7775,62.988293652955136,-4.285288494315719,67.27358214727086
2025-12-02 00:00:00+00:00,58.82,63.70411899779301,-4.285288494315719,67.98940749210873
2025-12-02 01:00:00+00:00,54.935,59.521906604967846,-4.285288494315719,63.80719509928356
2025-12-02 02:00:00+00:00,53.7325,58.59320039711889,-4.285288494315719,62.878488891434614
2025-12-02 03:00:00+00:00,50.4675,58.4993528428994,-4.285288494315719,62.78464133721512
2025-12-02 04:00:00+00:00,64.58500000000001,68.49380787316508,-4.285288494315719,72.7790963674808
2025-12-02 05:00:00+00:00,78.5125,90.37779482005055,-4.285288494315719,94.66308331436628
2025-12-02 06:00:00+00:00,87.7875,104.62872452285085,-4.285288494315719,108.91401301716657
2025-12-02 07:00:00+00:00,87.65,110.89882860885533,-4.285288494315719,115.18411710317105
2025-12-02 08:00:00+00:00,88.28,112.23470071156572,-4.285288494315719,116.51998920588144
2025-12-02 09:00:00+00:00,85.8325,103.47189900243852,-4.285288494315719,107.75718749675424
2025-12-02 10:00:00+00:00,86.7225,102.8091602573044,-4.285288494315719,107.09444875162012
2025-12-02 11:00:00+00:00,87.44749999999999,102.52517674780144,-4.285288494315719,106.81046524211716
2025-12-02 12:00:00+00:00,97.035,109.76197165487366,-4.285288494315719,114.04726014918938
2025-12-02 13:00:00+00:00,105.0075,131.64030946190374,-4.285288494315719,135.92559795621946
2025-12-02 14:00:00+00:00,140.37,165.15576033125572,-4.285288494315719,169.44104882557144
2025-12-02 15:00:00+00:00,136.34,160.1218525621149,-4.285288494315719,164.40714105643062
2025-12-02 16:00:00+00:00,151.64,151.6839034630329,-4.285288494315719,155.9691919573486
2025-12-02 17:00:00+00:00,162.14249999999998,156.64409257831375,-4.285288494315719,160.92938107262947
2025-12-02 18:00:00+00:00,163.2025,164.55346377161803,-4.285288494315719,168.83875226593375
2025-12-02 19:00:00+00:00,154.885,157.65640981287447,-4.285288494315719,161.9416983071902
2025-12-02 20:00:00+00:00,129.3475,129.99634323368932,-4.285288494315719,134.28163172800504
2025-12-02 21:00:00+00:00,119.2225,120.87872797848716,-4.285288494315719,125.16401647280289
2025-12-02 22:00:00+00:00,99.1375,106.0832812323192,-4.285288494315719,110.36856972663492
2025-12-02 23:00:00+00:00,90.835,109.69885707841377,-3.778687266132733,113.4775443445465
2025-12-03 00:00:00+00:00,89.0725,105.62087065176158,-3.778687266132733,109.39955791789431
2025-12-03 01:00:00+00:00,90.2575,104.32198561291553,-3.778687266132733,108.10067287904826
2025-12-03 02:00:00+00:00,89.8775,104.3013622478214,-3.778687266132733,108.08004951395414
2025-12-03 03:00:00+00:00,90.02,105.85295284310706,-3.778687266132733,109.6316401092398
2025-12-03 04:00:00+00:00,98.98,111.33613743454566,-3.778687266132733,115.1148247006784
2025-12-03 05:00:00+00:00,150.945,140.76513452006134,-3.778687266132733,144.54382178619406
2025-12-03 06:00:00+00:00,200.0,189.4140004317589,-3.778687266132733,193.1926876978916
2025-12-03 07:00:00+00:00,249.9975,237.68337769598756,-3.778687266132733,241.46206496212028
2025-12-03 08:00:00+00:00,219.89,236.80289474561135,-3.778687266132733,240.58158201174408
2025-12-03 09:00:00+00:00,187.18,207.4203524584864,-3.778687266132733,211.19903972461913
2025-12-03 10:00:00+00:00,173.3725,168.6066111427803,-3.778687266132733,172.38529840891303
2025-12-03 11:00:00+00:00,167.725,165.1285533011317,-3.778687266132733,168.9072405672644
2025-12-03 12:00:00+00:00,181.4075,171.40704776511205,-3.778687266132733,175.18573503124477
2025-12-03 13:00:00+00:00,199.9375,199.75791644462103,-3.778687266132733,203.53660371075375
2025-12-03 14:00:00+00:00,242.5625,332.6831628918347,-3.778687266132733,336.46185015796743
2025-12-03 15:00:00+00:00,308.35,316.2050237178168,-3.778687266132733,319.98371098394955
2025-12-03 16:00:00+00:00,259.6025,328.6762328177623,-3.778687266132733,332.45492008389505
2025-12-03 17:00:00+00:00,204.12,319.2273003693181,-3.778687266132733,323.0059876354508
2025-12-03 18:00:00+00:00,172.6275,229.85731310445232,-3.778687266132733,233.63600037058504
2025-12-03 19:00:00+00:00,146.24,185.4523591701806,-3.778687266132733,189.23104643631333
2025-12-03 20:00:00+00:00,124.825,129.74450213433883,-3.778687266132733,133.52318940047155
2025-12-03 21:00:00+00:00,113.405,117.86091004736114,-3.778687266132733,121.63959731349388
2025-12-03 22:00:00+00:00,104.135,99.21151857966652,-3.778687266132733,102.99020584579925
2025-12-03 23:00:00+00:00,97.3825,98.95558512890268,-3.690521261862622,102.64610639076531
2025-12-04 00:00:00+00:00,93.8825,92.11151278766866,-3.690521261862622,95.80203404953129
2025-12-04 01:00:00+00:00,90.8325,91.27839745838465,-3.690521261862622,94.96891872024727
2025-12-04 02:00:00+00:00,90.3575,91.12907652793632,-3.690521261862622,94.81959778979895
2025-12-04 03:00:00+00:00,92.3275,92.1619757168982,-3.690521261862622,95.85249697876083
2025-12-04 04:00:00+00:00,96.755,96.8169532462715,-3.690521261862622,100.50747450813412
2025-12-04 05:00:00+00:00,124.865,143.6077524850886,-3.690521261862622,147.29827374695122
2025-12-04 06:00:00+00:00,128.41,163.83556709076447,-3.690521261862622,167.52608835262708
2025-12-04 07:00:00+00:00,144.7025,198.86030094872976,-3.690521261862622,202.55082221059237
2025-12-04 08:00:00+00:00,163.985,183.2720373380074,-3.690521261862622,186.96255859987002
2025-12-04 09:00:00+00:00,138.405,152.24517790728189,-3.690521261862622,155.9356991691445
2025-12-04 10:00:00+00:00,148.0925,149.8286317669945,-3.690521261862622,153.51915302885712
2025-12-04 11:00:00+00:00,141.9625,147.58775770889864,-3.690521261862622,151.27827897076125
2025-12-04 12:00:00+00:00,145.1825,154.34403527846277,-3.690521261862622,158.03455654032538
2025-12-04 13:00:00+00:00,152.0675,148.15528358741162,-3.690521261862622,151.84580484927423
2025-12-04 14:00:00+00:00,150.9925,165.0427252126544,-3.690521261862622,168.73324647451702
2025-12-04 15:00:00+00:00,145.1975,199.1175299410786,-3.690521261862622,202.80805120294121
2025-12-04 16:00:00+00:00,144.6975,164.17782970797924,-3.690521261862622,167.86835096984186
2025-12-04 17:00:00+00:00,142.33249999999998,152.78639980224244,-3.690521261862622,156.47692106410506
2025-12-04 18:00:00+00:00,134.985,154.10121745383103,-3.690521261862622,157.79173871569364
2025-12-04 19:00:00+00:00,118.6025,127.58092522292256,-3.690521261862622,131.27144648478517
2025-12-04 20:00:00+00:00,103.3525,123.69075365669418,-3.690521261862622,127.38127491855681
2025-12-04 21:00:00+00:00,109.0375,113.33747055705744,-3.690521261862622,117.02799181892007
2025-12-04 22:00:00+00:00,98.2575,106.46459851476504,-3.690521261862622,110.15511977662767
2025-12-04 23:00:00+00:00,95.7425,104.9137677491425,-3.462562706444775,108.37633045558727
2025-12-05 00:00:00+00:00,93.8625,106.08007114987151,-3.462562706444775,109.54263385631629
2025-12-05 01:00:00+00:00,90.92,103.56310742854464,-3.462562706444775,107.02567013498941
2025-12-05 02:00:00+00:00,90.5675,104.94925079318242,-3.462562706444775,108.41181349962719
2025-12-05 03:00:00+00:00,94.03,109.07303368223126,-3.462562706444775,112.53559638867603
2025-12-05 04:00:00+00:00,100.8725,115.99626537822031,-3.462562706444775,119.45882808466509
2025-12-05 05:00:00+00:00,123.99,142.50911820012428,-3.462562706444775,145.97168090656905
2025-12-05 06:00:00+00:00,162.4175,163.662935364957,-3.462562706444775,167.12549807140178
2025-12-05 07:00:00+00:00,184.4325,184.36921383084456,-3.462562706444775,187.83177653728933
2025-12-05 08:00:00+00:00,184.145,181.34913672324944,-3.462562706444775,184.81169942969422
2025-12-05 09:00:00+00:00,171.3475,168.09169033161788,-3.462562706444775,171.55425303806265
2025-12-05 10:00:00+00:00,167.515,177.53892166887388,-3.462562706444775,181.00148437531865
2025-12-05 11:00:00+00:00,161.56,193.98474740174123,-3.462562706444775,197.447310108186
2025-12-05 12:00:00+00:00,157.4475,189.5538760986346,-3.462562706444775,193.01643880507936
2025-12-05 13:00:00+00:00,161.1775,210.5320777846174,-3.462562706444775,213.99464049106217
2025-12-05 14:00:00+00:00,162.3475,228.87212274785188,-3.462562706444775,232.33468545429665
2025-12-05 15:00:00+00:00,169.4975,171.14170838010924,-3.462562706444775,174.604271086554
2025-12-05 16:00:00+00:00,158.305,193.28705210407568,-3.462562706444775,196.74961481052046
2025-12-05 17:00:00+00:00,147.2475,178.96099549705983,-3.462562706444775,182.4235582035046
2025-12-05 18:00:00+00:00,131.54,148.56111048698443,-3.462562706444775,152.0236731934292
2025-12-05 19:00:00+00:00,115.15,126.67592741078327,-3.462562706444775,130.13849011722806
2025-12-05 20:00:00+00:00,97.555,109.52735395579684,-3.462562706444775,112.98991666224161
2025-12-05 21:00:00+00:00,93.08,106.28274860132984,-3.462562706444775,109.74531130777461
2025-12-05 22:00:00+00:00,84.1225,95.45559951275403,-3.462562706444775,98.9181622191988
2025-12-05 23:00:00+00:00,82.08,88.29449997908307,-2.9504363767490713,91.24493635583214
2025-12-06 00:00:00+00:00,76.9725,82.5166115225903,-2.9504363767490713,85.46704789933936
2025-12-06 01:00:00+00:00,73.63,77.26953805374262,-2.9504363767490713,80.21997443049169
2025-12-06 02:00:00+00:00,70.01,73.56071969631392,-2.9504363767490713,76.51115607306299
2025-12-06 03:00:00+00:00,67.42750000000001,69.21749151576381,-2.9504363767490713,72.16792789251288
2025-12-06 04:00:00+00:00,64.9725,67.02912362966904,-2.9504363767490713,69.97956000641811
2025-12-06 05:00:00+00:00,64.585,70.83948804167832,-2.9504363767490713,73.78992441842739
2025-12-06 06:00:00+00:00,67.87,82.90464411826662,-2.9504363767490713,85.85508049501568
2025-12-06 07:00:00+00:00,78.6125,85.02957946308067,-2.9504363767490713,87.98001583982973
2025-12-06 08:00:00+00:00,80.94,78.62159442374394,-2.9504363767490713,81.57203080049301
2025-12-06 09:00:00+00:00,82.295,80.27828947899252,-2.9504363767490713,83.22872585574159
2025-12-06 10:00:00+00:00,80.6125,85.49480637893562,-2.9504363767490713,88.44524275568469
2025-12-06 11:00:00+00:00,80.615,82.74359149593425,-2.9504363767490713,85.69402787268332
2025-12-06 12:00:00+00:00,81.325,95.11968056362984,-2.9504363767490713,98.07011694037891
2025-12-06 13:00:00+00:00,86.1725,96.24998227098544,-2.9504363767490713,99.20041864773451
2025-12-06 14:00:00+00:00,91.0225,98.34953961091786,-2.9504363767490713,101.29997598766693
2025-12-06 15:00:00+00:00,95.5875,93.29523359358966,-2.9504363767490713,96.24566997033872
2025-12-06 16:00:00+00:00,95.1175,96.20522717552484,-2.9504363767490713,99.15566355227391
2025-12-06 17:00:00+00:00,89.1825,97.62080718909796,-2.9504363767490713,100.57124356584703
2025-12-06 18:00:00+00:00,89.655,83.73072286985382,-2.9504363767490713,86.68115924660289
2025-12-06 19:00:00+00:00,83.385,69.69457239314208,-2.9504363767490713,72.64500876989115
2025-12-06 20:00:00+00:00,80.61,63.396409817517224,-2.9504363767490713,66.34684619426629
2025-12-06 21:00:00+00:00,76.495,61.99512000779925,-2.9504363767490713,64.94555638454833
2025-12-06 22:00:00+00:00,71.565,52.5752637096434,-2.9504363767490713,55.525700086392476
2025-12-06 23:00:00+00:00,67.32249999999999,55.65588615548139,-2.9990462389347234,58.654932394416115
2025-12-07 00:00:00+00:00,60.995000000000005,44.60675215504323,-2.9990462389347234,47.605798393977956
2025-12-07 01:00:00+00:00,59.4225,49.166452852242394,-2.9990462389347234,52.16549909117712
2025-12-07 02:00:00+00:00,58.56,49.849976794561094,-2.9990462389347234,52.84902303349582
2025-12-07 03:00:00+00:00,62.075,48.30730970885269,-2.9990462389347234,51.30635594778742
2025-12-07 04:00:00+00:00,62.004999999999995,55.45882087164212,-2.9990462389347234,58.45786711057684
2025-12-07 05:00:00+00:00,63.72,53.38465526604235,-2.9990462389347234,56.383701504977076
2025-12-07 06:00:00+00:00,71.83500000000001,64.32566921679077,-2.9990462389347234,67.3247154557255
2025-12-07 07:00:00+00:00,77.9975,69.51235836900271,-2.9990462389347234,72.51140460793744
2025-12-07 08:00:00+00:00,85.555,77.40088011951357,-2.9990462389347234,80.3999263584483
2025-12-07 09:00:00+00:00,90.53,84.227038326627,-2.9990462389347234,87.22608456556172
2025-12-07 10:00:00+00:00,91.9225,88.82193131109015,-2.9990462389347234,91.82097755002488
2025-12-07 11:00:00+00:00,97.4375,90.28220525340616,-2.9990462389347234,93.28125149234089
2025-12-07 12:00:00+00:00,99.5725,101.73952003776525,-2.9990462389347234,104.73856627669997
2025-12-07 13:00:00+00:00,104.145,107.35752133689265,-2.9990462389347234,110.35656757582737
2025-12-07 14:00:00+00:00,105.735,104.9129870959195,-2.9990462389347234,107.91203333485423
2025-12-07 15:00:00+00:00,109.6075,106.35799959667976,-2.9990462389347234,109.35704583561449
2025-12-07 16:00:00+00:00,111.82,114.86138890756304,-2.9990462389347234,117.86043514649776
2025-12-07 17:00:00+00:00,96.88,106.28462273603576,-2.9990462389347234,109.28366897497048
2025-12-07 18:00:00+00:00,87.4625,97.22084262473342,-2.9990462389347234,100.21988886366815
2025-12-07 19:00:00+00:00,83.75999999999999,81.81291616974381,-2.9990462389347234,84.81196240867854
2025-12-07 20:00:00+00:00,73.72,75.61631584538851,-2.9990462389347234,78.61536208432324
2025-12-07 21:00:00+00:00,65.5975,61.97021858445674,-2.9990462389347234,64.96926482339146
2025-12-07 22:00:00+00:00,41.7375,42.120779398587736,-2.9990462389347234,45.11982563752246
2025-12-07 23:00:00+00:00,19.27,10.446567194389203,-3.2322867773742083,13.678853971763411
2025-12-08 00:00:00+00:00,11.09,4.932191844835981,-3.2322867773742083,8.16447862221019
2025-12-08 01:00:00+00:00,11.6625,2.008622460675114,-3.2322867773742083,5.240909238049323
2025-12-08 02:00:00+00:00,5.59,-0.7354496392031773,-3.2322867773742083,2.4968371381710313
2025-12-08 03:00:00+00:00,12.89,5.665443378734178,-3.2322867773742083,8.897730156108386
2025-12-08 04:00:00+00:00,28.655,15.759694478403311,-3.2322867773742083,18.99198125577752
2025-12-08 05:00:00+00:00,64.3175,49.52404055505774,-3.2322867773742083,52.756327332431944
2025-12-08 06:00:00+00:00,82.84,89.28405612490077,-3.2322867773742083,92.51634290227499
2025-12-08 07:00:00+00:00,100.0,92.26502833565009,-3.2322867773742083,95.4973151130243
2025-12-08 08:00:00+00:00,98.3375,84.67233476510275,-3.2322867773742083,87.90462154247696
2025-12-08 09:00:00+00:00,86.0375,76.56946535249597,-3.2322867773742083,79.80175212987018
2025-12-08 10:00:00+00:00,79.99000000000001,71.92716696923391,-3.2322867773742083,75.15945374660812
2025-12-08 11:00:00+00:00,79.3475,72.00397873544537,-3.2322867773742083,75.23626551281959
2025-12-08 12:00:00+00:00,86.845,79.5584304701891,-3.2322867773742083,82.79071724756331
2025-12-08 13:00:00+00:00,94.08,90.3238493361712,-3.2322867773742083,93.5561361135454
2025-12-08 14:00:00+00:00,100.145,95.19397320985767,-3.2322867773742083,98.42625998723189
2025-12-08 15:00:00+00:00,101.075,94.13264244115656,-3.2322867773742083,97.36492921853078
2025-12-08 16:00:00+00:00,109.85,92.91931612836584,-3.2322867773742083,96.15160290574005
2025-12-08 17:00:00+00:00,100.2625,90.16102761705498,-3.2322867773742083,93.3933143944292
2025-12-08 18:00:00+00:00,96.635,92.95854364119506,-3.2322867773742083,96.19083041856928
2025-12-08 19:00:00+00:00,89.345,82.66665232833795,-3.2322867773742083,85.89893910571216
2025-12-08 20:00:00+00:00,83.5175,78.31228593496837,-3.2322867773742083,81.54457271234259
2025-12-08 21:00:00+00:00,80.21,73.9886654433611,-3.2322867773742083,77.22095222073531
2025-12-08 22:00:00+00:00,73.2525,67.57871067197425,-3.2322867773742083,70.81099744934846
2025-12-08 23:00:00+00:00,73.69749999999999,59.929161019691016,-3.2183406224655045,63.14750164215652
2025-12-09 00:00:00+00:00,72.785,62.36315144925698,-3.2183406224655045,65.5814920717225
2025-12-09 01:00:00+00:00,73.7125,68.88480451552591,-3.2183406224655045,72.10314513799142
2025-12-09 02:00:00+00:00,74.845,73.42243995709119,-3.2183406224655045,76.64078057955669
2025-12-09 03:00:00+00:00,73.72,76.79602584585206,-3.2183406224655045,80.01436646831756
2025-12-09 04:00:00+00:00,80.205,81.09196229946909,-3.2183406224655045,84.31030292193459
2025-12-09 05:00:00+00:00,98.8475,101.56273709607608,-3.2183406224655045,104.78107771854158
2025-12-09 06:00:00+00:00,105.79,122.37379625023225,-3.2183406224655045,125.59213687269775
2025-12-09 07:00:00+00:00,129.75,135.71325389804005,-3.2183406224655045,138.93159452050554
2025-12-09 08:00:00+00:00,111.335,122.5901481300965,-3.2183406224655045,125.808488752562
2025-12-09 09:00:00+00:00,103.06,101.21582813812384,-3.2183406224655045,104.43416876058934
2025-12-09 10:00:00+00:00,103.34,92.21629876224692,-3.2183406224655045,95.43463938471243
2025-12-09 11:00:00+00:00,97.83,89.3467316531387,-3.2183406224655045,92.56507227560421
2025-12-09 12:00:00+00:00,101.1,96.38332027563816,-3.2183406224655045,99.60166089810366
2025-12-09 13:00:00+00:00,100.22,106.4262925371352,-3.2183406224655045,109.6446331596007
2025-12-09 14:00:00+00:00,110.885,126.7466005127953,-3.2183406224655045,129.9649411352608
2025-12-09 15:00:00+00:00,108.3,130.02914392555218,-3.2183406224655045,133.24748454801767
2025-12-09 16:00:00+00:00,104.5675,123.79932990661044,-3.2183406224655045,127.01767052907594
2025-12-09 17:00:00+00:00,96.91,108.36746486135196,-3.2183406224655045,111.58580548381747
2025-12-09 18:00:00+00:00,85.1025,99.92999486678112,-3.2183406224655045,103.14833548924662
2025-12-09 19:00:00+00:00,83.67,87.38506209307864,-3.2183406224655045,90.60340271554415
2025-12-09 20:00:00+00:00,79.35499999999999,78.15021124634902,-3.2183406224655045,81.36855186881452
2025-12-09 21:00:00+00:00,73.3325,67.21491376729121,-3.2183406224655045,70.43325438975671
2025-12-09 22:00:00+00:00,55.42,52.25820187334265,-3.2183406224655045,55.476542495808154
2025-12-09 23:00:00+00:00,43.9,46.18333489386112,-2.9191793356371676,49.10251422949829
2025-12-10 00:00:00+00:00,36.48,44.40379744092463,-2.9191793356371676,47.322976776561795
2025-12-10 01:00:00+00:00,31.0,42.09511881174892,-2.9191793356371676,45.014298147386086
2025-12-10 02:00:00+00:00,35.1125,38.50377560317816,-2.9191793356371676,41.42295493881533
2025-12-10 03:00:00+00:00,48.09,42.35638162418339,-2.9191793356371676,45.27556095982056
2025-12-10 04:00:00+00:00,69.65,58.45990022719422,-2.9191793356371676,61.379079562831386
2025-12-10 05:00:00+00:00,79.12,81.43062209939745,-2.9191793356371676,84.34980143503462
2025-12-10 06:00:00+00:00,87.505,94.83974006090018,-2.9191793356371676,97.75891939653735
2025-12-10 07:00:00+00:00,94.3325,109.28016696567116,-2.9191793356371676,112.19934630130832
2025-12-10 08:00:00+00:00,94.225,103.46131281320469,-2.9191793356371676,106.38049214884185
2025-12-10 09:00:00+00:00,87.72749999999999,99.30411680712317,-2.9191793356371676,102.22329614276033
2025-12-10 10:00:00+00:00,80.9975,97.51595290827636,-2.9191793356371676,100.43513224391353
2025-12-10 11:00:00+00:00,79.5,95.51616162109922,-2.9191793356371676,98.43534095673638
2025-12-10 12:00:00+00:00,81.4425,100.53558099008212,-2.9191793356371676,103.45476032571929
2025-12-10 13:00:00+00:00,90.2225,105.88404547792352,-2.9191793356371676,108.80322481356069
2025-12-10 14:00:00+00:00,100.665,108.79601334571136,-2.9191793356371676,111.71519268134853
2025-12-10 15:00:00+00:00,104.0025,110.05915170251106,-2.9191793356371676,112.97833103814823
2025-12-10 16:00:00+00:00,105.6725,111.15625246755184,-2.9191793356371676,114.075431803189
2025-12-10 17:00:00+00:00,104.695,113.25657556510272,-2.9191793356371676,116.17575490073989
2025-12-10 18:00:00+00:00,96.7725,103.40308329589767,-2.9191793356371676,106.32226263153484
2025-12-10 19:00:00+00:00,87.75,92.19086648279486,-2.9191793356371676,95.11004581843203
2025-12-10 20:00:00+00:00,86.31,91.7958701711703,-2.9191793356371676,94.71504950680746
2025-12-10 21:00:00+00:00,82.485,88.18728464848225,-2.9191793356371676,91.10646398411942
2025-12-10 22:00:00+00:00,76.425,74.75354429093277,-2.9191793356371676,77.67272362656993
2025-12-10 23:00:00+00:00,73.975,63.45825607831158,-2.620870791646462,66.07912686995805
2025-12-11 00:00:00+00:00,73.41749999999999,60.25326564507205,-2.620870791646462,62.87413643671851
2025-12-11 01:00:00+00:00,72.515,58.12235633501048,-2.620870791646462,60.74322712665694
2025-12-11 02:00:00+00:00,75.2075,59.61950323168104,-2.620870791646462,62.2403740233275
2025-12-11 03:00:00+00:00,76.9125,68.4755317002658,-2.620870791646462,71.09640249191227
2025-12-11 04:00:00+00:00,80.5925,72.8636512351111,-2.620870791646462,75.48452202675757
2025-12-11 05:00:00+00:00,90.09,91.83286185949508,-2.620870791646462,94.45373265114155
2025-12-11 06:00:00+00:00,98.11,101.21247939850603,-2.620870791646462,103.8333501901525
2025-12-11 07:00:00+00:00,110.3575,106.97122008428144,-2.620870791646462,109.59209087592791
2025-12-11 08:00:00+00:00,106.1675,107.812774909484,-2.620870791646462,110.43364570113047
2025-12-11 09:00:00+00:00,93.18,95.1882943341654,-2.620870791646462,97.80916512581187
2025-12-11 10:00:00+00:00,91.9175,91.49690419863984,-2.620870791646462,94.1177749902863
2025-12-11 11:00:00+00:00,89.4,89.74272050156594,-2.620870791646462,92.36359129321241
2025-12-11 12:00:00+00:00,90.22,94.39016790781952,-2.620870791646462,97.01103869946598
2025-12-11 13:00:00+00:00,97.7875,100.57132474514268,-2.620870791646462,103.19219553678914
2025-12-11 14:00:00+00:00,111.265,110.65893187720002,-2.620870791646462,113.27980266884649
2025-12-11 15:00:00+00:00,114.7,117.12339323606884,-2.620870791646462,119.7442640277153
2025-12-11 16:00:00+00:00,115.405,118.76606738268914,-2.620870791646462,121.38693817433561
2025-12-11 17:00:00+00:00,112.5675,117.07991414416212,-2.620870791646462,119.70078493580858
2025-12-11 18:00:00+00:00,107.79,113.71844237963052,-2.620870791646462,116.33931317127698
2025-12-11 19:00:00+00:00,103.6425,108.7661732699296,-2.620870791646462,111.38704406157606
2025-12-11 20:00:00+00:00,94.3925,108.19254091964144,-2.620870791646462,110.81341171128791
2025-12-11 21:00:00+00:00,93.585,107.30922125711363,-2.620870791646462,109.9300920487601
2025-12-11 22:00:00+00:00,93.735,104.96826292118938,-2.620870791646462,107.58913371283585
2025-12-11 23:00:00+00:00,83.78,100.32597011234373,-2.461794775248567,102.78776488759229
2025-12-12 00:00:00+00:00,86.22,96.29099384348848,-2.461794775248567,98.75278861873704
2025-12-12 01:00:00+00:00,87.9,95.8024626670731,-2.461794775248567,98.26425744232166
2025-12-12 02:00:00+00:00,90.1825,98.3467794137482,-2.461794775248567,100.80857418899676
2025-12-12 03:00:00+00:00,90.7075,97.30920646219376,-2.461794775248567,99.77100123744232
2025-12-12 04:00:00+00:00,92.2125,101.67247528233766,-2.461794775248567,104.13427005758622
2025-12-12 05:00:00+00:00,101.2275,118.96788958491284,-2.461794775248567,121.4296843601614
2025-12-12 06:00:00+00:00,121.325,148.4806536918389,-2.461794775248567,150.94244846708747
2025-12-12 07:00:00+00:00,130.8525,174.7659083897047,-2.461794775248567,177.22770316495325
2025-12-12 08:00:00+00:00,126.9025,151.41320144522174,-2.461794775248567,153.8749962204703
2025-12-12 09:00:00+00:00,121.955,134.3388194228798,-2.461794775248567,136.80061419812836
2025-12-12 10:00:00+00:00,118.305,133.27282341799292,-2.461794775248567,135.7346181932415
2025-12-12 11:00:00+00:00,113.0675,134.86975489137043,-2.461794775248567,137.331549666619
2025-12-12 12:00:00+00:00,118.26,143.80448874770474,-2.461794775248567,146.2662835229533
2025-12-12 13:00:00+00:00,126.8225,164.9016781837246,-2.461794775248567,167.36347295897318
2025-12-12 14:00:00+00:00,131.9475,188.19893799150893,-2.461794775248567,190.6607327667575
2025-12-12 15:00:00+00:00,145.4875,205.12283580096008,-2.461794775248567,207.58463057620864
2025-12-12 16:00:00+00:00,146.825,179.68601354018472,-2.461794775248567,182.14780831543328
2025-12-12 17:00:00+00:00,133.1,176.40354483227063,-2.461794775248567,178.8653396075192
2025-12-12 18:00:00+00:00,128.0575,144.58676857197116,-2.461794775248567,147.04856334721973
2025-12-12 19:00:00+00:00,117.0025,115.87731155411149,-2.461794775248567,118.33910632936005
2025-12-12 20:00:00+00:00,114.93,103.70499852576948,-2.461794775248567,106.16679330101805
2025-12-12 21:00:00+00:00,103.82,101.69625810362535,-2.461794775248567,104.15805287887392
2025-12-12 22:00:00+00:00,91.7525,96.38406363468349,-2.461794775248567,98.84585840993205
2025-12-12 23:00:00+00:00,92.2825,96.16874570328386,-1.8335634325624297,98.00230913584629
2025-12-13 00:00:00+00:00,90.5025,90.69833894074269,-1.8335634325624297,92.53190237330512
2025-12-13 01:00:00+00:00,87.39,89.99100014091587,-1.8335634325624297,91.8245635734783
2025-12-13 02:00:00+00:00,87.0425,87.06864334751174,-1.8335634325624297,88.90220678007417
2025-12-13 03:00:00+00:00,85.0,87.7592098063787,-1.8335634325624297,89.59277323894113
2025-12-13 04:00:00+00:00,84.66749999999999,88.79018426631822,-1.8335634325624297,90.62374769888065
2025-12-13 05:00:00+00:00,79.1425,87.40243978807203,-1.8335634325624297,89.23600322063446
2025-12-13 06:00:00+00:00,81.135,97.5097172647246,-1.8335634325624297,99.34328069728703
2025-12-13 07:00:00+00:00,95.9525,102.5462875666977,-1.8335634325624297,104.37985099926013
2025-12-13 08:00:00+00:00,106.77,109.71053016266592,-1.8335634325624297,111.54409359522835
2025-12-13 09:00:00+00:00,102.585,111.11432844736429,-1.8335634325624297,112.94789187992671
2025-12-13 10:00:00+00:00,98.0925,107.239396252111,-1.8335634325624297,109.07295968467344
2025-12-13 11:00:00+00:00,93.7575,103.1956515368082,-1.8335634325624297,105.02921496937063
2025-12-13 12:00:00+00:00,92.935,107.74276497805114,-1.8335634325624297,109.57632841061357
2025-12-13 13:00:00+00:00,95.7575,109.2426833857013,-1.8335634325624297,111.07624681826373
2025-12-13 14:00:00+00:00,114.6575,112.38196900131427,-1.8335634325624297,114.2155324338767
2025-12-13 15:00:00+00:00,119.7075,120.54333507754257,-1.8335634325624297,122.376898510105
2025-12-13 16:00:00+00:00,118.4475,123.61731133587207,-1.8335634325624297,125.4508747684345
2025-12-13 17:00:00+00:00,112.255,114.98757894095364,-1.8335634325624297,116.82114237351607
2025-12-13 18:00:00+00:00,103.63,110.10445068518176,-1.8335634325624297,111.93801411774419
2025-12-13 19:00:00+00:00,91.7075,99.5643137724663,-1.8335634325624297,101.39787720502873
2025-12-13 20:00:00+00:00,90.5575,99.03414332367,-1.8335634325624297,100.86770675623242
2025-12-13 21:00:00+00:00,93.685,94.69274425140094,-1.8335634325624297,96.52630768396337
2025-12-13 22:00:00+00:00,84.3875,87.08047791049329,-1.8335634325624297,88.91404134305571
2025-12-13 23:00:00+00:00,91.195,84.27803828521309,-1.4198048327418036,85.69784311795489
2025-12-14 00:00:00+00:00,90.5225,81.82479483932119,-1.4198048327418036,83.24459967206299
2025-12-14 01:00:00+00:00,81.9,80.18213972573034,-1.4198048327418036,81.60194455847214
2025-12-14 02:00:00+00:00,79.95,77.94623413162634,-1.4198048327418036,79.36603896436814
2025-12-14 03:00:00+00:00,77.305,76.53124896182264,-1.4198048327418036,77.95105379456444
2025-12-14 04:00:00+00:00,78.7625,76.04502387581788,-1.4198048327418036,77.46482870855968
2025-12-14 05:00:00+00:00,77.175,69.03917923756653,-1.4198048327418036,70.45898407030833
2025-12-14 06:00:00+00:00,77.4725,66.72613994321263,-1.4198048327418036,68.14594477595443
2025-12-14 07:00:00+00:00,81.76,71.92260439651854,-1.4198048327418036,73.34240922926034
2025-12-14 08:00:00+00:00,82.345,85.43999100385774,-1.4198048327418036,86.85979583659955
2025-12-14 09:00:00+00:00,80.005,81.492894956751,-1.4198048327418036,82.9126997894928
2025-12-14 10:00:00+00:00,84.0775,76.65363287213434,-1.4198048327418036,78.07343770487614
2025-12-14 11:00:00+00:00,87.27250000000001,73.21348430903029,-1.4198048327418036,74.6332891417721
2025-12-14 12:00:00+00:00,86.95750000000001,76.21939498551507,-1.4198048327418036,77.63919981825687
2025-12-14 13:00:00+00:00,88.65,79.39341844638574,-1.4198048327418036,80.81322327912754
2025-12-14 14:00:00+00:00,92.0975,94.39414682050072,-1.4198048327418036,95.81395165324253
2025-12-14 15:00:00+00:00,99.2825,102.66368261028124,-1.4198048327418036,104.08348744302305
2025-12-14 16:00:00+00:00,102.785,106.382028486526,-1.4198048327418036,107.8018333192678
2025-12-14 17:00:00+00:00,103.2925,94.01674500874049,-1.4198048327418036,95.43654984148229
2025-12-14 18:00:00+00:00,92.99,87.3793768015893,-1.4198048327418036,88.7991816343311
2025-12-14 19:00:00+00:00,90.3975,80.50557010376859,-1.4198048327418036,81.9253749365104
2025-12-14 20:00:00+00:00,84.4025,74.72034893714638,-1.4198048327418036,76.14015376988819
2025-12-14 21:00:00+00:00,82.65,79.50145591109906,-1.4198048327418036,80.92126074384086
2025-12-14 22:00:00+00:00,75.75,65.31932256463868,-1.4198048327418036,66.73912739738049
2025-12-14 23:00:00+00:00,72.5,74.45368614458941,-1.4923760570770148,75.94606220166642
2025-12-15 00:00:00+00:00,71.8775,70.08165881847404,-1.4923760570770148,71.57403487555105
2025-12-15 01:00:00+00:00,71.0375,57.32630742541038,-1.4923760570770148,58.818683482487394
2025-12-15 02:00:00+00:00,70.6675,50.962145262081016,-1.4923760570770148,52.45452131915803
2025-12-15 03:00:00+00:00,75.28,49.62746595607611,-1.4923760570770148,51.119842013153125
2025-12-15 04:00:00+00:00,76.8025,67.83178759754557,-1.4923760570770148,69.32416365462258
2025-12-15 05:00:00+00:00,86.525,75.65535308242812,-1.4923760570770148,77.14772913950513
2025-12-15 06:00:00+00:00,98.79,94.08004145330403,-1.4923760570770148,95.57241751038104
2025-12-15 07:00:00+00:00,101.1275,112.09788903561794,-1.4923760570770148,113.59026509269495
2025-12-15 08:00:00+00:00,96.65,101.79240810255835,-1.4923760570770148,103.28478415963536
2025-12-15 09:00:00+00:00,89.61500000000001,89.92574966934836,-1.4923760570770148,91.41812572642537
2025-12-15 10:00:00+00:00,79.7225,85.40500176005307,-1.4923760570770148,86.89737781713008
2025-12-15 11:00:00+00:00,79.77,85.02211430100019,-1.4923760570770148,86.5144903580772
2025-12-15 12:00:00+00:00,88.26,88.18617882103233,-1.4923760570770148,89.67855487810934
2025-12-15 13:00:00+00:00,95.4375,104.70264840522532,-1.4923760570770148,106.19502446230233
2025-12-15 14:00:00+00:00,107.3,114.36046214140434,-1.4923760570770148,115.85283819848135
2025-12-15 15:00:00+00:00,108.655,119.74009573577604,-1.4923760570770148,121.23247179285305
2025-12-15 16:00:00+00:00,104.2125,112.5838896578218,-1.4923760570770148,114.07626571489881
2025-12-15 17:00:00+00:00,98.1575,106.05010651761644,-1.4923760570770148,107.54248257469345
2025-12-15 18:00:00+00:00,90.4175,101.13147912653164,-1.4923760570770148,102.62385518360865
2025-12-15 19:00:00+00:00,84.25,88.71881664908074,-1.4923760570770148,90.21119270615775
2025-12-15 20:00:00+00:00,85.17,81.62890000451269,-1.4923760570770148,83.1212760615897
2025-12-15 21:00:00+00:00,84.9775,86.0544710689307,-1.4923760570770148,87.5468471260077
2025-12-15 22:00:00+00:00,80.4625,76.80325158408341,-1.4923760570770148,78.29562764116042
2025-12-15 23:00:00+00:00,80.67,86.52208426093053,-1.5600472545800672,88.0821315155106
2025-12-16 00:00:00+00:00,79.05250000000001,88.22819323816185,-1.5600472545800672,89.78824049274192
2025-12-16 01:00:00+00:00,77.0975,86.2466223338041,-1.5600472545800672,87.80666958838417
2025-12-16 02:00:00+00:00,79.0525,89.57874568292982,-1.5600472545800672,91.13879293750989
2025-12-16 03:00:00+00:00,80.3875,89.56052127463923,-1.5600472545800672,91.1205685292193
2025-12-16 04:00:00+00:00,82.3125,94.88266757858032,-1.5600472545800672,96.4427148331604
2025-12-16 05:00:00+00:00,88.4,99.77291346693862,-1.5600472545800672,101.33296072151869
2025-12-16 06:00:00+00:00,91.385,117.75453567359288,-1.5600472545800672,119.31458292817295
2025-12-16 07:00:00+00:00,100.4675,123.36447073000338,-1.5600472545800672,124.92451798458345
2025-12-16 08:00:00+00:00,101.265,109.07208117476762,-1.5600472545800672,110.63212842934769
2025-12-16 09:00:00+00:00,92.345,100.15446661096335,-1.5600472545800672,101.71451386554342
2025-12-16 10:00:00+00:00,90.6075,95.7138389703874,-1.5600472545800672,97.27388622496747
2025-12-16 11:00:00+00:00,91.5125,104.60023880042286,-1.5600472545800672,106.16028605500293
2025-12-16 12:00:00+00:00,99.885,106.1423159652533,-1.5600472545800672,107.70236321983337
2025-12-16 13:00:00+00:00,124.3975,120.22982215190925,-1.5600472545800672,121.78986940648932
2025-12-16 14:00:00+00:00,139.3775,156.68689227795386,-1.5600472545800672,158.24693953253393
2025-12-16 15:00:00+00:00,155.3125,186.75663913442273,-1.5600472545800672,188.3166863890028
2025-12-16 16:00:00+00:00,162.20499999999998,170.3099304645999,-1.5600472545800672,171.86997771917996
2025-12-16 17:00:00+00:00,142.25,158.225196041507,-1.5600472545800672,159.78524329608706
2025-12-16 18:00:00+00:00,137.0975,148.461146275533,-1.5600472545800672,150.02119353011307
2025-12-16 19:00:00+00:00,128.85,128.41852499499151,-1.5600472545800672,129.97857224957158
2025-12-16 20:00:00+00:00,118.9425,117.69228382422264,-1.5600472545800672,119.25233107880271
2025-12-16 21:00:00+00:00,115.575,112.80459906185422,-1.5600472545800672,114.36464631643429
2025-12-16 22:00:00+00:00,103.42,106.75641061285384,-1.5600472545800672,108.31645786743391
2025-12-16 23:00:00+00:00,89.0025,102.23073824129764,-1.3370467494263774,103.56778499072402
2025-12-17 00:00:00+00:00,89.79,98.17786510883369,-1.3370467494263774,99.51491185826006
2025-12-17 01:00:00+00:00,86.4925,98.24791004745872,-1.3370467494263774,99.5849567968851
2025-12-17 02:00:00+00:00,85.025,97.8167870647456,-1.3370467494263774,99.15383381417197
2025-12-17 03:00:00+00:00,88.0775,94.5923485401687,-1.3370467494263774,95.92939528959508
2025-12-17 04:00:00+00:00,90.4975,98.03328370653914,-1.3370467494263774,99.37033045596552
2025-12-17 05:00:00+00:00,95.4875,107.54767260850076,-1.3370467494263774,108.88471935792714
2025-12-17 06:00:00+00:00,108.825,126.07950580405294,-1.3370467494263774,127.41655255347932
2025-12-17 07:00:00+00:00,133.46,130.76272621691612,-1.3370467494263774,132.0997729663425
2025-12-17 08:00:00+00:00,126.295,123.8336246023608,-1.3370467494263774,125.17067135178718
2025-12-17 09:00:00+00:00,124.535,112.0925529924532,-1.3370467494263774,113.42959974187957
2025-12-17 10:00:00+00:00,118.15,107.06365031064036,-1.3370467494263774,108.40069706006673
2025-12-17 11:00:00+00:00,111.895,107.70953016686067,-1.3370467494263774,109.04657691628705
2025-12-17 12:00:00+00:00,122.6575,109.3641448622664,-1.3370467494263774,110.70119161169278
2025-12-17 13:00:00+00:00,129.97,123.09568151706692,-1.3370467494263774,124.4327282664933
2025-12-17 14:00:00+00:00,127.5025,129.48755469898168,-1.3370467494263774,130.82460144840806
2025-12-17 15:00:00+00:00,126.4975,134.03283753074484,-1.3370467494263774,135.36988428017122
2025-12-17 16:00:00+00:00,122.825,143.90416318425974,-1.3370467494263774,145.24120993368612
2025-12-17 17:00:00+00:00,111.4,129.5147149596367,-1.3370467494263774,130.85176170906308
2025-12-17 18:00:00+00:00,97.505,125.09290595746268,-1.3370467494263774,126.42995270688905
2025-12-17 19:00:00+00:00,94.71,109.77242515994048,-1.3370467494263774,111.10947190936686
2025-12-17 20:00:00+00:00,94.7025,101.82326644420178,-1.3370467494263774,103.16031319362816
2025-12-17 21:00:00+00:00,93.2175,99.2509522525837,-1.3370467494263774,100.58799900201008
2025-12-17 22:00:00+00:00,85.0,86.18083018903478,-1.3370467494263774,87.51787693846116
2025-12-17 23:00:00+00:00,77.755,76.86338058042921,-1.2467916846869238,78.11017226511613
2025-12-18 00:00:00+00:00,69.065,71.7981131003669,-1.2467916846869238,73.04490478505383
2025-12-18 01:00:00+00:00,60.1275,58.56672675858401,-1.2467916846869238,59.81351844327094
2025-12-18 02:00:00+00:00,48.89,57.51311796300072,-1.2467916846869238,58.75990964768764
2025-12-18 03:00:00+00:00,44.817499999999995,55.325897847682576,-1.2467916846869238,56.5726895323695
2025-12-18 04:00:00+00:00,50.8275,59.313895917949665,-1.2467916846869238,60.56068760263659
2025-12-18 05:00:00+00:00,63.24250000000001,79.62813651381542,-1.2467916846869238,80.87492819850235
2025-12-18 06:00:00+00:00,81.525,85.45600452786238,-1.2467916846869238,86.7027962125493
2025-12-18 07:00:00+00:00,90.7425,94.64150981685783,-1.2467916846869238,95.88830150154476
2025-12-18 08:00:00+00:00,88.5575,87.87608566776856,-1.2467916846869238,89.12287735245549
2025-12-18 09:00:00+00:00,78.2825,83.10585409039166,-1.2467916846869238,84.35264577507859
2025-12-18 10:00:00+00:00,78.2875,76.90104551735527,-1.2467916846869238,78.1478372020422
2025-12-18 11:00:00+00:00,77.4225,75.01745062995087,-1.2467916846869238,76.2642423146378
2025-12-18 12:00:00+00:00,79.47749999999999,81.53909092296351,-1.2467916846869238,82.78588260765044
2025-12-18 13:00:00+00:00,103.755,92.19306038242576,-1.2467916846869238,93.43985206711268
2025-12-18 14:00:00+00:00,114.4925,98.12132532075636,-1.2467916846869238,99.36811700544328
2025-12-18 15:00:00+00:00,110.8825,101.81235016514913,-1.2467916846869238,103.05914184983605
2025-12-18 16:00:00+00:00,103.4175,103.79622415951144,-1.2467916846869238,105.04301584419837
2025-12-18 17:00:00+00:00,88.255,88.10221824605267,-1.2467916846869238,89.3490099307396
2025-12-18 18:00:00+00:00,80.14,69.21215448602216,-1.2467916846869238,70.45894617070908
2025-12-18 19:00:00+00:00,67.6825,47.33539361140792,-1.2467916846869238,48.58218529609485
2025-12-18 20:00:00+00:00,53.254999999999995,39.93820720279164,-1.2467916846869238,41.184998887478564
2025-12-18 21:00:00+00:00,51.8,43.03617526693891,-1.2467916846869238,44.28296695162584
2025-12-18 22:00:00+00:00,18.6525,31.022016135508316,-1.2467916846869238,32.26880782019524
2025-12-18 23:00:00+00:00,9.84,17.693322283330357,-1.0551351573107595,18.748457440641115
2025-12-19 00:00:00+00:00,5.8575,10.867482043541886,-1.0551351573107595,11.922617200852645
2025-12-19 01:00:00+00:00,4.33,6.4102361947355515,-1.0551351573107595,7.465371352046311
2025-12-19 02:00:00+00:00,3.515,4.898600473534422,-1.0551351573107595,5.953735630845182
2025-12-19 03:00:00+00:00,4.115,12.965720871623722,-1.0551351573107595,14.020856028934482
2025-12-19 04:00:00+00:00,10.775,16.59364456177028,-1.0551351573107595,17.648779719081038
2025-12-19 05:00:00+00:00,40.28,55.08426829342325,-1.0551351573107595,56.13940345073401
2025-12-19 06:00:00+00:00,76.7125,79.26197117616894,-1.0551351573107595,80.3171063334797
2025-12-19 07:00:00+00:00,89.5425,89.60163274008804,-1.0551351573107595,90.6567678973988
2025-12-19 08:00:00+00:00,89.38499999999999,90.0950067818464,-1.0551351573107595,91.15014193915715
2025-12-19 09:00:00+00:00,89.23,91.79261763579257,-1.0551351573107595,92.84775279310333
2025-12-19 10:00:00+00:00,87.49000000000001,90.97762885785474,-1.0551351573107595,92.0327640151655
2025-12-19 11:00:00+00:00,84.57249999999999,92.2570334122995,-1.0551351573107595,93.31216856961026
2025-12-19 12:00:00+00:00,87.625,101.59345253084138,-1.0551351573107595,102.64858768815213
2025-12-19 13:00:00+00:00,93.3475,114.96482948471063,-1.0551351573107595,116.01996464202139
2025-12-19 14:00:00+00:00,97.4025,125.49712750504312,-1.0551351573107595,126.55226266235388
2025-12-19 15:00:00+00:00,100.3325,126.87857315007211,-1.0551351573107595,127.93370830738287
2025-12-19 16:00:00+00:00,106.905,124.02028912280188,-1.0551351573107595,125.07542428011264
2025-12-19 17:00:00+00:00,107.48,125.80032233466174,-1.0551351573107595,126.8554574919725
2025-12-19 18:00:00+00:00,105.1225,118.65416085530164,-1.0551351573107595,119.7092960126124
2025-12-19 19:00:00+00:00,102.91,111.5712017325798,-1.0551351573107595,112.62633688989055
2025-12-19 20:00:00+00:00,98.4625,106.79955119661416,-1.0551351573107595,107.85468635392492
2025-12-19 21:00:00+00:00,96.2775,104.50643246715828,-1.0551351573107595,105.56156762446903
2025-12-19 22:00:00+00:00,90.18,99.6395319709474,-1.0551351573107595,100.69466712825816
2025-12-19 23:00:00+00:00,84.8125,83.33958902719593,-0.8904418393941426,84.23003086659007
2025-12-20 00:00:00+00:00,83.4,81.94765927710985,-0.8904418393941426,82.83810111650399
2025-12-20 01:00:00+00:00,85.0025,81.92088042515249,-0.8904418393941426,82.81132226454663
2025-12-20 02:00:00+00:00,87.4875,81.14594192677794,-0.8904418393941426,82.03638376617208
2025-12-20 03:00:00+00:00,88.46000000000001,83.1138067073292,-0.8904418393941426,84.00424854672335
2025-12-20 04:00:00+00:00,89.915,81.92175431254546,-0.8904418393941426,82.8121961519396
2025-12-20 05:00:00+00:00,95.975,90.92833634326246,-0.8904418393941426,91.8187781826566
2025-12-20 06:00:00+00:00,104.0,100.97169839975427,-0.8904418393941426,101.86214023914842
2025-12-20 07:00:00+00:00,113.2075,115.30354115759567,-0.8904418393941426,116.19398299698982
2025-12-20 08:00:00+00:00,114.8,121.9024018952412,-0.8904418393941426,122.79284373463534
2025-12-20 09:00:00+00:00,112.6675,112.30399200600176,-0.8904418393941426,113.1944338453959
2025-12-20 10:00:00+00:00,110.9875,107.76641190118572,-0.8904418393941426,108.65685374057986
2025-12-20 11:00:00+00:00,110.2675,101.96692147046844,-0.8904418393941426,102.85736330986258
2025-12-20 12:00:00+00:00,114.9825,102.77496043601506,-0.8904418393941426,103.6654022754092
2025-12-20 13:00:00+00:00,119.4825,112.58031199149804,-0.8904418393941426,113.47075383089218
2025-12-20 14:00:00+00:00,120.6375,116.9326981338586,-0.8904418393941426,117.82313997325274
2025-12-20 15:00:00+00:00,120.205,118.24504599046456,-0.8904418393941426,119.1354878298587
2025-12-20 16:00:00+00:00,122.3925,123.40788601033252,-0.8904418393941426,124.29832784972666
2025-12-20 17:00:00+00:00,118.265,122.34387635850638,-0.8904418393941426,123.23431819790052
2025-12-20 18:00:00+00:00,104.11,113.95125996679133,-0.8904418393941426,114.84170180618547
2025-12-20 19:00:00+00:00,96.3825,99.26007237472874,-0.8904418393941426,100.15051421412288
2025-12-20 20:00:00+00:00,93.01,93.6126200049458,-0.8904418393941426,94.50306184433994
2025-12-20 21:00:00+00:00,92.245,89.80829556574015,-0.8904418393941426,90.6987374051343
2025-12-20 22:00:00+00:00,90.6725,85.25469165212057,-0.8904418393941426,86.14513349151471
2025-12-20 23:00:00+00:00,95.7,88.04389842990088,-0.7693454988121211,88.81324392871299
2025-12-21 00:00:00+00:00,90.045,84.52360683529527,-0.7693454988121211,85.29295233410738
2025-12-21 01:00:00+00:00,86.485,79.02548196006565,-0.7693454988121211,79.79482745887776
2025-12-21 02:00:00+00:00,85.39500000000001,76.00276992303637,-0.7693454988121211,76.77211542184848
2025-12-21 03:00:00+00:00,85.6275,80.84971951607771,-0.7693454988121211,81.61906501488983
2025-12-21 04:00:00+00:00,86.825,84.67550882940887,-0.7693454988121211,85.44485432822098
2025-12-21 05:00:00+00:00,88.14,81.05154215710365,-0.7693454988121211,81.82088765591577
2025-12-21 06:00:00+00:00,92.8525,81.97431306757993,-0.7693454988121211,82.74365856639204
2025-12-21 07:00:00+00:00,102.1475,85.43163568406119,-0.7693454988121211,86.2009811828733
2025-12-21 08:00:00+00:00,107.01,89.00892025759903,-0.7693454988121211,89.77826575641114
2025-12-21 09:00:00+00:00,102.5825,88.69301037092137,-0.7693454988121211,89.46235586973349
2025-12-21 10:00:00+00:00,101.3,88.77035174953788,-0.7693454988121211,89.53969724835
2025-12-21 11:00:00+00:00,98.4825,88.5110343671587,-0.7693454988121211,89.28037986597081
2025-12-21 12:00:00+00:00,94.8675,85.51567002705292,-0.7693454988121211,86.28501552586503
2025-12-21 13:00:00+00:00,98.8925,87.64981491644262,-0.7693454988121211,88.41916041525474
2025-12-21 14:00:00+00:00,100.87,90.2131698837641,-0.7693454988121211,90.98251538257621
2025-12-21 15:00:00+00:00,97.515,92.47772638128102,-0.7693454988121211,93.24707188009313
2025-12-21 16:00:00+00:00,97.0675,97.19518522519226,-0.7693454988121211,97.96453072400438
2025-12-21 17:00:00+00:00,90.795,92.84968535492216,-0.7693454988121211,93.61903085373427
2025-12-21 18:00:00+00:00,86.14,79.33661718751856,-0.7693454988121211,80.10596268633067
2025-12-21 19:00:00+00:00,81.655,73.01173670673363,-0.7693454988121211,73.78108220554574
2025-12-21 20:00:00+00:00,78.8625,73.45665194986341,-0.7693454988121211,74.22599744867553
2025-12-21 21:00:00+00:00,77.495,73.31148062523488,-0.7693454988121211,74.080826124047
2025-12-21 22:00:00+00:00,70.905,68.42225460883938,-0.7693454988121211,69.1916001076515
2025-12-21 23:00:00+00:00,70.22749999999999,54.014099651942466,-0.7894964205920755,54.80359607253454
2025-12-22 00:00:00+00:00,68.8275,56.32216627629549,-0.7894964205920755,57.111662696887564
2025-12-22 01:00:00+00:00,67.785,51.37238484536567,-0.7894964205920755,52.161881265957746
2025-12-22 02:00:00+00:00,66.31,58.163492769177374,-0.7894964205920755,58.95298918976945
2025-12-22 03:00:00+00:00,71.5175,65.64385306165256,-0.7894964205920755,66.43334948224464
2025-12-22 04:00:00+00:00,74.1125,71.6239856711185,-0.7894964205920755,72.41348209171058
2025-12-22 05:00:00+00:00,78.1875,79.77183699952089,-0.7894964205920755,80.56133342011296
2025-12-22 06:00:00+00:00,90.4475,93.05908222764732,-0.7894964205920755,93.8485786482394
2025-12-22 07:00:00+00:00,93.3425,101.35408750213594,-0.7894964205920755,102.14358392272801
2025-12-22 08:00:00+00:00,90.7925,105.93319766138173,-0.7894964205920755,106.7226940819738
2025-12-22 09:00:00+00:00,89.2475,105.31151241680524,-0.7894964205920755,106.10100883739732
2025-12-22 10:00:00+00:00,85.0,101.28112154509564,-0.7894964205920755,102.07061796568772
2025-12-22 11:00:00+00:00,86.34,100.89862561920768,-0.7894964205920755,101.68812203979975
2025-12-22 12:00:00+00:00,88.615,101.00547008686596,-0.7894964205920755,101.79496650745803
2025-12-22 13:00:00+00:00,92.1225,106.21427334406728,-0.7894964205920755,107.00376976465935
2025-12-22 14:00:00+00:00,99.5375,111.54684245350096,-0.7894964205920755,112.33633887409303
2025-12-22 15:00:00+00:00,101.18,109.86343679122872,-0.7894964205920755,110.6529332118208
2025-12-22 16:00:00+00:00,107.8925,105.6875256382863,-0.7894964205920755,106.47702205887838
2025-12-22 17:00:00+00:00,100.9,99.96179172938352,-0.7894964205920755,100.7512881499756
2025-12-22 18:00:00+00:00,93.79,101.69282790372168,-0.7894964205920755,102.48232432431375
2025-12-22 19:00:00+00:00,89.47749999999999,99.27060393388436,-0.7894964205920755,100.06010035447643
2025-12-22 20:00:00+00:00,84.86,96.02896067490325,-0.7894964205920755,96.81845709549532
2025-12-22 21:00:00+00:00,84.8225,93.10114688275068,-0.7894964205920755,93.89064330334276
2025-12-22 22:00:00+00:00,77.9675,84.64770834875,-0.7894964205920755,85.43720476934207
2025-12-22 23:00:00+00:00,72.2325,77.15251645928068,-0.3531898938272803,77.50570635310795
2025-12-23 00:00:00+00:00,65.0325,61.41082236291816,-0.3531898938272803,61.76401225674544
2025-12-23 01:00:00+00:00,62.004999999999995,54.682329429191626,-0.3531898938272803,55.0355193230189
2025-12-23 02:00:00+00:00,59.06,49.09928061219439,-0.3531898938272803,49.45247050602167
2025-12-23 03:00:00+00:00,58.1125,48.76882599551587,-0.3531898938272803,49.122015889343146
2025-12-23 04:00:00+00:00,59.0225,52.969107308847974,-0.3531898938272803,53.32229720267525
2025-12-23 05:00:00+00:00,67.8475,73.3615115031693,-0.3531898938272803,73.71470139699657
2025-12-23 06:00:00+00:00,78.0175,83.47281225293278,-0.3531898938272803,83.82600214676006
2025-12-23 07:00:00+00:00,83.875,86.71188607659539,-0.3531898938272803,87.06507597042267
2025-12-23 08:00:00+00:00,85.465,83.93628776608307,-0.3531898938272803,84.28947765991035
2025-12-23 09:00:00+00:00,83.8375,83.01965847203057,-0.3531898938272803,83.37284836585785
2025-12-23 10:00:00+00:00,81.86749999999999,77.35214164862609,-0.3531898938272803,77.70533154245337
2025-12-23 11:00:00+00:00,80.485,79.59041284998297,-0.3531898938272803,79.94360274381025
2025-12-23 12:00:00+00:00,79.2125,81.57562559665473,-0.3531898938272803,81.92881549048201
2025-12-23 13:00:00+00:00,79.215,82.7849898685637,-0.3531898938272803,83.13817976239098
2025-12-23 14:00:00+00:00,81.8275,84.87814067731233,-0.3531898938272803,85.23133057113961
2025-12-23 15:00:00+00:00,83.6875,85.17058885398866,-0.3531898938272803,85.52377874781594
2025-12-23 16:00:00+00:00,82.4675,86.16461158349426,-0.3531898938272803,86.51780147732154
2025-12-23 17:00:00+00:00,83.945,82.87067821709512,-0.3531898938272803,83.2238681109224
2025-12-23 18:00:00+00:00,82.465,83.27845082604573,-0.3531898938272803,83.631640719873
2025-12-23 19:00:00+00:00,78.005,76.47121170054854,-0.3531898938272803,76.82440159437581
2025-12-23 20:00:00+00:00,69.93,64.16743554549812,-0.3531898938272803,64.5206254393254
2025-12-23 21:00:00+00:00,71.83500000000001,61.7841330961583,-0.3531898938272803,62.13732298998558
2025-12-23 22:00:00+00:00,64.0925,56.73116784421307,-0.3531898938272803,57.084357738040346
2025-12-23 23:00:00+00:00,60.2475,43.641145654018906,-0.15561714524128414,43.79676279926019
2025-12-24 00:00:00+00:00,55.8625,40.02755311870969,-0.15561714524128414,40.18317026395098
2025-12-24 01:00:00+00:00,56.8,38.19231262847055,-0.15561714524128414,38.34792977371184
2025-12-24 02:00:00+00:00,55.84,37.50563094739742,-0.15561714524128414,37.66124809263871
2025-12-24 03:00:00+00:00,55.8475,39.519528831143205,-0.15561714524128414,39.67514597638449
2025-12-24 04:00:00+00:00,55.85,45.88714272677842,-0.15561714524128414,46.04275987201971
2025-12-24 05:00:00+00:00,57.215,71.00014837577157,-0.15561714524128414,71.15576552101285
2025-12-24 06:00:00+00:00,67.44500000000001,78.68361241096548,-0.15561714524128414,78.83922955620676
2025-12-24 07:00:00+00:00,81.0,89.53479665136528,-0.15561714524128414,89.69041379660656
2025-12-24 08:00:00+00:00,82.47,89.38578098561696,-0.15561714524128414,89.54139813085824
2025-12-24 09:00:00+00:00,76.02250000000001,84.26783547881983,-0.15561714524128414,84.42345262406111
2025-12-24 10:00:00+00:00,69.2875,74.75874182060755,-0.15561714524128414,74.91435896584883
2025-12-24 11:00:00+00:00,68.5125,71.51373939499439,-0.15561714524128414,71.66935654023567
2025-12-24 12:00:00+00:00,67.9875,73.28276422097261,-0.15561714524128414,73.43838136621389
2025-12-24 13:00:00+00:00,73.7575,81.57414800091337,-0.15561714524128414,81.72976514615465
2025-12-24 14:00:00+00:00,83.0525,86.25501738134557,-0.15561714524128414,86.41063452658685
2025-12-24 15:00:00+00:00,87.9,87.09422633326643,-0.15561714524128414,87.24984347850771
2025-12-24 16:00:00+00:00,89.1325,88.47318458142725,-0.15561714524128414,88.62880172666853
2025-12-24 17:00:00+00:00,78.9075,79.90974491352736,-0.15561714524128414,80.06536205876864
2025-12-24 18:00:00+00:00,71.77250000000001,81.5067741011771,-0.15561714524128414,81.66239124641838
2025-12-24 19:00:00+00:00,68.1575,73.63259556874725,-0.15561714524128414,73.78821271398853
2025-12-24 20:00:00+00:00,67.9875,63.88963015730111,-0.15561714524128414,64.04524730254239
2025-12-24 21:00:00+00:00,69.0075,64.55587849664616,-0.15561714524128414,64.71149564188744
2025-12-24 22:00:00+00:00,65.1625,56.58057357692934,-0.15561714524128414,56.736190722170626
2025-12-24 23:00:00+00:00,63.22,32.46195945220012,-0.2422370515905947,32.70419650379071
2025-12-25 00:00:00+00:00,58.4425,30.923795601909667,-0.2422370515905947,31.166032653500263
2025-12-25 01:00:00+00:00,56.8575,27.40628227416877,-0.2422370515905947,27.648519325759366
2025-12-25 02:00:00+00:00,55.845,28.612077534048364,-0.2422370515905947,28.85431458563896
2025-12-25 03:00:00+00:00,54.53,31.00848028919428,-0.2422370515905947,31.250717340784878
2025-12-25 04:00:00+00:00,52.605,33.643461536675744,-0.2422370515905947,33.88569858826634
2025-12-25 05:00:00+00:00,49.165,52.638865171846824,-0.2422370515905947,52.881102223437416
2025-12-25 06:00:00+00:00,54.0275,57.21605771263631,-0.2422370515905947,57.4582947642269
2025-12-25 07:00:00+00:00,64.205,50.33395037745223,-0.2422370515905947,50.576187429042825
2025-12-25 08:00:00+00:00,64.7075,45.43310020121188,-0.2422370515905947,45.67533725280247
2025-12-25 09:00:00+00:00,53.765,37.20870104163396,-0.2422370515905947,37.45093809322455
2025-12-25 10:00:00+00:00,48.9825,32.86446734333266,-0.2422370515905947,33.106704394923256
2025-12-25 11:00:00+00:00,48.4875,33.13810698701043,-0.2422370515905947,33.380344038601024
2025-12-25 12:00:00+00:00,47.865,34.78269563784573,-0.2422370515905947,35.02493268943632
2025-12-25 13:00:00+00:00,68.5475,49.50138885841809,-0.2422370515905947,49.74362591000868
2025-12-25 14:00:00+00:00,89.41499999999999,76.18118882110107,-0.2422370515905947,76.42342587269167
2025-12-25 15:00:00+00:00,92.235,76.12018753632947,-0.2422370515905947,76.36242458792006
2025-12-25 16:00:00+00:00,94.005,87.69383938253968,-0.2422370515905947,87.93607643413027
2025-12-25 17:00:00+00:00,94.055,88.88610696352306,-0.2422370515905947,89.12834401511365
2025-12-25 18:00:00+00:00,91.715,88.2319255501718,-0.2422370515905947,88.47416260176239
2025-12-25 19:00:00+00:00,91.0325,81.68832576695566,-0.2422370515905947,81.93056281854625
2025-12-25 20:00:00+00:00,92.7,78.28395607522641,-0.2422370515905947,78.526193126817
2025-12-25 21:00:00+00:00,96.1525,87.37222625903023,-0.2422370515905947,87.61446331062082
2025-12-25 22:00:00+00:00,91.47,84.56522751450483,-0.2422370515905947,84.80746456609542
2025-12-25 23:00:00+00:00,97.1,81.37032724187351,-0.36550741247227037,81.73583465434578
2025-12-26 00:00:00+00:00,91.0525,79.03253372605788,-0.36550741247227037,79.39804113853015
2025-12-26 01:00:00+00:00,85.8175,76.40260136563614,-0.36550741247227037,76.76810877810841
2025-12-26 02:00:00+00:00,83.05250000000001,75.7658243477794,-0.36550741247227037,76.13133176025167
2025-12-26 03:00:00+00:00,82.3925,75.60894671526539,-0.36550741247227037,75.97445412773766
2025-12-26 04:00:00+00:00,82.83500000000001,75.41936499289154,-0.36550741247227037,75.78487240536381
2025-12-26 05:00:00+00:00,85.02,80.84338751282829,-0.36550741247227037,81.20889492530056
2025-12-26 06:00:00+00:00,93.115,86.49305248118803,-0.36550741247227037,86.8585598936603
2025-12-26 07:00:00+00:00,98.9,81.06580592787358,-0.36550741247227037,81.43131334034585
2025-12-26 08:00:00+00:00,96.73,78.14737743471703,-0.36550741247227037,78.5128848471893
2025-12-26 09:00:00+00:00,89.25,60.990193466474,-0.36550741247227037,61.355700878946266
2025-12-26 10:00:00+00:00,84.9925,54.39078081712886,-0.36550741247227037,54.756288229601125
2025-12-26 11:00:00+00:00,82.3125,54.56741887671588,-0.36550741247227037,54.932926289188146
2025-12-26 12:00:00+00:00,83.0975,60.63617905766192,-0.36550741247227037,61.00168647013419
2025-12-26 13:00:00+00:00,92.7,75.48942707013948,-0.36550741247227037,75.85493448261175
2025-12-26 14:00:00+00:00,109.1425,92.70452480196694,-0.36550741247227037,93.07003221443921
2025-12-26 15:00:00+00:00,116.7725,95.12110760163756,-0.36550741247227037,95.48661501410983
2025-12-26 16:00:00+00:00,120.47,110.96356672752924,-0.36550741247227037,111.32907414000151
2025-12-26 17:00:00+00:00,116.9725,113.88563775939122,-0.36550741247227037,114.25114517186348
2025-12-26 18:00:00+00:00,116.2625,106.53376158839858,-0.36550741247227037,106.89926900087085
2025-12-26 19:00:00+00:00,113.725,96.12374515202778,-0.36550741247227037,96.48925256450005
2025-12-26 20:00:00+00:00,111.5,94.5516578492981,-0.36550741247227037,94.91716526177036
2025-12-26 21:00:00+00:00,108.255,91.41103360661155,-0.36550741247227037,91.77654101908382
2025-12-26 22:00:00+00:00,99.3675,86.95697667466294,-0.36550741247227037,87.32248408713521
2025-12-26 23:00:00+00:00,96.69,96.17073024743677,-0.3578337285306737,96.52856397596744
2025-12-27 00:00:00+00:00,91.725,91.92978280983604,-0.3578337285306737,92.28761653836672
2025-12-27 01:00:00+00:00,84.7075,88.62091907817515,-0.3578337285306737,88.97875280670583
2025-12-27 02:00:00+00:00,82.7175,88.5897231996318,-0.3578337285306737,88.94755692816248
2025-12-27 03:00:00+00:00,83.9975,83.88175738333092,-0.3578337285306737,84.2395911118616
2025-12-27 04:00:00+00:00,83.17,83.45051973667859,-0.3578337285306737,83.80835346520927
2025-12-27 05:00:00+00:00,88.015,81.82966826907241,-0.3578337285306737,82.18750199760309
2025-12-27 06:00:00+00:00,99.505,87.52595383280365,-0.3578337285306737,87.88378756133433
2025-12-27 07:00:00+00:00,102.32,88.6518542783487,-0.3578337285306737,89.00968800687937
2025-12-27 08:00:00+00:00,93.81,82.27476447147366,-0.3578337285306737,82.63259820000434
2025-12-27 09:00:00+00:00,80.0325,76.76247003953989,-0.3578337285306737,77.12030376807057
2025-12-27 10:00:00+00:00,75.395,66.05625112325743,-0.3578337285306737,66.4140848517881
2025-12-27 11:00:00+00:00,74.54,61.99351831057018,-0.3578337285306737,62.35135203910085
2025-12-27 12:00:00+00:00,76.7375,61.78734752112407,-0.3578337285306737,62.14518124965474
2025-12-27 13:00:00+00:00,81.19999999999999,70.60730245138335,-0.3578337285306737,70.96513617991403
2025-12-27 14:00:00+00:00,94.5425,83.41693453897211,-0.3578337285306737,83.7747682675028
2025-12-27 15:00:00+00:00,103.0075,94.22490179935592,-0.3578337285306737,94.5827355278866
2025-12-27 16:00:00+00:00,105.925,94.51476018858052,-0.3578337285306737,94.8725939171112
2025-12-27 17:00:00+00:00,108.4275,95.91205506200532,-0.3578337285306737,96.269888790536
2025-12-27 18:00:00+00:00,105.0,93.126253829223,-0.3578337285306737,93.48408755775368
2025-12-27 19:00:00+00:00,102.5875,94.74295068561756,-0.3578337285306737,95.10078441414824
2025-12-27 20:00:00+00:00,93.895,96.06392644781212,-0.3578337285306737,96.4217601763428
2025-12-27 21:00:00+00:00,95.4175,97.79971935718736,-0.3578337285306737,98.15755308571804
2025-12-27 22:00:00+00:00,91.295,87.9226203453751,-0.3578337285306737,88.28045407390577
2025-12-27 23:00:00+00:00,84.33500000000001,91.01336665071528,-0.08614216882548109,91.09950881954076
2025-12-28 00:00:00+00:00,83.37,88.51880933383016,-0.08614216882548109,88.60495150265564
2025-12-28 01:00:00+00:00,79.96000000000001,82.53807333790921,-0.08614216882548109,82.62421550673469
2025-12-28 02:00:00+00:00,78.8175,82.26190489669375,-0.08614216882548109,82.34804706551922
2025-12-28 03:00:00+00:00,80.4475,87.89372038560738,-0.08614216882548109,87.97986255443286
2025-12-28 04:00:00+00:00,83.61,86.08351919304145,-0.08614216882548109,86.16966136186693
2025-12-28 05:00:00+00:00,86.47749999999999,89.07247268188185,-0.08614216882548109,89.15861485070732
2025-12-28 06:00:00+00:00,92.15,99.6758702762903,-0.08614216882548109,99.76201244511577
2025-12-28 07:00:00+00:00,97.3625,106.33583138522056,-0.08614216882548109,106.42197355404603
2025-12-28 08:00:00+00:00,96.565,102.11823478053472,-0.08614216882548109,102.2043769493602
2025-12-28 09:00:00+00:00,88.2125,96.98647789136656,-0.08614216882548109,97.07262006019204
2025-12-28 10:00:00+00:00,88.3675,88.93606679145117,-0.08614216882548109,89.02220896027664
2025-12-28 11:00:00+00:00,80.0225,85.97922024094207,-0.08614216882548109,86.06536240976754
2025-12-28 12:00:00+00:00,80.025,88.40243472783985,-0.08614216882548109,88.48857689666532
2025-12-28 13:00:00+00:00,86.6775,100.49419587889706,-0.08614216882548109,100.58033804772253
2025-12-28 14:00:00+00:00,100.87,107.0606752095552,-0.08614216882548109,107.14681737838067
2025-12-28 15:00:00+00:00,110.8825,111.7391539797378,-0.08614216882548109,111.82529614856327
2025-12-28 16:00:00+00:00,113.7025,111.44525210144565,-0.08614216882548109,111.53139427027112
2025-12-28 17:00:00+00:00,114.455,113.01611620139948,-0.08614216882548109,113.10225837022496
2025-12-28 18:00:00+00:00,109.3325,110.62370104096944,-0.08614216882548109,110.70984320979491
2025-12-28 19:00:00+00:00,105.01,102.5577875727217,-0.08614216882548109,102.64392974154717
2025-12-28 20:00:00+00:00,99.0275,89.16990930641869,-0.08614216882548109,89.25605147524416
2025-12-28 21:00:00+00:00,98.2825,88.15879469214089,-0.08614216882548109,88.24493686096636
2025-12-28 22:00:00+00:00,88.44,78.0682414558268,-0.08614216882548109,78.15438362465227
2025-12-28 23:00:00+00:00,89.88,74.19724682308605,0.0426910088149981,74.15455581427105
2025-12-29 00:00:00+00:00,84.98249999999999,68.68417964093605,0.0426910088149981,68.64148863212105
2025-12-29 01:00:00+00:00,84.1825,64.11729261556327,0.0426910088149981,64.07460160674827
2025-12-29 02:00:00+00:00,82.19,57.17835454005276,0.0426910088149981,57.13566353123776
2025-12-29 03:00:00+00:00,83.6225,64.53966762756338,0.0426910088149981,64.49697661874838
2025-12-29 04:00:00+00:00,90.7925,71.99879627458652,0.0426910088149981,71.95610526577153
2025-12-29 05:00:00+00:00,96.3325,85.7993479343018,0.0426910088149981,85.75665692548681
2025-12-29 06:00:00+00:00,104.7175,95.85765688563671,0.0426910088149981,95.81496587682172
2025-12-29 07:00:00+00:00,113.8775,105.4317253239065,0.0426910088149981,105.38903431509151
2025-12-29 08:00:00+00:00,111.01,97.61412337302082,0.0426910088149981,97.57143236420582
2025-12-29 09:00:00+00:00,97.645,94.79868592830712,0.0426910088149981,94.75599491949212
2025-12-29 10:00:00+00:00,90.345,89.0075225141597,0.0426910088149981,88.9648315053447
2025-12-29 11:00:00+00:00,87.6575,86.1337935755922,0.0426910088149981,86.0911025667772
2025-12-29 12:00:00+00:00,88.52250000000001,86.43013795146344,0.0426910088149981,86.38744694264844
2025-12-29 13:00:00+00:00,96.1025,88.74281675074792,0.0426910088149981,88.70012574193292
2025-12-29 14:00:00+00:00,103.5075,89.8368011348807,0.0426910088149981,89.7941101260657
2025-12-29 15:00:00+00:00,108.655,95.97616374482465,0.0426910088149981,95.93347273600965
2025-12-29 16:00:00+00:00,107.0075,94.16902095397712,0.0426910088149981,94.12632994516213
2025-12-29 17:00:00+00:00,103.3075,95.06722833969305,0.0426910088149981,95.02453733087805
2025-12-29 18:00:00+00:00,95.1475,95.33947425748266,0.0426910088149981,95.29678324866767
2025-12-29 19:00:00+00:00,90.3725,90.2406240774051,0.0426910088149981,90.1979330685901
2025-12-29 20:00:00+00:00,83.245,83.98989128871645,0.0426910088149981,83.94720027990145
2025-12-29 21:00:00+00:00,87.91499999999999,88.31653030033043,0.0426910088149981,88.27383929151543
2025-12-29 22:00:00+00:00,83.3425,82.4258974490113,0.0426910088149981,82.3832064401963
2025-12-29 23:00:00+00:00,77.8625,82.83527087028821,0.011738644874656895,82.82353222541356
2025-12-30 00:00:00+00:00,73.215,77.16953165370286,0.011738644874656895,77.15779300882821
2025-12-30 01:00:00+00:00,71.855,77.76292456698172,0.011738644874656895,77.75118592210707
2025-12-30 02:00:00+00:00,69.3575,74.00975354198253,0.011738644874656895,73.99801489710788
2025-12-30 03:00:00+00:00,68.5375,74.53915783729428,0.011738644874656895,74.52741919241963
2025-12-30 04:00:00+00:00,71.99,79.1444338931695,0.011738644874656895,79.13269524829485
2025-12-30 05:00:00+00:00,80.02,89.51484482712489,0.011738644874656895,89.50310618225024
2025-12-30 06:00:00+00:00,87.97,103.15363040479644,0.011738644874656895,103.14189175992179
2025-12-30 07:00:00+00:00,94.8775,108.63874205470262,0.011738644874656895,108.62700340982796
2025-12-30 08:00:00+00:00,94.3925,103.11650337593044,0.011738644874656895,103.10476473105578
2025-12-30 09:00:00+00:00,85.82,86.573531688045,0.011738644874656895,86.56179304317034
2025-12-30 10:00:00+00:00,79.38,80.74721003959496,0.011738644874656895,80.7354713947203
2025-12-30 11:00:00+00:00,76.155,78.85642779446415,0.011738644874656895,78.8446891495895
2025-12-30 12:00:00+00:00,76.7575,80.01866820133715,0.011738644874656895,80.0069295564625
2025-12-30 13:00:00+00:00,88.9675,93.02076997984904,0.011738644874656895,93.00903133497438
2025-12-30 14:00:00+00:00,102.325,110.74471120350351,0.011738644874656895,110.73297255862886
2025-12-30 15:00:00+00:00,109.1,123.92186395827112,0.011738644874656895,123.91012531339646
2025-12-30 16:00:00+00:00,110.715,118.4386616938669,0.011738644874656895,118.42692304899225
2025-12-30 17:00:00+00:00,109.12,119.5041694600568,0.011738644874656895,119.49243081518215
2025-12-30 18:00:00+00:00,105.6075,112.59184461177712,0.011738644874656895,112.58010596690247
2025-12-30 19:00:00+00:00,101.04,105.5661743626764,0.011738644874656895,105.55443571780175
2025-12-30 20:00:00+00:00,93.3225,98.27606547681036,0.011738644874656895,98.2643268319357
2025-12-30 21:00:00+00:00,92.045,97.26974926679948,0.011738644874656895,97.25801062192483
2025-12-30 22:00:00+00:00,85.8075,90.348201111135,0.011738644874656895,90.33646246626034
2025-12-30 23:00:00+00:00,88.0825,92.72971772571786,0.20297983317719334,92.52673789254067
2025-12-31 00:00:00+00:00,84.3375,89.59827424065932,0.20297983317719334,89.39529440748213
2025-12-31 01:00:00+00:00,80.2125,85.78572734194493,0.20297983317719334,85.58274750876774
2025-12-31 02:00:00+00:00,76.58,78.32057249712418,0.20297983317719334,78.11759266394698
2025-12-31 03:00:00+00:00,74.9325,73.56760759227282,0.20297983317719334,73.36462775909563
2025-12-31 04:00:00+00:00,77.3775,65.59420838483187,0.20297983317719334,65.39122855165468
2025-12-31 05:00:00+00:00,81.86749999999999,75.50695415026868,0.20297983317719334,75.30397431709149
2025-12-31 06:00:00+00:00,85.2825,86.07453692629306,0.20297983317719334,85.87155709311587
2025-12-31 07:00:00+00:00,95.7925,88.37597054964111,0.20297983317719334,88.17299071646391
2025-12-31 08:00:00+00:00,95.335,84.57293267400627,0.20297983317719334,84.36995284082907
2025-12-31 09:00:00+00:00,89.26249999999999,80.77094811253225,0.20297983317719334,80.56796827935506
2025-12-31 10:00:00+00:00,83.48,77.93119106831897,0.20297983317719334,77.72821123514177
2025-12-31 11:00:00+00:00,83.0475,74.26311075367592,0.20297983317719334,74.06013092049872
2025-12-31 12:00:00+00:00,85.17,75.09179251938575,0.20297983317719334,74.88881268620855
2025-12-31 13:00:00+00:00,85.17750000000001,79.51298679631775,0.20297983317719334,79.31000696314055
2025-12-31 14:00:00+00:00,90.8325,86.8008304382179,0.20297983317719334,86.5978506050407
2025-12-31 15:00:00+00:00,100.705,89.47967234523026,0.20297983317719334,89.27669251205306
2025-12-31 16:00:00+00:00,110.1,91.440826401007,0.20297983317719334,91.2378465678298
2025-12-31 17:00:00+00:00,107.5275,91.79619860793102,0.20297983317719334,91.59321877475382
2025-12-31 18:00:00+00:00,95.99,94.08823371457898,0.20297983317719334,93.88525388140178
2025-12-31 19:00:00+00:00,86.8025,79.46593151463838,0.20297983317719334,79.26295168146119
2025-12-31 20:00:00+00:00,79.7975,73.9607732349341,0.20297983317719334,73.7577934017569
2025-12-31 21:00:00+00:00,81.39,69.7821100590483,0.20297983317719334,69.57913022587111
2025-12-31 22:00:00+00:00,76.4475,57.47894291642935,0.20297983317719334,57.27596308325215
2025-12-31 23:00:00+00:00,58.2775,35.320291527643775,0.1445313683522231,35.17576015929155
2026-01-01 00:00:00+00:00,42.395,23.9748866872637,0.1445313683522231,23.83035531891148
2026-01-01 01:00:00+00:00,19.57,9.140964341282608,0.1445313683522231,8.996432972930386
2026-01-01 02:00:00+00:00,6.285,6.26549260774884,0.1445313683522231,6.120961239396617
2026-01-01 03:00:00+00:00,3.0925,4.368000836245451,0.1445313683522231,4.223469467893228
2026-01-01 04:00:00+00:00,0.83,3.0186056639890135,0.1445313683522231,2.8740742956367904
2026-01-01 05:00:00+00:00,0.0525,6.16083535815061,0.1445313683522231,6.016303989798387
2026-01-01 06:00:00+00:00,0.0249999999999999,29.99667948915482,0.1445313683522231,29.852148120802596
2026-01-01 07:00:00+00:00,0.0575,33.30882311958133,0.1445313683522231,33.1642917512291
2026-01-01 08:00:00+00:00,0.0,22.045464279039063,0.1445313683522231,21.90093291068684
2026-01-01 09:00:00+00:00,-0.0025,19.272212602243822,0.1445313683522231,19.1276812338916
2026-01-01 10:00:00+00:00,-0.0025,5.4079608391121745,0.1445313683522231,5.263429470759951
2026-01-01 11:00:00+00:00,-0.01,4.876662306055208,0.1445313683522231,4.732130937702985
2026-01-01 12:00:00+00:00,-0.0075,13.63866662842019,0.1445313683522231,13.494135260067967
2026-01-01 13:00:00+00:00,0.0175,14.423026675088911,0.1445313683522231,14.278495306736689
2026-01-01 14:00:00+00:00,3.51,20.50726496454699,0.1445313683522231,20.36273359619477
2026-01-01 15:00:00+00:00,10.345,20.09140386071621,0.1445313683522231,19.946872492363987
2026-01-01 16:00:00+00:00,21.795,27.739519372705253,0.1445313683522231,27.59498800435303
2026-01-01 17:00:00+00:00,23.1275,27.189277675100794,0.1445313683522231,27.04474630674857
2026-01-01 18:00:00+00:00,18.0925,21.029831285320093,0.1445313683522231,20.88529991696787
2026-01-01 19:00:00+00:00,10.0425,14.67724427269478,0.1445313683522231,14.532712904342558
2026-01-01 20:00:00+00:00,8.95,1.2213900180666697,0.1445313683522231,1.0768586497144466
2026-01-01 21:00:00+00:00,7.3725,0.994021884356822,0.1445313683522231,0.8494905160045989
2026-01-01 22:00:00+00:00,0.285,-1.894286799268367,0.1445313683522231,-2.03881816762059
2026-01-01 23:00:00+00:00,9.68,16.172219021768846,0.39274476609783227,15.779474255671014
2026-01-02 00:00:00+00:00,3.01,12.758610566204007,0.39274476609783227,12.365865800106175
2026-01-02 01:00:00+00:00,1.8075,4.660747249262702,0.39274476609783227,4.268002483164869
2026-01-02 02:00:00+00:00,0.245,4.742129362230886,0.39274476609783227,4.349384596133055
2026-01-02 03:00:00+00:00,1.725,5.025988791410962,0.39274476609783227,4.633244025313131
2026-01-02 04:00:00+00:00,11.9975,4.528911413049942,0.39274476609783227,4.136166646952109
2026-01-02 05:00:00+00:00,21.795,4.328449820443388,0.39274476609783227,3.9357050543455556
2026-01-02 06:00:00+00:00,50.965,11.713042192518484,0.39274476609783227,11.320297426420652
2026-01-02 07:00:00+00:00,68.8675,20.070378251977317,0.39274476609783227,19.677633485879486
2026-01-02 08:00:00+00:00,71.1975,19.846372989389135,0.39274476609783227,19.453628223291304
2026-01-02 09:00:00+00:00,57.8875,13.247502969542795,0.39274476609783227,12.854758203444963
2026-01-02 10:00:00+00:00,55.9275,9.928517772085884,0.39274476609783227,9.535773005988052
2026-01-02 11:00:00+00:00,58.0025,11.895105829002109,0.39274476609783227,11.502361062904276
2026-01-02 12:00:00+00:00,66.94749999999999,13.805776986886778,0.39274476609783227,13.413032220788946
2026-01-02 13:00:00+00:00,70.12,23.448196297608604,0.39274476609783227,23.055451531510773
2026-01-02 14:00:00+00:00,77.495,41.09077745741104,0.39274476609783227,40.69803269131321
2026-01-02 15:00:00+00:00,82.455,48.79592966387605,0.39274476609783227,48.40318489777822
2026-01-02 16:00:00+00:00,85.435,65.7769637058719,0.39274476609783227,65.38421893977407
2026-01-02 17:00:00+00:00,88.3425,67.4430400811155,0.39274476609783227,67.05029531501766
2026-01-02 18:00:00+00:00,88.5725,74.70705424496009,0.39274476609783227,74.31430947886226
2026-01-02 19:00:00+00:00,89.1525,61.933940890528014,0.39274476609783227,61.54119612443018
2026-01-02 20:00:00+00:00,83.5175,65.88656301556027,0.39274476609783227,65.49381824946244
2026-01-02 21:00:00+00:00,85.5925,80.51830742140811,0.39274476609783227,80.12556265531028
2026-01-02 22:00:00+00:00,81.8325,67.38089312614952,0.39274476609783227,66.98814836005168
2026-01-02 23:00:00+00:00,80.165,34.56746675117897,0.21439637803256892,34.3530703731464
2026-01-03 00:00:00+00:00,78.33,33.024148193440574,0.21439637803256892,32.809751815408006
2026-01-03 01:00:00+00:00,75.82,35.41207121072787,0.21439637803256892,35.197674832695306
2026-01-03 02:00:00+00:00,74.82,33.6486567241276,0.21439637803256892,33.43426034609503
2026-01-03 03:00:00+00:00,73.02250000000001,34.96220651878024,0.21439637803256892,34.747810140747674
2026-01-03 04:00:00+00:00,74.99,38.71420187666438,0.21439637803256892,38.499805498631815
2026-01-03 05:00:00+00:00,75.91,40.05562546739484,0.21439637803256892,39.84122908936227
2026-01-03 06:00:00+00:00,79.3125,52.44297483567945,0.21439637803256892,52.22857845764688
2026-01-03 07:00:00+00:00,90.69,58.413473740020954,0.21439637803256892,58.19907736198839
2026-01-03 08:00:00+00:00,94.09,55.9904332015124,0.21439637803256892,55.776036823479835
2026-01-03 09:00:00+00:00,93.31,41.033056098161055,0.21439637803256892,40.81865972012849
2026-01-03 10:00:00+00:00,88.7075,27.946840475858995,0.21439637803256892,27.732444097826427
2026-01-03 11:00:00+00:00,87.4125,26.195858939279383,0.21439637803256892,25.981462561246815
2026-01-03 12:00:00+00:00,86.60499999999999,21.448801093603898,0.21439637803256892,21.23440471557133
2026-01-03 13:00:00+00:00,89.6825,29.637287406626317,0.21439637803256892,29.42289102859375
2026-01-03 14:00:00+00:00,94.6,48.14722786427473,0.21439637803256892,47.932831486242165
2026-01-03 15:00:00+00:00,99.88,57.76048299451271,0.21439637803256892,57.54608661648014
2026-01-03 16:00:00+00:00,109.715,62.807504169607526,0.21439637803256892,62.59310779157496
2026-01-03 17:00:00+00:00,110.825,62.87942052679784,0.21439637803256892,62.66502414876527
2026-01-03 18:00:00+00:00,104.76,60.81991229472142,0.21439637803256892,60.60551591668885
2026-01-03 19:00:00+00:00,97.625,55.76069237499614,0.21439637803256892,55.54629599696357
2026-01-03 20:00:00+00:00,91.1175,52.97240791579013,0.21439637803256892,52.75801153775756
2026-01-03 21:00:00+00:00,90.7125,59.53546361064569,0.21439637803256892,59.321067232613125
2026-01-03 22:00:00+00:00,86.015,47.712250015794474,0.21439637803256892,47.49785363776191
2026-01-03 23:00:00+00:00,88.8225,40.63734169125139,-0.6548577765678769,41.29219946781927
2026-01-04 00:00:00+00:00,85.33,43.67337024462064,-0.6548577765678769,44.32822802118852
2026-01-04 01:00:00+00:00,85.0425,40.870862619617746,-0.6548577765678769,41.525720396185626
2026-01-04 02:00:00+00:00,83.7375,43.654211797963264,-0.6548577765678769,44.309069574531144
2026-01-04 03:00:00+00:00,82.5575,43.92804907823648,-0.6548577765678769,44.58290685480436
2026-01-04 04:00:00+00:00,83.4075,51.150109453541425,-0.6548577765678769,51.804967230109305
2026-01-04 05:00:00+00:00,83.795,53.68847122823591,-0.6548577765678769,54.34332900480379
2026-01-04 06:00:00+00:00,86.4825,64.90481526348171,-0.6548577765678769,65.55967304004959
2026-01-04 07:00:00+00:00,88.1225,71.04339593462461,-0.6548577765678769,71.69825371119249
2026-01-04 08:00:00+00:00,94.3,72.93498012117072,-0.6548577765678769,73.5898378977386
2026-01-04 09:00:00+00:00,94.755,68.19034186561827,-0.6548577765678769,68.84519964218615
2026-01-04 10:00:00+00:00,90.8775,64.81215355498145,-0.6548577765678769,65.46701133154933
2026-01-04 11:00:00+00:00,89.5425,58.52512328633912,-0.6548577765678769,59.179981062907
2026-01-04 12:00:00+00:00,86.7775,58.766730465548214,-0.6548577765678769,59.421588242116094
2026-01-04 13:00:00+00:00,92.675,70.5983612554527,-0.6548577765678769,71.25321903202058
2026-01-04 14:00:00+00:00,93.1975,85.51871721076323,-0.6548577765678769,86.17357498733111
2026-01-04 15:00:00+00:00,100.5925,94.44946045556942,-0.6548577765678769,95.1043182321373
2026-01-04 16:00:00+00:00,118.425,97.91294575521265,-0.6548577765678769,98.56780353178053
2026-01-04 17:00:00+00:00,121.18,97.14529604021916,-0.6548577765678769,97.80015381678705
2026-01-04 18:00:00+00:00,119.715,95.43683674336718,-0.6548577765678769,96.09169451993506
2026-01-04 19:00:00+00:00,112.45,94.16864280866558,-0.6548577765678769,94.82350058523346
2026-01-04 20:00:00+00:00,99.7,85.09600588429318,-0.6548577765678769,85.75086366086106
2026-01-04 21:00:00+00:00,95.765,85.65584894382602,-0.6548577765678769,86.3107067203939
2026-01-04 22:00:00+00:00,89.21000000000001,86.13329915871262,-0.6548577765678769,86.7881569352805
2026-01-04 23:00:00+00:00,92.4525,104.14391787977416,-0.9869454767962431,105.1308633565704
2026-01-05 00:00:00+00:00,88.8475,95.4876273773698,-0.9869454767962431,96.47457285416604
2026-01-05 01:00:00+00:00,86.5075,93.69231385345442,-0.9869454767962431,94.67925933025066
2026-01-05 02:00:00+00:00,86.3125,91.29269208685528,-0.9869454767962431,92.27963756365152
2026-01-05 03:00:00+00:00,87.495,92.2338285809998,-0.9869454767962431,93.22077405779604
2026-01-05 04:00:00+00:00,90.8575,98.19173993530802,-0.9869454767962431,99.17868541210426
2026-01-05 05:00:00+00:00,109.0225,110.63042003850089,-0.9869454767962431,111.61736551529712
2026-01-05 06:00:00+00:00,129.3125,126.9622220376817,-0.9869454767962431,127.94916751447794
2026-01-05 07:00:00+00:00,151.175,138.54160268424823,-0.9869454767962431,139.52854816104448
2026-01-05 08:00:00+00:00,152.15,140.23606804079807,-0.9869454767962431,141.22301351759432
2026-01-05 09:00:00+00:00,145.6275,137.0827628585821,-0.9869454767962431,138.06970833537835
2026-01-05 10:00:00+00:00,136.57,133.01377401015813,-0.9869454767962431,134.00071948695438
2026-01-05 11:00:00+00:00,134.3025,136.57617165738225,-0.9869454767962431,137.5631171341785
2026-01-05 12:00:00+00:00,134.3025,133.06708249259802,-0.9869454767962431,134.05402796939427
2026-01-05 13:00:00+00:00,140.15,142.65984967007532,-0.9869454767962431,143.64679514687157
2026-01-05 14:00:00+00:00,148.99,146.39882688286644,-0.9869454767962431,147.3857723596627
2026-01-05 15:00:00+00:00,180.7075,160.8031777900505,-0.9869454767962431,161.79012326684676
2026-01-05 16:00:00+00:00,223.425,167.17727978080083,-0.9869454767962431,168.16422525759708
2026-01-05 17:00:00+00:00,213.585,163.94683137319316,-0.9869454767962431,164.9337768499894
2026-01-05 18:00:00+00:00,182.8,164.89188827826894,-0.9869454767962431,165.8788337550652
2026-01-05 19:00:00+00:00,147.0325,152.29213131865555,-0.9869454767962431,153.2790767954518
2026-01-05 20:00:00+00:00,129.1025,128.33064704354183,-0.9869454767962431,129.31759252033808
2026-01-05 21:00:00+00:00,123.85,117.78365130965932,-0.9869454767962431,118.77059678645556
2026-01-05 22:00:00+00:00,111.3,109.2708281677304,-0.9869454767962431,110.25777364452664
2026-01-05 23:00:00+00:00,104.695,110.93447876208656,-1.088392920089208,112.02287168217576
2026-01-06 00:00:00+00:00,104.6,106.490472448274,-1.088392920089208,107.57886536836321
2026-01-06 01:00:00+00:00,101.545,99.2186232418229,-1.088392920089208,100.3070161619121
2026-01-06 02:00:00+00:00,100.0875,99.69223702642358,-1.088392920089208,100.78062994651279
2026-01-06 03:00:00+00:00,102.4525,101.63050716237868,-1.088392920089208,102.71890008246788
2026-01-06 04:00:00+00:00,107.0,109.68505259069065,-1.088392920089208,110.77344551077985
2026-01-06 05:00:00+00:00,121.2875,137.87786765492706,-1.088392920089208,138.96626057501626
2026-01-06 06:00:00+00:00,138.4975,177.01700636858837,-1.088392920089208,178.10539928867757
2026-01-06 07:00:00+00:00,164.185,244.91031793336228,-1.088392920089208,245.99871085345148
2026-01-06 08:00:00+00:00,168.82,239.6805021153359,-1.088392920089208,240.76889503542512
2026-01-06 09:00:00+00:00,154.8425,196.47220133109653,-1.088392920089208,197.56059425118573
2026-01-06 10:00:00+00:00,147.265,172.9817168523984,-1.088392920089208,174.0701097724876
2026-01-06 11:00:00+00:00,134.4325,169.58847682597334,-1.088392920089208,170.67686974606255
2026-01-06 12:00:00+00:00,130.2025,160.5074927644665,-1.088392920089208,161.5958856845557
2026-01-06 13:00:00+00:00,130.7025,160.12421766935373,-1.088392920089208,161.21261058944293
2026-01-06 14:00:00+00:00,136.985,169.35772054595066,-1.088392920089208,170.44611346603986
2026-01-06 15:00:00+00:00,145.0075,209.4242290227437,-1.088392920089208,210.5126219428329
2026-01-06 16:00:00+00:00,152.9925,222.9773561107376,-1.088392920089208,224.0657490308268
2026-01-06 17:00:00+00:00,148.26749999999998,184.0020312835859,-1.088392920089208,185.0904242036751
2026-01-06 18:00:00+00:00,139.1175,173.06925988411982,-1.088392920089208,174.15765280420902
2026-01-06 19:00:00+00:00,121.6025,140.73035966127472,-1.088392920089208,141.81875258136392
2026-01-06 20:00:00+00:00,108.5625,129.01065989253098,-1.088392920089208,130.0990528126202
2026-01-06 21:00:00+00:00,102.2225,128.94101490106115,-1.088392920089208,130.02940782115036
2026-01-06 22:00:00+00:00,92.8175,110.3684575382232,-1.088392920089208,111.4568504583124
2026-01-06 23:00:00+00:00,93.9875,100.59289300221418,-0.6981690450846156,101.2910620472988
2026-01-07 00:00:00+00:00,88.61,94.19158470699544,-0.6981690450846156,94.88975375208005
2026-01-07 01:00:00+00:00,85.045,89.79126829706003,-0.6981690450846156,90.48943734214464
2026-01-07 02:00:00+00:00,81.64750000000001,79.59031063808695,-0.6981690450846156,80.28847968317156
2026-01-07 03:00:00+00:00,80.7825,84.6460392185346,-0.6981690450846156,85.34420826361921
2026-01-07 04:00:00+00:00,84.8825,89.80526363735245,-0.6981690450846156,90.50343268243707
2026-01-07 05:00:00+00:00,92.77,94.93216046806256,-0.6981690450846156,95.63032951314717
2026-01-07 06:00:00+00:00,99.2,110.31782406041012,-0.6981690450846156,111.01599310549473
2026-01-07 07:00:00+00:00,109.35,125.30910924402012,-0.6981690450846156,126.00727828910473
2026-01-07 08:00:00+00:00,112.1275,113.16189195505552,-0.6981690450846156,113.86006100014013
2026-01-07 09:00:00+00:00,108.3125,92.06655829573296,-0.6981690450846156,92.76472734081757
2026-01-07 10:00:00+00:00,99.935,83.57263135483137,-0.6981690450846156,84.27080039991598
2026-01-07 11:00:00+00:00,96.34,76.72065643477812,-0.6981690450846156,77.41882547986273
2026-01-07 12:00:00+00:00,93.155,84.95667950427864,-0.6981690450846156,85.65484854936325
2026-01-07 13:00:00+00:00,95.2275,86.35834294028277,-0.6981690450846156,87.05651198536738
2026-01-07 14:00:00+00:00,101.8375,88.51083109356003,-0.6981690450846156,89.20900013864464
2026-01-07 15:00:00+00:00,106.385,99.55303140727978,-0.6981690450846156,100.25120045236439
2026-01-07 16:00:00+00:00,125.1875,112.0529717694234,-0.6981690450846156,112.751140814508
2026-01-07 17:00:00+00:00,124.1,117.18315853306264,-0.6981690450846156,117.88132757814725
2026-01-07 18:00:00+00:00,116.7325,110.75387406408927,-0.6981690450846156,111.45204310917389
2026-01-07 19:00:00+00:00,108.7275,99.34297899138396,-0.6981690450846156,100.04114803646857
2026-01-07 20:00:00+00:00,98.455,90.19054974282092,-0.6981690450846156,90.88871878790553
2026-01-07 21:00:00+00:00,93.96,88.68517665457505,-0.6981690450846156,89.38334569965966
2026-01-07 22:00:00+00:00,88.7625,77.59755098907611,-0.6981690450846156,78.29572003416072
2026-01-07 23:00:00+00:00,84.08,77.54520060666175,-0.9301631320213474,78.4753637386831
2026-01-08 00:00:00+00:00,83.08250000000001,74.57882074464028,-0.9301631320213474,75.50898387666163
2026-01-08 01:00:00+00:00,84.52250000000001,75.38402358684131,-0.9301631320213474,76.31418671886266
2026-01-08 02:00:00+00:00,82.4725,75.19201210014286,-0.9301631320213474,76.12217523216421
2026-01-08 03:00:00+00:00,85.265,82.80962601345234,-0.9301631320213474,83.7397891454737
2026-01-08 04:00:00+00:00,87.8875,93.26959424201496,-0.9301631320213474,94.19975737403631
2026-01-08 05:00:00+00:00,97.88,105.10114677178792,-0.9301631320213474,106.03130990380927
2026-01-08 06:00:00+00:00,126.7125,125.03575013357091,-0.9301631320213474,125.96591326559226
2026-01-08 07:00:00+00:00,168.81,149.90984011301666,-0.9301631320213474,150.840003245038
2026-01-08 08:00:00+00:00,192.72,158.6236842589575,-0.9301631320213474,159.55384739097883
2026-01-08 09:00:00+00:00,207.9325,177.64615937676993,-0.9301631320213474,178.57632250879126
2026-01-08 10:00:00+00:00,213.1125,155.27977985916027,-0.9301631320213474,156.2099429911816
2026-01-08 11:00:00+00:00,220.27,155.74039297284807,-0.9301631320213474,156.6705561048694
2026-01-08 12:00:00+00:00,236.215,150.14876354126196,-0.9301631320213474,151.0789266732833
2026-01-08 13:00:00+00:00,264.585,152.3214143560943,-0.9301631320213474,153.25157748811563
2026-01-08 14:00:00+00:00,264.41999999999996,171.09866951994894,-0.9301631320213474,172.02883265197028
2026-01-08 15:00:00+00:00,259.49,175.02591958297035,-0.9301631320213474,175.95608271499168
2026-01-08 16:00:00+00:00,233.8525,176.2552223520642,-0.9301631320213474,177.18538548408554
2026-01-08 17:00:00+00:00,199.3975,175.2513900208014,-0.9301631320213474,176.18155315282274
2026-01-08 18:00:00+00:00,139.2475,163.54051524202654,-0.9301631320213474,164.47067837404788
2026-01-08 19:00:00+00:00,102.125,140.6775941141946,-0.9301631320213474,141.60775724621593
2026-01-08 20:00:00+00:00,94.4825,114.95837513940783,-0.9301631320213474,115.88853827142918
2026-01-08 21:00:00+00:00,91.305,98.20615892187394,-0.9301631320213474,99.13632205389528
2026-01-08 22:00:00+00:00,79.035,78.1026652899394,-0.9301631320213474,79.03282842196074
2026-01-08 23:00:00+00:00,78.9625,56.0460034076067,-1.4928797240101508,57.53888313161685
2026-01-09 00:00:00+00:00,70.69,38.8559069525037,-1.4928797240101508,40.34878667651385
2026-01-09 01:00:00+00:00,57.349999999999994,16.342505118921693,-1.4928797240101508,17.835384842931845
2026-01-09 02:00:00+00:00,50.84,11.952668473346826,-1.4928797240101508,13.445548197356977
2026-01-09 03:00:00+00:00,47.845,14.227095985378249,-1.4928797240101508,15.7199757093884
2026-01-09 04:00:00+00:00,56.575,16.048292030887907,-1.4928797240101508,17.54117175489806
2026-01-09 05:00:00+00:00,72.605,15.343193905863073,-1.4928797240101508,16.836073629873223
2026-01-09 06:00:00+00:00,84.3025,47.71904723006123,-1.4928797240101508,49.21192695407138
2026-01-09 07:00:00+00:00,89.7625,67.39431537191254,-1.4928797240101508,68.88719509592269
2026-01-09 08:00:00+00:00,89.1475,80.50697319535223,-1.4928797240101508,81.99985291936238
2026-01-09 09:00:00+00:00,93.93,71.47440441773357,-1.4928797240101508,72.96728414174372
2026-01-09 10:00:00+00:00,85.795,64.63075141804433,-1.4928797240101508,66.12363114205448
2026-01-09 11:00:00+00:00,83.015,72.21125875138196,-1.4928797240101508,73.70413847539211
2026-01-09 12:00:00+00:00,82.85,58.82827267977014,-1.4928797240101508,60.32115240378029
2026-01-09 13:00:00+00:00,82.83500000000001,73.00985905467059,-1.4928797240101508,74.50273877868074
2026-01-09 14:00:00+00:00,85.245,73.99788132575624,-1.4928797240101508,75.49076104976639
2026-01-09 15:00:00+00:00,87.5725,66.36853880296887,-1.4928797240101508,67.86141852697902
2026-01-09 16:00:00+00:00,92.52,63.54911835223496,-1.4928797240101508,65.04199807624511
2026-01-09 17:00:00+00:00,91.6625,58.73451624840624,-1.4928797240101508,60.22739597241639
2026-01-09 18:00:00+00:00,87.28,56.04139865852546,-1.4928797240101508,57.53427838253561
2026-01-09 19:00:00+00:00,82.80250000000001,34.25595376447568,-1.4928797240101508,35.74883348848583
2026-01-09 20:00:00+00:00,80.36,39.31682381899249,-1.4928797240101508,40.80970354300264
2026-01-09 21:00:00+00:00,80.35,47.74543479143361,-1.4928797240101508,49.23831451544376
2026-01-09 22:00:00+00:00,74.51,39.54277673242829,-1.4928797240101508,41.03565645643844
2026-01-09 23:00:00+00:00,72.78999999999999,31.656043515131056,-2.0762049740279496,33.732248489159005
2026-01-10 00:00:00+00:00,69.775,30.0003630758376,-2.0762049740279496,32.07656804986555
2026-01-10 01:00:00+00:00,66.2375,23.25930088488119,-2.0762049740279496,25.335505858909137
2026-01-10 02:00:00+00:00,66.535,28.5632105095632,-2.0762049740279496,30.639415483591147
2026-01-10 03:00:00+00:00,66.5125,28.23748838416755,-2.0762049740279496,30.313693358195497
2026-01-10 04:00:00+00:00,68.46000000000001,35.21573669639822,-2.0762049740279496,37.29194167042617
2026-01-10 05:00:00+00:00,69.96000000000001,47.766650078626114,-2.0762049740279496,49.842855052654066
2026-01-10 06:00:00+00:00,76.66499999999999,65.35223708972802,-2.0762049740279496,67.42844206375597
2026-01-10 07:00:00+00:00,85.0275,66.47679610919934,-2.0762049740279496,68.55300108322729
2026-01-10 08:00:00+00:00,92.3625,89.40869325559049,-2.0762049740279496,91.48489822961844
2026-01-10 09:00:00+00:00,97.595,103.56365915369636,-2.0762049740279496,105.63986412772431
2026-01-10 10:00:00+00:00,101.5575,107.7014941853167,-2.0762049740279496,109.77769915934465
2026-01-10 11:00:00+00:00,101.57,113.86920094762915,-2.0762049740279496,115.9454059216571
2026-01-10 12:00:00+00:00,104.825,116.62786064229051,-2.0762049740279496,118.70406561631846
2026-01-10 13:00:00+00:00,111.4425,120.87371611849812,-2.0762049740279496,122.94992109252607
2026-01-10 14:00:00+00:00,117.7175,129.3857395264266,-2.0762049740279496,131.46194450045454
2026-01-10 15:00:00+00:00,128.0075,128.07957251147232,-2.0762049740279496,130.15577748550027
2026-01-10 16:00:00+00:00,139.5275,134.82145984829515,-2.0762049740279496,136.8976648223231
2026-01-10 17:00:00+00:00,136.91,140.17989849180577,-2.0762049740279496,142.25610346583372
2026-01-10 18:00:00+00:00,128.305,140.75930242322116,-2.0762049740279496,142.8355073972491
2026-01-10 19:00:00+00:00,120.49,133.39460619116846,-2.0762049740279496,135.4708111651964
2026-01-10 20:00:00+00:00,113.21,128.7486326146638,-2.0762049740279496,130.82483758869174
2026-01-10 21:00:00+00:00,107.68,128.9400642189773,-2.0762049740279496,131.01626919300526
2026-01-10 22:00:00+00:00,98.1975,121.09470146456296,-2.0762049740279496,123.1709064385909
2026-01-10 23:00:00+00:00,96.9025,114.33582676098337,-2.242617878458386,116.57844463944176
2026-01-11 00:00:00+00:00,92.7475,111.47642087655102,-2.242617878458386,113.71903875500941
2026-01-11 01:00:00+00:00,88.035,106.20993325906838,-2.242617878458386,108.45255113752677
2026-01-11 02:00:00+00:00,84.86,105.4358653711985,-2.242617878458386,107.67848324965689
2026-01-11 03:00:00+00:00,82.68,105.62607497814076,-2.242617878458386,107.86869285659915
2026-01-11 04:00:00+00:00,82.26,107.34021150431975,-2.242617878458386,109.58282938277814
2026-01-11 05:00:00+00:00,81.6025,109.2146877332938,-2.242617878458386,111.45730561175219
2026-01-11 06:00:00+00:00,84.25999999999999,129.41754358280602,-2.242617878458386,131.6601614612644
2026-01-11 07:00:00+00:00,92.06,133.95894117640648,-2.242617878458386,136.20155905486487
2026-01-11 08:00:00+00:00,103.1025,125.58024847232568,-2.242617878458386,127.82286635078407
2026-01-11 09:00:00+00:00,100.6825,114.16818162598844,-2.242617878458386,116.41079950444683
2026-01-11 10:00:00+00:00,99.9175,116.19778511935584,-2.242617878458386,118.44040299781423
2026-01-11 11:00:00+00:00,97.0875,109.1185751173402,-2.242617878458386,111.36119299579859
2026-01-11 12:00:00+00:00,96.5175,111.54740508081892,-2.242617878458386,113.79002295927731
2026-01-11 13:00:00+00:00,98.8775,111.8094120396942,-2.242617878458386,114.05202991815258
2026-01-11 14:00:00+00:00,101.275,119.5202776739417,-2.242617878458386,121.7628955524001
2026-01-11 15:00:00+00:00,111.755,125.19284753713028,-2.242617878458386,127.43546541558867
2026-01-11 16:00:00+00:00,116.25,124.45732193270766,-2.242617878458386,126.69993981116605
2026-01-11 17:00:00+00:00,112.2475,123.63719868509178,-2.242617878458386,125.87981656355016
2026-01-11 18:00:00+00:00,106.2075,117.07382404223672,-2.242617878458386,119.31644192069511
2026-01-11 19:00:00+00:00,96.04,101.85406051476164,-2.242617878458386,104.09667839322003
2026-01-11 20:00:00+00:00,95.005,95.14716327358398,-2.242617878458386,97.38978115204237
2026-01-11 21:00:00+00:00,93.02,84.90924130959151,-2.242617878458386,87.1518591880499
2026-01-11 22:00:00+00:00,85.22999999999999,72.11086453806469,-2.242617878458386,74.35348241652308
2026-01-11 23:00:00+00:00,81.2575,64.65697883965285,-1.9603220464397573,66.61730088609261
2026-01-12 00:00:00+00:00,81.1925,64.49717716537896,-1.9603220464397573,66.45749921181871
2026-01-12 01:00:00+00:00,79.0425,57.748250423917334,-1.9603220464397573,59.70857247035709
2026-01-12 02:00:00+00:00,77.31,50.81620412311344,-1.9603220464397573,52.77652616955319
2026-01-12 03:00:00+00:00,76.58500000000001,58.53413081501113,-1.9603220464397573,60.49445286145089
2026-01-12 04:00:00+00:00,80.1625,70.1760290432418,-1.9603220464397573,72.13635108968155
2026-01-12 05:00:00+00:00,86.9225,83.77548184723214,-1.9603220464397573,85.7358038936719
2026-01-12 06:00:00+00:00,97.8725,96.12060920375797,-1.9603220464397573,98.08093125019772
2026-01-12 07:00:00+00:00,115.6175,106.61369759305676,-1.9603220464397573,108.57401963949651
2026-01-12 08:00:00+00:00,129.8475,115.54920260549866,-1.9603220464397573,117.50952465193842
2026-01-12 09:00:00+00:00,124.3975,112.3855500825937,-1.9603220464397573,114.34587212903345
2026-01-12 10:00:00+00:00,129.8675,112.94794797425412,-1.9603220464397573,114.90827002069388
2026-01-12 11:00:00+00:00,129.9625,111.9783784504998,-1.9603220464397573,113.93870049693956
2026-01-12 12:00:00+00:00,132.76,115.2927117347568,-1.9603220464397573,117.25303378119655
2026-01-12 13:00:00+00:00,128.37,116.63017243367966,-1.9603220464397573,118.59049448011942
2026-01-12 14:00:00+00:00,131.7125,122.58841506257144,-1.9603220464397573,124.5487371090112
2026-01-12 15:00:00+00:00,119.58,125.98748590731638,-1.9603220464397573,127.94780795375614
2026-01-12 16:00:00+00:00,119.6,132.9197859218479,-1.9603220464397573,134.88010796828766
2026-01-12 17:00:00+00:00,116.5,129.1967158513012,-1.9603220464397573,131.15703789774096
2026-01-12 18:00:00+00:00,102.3375,116.2210254559494,-1.9603220464397573,118.18134750238916
2026-01-12 19:00:00+00:00,93.48,105.00533949673436,-1.9603220464397573,106.96566154317412
2026-01-12 20:00:00+00:00,91.795,98.78315057234694,-1.9603220464397573,100.7434726187867
2026-01-12 21:00:00+00:00,92.165,99.17862128379755,-1.9603220464397573,101.13894333023731
2026-01-12 22:00:00+00:00,86.0475,91.89386913215394,-1.9603220464397573,93.8541911785937
2026-01-12 23:00:00+00:00,84.30499999999999,84.05321035675125,-2.0728777475643843,86.12608810431564
2026-01-13 00:00:00+00:00,82.69,82.45458215599477,-2.0728777475643843,84.52745990355916
2026-01-13 01:00:00+00:00,82.685,80.20631236963285,-2.0728777475643843,82.27919011719725
2026-01-13 02:00:00+00:00,84.115,86.2783701633243,-2.0728777475643843,88.35124791088869
2026-01-13 03:00:00+00:00,86.7475,87.26082663509338,-2.0728777475643843,89.33370438265777
2026-01-13 04:00:00+00:00,88.725,93.74823361802876,-2.0728777475643843,95.82111136559315
2026-01-13 05:00:00+00:00,97.5525,112.18211699689124,-2.0728777475643843,114.25499474445563
2026-01-13 06:00:00+00:00,116.03,127.38227283270038,-2.0728777475643843,129.45515058026476
2026-01-13 07:00:00+00:00,129.805,171.7604991116875,-2.0728777475643843,173.83337685925187
2026-01-13 08:00:00+00:00,132.5175,179.1086852472168,-2.0728777475643843,181.1815629947812
2026-01-13 09:00:00+00:00,142.1975,170.56924604627625,-2.0728777475643843,172.64212379384063
2026-01-13 10:00:00+00:00,123.8525,167.43951063059606,-2.0728777475643843,169.51238837816044
2026-01-13 11:00:00+00:00,117.675,155.37683640746786,-2.0728777475643843,157.44971415503224
2026-01-13 12:00:00+00:00,112.9775,151.3318644010547,-2.0728777475643843,153.40474214861908
2026-01-13 13:00:00+00:00,122.215,155.21300315718844,-2.0728777475643843,157.28588090475282
2026-01-13 14:00:00+00:00,120.515,161.03463348852424,-2.0728777475643843,163.1075112360886
2026-01-13 15:00:00+00:00,122.15,161.49370929338707,-2.0728777475643843,163.56658704095145
2026-01-13 16:00:00+00:00,122.33,166.91780004108614,-2.0728777475643843,168.99067778865052
2026-01-13 17:00:00+00:00,113.3525,148.77949962692028,-2.0728777475643843,150.85237737448466
2026-01-13 18:00:00+00:00,98.735,125.68739983900652,-2.0728777475643843,127.76027758657091
2026-01-13 19:00:00+00:00,90.95,103.98108316377908,-2.0728777475643843,106.05396091134347
2026-01-13 20:00:00+00:00,92.2075,91.01355034516484,-2.0728777475643843,93.08642809272924
2026-01-13 21:00:00+00:00,90.0,85.82718308169298,-2.0728777475643843,87.90006082925737
2026-01-13 22:00:00+00:00,82.6725,69.34509274589882,-2.0728777475643843,71.41797049346322
2026-01-13 23:00:00+00:00,85.5625,66.85782767499333,-1.7251472279321547,68.58297490292549
2026-01-14 00:00:00+00:00,84.295,69.23666772267168,-1.7251472279321547,70.96181495060384
2026-01-14 01:00:00+00:00,85.8775,68.75925539586457,-1.7251472279321547,70.48440262379673
2026-01-14 02:00:00+00:00,86.16250000000001,69.86129152613005,-1.7251472279321547,71.5864387540622
2026-01-14 03:00:00+00:00,87.645,73.92056984920018,-1.7251472279321547,75.64571707713233
2026-01-14 04:00:00+00:00,89.86,80.5644917765515,-1.7251472279321547,82.28963900448366
2026-01-14 05:00:00+00:00,95.145,95.63392756133254,-1.7251472279321547,97.3590747892647
2026-01-14 06:00:00+00:00,105.14,114.437037061348,-1.7251472279321547,116.16218428928015
2026-01-14 07:00:00+00:00,128.9575,128.3127311632025,-1.7251472279321547,130.03787839113465
2026-01-14 08:00:00+00:00,132.0325,132.72544426103758,-1.7251472279321547,134.45059148896974
2026-01-14 09:00:00+00:00,116.4525,135.87915365744297,-1.7251472279321547,137.60430088537512
2026-01-14 10:00:00+00:00,107.5325,127.9284711489752,-1.7251472279321547,129.65361837690736
2026-01-14 11:00:00+00:00,103.475,124.7155157130444,-1.7251472279321547,126.44066294097655
2026-01-14 12:00:00+00:00,103.6,120.1550181691386,-1.7251472279321547,121.88016539707075
2026-01-14 13:00:00+00:00,118.2175,132.2263659428647,-1.7251472279321547,133.95151317079686
2026-01-14 14:00:00+00:00,144.63,153.98681647220826,-1.7251472279321547,155.71196370014042
2026-01-14 15:00:00+00:00,152.85750000000002,162.5522829606939,-1.7251472279321547,164.27743018862606
2026-01-14 16:00:00+00:00,200.0225,184.42434728959665,-1.7251472279321547,186.1494945175288
2026-01-14 17:00:00+00:00,182.355,179.56524781108234,-1.7251472279321547,181.2903950390145
2026-01-14 18:00:00+00:00,158.76749999999998,166.70641642143565,-1.7251472279321547,168.4315636493678
2026-01-14 19:00:00+00:00,134.01,164.04747758950288,-1.7251472279321547,165.77262481743503
2026-01-14 20:00:00+00:00,121.7875,149.25587354756772,-1.7251472279321547,150.98102077549987
2026-01-14 21:00:00+00:00,113.8625,142.98120954766046,-1.7251472279321547,144.7063567755926
2026-01-14 22:00:00+00:00,97.0875,132.3812921981203,-1.7251472279321547,134.10643942605245
2026-01-14 23:00:00+00:00,100.615,106.14824649390371,-1.378068193973604,107.52631468787732
2026-01-15 00:00:00+00:00,94.0475,100.39142161274847,-1.378068193973604,101.76948980672208
2026-01-15 01:00:00+00:00,89.34,99.22518620604347,-1.378068193973604,100.60325440001708
2026-01-15 02:00:00+00:00,84.8075,98.03144545832424,-1.378068193973604,99.40951365229785
2026-01-15 03:00:00+00:00,82.92999999999999,97.36088753130468,-1.378068193973604,98.73895572527829
2026-01-15 04:00:00+00:00,86.0,98.10560633314982,-1.378068193973604,99.48367452712343
2026-01-15 05:00:00+00:00,98.2025,101.5124680294082,-1.378068193973604,102.8905362233818
2026-01-15 06:00:00+00:00,105.115,122.67695648927337,-1.378068193973604,124.05502468324697
2026-01-15 07:00:00+00:00,104.975,141.77441830658196,-1.378068193973604,143.15248650055557
2026-01-15 08:00:00+00:00,101.415,135.1202505097992,-1.378068193973604,136.4983187037728
2026-01-15 09:00:00+00:00,100.4,121.14517223019698,-1.378068193973604,122.52324042417058
2026-01-15 10:00:00+00:00,97.8625,106.45281609543346,-1.378068193973604,107.83088428940707
2026-01-15 11:00:00+00:00,95.2825,103.85900824358288,-1.378068193973604,105.23707643755648
2026-01-15 12:00:00+00:00,100.615,101.20735167897963,-1.378068193973604,102.58541987295324
2026-01-15 13:00:00+00:00,105.645,108.76933580805832,-1.378068193973604,110.14740400203192
2026-01-15 14:00:00+00:00,123.095,128.9207472423103,-1.378068193973604,130.29881543628392
2026-01-15 15:00:00+00:00,135.3725,144.0513210302973,-1.378068193973604,145.4293892242709
2026-01-15 16:00:00+00:00,145.495,158.02173175881177,-1.378068193973604,159.39979995278537
2026-01-15 17:00:00+00:00,119.745,153.535521839636,-1.378068193973604,154.9135900336096
2026-01-15 18:00:00+00:00,105.4925,131.63903814645704,-1.378068193973604,133.01710634043064
2026-01-15 19:00:00+00:00,98.16,106.83888756285272,-1.378068193973604,108.21695575682632
2026-01-15 20:00:00+00:00,90.995,99.43014435559978,-1.378068193973604,100.80821254957338
2026-01-15 21:00:00+00:00,88.3925,89.68454387054355,-1.378068193973604,91.06261206451715
2026-01-15 22:00:00+00:00,81.155,70.26675062206095,-1.378068193973604,71.64481881603456
2026-01-15 23:00:00+00:00,81.05,53.27214303956416,-1.2267484936831923,54.49889153324735
2026-01-16 00:00:00+00:00,75.0,50.697112872179154,-1.2267484936831923,51.923861365862344
2026-01-16 01:00:00+00:00,70.57249999999999,50.543376285821125,-1.2267484936831923,51.770124779504314
2026-01-16 02:00:00+00:00,67.23,50.49912969445998,-1.2267484936831923,51.72587818814317
2026-01-16 03:00:00+00:00,71.38,51.93967914397808,-1.2267484936831923,53.16642763766127
2026-01-16 04:00:00+00:00,82.05000000000001,53.67735268175255,-1.2267484936831923,54.90410117543574
2026-01-16 05:00:00+00:00,90.7225,76.88907212866555,-1.2267484936831923,78.11582062234874
2026-01-16 06:00:00+00:00,98.6,99.27570736513502,-1.2267484936831923,100.50245585881821
2026-01-16 07:00:00+00:00,109.3075,103.19544304539512,-1.2267484936831923,104.42219153907831
2026-01-16 08:00:00+00:00,108.9275,92.48267062781191,-1.2267484936831923,93.7094191214951
2026-01-16 09:00:00+00:00,103.0275,89.33554146623987,-1.2267484936831923,90.56228995992306
2026-01-16 10:00:00+00:00,99.7875,89.71038888891718,-1.2267484936831923,90.93713738260037
2026-01-16 11:00:00+00:00,99.1975,93.57778344343784,-1.2267484936831923,94.80453193712103
2026-01-16 12:00:00+00:00,99.3125,102.89393108377558,-1.2267484936831923,104.12067957745877
2026-01-16 13:00:00+00:00,113.2,109.99498746717596,-1.2267484936831923,111.22173596085915
2026-01-16 14:00:00+00:00,141.0,128.2749955825993,-1.2267484936831923,129.5017440762825
2026-01-16 15:00:00+00:00,162.68,161.64826687760035,-1.2267484936831923,162.87501537128355
2026-01-16 16:00:00+00:00,170.325,166.20497826217704,-1.2267484936831923,167.43172675586024
2026-01-16 17:00:00+00:00,162.4425,148.71191959267077,-1.2267484936831923,149.93866808635397
2026-01-16 18:00:00+00:00,154.18,137.36129807831583,-1.2267484936831923,138.58804657199903
2026-01-16 19:00:00+00:00,134.0,125.22120225111664,-1.2267484936831923,126.44795074479983
2026-01-16 20:00:00+00:00,117.6125,124.08070847328638,-1.2267484936831923,125.30745696696957
2026-01-16 21:00:00+00:00,117.705,115.70108466814924,-1.2267484936831923,116.92783316183242
2026-01-16 22:00:00+00:00,104.17,110.876069483232,-1.2267484936831923,112.10281797691519
2026-01-16 23:00:00+00:00,104.66,107.58831731416606,-1.482899337111614,109.07121665127768
2026-01-17 00:00:00+00:00,101.2875,102.64297782971832,-1.482899337111614,104.12587716682994
2026-01-17 01:00:00+00:00,98.235,99.48553731301732,-1.482899337111614,100.96843665012894
2026-01-17 02:00:00+00:00,96.1375,95.35715774920877,-1.482899337111614,96.84005708632039
2026-01-17 03:00:00+00:00,95.1875,97.17753752790723,-1.482899337111614,98.66043686501885
2026-01-17 04:00:00+00:00,95.2425,105.2994418978674,-1.482899337111614,106.78234123497901
2026-01-17 05:00:00+00:00,95.8525,113.68007424883082,-1.482899337111614,115.16297358594244
2026-01-17 06:00:00+00:00,99.1875,124.13354349171236,-1.482899337111614,125.61644282882398
2026-01-17 07:00:00+00:00,105.97,141.14774403354576,-1.482899337111614,142.63064337065737
2026-01-17 08:00:00+00:00,116.655,134.26681244151348,-1.482899337111614,135.74971177862508
2026-01-17 09:00:00+00:00,115.1,117.79555275737955,-1.482899337111614,119.27845209449117
2026-01-17 10:00:00+00:00,111.6075,107.16771069848224,-1.482899337111614,108.65061003559386
2026-01-17 11:00:00+00:00,111.9475,106.1253291971859,-1.482899337111614,107.60822853429752
2026-01-17 12:00:00+00:00,108.64,103.18132540060289,-1.482899337111614,104.6642247377145
2026-01-17 13:00:00+00:00,112.8175,111.0073029753586,-1.482899337111614,112.49020231247022
2026-01-17 14:00:00+00:00,122.77,118.43059604665434,-1.482899337111614,119.91349538376596
2026-01-17 15:00:00+00:00,135.775,133.675552218309,-1.482899337111614,135.1584515554206
2026-01-17 16:00:00+00:00,140.9125,147.60974858507657,-1.482899337111614,149.09264792218818
2026-01-17 17:00:00+00:00,142.84750000000005,145.63028867929725,-1.482899337111614,147.11318801640886
2026-01-17 18:00:00+00:00,138.5875,129.05341293435978,-1.482899337111614,130.5363122714714
2026-01-17 19:00:00+00:00,120.79,116.73233838698928,-1.482899337111614,118.2152377241009
2026-01-17 20:00:00+00:00,107.805,107.7305668036358,-1.482899337111614,109.21346614074741
2026-01-17 21:00:00+00:00,109.15,108.6169659889016,-1.482899337111614,110.09986532601322
2026-01-17 22:00:00+00:00,107.0225,96.62352495480285,-1.482899337111614,98.10642429191446
2026-01-17 23:00:00+00:00,110.715,101.0173997616698,-1.447366687757084,102.46476644942688
2026-01-18 00:00:00+00:00,109.19,96.18099055309824,-1.447366687757084,97.62835724085532
2026-01-18 01:00:00+00:00,107.39,94.10461771637608,-1.447366687757084,95.55198440413317
2026-01-18 02:00:00+00:00,102.54,94.20368880015246,-1.447366687757084,95.65105548790955
2026-01-18 03:00:00+00:00,102.235,94.51487184557836,-1.447366687757084,95.96223853333544
2026-01-18 04:00:00+00:00,102.08,93.92466490470986,-1.447366687757084,95.37203159246694
2026-01-18 05:00:00+00:00,101.05,91.05494351531364,-1.447366687757084,92.50231020307072
2026-01-18 06:00:00+00:00,100.605,89.78054563414246,-1.447366687757084,91.22791232189954
2026-01-18 07:00:00+00:00,105.68,94.55796346811395,-1.447366687757084,96.00533015587104
2026-01-18 08:00:00+00:00,107.4225,98.75016074963834,-1.447366687757084,100.19752743739542
2026-01-18 09:00:00+00:00,101.91,94.75840599006888,-1.447366687757084,96.20577267782596
2026-01-18 10:00:00+00:00,98.4825,89.72733889910883,-1.447366687757084,91.17470558686591
2026-01-18 11:00:00+00:00,96.855,86.65580086981106,-1.447366687757084,88.10316755756814
2026-01-18 12:00:00+00:00,96.9625,88.102704546564,-1.447366687757084,89.55007123432108
2026-01-18 13:00:00+00:00,100.845,96.61508679148332,-1.447366687757084,98.0624534792404
2026-01-18 14:00:00+00:00,105.55,114.80487384863648,-1.447366687757084,116.25224053639356
2026-01-18 15:00:00+00:00,114.875,123.87281313887834,-1.447366687757084,125.32017982663542
2026-01-18 16:00:00+00:00,129.9925,128.47932664201164,-1.447366687757084,129.92669332976874
2026-01-18 17:00:00+00:00,142.195,127.16751319598464,-1.447366687757084,128.61487988374174
2026-01-18 18:00:00+00:00,136.6725,122.43533323851663,-1.447366687757084,123.88269992627372
2026-01-18 19:00:00+00:00,123.0525,107.44991527246276,-1.447366687757084,108.89728196021984
2026-01-18 20:00:00+00:00,110.63,101.77854327934942,-1.447366687757084,103.2259099671065
2026-01-18 21:00:00+00:00,114.28,102.5589554732113,-1.447366687757084,104.00632216096838
2026-01-18 22:00:00+00:00,103.7325,95.90381212656509,-1.447366687757084,97.35117881432217
2026-01-18 23:00:00+00:00,101.15,103.06689681678093,-1.6318089745245794,104.6987057913055
2026-01-19 00:00:00+00:00,100.44,101.86818585826452,-1.6318089745245794,103.4999948327891
2026-01-19 01:00:00+00:00,100.8325,100.9513476855182,-1.6318089745245794,102.58315666004277
2026-01-19 02:00:00+00:00,100.4375,99.25253704967542,-1.6318089745245794,100.8843460242
2026-01-19 03:00:00+00:00,100.135,99.9689407013406,-1.6318089745245794,101.60074967586517
2026-01-19 04:00:00+00:00,102.53,106.5333440559014,-1.6318089745245794,108.16515303042597
2026-01-19 05:00:00+00:00,126.38,116.10543461779324,-1.6318089745245794,117.73724359231781
2026-01-19 06:00:00+00:00,161.08249999999998,127.67844352388693,-1.6318089745245794,129.3102524984115
2026-01-19 07:00:00+00:00,175.98250000000002,136.80947994364047,-1.6318089745245794,138.44128891816504
2026-01-19 08:00:00+00:00,161.9375,120.9523242219724,-1.6318089745245794,122.58413319649698
2026-01-19 09:00:00+00:00,135.9225,108.65199757739188,-1.6318089745245794,110.28380655191646
2026-01-19 10:00:00+00:00,120.5275,104.4384622499618,-1.6318089745245794,106.07027122448638
2026-01-19 11:00:00+00:00,117.56,102.2052827168097,-1.6318089745245794,103.83709169133428
2026-01-19 12:00:00+00:00,125.0025,104.15712087751892,-1.6318089745245794,105.7889298520435
2026-01-19 13:00:00+00:00,144.35,116.226701220995,-1.6318089745245794,117.85851019551957
2026-01-19 14:00:00+00:00,170.0425,143.27367088315066,-1.6318089745245794,144.90547985767523
2026-01-19 15:00:00+00:00,194.89,171.94949768644523,-1.6318089745245794,173.5813066609698
2026-01-19 16:00:00+00:00,208.2275,188.6039028609726,-1.6318089745245794,190.23571183549717
2026-01-19 17:00:00+00:00,200.055,198.85339279255973,-1.6318089745245794,200.4852017670843
2026-01-19 18:00:00+00:00,180.9625,172.15379545760055,-1.6318089745245794,173.78560443212513
2026-01-19 19:00:00+00:00,157.385,155.7474290572885,-1.6318089745245794,157.3792380318131
2026-01-19 20:00:00+00:00,135.17,140.71911061985602,-1.6318089745245794,142.3509195943806
2026-01-19 21:00:00+00:00,126.4025,140.61712561572162,-1.6318089745245794,142.2489345902462
2026-01-19 22:00:00+00:00,112.47,124.99058490612138,-1.6318089745245794,126.62239388064596
2026-01-19 23:00:00+00:00,115.06,115.70861219861692,-1.5596517444094877,117.26826394302641
2026-01-20 00:00:00+00:00,114.335,107.66022605363486,-1.5596517444094877,109.21987779804435
2026-01-20 01:00:00+00:00,110.355,108.27257703431364,-1.5596517444094877,109.83222877872313
2026-01-20 02:00:00+00:00,109.8675,108.52583519070922,-1.5596517444094877,110.08548693511871
2026-01-20 03:00:00+00:00,113.1725,109.05580488598778,-1.5596517444094877,110.61545663039728
2026-01-20 04:00:00+00:00,125.28,117.31324413459431,-1.5596517444094877,118.8728958790038
2026-01-20 05:00:00+00:00,190.105,154.87903565024988,-1.5596517444094877,156.43868739465935
2026-01-20 06:00:00+00:00,240.8775,190.2376869564765,-1.5596517444094877,191.79733870088597
2026-01-20 07:00:00+00:00,262.78499999999997,215.46683521961353,-1.5596517444094877,217.026486964023
2026-01-20 08:00:00+00:00,179.535,175.05899028761525,-1.5596517444094877,176.61864203202472
2026-01-20 09:00:00+00:00,132.17,136.77672976397793,-1.5596517444094877,138.3363815083874
2026-01-20 10:00:00+00:00,107.9525,120.2654296166854,-1.5596517444094877,121.82508136109489
2026-01-20 11:00:00+00:00,103.6225,128.12426693484986,-1.5596517444094877,129.68391867925934
2026-01-20 12:00:00+00:00,105.755,143.50281136200817,-1.5596517444094877,145.06246310641765
2026-01-20 13:00:00+00:00,136.7225,166.52071863191264,-1.5596517444094877,168.08037037632212
2026-01-20 14:00:00+00:00,178.26,196.73161755723825,-1.5596517444094877,198.29126930164773
2026-01-20 15:00:00+00:00,276.735,257.22668931665226,-1.5596517444094877,258.78634106106176
2026-01-20 16:00:00+00:00,249.63,256.8499929689413,-1.5596517444094877,258.4096447133508
2026-01-20 17:00:00+00:00,193.925,201.04794593853683,-1.5596517444094877,202.6075976829463
2026-01-20 18:00:00+00:00,181.9175,173.09614085763147,-1.5596517444094877,174.65579260204095
2026-01-20 19:00:00+00:00,155.10000000000002,143.51313509652277,-1.5596517444094877,145.07278684093225
2026-01-20 20:00:00+00:00,139.89,126.05093141946892,-1.5596517444094877,127.61058316387842
2026-01-20 21:00:00+00:00,117.1925,125.4273831649861,-1.5596517444094877,126.98703490939559
2026-01-20 22:00:00+00:00,107.8375,113.9141050750939,-1.5596517444094877,115.4737568195034
2026-01-20 23:00:00+00:00,101.49,111.7983074181829,-1.234462092297773,113.03276951048068
2026-01-21 00:00:00+00:00,101.7175,109.3091802125216,-1.234462092297773,110.54364230481937
2026-01-21 01:00:00+00:00,98.7575,105.04306619864111,-1.234462092297773,106.27752829093889
2026-01-21 02:00:00+00:00,100.91,104.21692919570094,-1.234462092297773,105.45139128799872
2026-01-21 03:00:00+00:00,98.845,105.26466765887544,-1.234462092297773,106.49912975117321
2026-01-21 04:00:00+00:00,98.6925,117.62046209452954,-1.234462092297773,118.85492418682732
2026-01-21 05:00:00+00:00,107.8725,155.52315807914,-1.234462092297773,156.75762017143776
2026-01-21 06:00:00+00:00,160.0,160.87535604884818,-1.234462092297773,162.10981814114595
2026-01-21 07:00:00+00:00,176.3975,169.49879534025956,-1.234462092297773,170.73325743255734
2026-01-21 08:00:00+00:00,142.89249999999998,162.5952870069694,-1.234462092297773,163.82974909926716
2026-01-21 09:00:00+00:00,118.3,115.5021590644698,-1.234462092297773,116.73662115676757
2026-01-21 10:00:00+00:00,100.9925,102.72439798205372,-1.234462092297773,103.95886007435149
2026-01-21 11:00:00+00:00,99.13,99.32235590885227,-1.234462092297773,100.55681800115005
2026-01-21 12:00:00+00:00,103.475,97.25689477792724,-1.234462092297773,98.49135687022502
2026-01-21 13:00:00+00:00,108.6225,116.5016268587446,-1.234462092297773,117.73608895104238
2026-01-21 14:00:00+00:00,126.9275,152.85071651766032,-1.234462092297773,154.0851786099581
2026-01-21 15:00:00+00:00,145.035,170.64899966706906,-1.234462092297773,171.88346175936684
2026-01-21 16:00:00+00:00,139.11,169.71993849411675,-1.234462092297773,170.95440058641452
2026-01-21 17:00:00+00:00,138.9075,158.12050869655778,-1.234462092297773,159.35497078885555
2026-01-21 18:00:00+00:00,127.83,152.8522822644176,-1.234462092297773,154.08674435671537
2026-01-21 19:00:00+00:00,105.4475,131.04962476753056,-1.234462092297773,132.28408685982834
2026-01-21 20:00:00+00:00,102.44,124.0626422993922,-1.234462092297773,125.29710439168997
2026-01-21 21:00:00+00:00,104.76,108.31143662517968,-1.234462092297773,109.54589871747746
2026-01-21 22:00:00+00:00,99.375,99.0418577605016,-1.234462092297773,100.27631985279938
2026-01-21 23:00:00+00:00,92.7975,85.00713733110341,-1.0724154595664086,86.07955279066982
2026-01-22 00:00:00+00:00,92.5275,83.45119542930217,-1.0724154595664086,84.52361088886859
2026-01-22 01:00:00+00:00,91.45,78.24178814489156,-1.0724154595664086,79.31420360445797
2026-01-22 02:00:00+00:00,91.82,78.60350100896957,-1.0724154595664086,79.67591646853599
2026-01-22 03:00:00+00:00,92.85,81.31960558913205,-1.0724154595664086,82.39202104869847
2026-01-22 04:00:00+00:00,93.1875,82.88010491086023,-1.0724154595664086,83.95252037042664
2026-01-22 05:00:00+00:00,100.6775,101.98719771935042,-1.0724154595664086,103.05961317891683
2026-01-22 06:00:00+00:00,125.52,138.5962412514452,-1.0724154595664086,139.6686567110116
2026-01-22 07:00:00+00:00,137.1225,154.53233840689745,-1.0724154595664086,155.60475386646385
2026-01-22 08:00:00+00:00,114.4175,124.68135016929344,-1.0724154595664086,125.75376562885985
2026-01-22 09:00:00+00:00,95.2575,105.12430921531268,-1.0724154595664086,106.19672467487909
2026-01-22 10:00:00+00:00,89.075,94.86887869236516,-1.0724154595664086,95.94129415193157
2026-01-22 11:00:00+00:00,83.8575,79.69722699436228,-1.0724154595664086,80.7696424539287
2026-01-22 12:00:00+00:00,88.065,93.14492537846664,-1.0724154595664086,94.21734083803305
2026-01-22 13:00:00+00:00,94.91,100.7767983685474,-1.0724154595664086,101.84921382811382
2026-01-22 14:00:00+00:00,107.78,113.5963232403603,-1.0724154595664086,114.66873869992672
2026-01-22 15:00:00+00:00,130.8975,132.0365551177892,-1.0724154595664086,133.1089705773556
2026-01-22 16:00:00+00:00,136.365,133.72487022388182,-1.0724154595664086,134.79728568344822
2026-01-22 17:00:00+00:00,129.6675,135.31357325836507,-1.0724154595664086,136.38598871793147
2026-01-22 18:00:00+00:00,121.5675,128.60383351708035,-1.0724154595664086,129.67624897664675
2026-01-22 19:00:00+00:00,109.35,114.55439447397748,-1.0724154595664086,115.6268099335439
2026-01-22 20:00:00+00:00,106.945,113.21385137726637,-1.0724154595664086,114.28626683683278
2026-01-22 21:00:00+00:00,103.3225,112.0624810094309,-1.0724154595664086,113.13489646899731
2026-01-22 22:00:00+00:00,97.3075,105.73729911141623,-1.0724154595664086,106.80971457098265
2026-01-22 23:00:00+00:00,97.8875,96.30601263739948,-0.6467558802001049,96.95276851759958
2026-01-23 00:00:00+00:00,97.245,94.09391351541008,-0.6467558802001049,94.74066939561018
2026-01-23 01:00:00+00:00,95.9475,94.29144899953344,-0.6467558802001049,94.93820487973355
2026-01-23 02:00:00+00:00,95.0025,93.50181772681924,-0.6467558802001049,94.14857360701934
2026-01-23 03:00:00+00:00,95.6225,94.24927890154832,-0.6467558802001049,94.89603478174843
2026-01-23 04:00:00+00:00,96.9975,93.2718856359589,-0.6467558802001049,93.918641516159
2026-01-23 05:00:00+00:00,108.1975,94.54588170675233,-0.6467558802001049,95.19263758695243
2026-01-23 06:00:00+00:00,133.0,127.29594687900342,-0.6467558802001049,127.94270275920353
2026-01-23 07:00:00+00:00,152.9375,128.49446657333928,-0.6467558802001049,129.1412224535394
2026-01-23 08:00:00+00:00,142.4875,112.485374851001,-0.6467558802001049,113.1321307312011
2026-01-23 09:00:00+00:00,115.3775,99.53026726075426,-0.6467558802001049,100.17702314095436
2026-01-23 10:00:00+00:00,100.1275,92.30849114274628,-0.6467558802001049,92.95524702294638
2026-01-23 11:00:00+00:00,96.2125,80.28869815580586,-0.6467558802001049,80.93545403600596
2026-01-23 12:00:00+00:00,95.76,86.51377819233363,-0.6467558802001049,87.16053407253374
2026-01-23 13:00:00+00:00,97.08,94.97644293348442,-0.6467558802001049,95.62319881368452
2026-01-23 14:00:00+00:00,108.7675,105.52561728552855,-0.6467558802001049,106.17237316572866
2026-01-23 15:00:00+00:00,124.0475,108.51123485816156,-0.6467558802001049,109.15799073836166
2026-01-23 16:00:00+00:00,136.08499999999998,115.36048550948496,-0.6467558802001049,116.00724138968506
2026-01-23 17:00:00+00:00,128.48250000000002,108.46183164386277,-0.6467558802001049,109.10858752406287
2026-01-23 18:00:00+00:00,116.8025,109.13862806797616,-0.6467558802001049,109.78538394817626
2026-01-23 19:00:00+00:00,107.2225,94.86799020145315,-0.6467558802001049,95.51474608165326
2026-01-23 20:00:00+00:00,103.96,93.13957902373426,-0.6467558802001049,93.78633490393436
2026-01-23 21:00:00+00:00,104.79,91.49785394271238,-0.6467558802001049,92.14460982291249
2026-01-23 22:00:00+00:00,96.995,89.98101301566378,-0.6467558802001049,90.62776889586388
2026-01-23 23:00:00+00:00,99.8,90.81789639485892,-0.42032917542874326,91.23822557028767
2026-01-24 00:00:00+00:00,99.035,88.97203647173599,-0.42032917542874326,89.39236564716474
2026-01-24 01:00:00+00:00,98.315,89.15364963638426,-0.42032917542874326,89.573978811813
2026-01-24 02:00:00+00:00,97.825,88.17700696658619,-0.42032917542874326,88.59733614201494
2026-01-24 03:00:00+00:00,97.5475,91.02181523538172,-0.42032917542874326,91.44214441081047
2026-01-24 04:00:00+00:00,98.91,90.7737793620805,-0.42032917542874326,91.19410853750925
2026-01-24 05:00:00+00:00,100.3975,95.86652149719552,-0.42032917542874326,96.28685067262427
2026-01-24 06:00:00+00:00,104.06,100.86694864783938,-0.42032917542874326,101.28727782326813
2026-01-24 07:00:00+00:00,110.9975,117.69775981188612,-0.42032917542874326,118.11808898731486
2026-01-24 08:00:00+00:00,123.0925,124.53600743039976,-0.42032917542874326,124.95633660582851
2026-01-24 09:00:00+00:00,119.24,118.26735531304004,-0.42032917542874326,118.68768448846879
2026-01-24 10:00:00+00:00,110.2975,108.2245776397694,-0.42032917542874326,108.64490681519814
2026-01-24 11:00:00+00:00,106.2175,105.95176936815795,-0.42032917542874326,106.3720985435867
2026-01-24 12:00:00+00:00,101.8725,97.79855029195332,-0.42032917542874326,98.21887946738207
2026-01-24 13:00:00+00:00,105.12,105.66026615583108,-0.42032917542874326,106.08059533125983
2026-01-24 14:00:00+00:00,118.2275,112.43123626252438,-0.42032917542874326,112.85156543795313
2026-01-24 15:00:00+00:00,131.905,129.32080822131155,-0.42032917542874326,129.7411373967403
2026-01-24 16:00:00+00:00,146.7225,144.1106064679601,-0.42032917542874326,144.53093564338886
2026-01-24 17:00:00+00:00,141.7475,134.03035333338656,-0.42032917542874326,134.4506825088153
2026-01-24 18:00:00+00:00,131.9325,126.39271985054546,-0.42032917542874326,126.81304902597421
2026-01-24 19:00:00+00:00,118.6725,116.0598103955958,-0.42032917542874326,116.48013957102455
2026-01-24 20:00:00+00:00,110.5375,112.33918817452717,-0.42032917542874326,112.75951734995591
2026-01-24 21:00:00+00:00,110.31,112.02504107759756,-0.42032917542874326,112.44537025302631
2026-01-24 22:00:00+00:00,104.15,103.72213451120912,-0.42032917542874326,104.14246368663787
2026-01-24 23:00:00+00:00,101.4425,104.43353249656629,0.23922401451433473,104.19430848205195
2026-01-25 00:00:00+00:00,101.7575,100.4899908906724,0.23922401451433473,100.25076687615807
2026-01-25 01:00:00+00:00,101.315,98.29039931890188,0.23922401451433473,98.05117530438754
2026-01-25 02:00:00+00:00,101.77,97.15215196836488,0.23922401451433473,96.91292795385054
2026-01-25 03:00:00+00:00,100.8625,95.83403478261891,0.23922401451433473,95.59481076810458
2026-01-25 04:00:00+00:00,100.5125,96.42395078921948,0.23922401451433473,96.18472677470514
2026-01-25 05:00:00+00:00,99.965,99.34999643145346,0.23922401451433473,99.11077241693913
2026-01-25 06:00:00+00:00,102.06,105.57670661025756,0.23922401451433473,105.33748259574323
2026-01-25 07:00:00+00:00,103.7575,105.63416493892558,0.23922401451433473,105.39494092441124
2026-01-25 08:00:00+00:00,108.8875,115.58797043879932,0.23922401451433473,115.34874642428498
2026-01-25 09:00:00+00:00,113.1925,119.24833804528348,0.23922401451433473,119.00911403076914
2026-01-25 10:00:00+00:00,116.0175,108.35741555498008,0.23922401451433473,108.11819154046574
2026-01-25 11:00:00+00:00,120.03,107.38662811456868,0.23922401451433473,107.14740410005435
2026-01-25 12:00:00+00:00,116.1075,104.6030335866322,0.23922401451433473,104.36380957211786
2026-01-25 13:00:00+00:00,114.315,108.23003566163216,0.23922401451433473,107.99081164711782
2026-01-25 14:00:00+00:00,111.7525,114.89216141362633,0.23922401451433473,114.65293739911199
2026-01-25 15:00:00+00:00,116.9,111.98759710773795,0.23922401451433473,111.74837309322362
2026-01-25 16:00:00+00:00,131.2125,126.26222248595118,0.23922401451433473,126.02299847143685
2026-01-25 17:00:00+00:00,137.375,122.87892146508857,0.23922401451433473,122.63969745057423
2026-01-25 18:00:00+00:00,132.575,116.01884371036412,0.23922401451433473,115.77961969584979
2026-01-25 19:00:00+00:00,124.0175,111.09559702563968,0.23922401451433473,110.85637301112534
2026-01-25 20:00:00+00:00,114.0225,107.83637846041428,0.23922401451433473,107.59715444589995
2026-01-25 21:00:00+00:00,111.9425,106.61957371765313,0.23922401451433473,106.38034970313879
2026-01-25 22:00:00+00:00,104.49,102.16829003201336,0.23922401451433473,101.92906601749903
2026-01-25 23:00:00+00:00,103.925,99.46771559998469,-0.6909281002114562,100.15864370019614
2026-01-26 00:00:00+00:00,101.1125,98.89330890883362,-0.6909281002114562,99.58423700904507
2026-01-26 01:00:00+00:00,98.7275,96.34707801466656,-0.6909281002114562,97.03800611487802
2026-01-26 02:00:00+00:00,95.8525,93.62331237507485,-0.6909281002114562,94.3142404752863
2026-01-26 03:00:00+00:00,95.0325,92.68254046628772,-0.6909281002114562,93.37346856649917
2026-01-26 04:00:00+00:00,97.1925,103.99611192823689,-0.6909281002114562,104.68704002844834
2026-01-26 05:00:00+00:00,114.2775,115.71405439035566,-0.6909281002114562,116.40498249056711
2026-01-26 06:00:00+00:00,153.1975,132.84932242467696,-0.6909281002114562,133.54025052488842
2026-01-26 07:00:00+00:00,175.1325,137.283482361054,-0.6909281002114562,137.97441046126548
2026-01-26 08:00:00+00:00,177.9675,143.23478357700347,-0.6909281002114562,143.92571167721493
2026-01-26 09:00:00+00:00,178.0125,140.25666915102602,-0.6909281002114562,140.94759725123748
2026-01-26 10:00:00+00:00,170.3425,138.6334084661664,-0.6909281002114562,139.32433656637787
2026-01-26 11:00:00+00:00,156.03,139.4309481340979,-0.6909281002114562,140.12187623430935
2026-01-26 12:00:00+00:00,149.39499999999998,132.77741914353368,-0.6909281002114562,133.46834724374514
2026-01-26 13:00:00+00:00,147.78,136.29426862337544,-0.6909281002114562,136.9851967235869
2026-01-26 14:00:00+00:00,159.97,136.451219974697,-0.6909281002114562,137.14214807490848
2026-01-26 15:00:00+00:00,166.32999999999998,155.52299166352216,-0.6909281002114562,156.21391976373363
2026-01-26 16:00:00+00:00,178.6975,180.45970664162152,-0.6909281002114562,181.150634741833
2026-01-26 17:00:00+00:00,178.0225,185.04417553741845,-0.6909281002114562,185.73510363762992
2026-01-26 18:00:00+00:00,169.9725,162.27969883932423,-0.6909281002114562,162.9706269395357
2026-01-26 19:00:00+00:00,154.16500000000002,143.83815053111152,-0.6909281002114562,144.529078631323
2026-01-26 20:00:00+00:00,137.1125,127.18543652050116,-0.6909281002114562,127.87636462071261
2026-01-26 21:00:00+00:00,121.5,122.58653782521742,-0.6909281002114562,123.27746592542887
2026-01-26 22:00:00+00:00,111.685,113.1233222279893,-0.6909281002114562,113.81425032820076
2026-01-26 23:00:00+00:00,118.7675,118.02625210907296,-1.0314681033146553,119.05772021238761
2026-01-27 00:00:00+00:00,113.7025,115.70969966866068,-1.0314681033146553,116.74116777197533
2026-01-27 01:00:00+00:00,112.1575,112.26271162500532,-1.0314681033146553,113.29417972831997
2026-01-27 02:00:00+00:00,111.4875,112.4227153676182,-1.0314681033146553,113.45418347093285
2026-01-27 03:00:00+00:00,110.545,112.64384509860744,-1.0314681033146553,113.6753132019221
2026-01-27 04:00:00+00:00,111.65,121.70105344697124,-1.0314681033146553,122.7325215502859
2026-01-27 05:00:00+00:00,133.61,145.81553928318496,-1.0314681033146553,146.84700738649963
2026-01-27 06:00:00+00:00,159.875,185.039201743024,-1.0314681033146553,186.07066984633866
2026-01-27 07:00:00+00:00,176.635,220.63226072881076,-1.0314681033146553,221.66372883212543
2026-01-27 08:00:00+00:00,171.195,212.3385679449973,-1.0314681033146553,213.37003604831196
2026-01-27 09:00:00+00:00,148.45749999999998,191.6695186139432,-1.0314681033146553,192.70098671725788
2026-01-27 10:00:00+00:00,133.29,155.00955346147853,-1.0314681033146553,156.0410215647932
2026-01-27 11:00:00+00:00,123.03,148.55877705094213,-1.0314681033146553,149.5902451542568
2026-01-27 12:00:00+00:00,112.4875,140.9941683092699,-1.0314681033146553,142.02563641258456
2026-01-27 13:00:00+00:00,131.0825,132.74537180487377,-1.0314681033146553,133.77683990818844
2026-01-27 14:00:00+00:00,127.4475,149.35977364351214,-1.0314681033146553,150.3912417468268
2026-01-27 15:00:00+00:00,132.98,153.95107219646516,-1.0314681033146553,154.98254029977983
2026-01-27 16:00:00+00:00,152.62,158.79842143433171,-1.0314681033146553,159.82988953764638
2026-01-27 17:00:00+00:00,141.14,148.81161792383824,-1.0314681033146553,149.8430860271529
2026-01-27 18:00:00+00:00,138.8825,141.59406001639087,-1.0314681033146553,142.62552811970554
2026-01-27 19:00:00+00:00,121.5875,125.779283654359,-1.0314681033146553,126.81075175767366
2026-01-27 20:00:00+00:00,119.3675,111.02714691620204,-1.0314681033146553,112.0586150195167
2026-01-27 21:00:00+00:00,120.7,108.23013605867594,-1.0314681033146553,109.26160416199059
2026-01-27 22:00:00+00:00,111.85,100.46930089992284,-1.0314681033146553,101.5007690032375
2026-01-27 23:00:00+00:00,105.475,99.48408684194978,-0.9137843556011161,100.39787119755088
2026-01-28 00:00:00+00:00,104.465,95.92241515636034,-0.9137843556011161,96.83619951196145
2026-01-28 01:00:00+00:00,104.465,91.01902521711962,-0.9137843556011161,91.93280957272073
2026-01-28 02:00:00+00:00,102.24,91.81992566571827,-0.9137843556011161,92.73371002131938
2026-01-28 03:00:00+00:00,104.7125,93.01768503313664,-0.9137843556011161,93.93146938873775
2026-01-28 04:00:00+00:00,106.6,95.36808008428588,-0.9137843556011161,96.28186443988699
2026-01-28 05:00:00+00:00,113.6975,112.35164594161203,-0.9137843556011161,113.26543029721314
2026-01-28 06:00:00+00:00,143.5975,141.56509443322935,-0.9137843556011161,142.47887878883046
2026-01-28 07:00:00+00:00,171.0025,160.84268853179654,-0.9137843556011161,161.75647288739765
2026-01-28 08:00:00+00:00,173.64499999999998,156.82835901868543,-0.9137843556011161,157.74214337428654
2026-01-28 09:00:00+00:00,172.325,142.9168105583054,-0.9137843556011161,143.8305949139065
2026-01-28 10:00:00+00:00,166.24,128.4791869501342,-0.9137843556011161,129.3929713057353
2026-01-28 11:00:00+00:00,157.0875,125.7073743996017,-0.9137843556011161,126.62115875520281
2026-01-28 12:00:00+00:00,147.9125,120.44155319494612,-0.9137843556011161,121.35533755054723
2026-01-28 13:00:00+00:00,145.035,127.50331686267478,-0.9137843556011161,128.4171012182759
2026-01-28 14:00:00+00:00,141.13750000000002,131.77862998502795,-0.9137843556011161,132.69241434062906
2026-01-28 15:00:00+00:00,147.1275,129.7331934598624,-0.9137843556011161,130.64697781546352
2026-01-28 16:00:00+00:00,164.2225,140.33617557645596,-0.9137843556011161,141.24995993205707
2026-01-28 17:00:00+00:00,170.425,139.41738575917262,-0.9137843556011161,140.33117011477373
2026-01-28 18:00:00+00:00,161.225,137.7777864107056,-0.9137843556011161,138.6915707663067
2026-01-28 19:00:00+00:00,134.265,120.16256592980254,-0.9137843556011161,121.07635028540365
2026-01-28 20:00:00+00:00,119.01,114.01335439951856,-0.9137843556011161,114.92713875511967
2026-01-28 21:00:00+00:00,117.0,114.16584766053175,-0.9137843556011161,115.07963201613286
2026-01-28 22:00:00+00:00,110.9575,105.85056450103758,-0.9137843556011161,106.76434885663869
2026-01-28 23:00:00+00:00,104.55,107.42045541123936,-1.1566053354800538,108.57706074671941
2026-01-29 00:00:00+00:00,104.0,106.21950430129549,-1.1566053354800538,107.37610963677554
2026-01-29 01:00:00+00:00,101.88,105.34078342919976,-1.1566053354800538,106.49738876467981
2026-01-29 02:00:00+00:00,100.0225,105.17192207980123,-1.1566053354800538,106.32852741528129
2026-01-29 03:00:00+00:00,100.9325,107.89758804670514,-1.1566053354800538,109.05419338218519
2026-01-29 04:00:00+00:00,104.6375,108.7230300954939,-1.1566053354800538,109.87963543097395
2026-01-29 05:00:00+00:00,116.12,115.48314177381371,-1.1566053354800538,116.63974710929376
2026-01-29 06:00:00+00:00,149.595,143.66837351273062,-1.1566053354800538,144.8249788482107
2026-01-29 07:00:00+00:00,165.6825,155.36098254766625,-1.1566053354800538,156.51758788314632
2026-01-29 08:00:00+00:00,168.035,165.3681133576402,-1.1566053354800538,166.52471869312026
2026-01-29 09:00:00+00:00,160.675,158.74695072526984,-1.1566053354800538,159.9035560607499
2026-01-29 10:00:00+00:00,152.7925,154.55089013180407,-1.1566053354800538,155.70749546728413
2026-01-29 11:00:00+00:00,143.035,147.42900569438314,-1.1566053354800538,148.5856110298632
2026-01-29 12:00:00+00:00,142.815,144.2459443536018,-1.1566053354800538,145.40254968908187
2026-01-29 13:00:00+00:00,142.9925,144.52978774247202,-1.1566053354800538,145.6863930779521
2026-01-29 14:00:00+00:00,147.6125,141.08732241585253,-1.1566053354800538,142.2439277513326
2026-01-29 15:00:00+00:00,153.1025,148.18372128092903,-1.1566053354800538,149.3403266164091
2026-01-29 16:00:00+00:00,159.4775,168.2628897441413,-1.1566053354800538,169.41949507962136
2026-01-29 17:00:00+00:00,157.24,171.07504216070924,-1.1566053354800538,172.2316474961893
2026-01-29 18:00:00+00:00,150.0375,161.5870641587139,-1.1566053354800538,162.74366949419397
2026-01-29 19:00:00+00:00,126.5575,139.82143116812912,-1.1566053354800538,140.9780365036092
2026-01-29 20:00:00+00:00,113.57,122.0737051957326,-1.1566053354800538,123.23031053121265
2026-01-29 21:00:00+00:00,109.315,123.83737780819553,-1.1566053354800538,124.99398314367558
2026-01-29 22:00:00+00:00,102.9775,114.12034409897296,-1.1566053354800538,115.27694943445302
2026-01-29 23:00:00+00:00,111.065,108.92715159051303,-0.9338357263996795,109.86098731691271
2026-01-30 00:00:00+00:00,103.3125,105.57246781010298,-0.9338357263996795,106.50630353650266
2026-01-30 01:00:00+00:00,100.8525,104.48907428725616,-0.9338357263996795,105.42291001365584
2026-01-30 02:00:00+00:00,97.3875,100.97187866703092,-0.9338357263996795,101.9057143934306
2026-01-30 03:00:00+00:00,97.3,102.89639890653908,-0.9338357263996795,103.83023463293875
2026-01-30 04:00:00+00:00,96.2775,103.34850310872356,-0.9338357263996795,104.28233883512324
2026-01-30 05:00:00+00:00,111.125,115.07832577335898,-0.9338357263996795,116.01216149975866
2026-01-30 06:00:00+00:00,131.7775,138.81601434828505,-0.9338357263996795,139.74985007468473
2026-01-30 07:00:00+00:00,143.755,150.8499445740955,-0.9338357263996795,151.78378030049518
2026-01-30 08:00:00+00:00,147.035,150.77687621302294,-0.9338357263996795,151.71071193942262
2026-01-30 09:00:00+00:00,132.63,145.55249037417207,-0.9338357263996795,146.48632610057174
2026-01-30 10:00:00+00:00,126.1,131.36903688045717,-0.9338357263996795,132.30287260685685
2026-01-30 11:00:00+00:00,118.205,129.8393262702771,-0.9338357263996795,130.77316199667678
2026-01-30 12:00:00+00:00,110.39,125.6184623494953,-0.9338357263996795,126.55229807589498
2026-01-30 13:00:00+00:00,110.3175,127.45114654012336,-0.9338357263996795,128.38498226652305
2026-01-30 14:00:00+00:00,111.195,130.24784438502192,-0.9338357263996795,131.1816801114216
2026-01-30 15:00:00+00:00,114.9375,131.93074762349303,-0.9338357263996795,132.8645833498927
2026-01-30 16:00:00+00:00,124.81,140.686568072049,-0.9338357263996795,141.62040379844868
2026-01-30 17:00:00+00:00,122.8875,137.8794790261977,-0.9338357263996795,138.8133147525974
2026-01-30 18:00:00+00:00,113.0875,136.29344964920296,-0.9338357263996795,137.22728537560263
2026-01-30 19:00:00+00:00,108.5975,111.32327745325485,-0.9338357263996795,112.25711317965452
2026-01-30 20:00:00+00:00,101.6825,104.3502042766514,-0.9338357263996795,105.28404000305108
2026-01-30 21:00:00+00:00,101.09,101.79263278385628,-0.9338357263996795,102.72646851025596
2026-01-30 22:00:00+00:00,92.695,93.27978351707516,-0.9338357263996795,94.21361924347484
2026-01-30 23:00:00+00:00,96.9525,93.2095702666293,-1.0357864753953328,94.24535674202463
2026-01-31 00:00:00+00:00,97.3775,91.62444985839063,-1.0357864753953328,92.66023633378596
2026-01-31 01:00:00+00:00,94.5075,90.79989397194868,-1.0357864753953328,91.835680447344
2026-01-31 02:00:00+00:00,94.08,84.88398945033262,-1.0357864753953328,85.91977592572795
2026-01-31 03:00:00+00:00,93.325,81.83864718123326,-1.0357864753953328,82.87443365662858
2026-01-31 04:00:00+00:00,94.0575,79.14070409379282,-1.0357864753953328,80.17649056918815
2026-01-31 05:00:00+00:00,93.45,81.53946693091284,-1.0357864753953328,82.57525340630816
2026-01-31 06:00:00+00:00,92.9025,93.03161375448887,-1.0357864753953328,94.0674002298842
2026-01-31 07:00:00+00:00,103.955,98.60845668482705,-1.0357864753953328,99.64424316022237
2026-01-31 08:00:00+00:00,109.0625,103.07204905442497,-1.0357864753953328,104.10783552982029
2026-01-31 09:00:00+00:00,114.215,99.96247528900936,-1.0357864753953328,100.99826176440469
2026-01-31 10:00:00+00:00,113.47,96.3946235644569,-1.0357864753953328,97.43041003985222
2026-01-31 11:00:00+00:00,111.2775,96.45381419546064,-1.0357864753953328,97.48960067085596
2026-01-31 12:00:00+00:00,107.39,95.73966115157728,-1.0357864753953328,96.7754476269726
2026-01-31 13:00:00+00:00,110.305,99.97963999823496,-1.0357864753953328,101.01542647363028
2026-01-31 14:00:00+00:00,113.1675,106.70460279154791,-1.0357864753953328,107.74038926694324
2026-01-31 15:00:00+00:00,119.3575,110.29466993090598,-1.0357864753953328,111.33045640630131
2026-01-31 16:00:00+00:00,134.605,121.11281540259397,-1.0357864753953328,122.1486018779893
2026-01-31 17:00:00+00:00,138.0375,127.6174769937882,-1.0357864753953328,128.65326346918354
2026-01-31 18:00:00+00:00,133.95,116.61654659953662,-1.0357864753953328,117.65233307493195
2026-01-31 19:00:00+00:00,125.645,114.33735124359788,-1.0357864753953328,115.3731377189932
2026-01-31 20:00:00+00:00,114.2075,108.90445022158508,-1.0357864753953328,109.9402366969804
2026-01-31 21:00:00+00:00,114.145,109.63121557510084,-1.0357864753953328,110.66700205049617
2026-01-31 22:00:00+00:00,105.9,100.5341232225272,-1.0357864753953328,101.56990969792253
2026-01-31 23:00:00+00:00,96.09,100.7060069432684,-1.3603373599046007,102.06634430317301
2026-02-01 00:00:00+00:00,94.0075,97.82394414057102,-1.3603373599046007,99.18428150047562
2026-02-01 01:00:00+00:00,98.4025,96.31865822082382,-1.3603373599046007,97.67899558072843
2026-02-01 02:00:00+00:00,96.0575,94.2763987437206,-1.3603373599046007,95.63673610362521
2026-02-01 03:00:00+00:00,98.3125,93.54647326515838,-1.3603373599046007,94.90681062506299
2026-02-01 04:00:00+00:00,98.2225,95.00717997734456,-1.3603373599046007,96.36751733724917
2026-02-01 05:00:00+00:00,96.015,90.96753115053905,-1.3603373599046007,92.32786851044365
2026-02-01 06:00:00+00:00,99.5,88.58072818051735,-1.3603373599046007,89.94106554042196
2026-02-01 07:00:00+00:00,105.255,96.1639605296612,-1.3603373599046007,97.5242978895658
2026-02-01 08:00:00+00:00,109.235,102.76919566383845,-1.3603373599046007,104.12953302374305
2026-02-01 09:00:00+00:00,109.845,109.60740562696286,-1.3603373599046007,110.96774298686746
2026-02-01 10:00:00+00:00,108.1575,106.18011103386084,-1.3603373599046007,107.54044839376544
2026-02-01 11:00:00+00:00,107.125,105.00657247985458,-1.3603373599046007,106.36690983975919
2026-02-01 12:00:00+00:00,100.3875,101.88457808897816,-1.3603373599046007,103.24491544888276
2026-02-01 13:00:00+00:00,102.235,104.07937253487316,-1.3603373599046007,105.43970989477776
2026-02-01 14:00:00+00:00,108.9575,108.65682211986538,-1.3603373599046007,110.01715947976999
2026-02-01 15:00:00+00:00,114.6675,119.55083821232824,-1.3603373599046007,120.91117557223285
2026-02-01 16:00:00+00:00,129.4875,129.8586839204412,-1.3603373599046007,131.2190212803458
2026-02-01 17:00:00+00:00,136.8425,134.67494339685186,-1.3603373599046007,136.03528075675646
2026-02-01 18:00:00+00:00,137.39,127.24310932890825,-1.3603373599046007,128.60344668881285
2026-02-01 19:00:00+00:00,125.5925,119.49242266732496,-1.3603373599046007,120.85276002722956
2026-02-01 20:00:00+00:00,113.8575,108.39828460237744,-1.3603373599046007,109.75862196228205
2026-02-01 21:00:00+00:00,113.885,106.5082484738209,-1.3603373599046007,107.8685858337255
2026-02-01 22:00:00+00:00,106.5525,99.65478274605074,-1.3603373599046007,101.01512010595535
2026-02-01 23:00:00+00:00,99.5925,81.08604471964827,-1.7289450857093962,82.81498980535767
2026-02-02 00:00:00+00:00,97.9925,75.74603512688363,-1.7289450857093962,77.47498021259302
2026-02-02 01:00:00+00:00,95.0925,75.67221577033916,-1.7289450857093962,77.40116085604856
2026-02-02 02:00:00+00:00,91.0,73.64785260406056,-1.7289450857093962,75.37679768976996
2026-02-02 03:00:00+00:00,91.7325,75.95195904914877,-1.7289450857093962,77.68090413485817
2026-02-02 04:00:00+00:00,94.7225,82.22016208132383,-1.7289450857093962,83.94910716703323
2026-02-02 05:00:00+00:00,106.575,102.53922911298676,-1.7289450857093962,104.26817419869616
2026-02-02 06:00:00+00:00,122.885,124.0508095492583,-1.7289450857093962,125.7797546349677
2026-02-02 07:00:00+00:00,136.8675,134.9257860068093,-1.7289450857093962,136.6547310925187
2026-02-02 08:00:00+00:00,140.155,128.11589007703944,-1.7289450857093962,129.84483516274884
2026-02-02 09:00:00+00:00,124.54,116.40724918548422,-1.7289450857093962,118.13619427119362
2026-02-02 10:00:00+00:00,114.6675,97.273609423806,-1.7289450857093962,99.00255450951539
2026-02-02 11:00:00+00:00,109.2125,88.32108925875606,-1.7289450857093962,90.05003434446546
2026-02-02 12:00:00+00:00,104.0,80.19409925323347,-1.7289450857093962,81.92304433894287
2026-02-02 13:00:00+00:00,102.9025,87.32988181373614,-1.7289450857093962,89.05882689944553
2026-02-02 14:00:00+00:00,105.0775,106.84597475159956,-1.7289450857093962,108.57491983730895
2026-02-02 15:00:00+00:00,109.7775,120.14705075421352,-1.7289450857093962,121.87599583992292
2026-02-02 16:00:00+00:00,118.1975,112.2332180265592,-1.7289450857093962,113.9621631122686
2026-02-02 17:00:00+00:00,118.9675,110.1789455252932,-1.7289450857093962,111.9078906110026
2026-02-02 18:00:00+00:00,105.0,110.37911162443078,-1.7289450857093962,112.10805671014018
2026-02-02 19:00:00+00:00,102.255,93.09159081065306,-1.7289450857093962,94.82053589636246
2026-02-02 20:00:00+00:00,102.015,84.44686976505048,-1.7289450857093962,86.17581485075988
2026-02-02 21:00:00+00:00,101.2275,84.18291680955222,-1.7289450857093962,85.91186189526162
2026-02-02 22:00:00+00:00,91.385,77.7090943924865,-1.7289450857093962,79.4380394781959
2026-02-02 23:00:00+00:00,91.7175,73.18287815561537,-2.12961717567785,75.31249533129322
2026-02-03 00:00:00+00:00,89.36500000000001,72.70340801457701,-2.12961717567785,74.83302519025486
2026-02-03 01:00:00+00:00,84.0075,69.34879682356238,-2.12961717567785,71.47841399924023
2026-02-03 02:00:00+00:00,79.9375,68.67674042147185,-2.12961717567785,70.8063575971497
2026-02-03 03:00:00+00:00,76.84,64.32739500312917,-2.12961717567785,66.45701217880702
2026-02-03 04:00:00+00:00,82.16,58.825776386782685,-2.12961717567785,60.955393562460536
2026-02-03 05:00:00+00:00,91.16,68.31174864035566,-2.12961717567785,70.44136581603351
2026-02-03 06:00:00+00:00,97.6925,88.05289859348402,-2.12961717567785,90.18251576916187
2026-02-03 07:00:00+00:00,106.2725,94.73394796452575,-2.12961717567785,96.8635651402036
2026-02-03 08:00:00+00:00,108.225,93.84792136060986,-2.12961717567785,95.97753853628771
2026-02-03 09:00:00+00:00,99.94,85.94850827971244,-2.12961717567785,88.07812545539029
2026-02-03 10:00:00+00:00,90.83,85.64751937642203,-2.12961717567785,87.77713655209988
2026-02-03 11:00:00+00:00,87.94749999999999,79.79574290923871,-2.12961717567785,81.92536008491656
2026-02-03 12:00:00+00:00,89.905,76.03232963542877,-2.12961717567785,78.16194681110662
2026-02-03 13:00:00+00:00,93.1525,83.02632345726022,-2.12961717567785,85.15594063293807
2026-02-03 14:00:00+00:00,100.41,88.47387906450106,-2.12961717567785,90.60349624017891
2026-02-03 15:00:00+00:00,106.615,103.72170208514844,-2.12961717567785,105.85131926082629
2026-02-03 16:00:00+00:00,125.7725,113.6948146579558,-2.12961717567785,115.82443183363365
2026-02-03 17:00:00+00:00,126.3475,121.5643712636904,-2.12961717567785,123.69398843936825
2026-02-03 18:00:00+00:00,123.2275,111.21050637877964,-2.12961717567785,113.34012355445749
2026-02-03 19:00:00+00:00,112.9,100.643801906887,-2.12961717567785,102.77341908256486
2026-02-03 20:00:00+00:00,103.2925,96.54709916177312,-2.12961717567785,98.67671633745097
2026-02-03 21:00:00+00:00,100.895,98.2795709541891,-2.12961717567785,100.40918812986695
2026-02-03 22:00:00+00:00,94.8125,86.5719124094745,-2.12961717567785,88.70152958515236
2026-02-03 23:00:00+00:00,95.0025,90.3117588296537,-2.613169078023699,92.9249279076774
2026-02-04 00:00:00+00:00,92.7875,88.57597063434216,-2.613169078023699,91.18913971236586
2026-02-04 01:00:00+00:00,92.9625,88.15178815766535,-2.613169078023699,90.76495723568905
2026-02-04 02:00:00+00:00,94.6225,91.24553746833492,-2.613169078023699,93.85870654635862
2026-02-04 03:00:00+00:00,93.9575,92.4024178754344,-2.613169078023699,95.0155869534581
2026-02-04 04:00:00+00:00,96.585,96.33318193103771,-2.613169078023699,98.94635100906142
2026-02-04 05:00:00+00:00,105.285,117.08886397117575,-2.613169078023699,119.70203304919946
2026-02-04 06:00:00+00:00,122.935,138.28349604087413,-2.613169078023699,140.89666511889783
2026-02-04 07:00:00+00:00,131.605,143.7509460148559,-2.613169078023699,146.36411509287962
2026-02-04 08:00:00+00:00,122.6725,131.3673658588013,-2.613169078023699,133.980534936825
2026-02-04 09:00:00+00:00,110.0,121.38337131421616,-2.613169078023699,123.99654039223987
2026-02-04 10:00:00+00:00,98.7075,104.13576720613362,-2.613169078023699,106.74893628415732
2026-02-04 11:00:00+00:00,91.915,95.98998755714108,-2.613169078023699,98.60315663516478
2026-02-04 12:00:00+00:00,91.3825,102.64436217891158,-2.613169078023699,105.25753125693528
2026-02-04 13:00:00+00:00,96.0775,111.23538812263496,-2.613169078023699,113.84855720065866
2026-02-04 14:00:00+00:00,102.875,120.12994573017842,-2.613169078023699,122.74311480820212
2026-02-04 15:00:00+00:00,114.185,126.9451723365272,-2.613169078023699,129.55834141455088
2026-02-04 16:00:00+00:00,124.6175,146.85475401242405,-2.613169078023699,149.46792309044775
2026-02-04 17:00:00+00:00,117.04,137.97795309503744,-2.613169078023699,140.59112217306114
2026-02-04 18:00:00+00:00,104.52,121.60793238774237,-2.613169078023699,124.22110146576607
2026-02-04 19:00:00+00:00,96.2875,105.84085767406614,-2.613169078023699,108.45402675208985
2026-02-04 20:00:00+00:00,94.7525,102.2996570502518,-2.613169078023699,104.9128261282755
2026-02-04 21:00:00+00:00,93.8225,98.1473985950858,-2.613169078023699,100.7605676731095
2026-02-04 22:00:00+00:00,86.3075,89.79214385634191,-2.613169078023699,92.40531293436561
2026-02-04 23:00:00+00:00,90.3025,88.72577872158914,-2.4949062440658025,91.22068496565494
2026-02-05 00:00:00+00:00,88.4375,84.97391478167602,-2.4949062440658025,87.46882102574182
2026-02-05 01:00:00+00:00,87.4325,90.64755655702888,-2.4949062440658025,93.14246280109468
2026-02-05 02:00:00+00:00,87.795,89.91192851210769,-2.4949062440658025,92.4068347561735
2026-02-05 03:00:00+00:00,89.565,90.85553735373512,-2.4949062440658025,93.35044359780092
2026-02-05 04:00:00+00:00,91.51,93.25873210215694,-2.4949062440658025,95.75363834622274
2026-02-05 05:00:00+00:00,102.845,103.35866071626722,-2.4949062440658025,105.85356696033303
2026-02-05 06:00:00+00:00,113.32,117.51357886726748,-2.4949062440658025,120.00848511133329
2026-02-05 07:00:00+00:00,125.365,122.79815786703094,-2.4949062440658025,125.29306411109674
2026-02-05 08:00:00+00:00,121.52,124.5359867661893,-2.4949062440658025,127.0308930102551
2026-02-05 09:00:00+00:00,118.1925,117.58503876477212,-2.4949062440658025,120.07994500883792
2026-02-05 10:00:00+00:00,121.0675,116.67814153301558,-2.4949062440658025,119.17304777708138
2026-02-05 11:00:00+00:00,108.2525,108.82469210163868,-2.4949062440658025,111.31959834570448
2026-02-05 12:00:00+00:00,109.7575,105.92699324104568,-2.4949062440658025,108.42189948511148
2026-02-05 13:00:00+00:00,110.1025,103.89701746831857,-2.4949062440658025,106.39192371238437
2026-02-05 14:00:00+00:00,116.98,107.01300021228704,-2.4949062440658025,109.50790645635284
2026-02-05 15:00:00+00:00,126.0,127.0303610318366,-2.4949062440658025,129.52526727590242
2026-02-05 16:00:00+00:00,140.5,144.66637256013922,-2.4949062440658025,147.16127880420504
2026-02-05 17:00:00+00:00,136.64499999999998,142.23574083074143,-2.4949062440658025,144.73064707480722
2026-02-05 18:00:00+00:00,132.9075,127.43595581502946,-2.4949062440658025,129.93086205909526
2026-02-05 19:00:00+00:00,120.81,119.26827959681204,-2.4949062440658025,121.76318584087784
2026-02-05 20:00:00+00:00,107.7825,108.46993908312228,-2.4949062440658025,110.96484532718809
2026-02-05 21:00:00+00:00,105.88,107.16967295392672,-2.4949062440658025,109.66457919799252
2026-02-05 22:00:00+00:00,100.0375,100.2807745919067,-2.4949062440658025,102.77568083597251
2026-02-05 23:00:00+00:00,99.31,100.26655460678964,-2.4336463389994285,102.70020094578906
2026-02-06 00:00:00+00:00,99.1275,100.53386988653708,-2.4336463389994285,102.9675162255365
2026-02-06 01:00:00+00:00,98.0875,96.8974900732375,-2.4336463389994285,99.33113641223693
2026-02-06 02:00:00+00:00,98.2275,96.77808501599914,-2.4336463389994285,99.21173135499856
2026-02-06 03:00:00+00:00,98.7425,95.7760991612641,-2.4336463389994285,98.20974550026352
2026-02-06 04:00:00+00:00,102.3325,96.84991926811466,-2.4336463389994285,99.28356560711408
2026-02-06 05:00:00+00:00,115.4225,110.703294105495,-2.4336463389994285,113.13694044449443
2026-02-06 06:00:00+00:00,139.4625,131.95145882373026,-2.4336463389994285,134.3851051627297
2026-02-06 07:00:00+00:00,144.74,140.81022116619008,-2.4336463389994285,143.2438675051895
2026-02-06 08:00:00+00:00,144.2025,131.6085370243669,-2.4336463389994285,134.04218336336635
2026-02-06 09:00:00+00:00,142.0925,132.9517875503982,-2.4336463389994285,135.38543388939763
2026-02-06 10:00:00+00:00,138.91,133.3586313798041,-2.4336463389994285,135.79227771880355
2026-02-06 11:00:00+00:00,136.21,122.70936623526894,-2.4336463389994285,125.14301257426837
2026-02-06 12:00:00+00:00,135.89249999999998,124.047172808111,-2.4336463389994285,126.48081914711042
2026-02-06 13:00:00+00:00,135.66750000000002,128.55485408770838,-2.4336463389994285,130.98850042670782
2026-02-06 14:00:00+00:00,139.4725,137.1923710507565,-2.4336463389994285,139.62601738975593
2026-02-06 15:00:00+00:00,133.9625,143.30501040657907,-2.4336463389994285,145.7386567455785
2026-02-06 16:00:00+00:00,137.1875,152.95799723360483,-2.4336463389994285,155.39164357260427
2026-02-06 17:00:00+00:00,132.19,143.8682759115719,-2.4336463389994285,146.30192225057135
2026-02-06 18:00:00+00:00,125.6275,134.47354272873994,-2.4336463389994285,136.90718906773938
2026-02-06 19:00:00+00:00,110.9825,119.95079529090576,-2.4336463389994285,122.38444162990518
2026-02-06 20:00:00+00:00,108.85,111.00692836008194,-2.4336463389994285,113.44057469908137
2026-02-06 21:00:00+00:00,106.2625,108.59745064629088,-2.4336463389994285,111.0310969852903
2026-02-06 22:00:00+00:00,102.2375,100.71455722462623,-2.4336463389994285,103.14820356362566
2026-02-06 23:00:00+00:00,101.4925,102.71415874573228,-2.32684631659122,105.04100506232349
2026-02-07 00:00:00+00:00,100.0,101.18123149697982,-2.32684631659122,103.50807781357103
2026-02-07 01:00:00+00:00,98.0425,98.8727591096992,-2.32684631659122,101.19960542629042
2026-02-07 02:00:00+00:00,96.885,98.58473341253011,-2.32684631659122,100.91157972912133
2026-02-07 03:00:00+00:00,96.395,97.47327060427295,-2.32684631659122,99.80011692086417
2026-02-07 04:00:00+00:00,96.725,103.10547587292456,-2.32684631659122,105.43232218951577
2026-02-07 05:00:00+00:00,97.095,107.7442600863678,-2.32684631659122,110.07110640295902
2026-02-07 06:00:00+00:00,105.5475,117.27602695047456,-2.32684631659122,119.60287326706577
2026-02-07 07:00:00+00:00,114.08,123.19190839592204,-2.32684631659122,125.51875471251326
2026-02-07 08:00:00+00:00,117.975,124.27336250351505,-2.32684631659122,126.60020882010626
2026-02-07 09:00:00+00:00,110.0625,128.07724341943225,-2.32684631659122,130.40408973602348
2026-02-07 10:00:00+00:00,104.5325,125.79928092437956,-2.32684631659122,128.1261272409708
2026-02-07 11:00:00+00:00,100.1175,120.52686173096318,-2.32684631659122,122.85370804755439
2026-02-07 12:00:00+00:00,97.3875,118.93432156666609,-2.32684631659122,121.2611678832573
2026-02-07 13:00:00+00:00,99.9275,118.5404785660181,-2.32684631659122,120.86732488260931
2026-02-07 14:00:00+00:00,106.3325,121.9096193177472,-2.32684631659122,124.23646563433842
2026-02-07 15:00:00+00:00,120.29,124.79586864323124,-2.32684631659122,127.12271495982246
2026-02-07 16:00:00+00:00,134.03750000000002,140.54581543631096,-2.32684631659122,142.8726617529022
2026-02-07 17:00:00+00:00,135.33249999999998,142.6256831513773,-2.32684631659122,144.95252946796853
2026-02-07 18:00:00+00:00,127.4975,137.1351142859063,-2.32684631659122,139.46196060249753
2026-02-07 19:00:00+00:00,113.395,120.96979925111678,-2.32684631659122,123.296645567708
2026-02-07 20:00:00+00:00,104.39,114.13433284769764,-2.32684631659122,116.46117916428885
2026-02-07 21:00:00+00:00,104.0725,111.44017142104909,-2.32684631659122,113.7670177376403
2026-02-07 22:00:00+00:00,98.76,104.78401559432928,-2.32684631659122,107.11086191092049
2026-02-07 23:00:00+00:00,102.035,103.33609201978868,-2.217230748220473,105.55332276800915
2026-02-08 00:00:00+00:00,99.045,100.69926760736485,-2.217230748220473,102.91649835558532
2026-02-08 01:00:00+00:00,97.5675,98.12115909378328,-2.217230748220473,100.33838984200375
2026-02-08 02:00:00+00:00,96.425,95.8340729513161,-2.217230748220473,98.05130369953658
2026-02-08 03:00:00+00:00,94.86,94.84060610050864,-2.217230748220473,97.05783684872911
2026-02-08 04:00:00+00:00,95.75,95.49193625221916,-2.217230748220473,97.70916700043963
2026-02-08 05:00:00+00:00,95.0,93.172923381276,-2.217230748220473,95.39015412949647
2026-02-08 06:00:00+00:00,95.805,98.00356604255008,-2.217230748220473,100.22079679077055
2026-02-08 07:00:00+00:00,100.3475,104.34158203852007,-2.217230748220473,106.55881278674055
2026-02-08 08:00:00+00:00,101.9875,114.8194559428548,-2.217230748220473,117.03668669107527
2026-02-08 09:00:00+00:00,102.645,112.77033873994418,-2.217230748220473,114.98756948816465
2026-02-08 10:00:00+00:00,99.6,109.58195892970868,-2.217230748220473,111.79918967792915
2026-02-08 11:00:00+00:00,96.5725,106.60745848919755,-2.217230748220473,108.82468923741803
2026-02-08 12:00:00+00:00,95.45,102.91697368632208,-2.217230748220473,105.13420443454255
2026-02-08 13:00:00+00:00,97.22,103.74149179440712,-2.217230748220473,105.9587225426276
2026-02-08 14:00:00+00:00,103.3225,105.80779327332328,-2.217230748220473,108.02502402154376
2026-02-08 15:00:00+00:00,111.785,112.53250114692968,-2.217230748220473,114.74973189515015
2026-02-08 16:00:00+00:00,127.6325,125.52742419643548,-2.217230748220473,127.74465494465595
2026-02-08 17:00:00+00:00,131.26749999999998,130.0869527360034,-2.217230748220473,132.30418348422387
2026-02-08 18:00:00+00:00,126.9075,126.52916277182254,-2.217230748220473,128.746393520043
2026-02-08 19:00:00+00:00,113.2825,112.21072121032904,-2.217230748220473,114.42795195854951
2026-02-08 20:00:00+00:00,107.6275,107.219023118574,-2.217230748220473,109.43625386679447
2026-02-08 21:00:00+00:00,105.14,107.47283139724328,-2.217230748220473,109.69006214546376
2026-02-08 22:00:00+00:00,99.9825,101.05424766470368,-2.217230748220473,103.27147841292415
2026-02-08 23:00:00+00:00,96.745,107.11934681966818,-2.2893308244217203,109.4086776440899
2026-02-09 00:00:00+00:00,95.4525,101.18610128198632,-2.2893308244217203,103.47543210640805
2026-02-09 01:00:00+00:00,95.7025,99.2259049315864,-2.2893308244217203,101.51523575600812
2026-02-09 02:00:00+00:00,95.4675,101.30029476100918,-2.2893308244217203,103.58962558543091
2026-02-09 03:00:00+00:00,96.565,102.03457222896527,-2.2893308244217203,104.323903053387
2026-02-09 04:00:00+00:00,104.735,107.53794979916168,-2.2893308244217203,109.8272806235834
2026-02-09 05:00:00+00:00,132.235,120.89146146646172,-2.2893308244217203,123.18079229088345
2026-02-09 06:00:00+00:00,158.595,159.7697569051815,-2.2893308244217203,162.05908772960322
2026-02-09 07:00:00+00:00,182.71,173.62966753606702,-2.2893308244217203,175.91899836048873
2026-02-09 08:00:00+00:00,169.2075,157.10391993751384,-2.2893308244217203,159.39325076193555
2026-02-09 09:00:00+00:00,157.29,142.7805713263485,-2.2893308244217203,145.06990215077022
2026-02-09 10:00:00+00:00,144.38,134.41405294766642,-2.2893308244217203,136.70338377208813
2026-02-09 11:00:00+00:00,137.0725,131.39370924921997,-2.2893308244217203,133.68304007364168
2026-02-09 12:00:00+00:00,135.025,126.33812432981138,-2.2893308244217203,128.6274551542331
2026-02-09 13:00:00+00:00,137.6575,126.33873581060531,-2.2893308244217203,128.62806663502704
2026-02-09 14:00:00+00:00,149.0775,143.5448763172144,-2.2893308244217203,145.8342071416361
2026-02-09 15:00:00+00:00,168.9825,178.83711599056554,-2.2893308244217203,181.12644681498725
2026-02-09 16:00:00+00:00,227.2125,212.8164173153314,-2.2893308244217203,215.1057481397531
2026-02-09 17:00:00+00:00,182.225,183.05159047155172,-2.2893308244217203,185.34092129597343
2026-02-09 18:00:00+00:00,165.81,163.66728463602803,-2.2893308244217203,165.95661546044974
2026-02-09 19:00:00+00:00,144.1275,133.14825731405674,-2.2893308244217203,135.43758813847845
2026-02-09 20:00:00+00:00,134.6,117.0800043211561,-2.2893308244217203,119.36933514557782
2026-02-09 21:00:00+00:00,122.895,113.2851377707835,-2.2893308244217203,115.57446859520523
2026-02-09 22:00:00+00:00,108.9225,103.99855687128402,-2.2893308244217203,106.28788769570575
2026-02-09 23:00:00+00:00,104.6425,104.00543691769684,-2.361456414152938,106.36689333184978
2026-02-10 00:00:00+00:00,103.745,102.11637774381362,-2.361456414152938,104.47783415796656
2026-02-10 01:00:00+00:00,102.7475,99.6702960325524,-2.361456414152938,102.03175244670534
2026-02-10 02:00:00+00:00,102.435,97.98796101989596,-2.361456414152938,100.3494174340489
2026-02-10 03:00:00+00:00,102.435,98.34659157914469,-2.361456414152938,100.70804799329763
2026-02-10 04:00:00+00:00,105.4275,103.10511162568072,-2.361456414152938,105.46656803983366
2026-02-10 05:00:00+00:00,119.9175,119.66916590508464,-2.361456414152938,122.03062231923758
2026-02-10 06:00:00+00:00,134.89,142.4989060725636,-2.361456414152938,144.86036248671655
2026-02-10 07:00:00+00:00,143.8275,164.13780751759998,-2.361456414152938,166.49926393175292
2026-02-10 08:00:00+00:00,132.08249999999998,147.0225752672379,-2.361456414152938,149.38403168139084
2026-02-10 09:00:00+00:00,129.0875,134.25001134382313,-2.361456414152938,136.61146775797607
2026-02-10 10:00:00+00:00,119.4425,124.72989364539872,-2.361456414152938,127.09135005955166
2026-02-10 11:00:00+00:00,109.2225,115.70287498348748,-2.361456414152938,118.06433139764042
2026-02-10 12:00:00+00:00,109.47,115.16647568403114,-2.361456414152938,117.52793209818408
2026-02-10 13:00:00+00:00,116.2225,118.97738500550751,-2.361456414152938,121.33884141966045
2026-02-10 14:00:00+00:00,128.115,125.20357368325588,-2.361456414152938,127.56503009740882
2026-02-10 15:00:00+00:00,127.6625,143.51911545783364,-2.361456414152938,145.88057187198658
2026-02-10 16:00:00+00:00,135.2425,162.2731105178022,-2.361456414152938,164.63456693195513
2026-02-10 17:00:00+00:00,131.7125,151.42050215526612,-2.361456414152938,153.78195856941906
2026-02-10 18:00:00+00:00,120.3275,139.1410942759236,-2.361456414152938,141.50255069007653
2026-02-10 19:00:00+00:00,111.2525,118.72260353982344,-2.361456414152938,121.08405995397638
2026-02-10 20:00:00+00:00,107.1575,112.17449938330527,-2.361456414152938,114.53595579745821
2026-02-10 21:00:00+00:00,106.69,106.89102534776376,-2.361456414152938,109.2524817619167
2026-02-10 22:00:00+00:00,100.5275,98.6741587446499,-2.361456414152938,101.03561515880284
2026-02-10 23:00:00+00:00,96.7825,97.53886654153273,-2.599273972946326,100.13814051447905
2026-02-11 00:00:00+00:00,96.63,94.9419970717018,-2.599273972946326,97.54127104464813
2026-02-11 01:00:00+00:00,95.605,94.64381540686205,-2.599273972946326,97.24308937980837
2026-02-11 02:00:00+00:00,94.68,94.2258853939168,-2.599273972946326,96.82515936686312
2026-02-11 03:00:00+00:00,94.845,96.1372716185506,-2.599273972946326,98.73654559149692
2026-02-11 04:00:00+00:00,99.1425,100.87141166672968,-2.599273972946326,103.470685639676
2026-02-11 05:00:00+00:00,110.4775,110.4891467675589,-2.599273972946326,113.08842074050523
2026-02-11 06:00:00+00:00,129.0,134.2025738673044,-2.599273972946326,136.80184784025073
2026-02-11 07:00:00+00:00,137.0675,148.52617835138668,-2.599273972946326,151.125452324333
2026-02-11 08:00:00+00:00,131.4375,145.98433569774926,-2.599273972946326,148.58360967069558
2026-02-11 09:00:00+00:00,127.5,143.37417588797982,-2.599273972946326,145.97344986092614
2026-02-11 10:00:00+00:00,125.94,129.07146254847922,-2.599273972946326,131.67073652142554
2026-02-11 11:00:00+00:00,115.8625,116.547266414923,-2.599273972946326,119.14654038786932
2026-02-11 12:00:00+00:00,116.7,113.82401613815895,-2.599273972946326,116.42329011110527
2026-02-11 13:00:00+00:00,116.7,120.44025372440557,-2.599273972946326,123.03952769735189
2026-02-11 14:00:00+00:00,118.185,131.05823230908987,-2.599273972946326,133.6575062820362
2026-02-11 15:00:00+00:00,122.315,132.54262185100322,-2.599273972946326,135.14189582394954
2026-02-11 16:00:00+00:00,127.9,139.45323462803682,-2.599273972946326,142.05250860098315
2026-02-11 17:00:00+00:00,125.465,136.44710082139747,-2.599273972946326,139.0463747943438
2026-02-11 18:00:00+00:00,112.02,130.4835232990575,-2.599273972946326,133.08279727200383
2026-02-11 19:00:00+00:00,104.9275,113.21659516369552,-2.599273972946326,115.81586913664184
2026-02-11 20:00:00+00:00,104.38,104.5377271217826,-2.599273972946326,107.13700109472892
2026-02-11 21:00:00+00:00,101.9975,102.30499743622876,-2.599273972946326,104.90427140917508
2026-02-11 22:00:00+00:00,95.3075,97.89405344069554,-2.599273972946326,100.49332741364186
2026-02-11 23:00:00+00:00,88.1925,94.86631572025516,-2.605002794278281,97.47131851453344
2026-02-12 00:00:00+00:00,87.58,94.08726304427827,-2.605002794278281,96.69226583855655
2026-02-12 01:00:00+00:00,86.2025,93.67886640219504,-2.605002794278281,96.28386919647332
2026-02-12 02:00:00+00:00,84.8925,92.81855194478771,-2.605002794278281,95.42355473906599
2026-02-12 03:00:00+00:00,86.0125,93.5759113879678,-2.605002794278281,96.18091418224608
2026-02-12 04:00:00+00:00,89.43,95.42582470462897,-2.605002794278281,98.03082749890724
2026-02-12 05:00:00+00:00,99.8625,105.60746708172856,-2.605002794278281,108.21246987600684
2026-02-12 06:00:00+00:00,116.0075,125.99027571053074,-2.605002794278281,128.59527850480902
2026-02-12 07:00:00+00:00,123.0725,136.06270449326473,-2.605002794278281,138.667707287543
2026-02-12 08:00:00+00:00,121.205,128.17870237317786,-2.605002794278281,130.78370516745613
2026-02-12 09:00:00+00:00,117.52,124.22004354197638,-2.605002794278281,126.82504633625466
2026-02-12 10:00:00+00:00,111.1525,119.5192978322798,-2.605002794278281,122.12430062655808
2026-02-12 11:00:00+00:00,105.515,112.14623046911208,-2.605002794278281,114.75123326339036
2026-02-12 12:00:00+00:00,103.555,110.60562053240068,-2.605002794278281,113.21062332667896
2026-02-12 13:00:00+00:00,105.2125,111.2349995360828,-2.605002794278281,113.84000233036107
2026-02-12 14:00:00+00:00,107.98,115.71485551821624,-2.605002794278281,118.31985831249452
2026-02-12 15:00:00+00:00,110.785,121.51866013352192,-2.605002794278281,124.1236629278002
2026-02-12 16:00:00+00:00,123.05,130.14781026049596,-2.605002794278281,132.75281305477424
2026-02-12 17:00:00+00:00,125.6625,129.8050589358964,-2.605002794278281,132.41006173017468
2026-02-12 18:00:00+00:00,120.8725,119.10069794516308,-2.605002794278281,121.70570073944135
2026-02-12 19:00:00+00:00,109.1025,109.561943974643,-2.605002794278281,112.16694676892128
2026-02-12 20:00:00+00:00,99.6925,102.9631858488483,-2.605002794278281,105.56818864312658
2026-02-12 21:00:00+00:00,97.175,101.5586153004781,-2.605002794278281,104.16361809475637
2026-02-12 22:00:00+00:00,89.33250000000001,94.246456431555,-2.605002794278281,96.85145922583328
2026-02-12 23:00:00+00:00,83.8575,83.21866438857357,-2.4100187929528016,85.62868318152637
2026-02-13 00:00:00+00:00,83.66,80.83306042066086,-2.4100187929528016,83.24307921361365
2026-02-13 01:00:00+00:00,82.2175,77.68944591783982,-2.4100187929528016,80.09946471079262
2026-02-13 02:00:00+00:00,81.855,77.56662659408036,-2.4100187929528016,79.97664538703316
2026-02-13 03:00:00+00:00,83.35,81.3773112025284,-2.4100187929528016,83.7873299954812
2026-02-13 04:00:00+00:00,87.1875,86.48340951017826,-2.4100187929528016,88.89342830313106
2026-02-13 05:00:00+00:00,98.7275,100.15217417506844,-2.4100187929528016,102.56219296802124
2026-02-13 06:00:00+00:00,117.7275,120.61645292855488,-2.4100187929528016,123.02647172150768
2026-02-13 07:00:00+00:00,123.85,128.41917150908694,-2.4100187929528016,130.82919030203973
2026-02-13 08:00:00+00:00,119.15,126.76482910971798,-2.4100187929528016,129.1748479026708
2026-02-13 09:00:00+00:00,106.3925,122.9687574639693,-2.4100187929528016,125.3787762569221
2026-02-13 10:00:00+00:00,101.03,117.77537579956348,-2.4100187929528016,120.18539459251627
2026-02-13 11:00:00+00:00,97.3,117.33281143388965,-2.4100187929528016,119.74283022684244
2026-02-13 12:00:00+00:00,97.495,116.02153849454096,-2.4100187929528016,118.43155728749376
2026-02-13 13:00:00+00:00,102.09,117.85161707914013,-2.4100187929528016,120.26163587209292
2026-02-13 14:00:00+00:00,118.0975,125.7565345728781,-2.4100187929528016,128.1665533658309
2026-02-13 15:00:00+00:00,125.905,142.61451079849132,-2.4100187929528016,145.02452959144412
2026-02-13 16:00:00+00:00,131.985,162.079321945767,-2.4100187929528016,164.4893407387198
2026-02-13 17:00:00+00:00,136.02249999999998,161.15113238525024,-2.4100187929528016,163.56115117820303
2026-02-13 18:00:00+00:00,131.89249999999998,142.55308679369654,-2.4100187929528016,144.96310558664933
2026-02-13 19:00:00+00:00,126.0,122.62217929670616,-2.4100187929528016,125.03219808965896
2026-02-13 20:00:00+00:00,117.58,119.12131200600663,-2.4100187929528016,121.53133079895943
2026-02-13 21:00:00+00:00,109.9475,113.86559219417374,-2.4100187929528016,116.27561098712654
2026-02-13 22:00:00+00:00,100.8575,101.80600873142672,-2.4100187929528016,104.21602752437951
2026-02-13 23:00:00+00:00,96.9925,101.07514650621432,-2.280917045431074,103.35606355164539
2026-02-14 00:00:00+00:00,91.83,97.80103606908672,-2.280917045431074,100.08195311451779
2026-02-14 01:00:00+00:00,89.09,96.04813737687644,-2.280917045431074,98.32905442230751
2026-02-14 02:00:00+00:00,88.6725,94.84191157992824,-2.280917045431074,97.1228286253593
2026-02-14 03:00:00+00:00,87.5075,93.38796414764374,-2.280917045431074,95.66888119307481
2026-02-14 04:00:00+00:00,88.75,94.9473705069702,-2.280917045431074,97.22828755240127
2026-02-14 05:00:00+00:00,90.2175,101.0577509044822,-2.280917045431074,103.33866794991327
2026-02-14 06:00:00+00:00,93.1175,110.561596569853,-2.280917045431074,112.84251361528406
2026-02-14 07:00:00+00:00,101.8325,111.98655027137868,-2.280917045431074,114.26746731680974
2026-02-14 08:00:00+00:00,107.49,117.3515760196633,-2.280917045431074,119.63249306509437
2026-02-14 09:00:00+00:00,103.97,112.67223379159816,-2.280917045431074,114.95315083702923
2026-02-14 10:00:00+00:00,98.1625,109.88123129103084,-2.280917045431074,112.16214833646191
2026-02-14 11:00:00+00:00,95.16,105.36366427736944,-2.280917045431074,107.6445813228005
2026-02-14 12:00:00+00:00,93.9725,103.81629953029696,-2.280917045431074,106.09721657572803
2026-02-14 13:00:00+00:00,97.1125,103.08197197644115,-2.280917045431074,105.36288902187222
2026-02-14 14:00:00+00:00,104.9525,107.45350012037406,-2.280917045431074,109.73441716580513
2026-02-14 15:00:00+00:00,116.8875,113.07586323026408,-2.280917045431074,115.35678027569514
2026-02-14 16:00:00+00:00,126.1,125.62803859916256,-2.280917045431074,127.90895564459363
2026-02-14 17:00:00+00:00,131.9275,125.6797586751403,-2.280917045431074,127.96067572057137
2026-02-14 18:00:00+00:00,128.72,128.1977136979426,-2.280917045431074,130.47863074337366
2026-02-14 19:00:00+00:00,123.1925,122.09490363332624,-2.280917045431074,124.37582067875731
2026-02-14 20:00:00+00:00,116.98,113.27934935341358,-2.280917045431074,115.56026639884465
2026-02-14 21:00:00+00:00,111.2025,109.37702937535036,-2.280917045431074,111.65794642078143
2026-02-14 22:00:00+00:00,101.1,106.17374634215066,-2.280917045431074,108.45466338758173
2026-02-14 23:00:00+00:00,101.7775,105.28541723221056,-2.3615929459555636,107.64701017816613
2026-02-15 00:00:00+00:00,99.9475,99.53412587902535,-2.3615929459555636,101.89571882498092
2026-02-15 01:00:00+00:00,100.755,98.57790429767572,-2.3615929459555636,100.93949724363128
2026-02-15 02:00:00+00:00,98.025,98.4357560883548,-2.3615929459555636,100.79734903431036
2026-02-15 03:00:00+00:00,96.52,97.42125358240916,-2.3615929459555636,99.78284652836473
2026-02-15 04:00:00+00:00,94.355,96.06680374006176,-2.3615929459555636,98.42839668601732
2026-02-15 05:00:00+00:00,94.1675,96.74930281207666,-2.3615929459555636,99.11089575803223
2026-02-15 06:00:00+00:00,96.115,96.24528444975932,-2.3615929459555636,98.60687739571489
2026-02-15 07:00:00+00:00,96.8,97.4365578083227,-2.3615929459555636,99.79815075427827
2026-02-15 08:00:00+00:00,93.065,94.42124904835262,-2.3615929459555636,96.78284199430819
2026-02-15 09:00:00+00:00,83.0175,83.82958581497824,-2.3615929459555636,86.19117876093381
2026-02-15 10:00:00+00:00,74.7225,74.44344647720882,-2.3615929459555636,76.80503942316439
2026-02-15 11:00:00+00:00,67.37,60.82111405414872,-2.3615929459555636,63.18270700010429
2026-02-15 12:00:00+00:00,64.4075,58.549081945407856,-2.3615929459555636,60.91067489136342
2026-02-15 13:00:00+00:00,64.4225,61.510216419318304,-2.3615929459555636,63.87180936527387
2026-02-15 14:00:00+00:00,71.9525,69.37184944819853,-2.3615929459555636,71.7334423941541
2026-02-15 15:00:00+00:00,84.205,86.44019616271864,-2.3615929459555636,88.8017891086742
2026-02-15 16:00:00+00:00,96.385,89.69924349918618,-2.3615929459555636,92.06083644514175
2026-02-15 17:00:00+00:00,98.2025,87.41010441932968,-2.3615929459555636,89.77169736528525
2026-02-15 18:00:00+00:00,83.6125,72.23092154055199,-2.3615929459555636,74.59251448650755
2026-02-15 19:00:00+00:00,71.0025,53.97892112329505,-2.3615929459555636,56.34051406925062
2026-02-15 20:00:00+00:00,67.2625,42.99453806981701,-2.3615929459555636,45.356131015772576
2026-02-15 21:00:00+00:00,65.61500000000001,41.51618580840082,-2.3615929459555636,43.877778754356385
2026-02-15 22:00:00+00:00,58.04,27.580321205769724,-2.3615929459555636,29.94191415172529
2026-02-15 23:00:00+00:00,68.93,35.49799483607793,-2.551442453761418,38.04943728983935
2026-02-16 00:00:00+00:00,65.375,33.40503926378263,-2.551442453761418,35.95648171754405
2026-02-16 01:00:00+00:00,64.41,31.90950304024443,-2.551442453761418,34.46094549400585
2026-02-16 02:00:00+00:00,64.4125,33.36805438575064,-2.551442453761418,35.91949683951206
2026-02-16 03:00:00+00:00,66.0525,35.266913461664494,-2.551442453761418,37.81835591542591
2026-02-16 04:00:00+00:00,69.985,41.2959545595785,-2.551442453761418,43.847397013339915
2026-02-16 05:00:00+00:00,79.3275,63.46347124160127,-2.551442453761418,66.0149136953627
2026-02-16 06:00:00+00:00,94.0725,84.68648993399653,-2.551442453761418,87.23793238775795
2026-02-16 07:00:00+00:00,101.0325,108.7473495111439,-2.551442453761418,111.29879196490532
2026-02-16 08:00:00+00:00,104.425,111.80596487702836,-2.551442453761418,114.35740733078978
2026-02-16 09:00:00+00:00,101.54,106.26569423383891,-2.551442453761418,108.81713668760034
2026-02-16 10:00:00+00:00,94.86,102.02607630530198,-2.551442453761418,104.57751875906341
2026-02-16 11:00:00+00:00,92.0025,99.42928482220849,-2.551442453761418,101.98072727596991
2026-02-16 12:00:00+00:00,94.4025,102.13603598820336,-2.551442453761418,104.68747844196479
2026-02-16 13:00:00+00:00,96.0125,111.72801973891484,-2.551442453761418,114.27946219267626
2026-02-16 14:00:00+00:00,104.075,119.48590692614206,-2.551442453761418,122.03734937990349
2026-02-16 15:00:00+00:00,115.3025,134.7801704185918,-2.551442453761418,137.33161287235322
2026-02-16 16:00:00+00:00,130.355,143.7099858323794,-2.551442453761418,146.2614282861408
2026-02-16 17:00:00+00:00,129.1175,148.3268754029281,-2.551442453761418,150.8783178566895
2026-02-16 18:00:00+00:00,126.355,147.4342770978118,-2.551442453761418,149.9857195515732
2026-02-16 19:00:00+00:00,115.6325,131.37009732845615,-2.551442453761418,133.92153978221756
2026-02-16 20:00:00+00:00,103.8975,124.81706438713708,-2.551442453761418,127.3685068408985
2026-02-16 21:00:00+00:00,101.92,113.31883160700396,-2.551442453761418,115.87027406076538
2026-02-16 22:00:00+00:00,92.755,105.83135543480758,-2.551442453761418,108.382797888569
2026-02-16 23:00:00+00:00,87.02000000000001,103.42483176206063,-2.539571984453744,105.96440374651438
2026-02-17 00:00:00+00:00,85.105,96.6967527427599,-2.539571984453744,99.23632472721364
2026-02-17 01:00:00+00:00,84.78,93.12313803406056,-2.539571984453744,95.6627100185143
2026-02-17 02:00:00+00:00,85.65,91.43838265610448,-2.539571984453744,93.97795464055822
2026-02-17 03:00:00+00:00,84.8175,92.8054438032112,-2.539571984453744,95.34501578766495
2026-02-17 04:00:00+00:00,88.8425,99.47510089772554,-2.539571984453744,102.01467288217928
2026-02-17 05:00:00+00:00,102.7225,118.86295307379076,-2.539571984453744,121.4025250582445
2026-02-17 06:00:00+00:00,114.3275,143.96220653619815,-2.539571984453744,146.5017785206519
2026-02-17 07:00:00+00:00,114.855,134.68812740368676,-2.539571984453744,137.2276993881405
2026-02-17 08:00:00+00:00,110.8375,126.29189689168912,-2.539571984453744,128.83146887614288
2026-02-17 09:00:00+00:00,102.4,126.95947229958064,-2.539571984453744,129.49904428403437
2026-02-17 10:00:00+00:00,93.055,112.740477800412,-2.539571984453744,115.28004978486574
2026-02-17 11:00:00+00:00,83.94,107.37813147798197,-2.539571984453744,109.91770346243571
2026-02-17 12:00:00+00:00,82.2925,103.02169092038272,-2.539571984453744,105.56126290483647
2026-02-17 13:00:00+00:00,82.4175,102.46553275440036,-2.539571984453744,105.0051047388541
2026-02-17 14:00:00+00:00,86.3775,105.7034516366139,-2.539571984453744,108.24302362106765
2026-02-17 15:00:00+00:00,94.0825,112.83300523587044,-2.539571984453744,115.37257722032419
2026-02-17 16:00:00+00:00,110.805,120.63042677985555,-2.539571984453744,123.1699987643093
2026-02-17 17:00:00+00:00,126.975,123.64700203479588,-2.539571984453744,126.18657401924962
2026-02-17 18:00:00+00:00,126.6,120.32565019476128,-2.539571984453744,122.86522217921502
2026-02-17 19:00:00+00:00,111.2275,112.03787020231952,-2.539571984453744,114.57744218677327
2026-02-17 20:00:00+00:00,99.9525,102.4620227462512,-2.539571984453744,105.00159473070494
2026-02-17 21:00:00+00:00,93.225,103.65841134879084,-2.539571984453744,106.19798333324458
2026-02-17 22:00:00+00:00,89.61,93.56314314228574,-2.539571984453744,96.10271512673948
2026-02-17 23:00:00+00:00,95.63,89.2892014605382,-2.4912782450795437,91.78047970561774
2026-02-18 00:00:00+00:00,93.5625,91.27948721351468,-2.4912782450795437,93.77076545859423
2026-02-18 01:00:00+00:00,93.2925,90.16660644400552,-2.4912782450795437,92.65788468908507
2026-02-18 02:00:00+00:00,92.675,94.83914272148012,-2.4912782450795437,97.33042096655966
2026-02-18 03:00:00+00:00,93.4175,98.59662136775694,-2.4912782450795437,101.08789961283648
2026-02-18 04:00:00+00:00,101.1975,105.32197923597111,-2.4912782450795437,107.81325748105066
2026-02-18 05:00:00+00:00,122.5125,132.05841557137694,-2.4912782450795437,134.54969381645648
2026-02-18 06:00:00+00:00,175.6875,181.812682635233,-2.4912782450795437,184.30396088031253
2026-02-18 07:00:00+00:00,186.0925,197.55450196236728,-2.4912782450795437,200.04578020744682
2026-02-18 08:00:00+00:00,135.64249999999998,187.6286966176726,-2.4912782450795437,190.11997486275214
2026-02-18 09:00:00+00:00,115.88,144.84233559682357,-2.4912782450795437,147.33361384190312
2026-02-18 10:00:00+00:00,106.2225,121.8354063364484,-2.4912782450795437,124.32668458152794
2026-02-18 11:00:00+00:00,101.3325,117.47289339298382,-2.4912782450795437,119.96417163806336
2026-02-18 12:00:00+00:00,100.5025,112.70382474203714,-2.4912782450795437,115.19510298711668
2026-02-18 13:00:00+00:00,103.6425,114.83342133635897,-2.4912782450795437,117.32469958143851
2026-02-18 14:00:00+00:00,114.09,122.15208900433844,-2.4912782450795437,124.64336724941798
2026-02-18 15:00:00+00:00,122.0825,137.89809639435404,-2.4912782450795437,140.38937463943358
2026-02-18 16:00:00+00:00,140.405,160.35310045238256,-2.4912782450795437,162.8443786974621
2026-02-18 17:00:00+00:00,142.5975,153.82942217669992,-2.4912782450795437,156.32070042177946
2026-02-18 18:00:00+00:00,119.8425,139.52076224356782,-2.4912782450795437,142.01204048864736
2026-02-18 19:00:00+00:00,102.67,114.91386779835292,-2.4912782450795437,117.40514604343247
2026-02-18 20:00:00+00:00,96.14,103.80125576205116,-2.4912782450795437,106.2925340071307
2026-02-18 21:00:00+00:00,95.0975,103.95991482965664,-2.4912782450795437,106.45119307473618
2026-02-18 22:00:00+00:00,89.465,97.58480059784593,-2.4912782450795437,100.07607884292547
2026-02-18 23:00:00+00:00,83.775,86.25150527802994,-2.2654231252467687,88.51692840327671
2026-02-19 00:00:00+00:00,81.85,82.16681066191174,-2.2654231252467687,84.43223378715851
2026-02-19 01:00:00+00:00,81.93,79.25882652060946,-2.2654231252467687,81.52424964585623
2026-02-19 02:00:00+00:00,81.45,79.44867201653311,-2.2654231252467687,81.71409514177988
2026-02-19 03:00:00+00:00,77.655,79.69559827097241,-2.2654231252467687,81.96102139621918
2026-02-19 04:00:00+00:00,84.15,77.73151030943562,-2.2654231252467687,79.99693343468239
2026-02-19 05:00:00+00:00,87.11250000000001,94.55270246369344,-2.2654231252467687,96.8181255889402
2026-02-19 06:00:00+00:00,89.2375,128.47704032236103,-2.2654231252467687,130.7424634476078
2026-02-19 07:00:00+00:00,96.945,136.60081472612626,-2.2654231252467687,138.86623785137303
2026-02-19 08:00:00+00:00,103.61,111.68715508117414,-2.2654231252467687,113.95257820642091
2026-02-19 09:00:00+00:00,100.995,95.82900493857224,-2.2654231252467687,98.09442806381901
2026-02-19 10:00:00+00:00,95.1075,95.06607047486844,-2.2654231252467687,97.33149360011521
2026-02-19 11:00:00+00:00,91.0,87.07709918890512,-2.2654231252467687,89.34252231415189
2026-02-19 12:00:00+00:00,90.1,81.95340979184567,-2.2654231252467687,84.21883291709244
2026-02-19 13:00:00+00:00,90.16,89.98271921931745,-2.2654231252467687,92.24814234456422
2026-02-19 14:00:00+00:00,92.5875,94.64449281441536,-2.2654231252467687,96.90991593966213
2026-02-19 15:00:00+00:00,96.3925,104.9865370162497,-2.2654231252467687,107.25196014149647
2026-02-19 16:00:00+00:00,105.6925,113.54824265454276,-2.2654231252467687,115.81366577978953
2026-02-19 17:00:00+00:00,113.5175,125.7308388898585,-2.2654231252467687,127.99626201510527
2026-02-19 18:00:00+00:00,111.385,113.0275063723385,-2.2654231252467687,115.29292949758526
2026-02-19 19:00:00+00:00,100.485,99.41255102058264,-2.2654231252467687,101.67797414582941
2026-02-19 20:00:00+00:00,98.115,93.40864586426356,-2.2654231252467687,95.67406898951033
2026-02-19 21:00:00+00:00,92.1,90.0976470628244,-2.2654231252467687,92.36307018807116
2026-02-19 22:00:00+00:00,85.185,86.84069505190301,-2.2654231252467687,89.10611817714978
2026-02-19 23:00:00+00:00,86.06,84.79125601364706,-2.067788187749031,86.85904420139609
2026-02-20 00:00:00+00:00,85.9275,87.32355979576175,-2.067788187749031,89.39134798351078
2026-02-20 01:00:00+00:00,85.4375,89.09082497079038,-2.067788187749031,91.15861315853941
2026-02-20 02:00:00+00:00,84.88,91.575095459205,-2.067788187749031,93.64288364695403
2026-02-20 03:00:00+00:00,84.4175,91.5186386707432,-2.067788187749031,93.58642685849223
2026-02-20 04:00:00+00:00,90.27,94.46047890940136,-2.067788187749031,96.52826709715039
2026-02-20 05:00:00+00:00,104.8325,99.6755032181697,-2.067788187749031,101.74329140591873
2026-02-20 06:00:00+00:00,113.7825,121.16905538865528,-2.067788187749031,123.23684357640431
2026-02-20 07:00:00+00:00,116.1425,109.80275292479224,-2.067788187749031,111.87054111254128
2026-02-20 08:00:00+00:00,109.1825,99.69084831482958,-2.067788187749031,101.75863650257861
2026-02-20 09:00:00+00:00,91.1,92.1374019674333,-2.067788187749031,94.20519015518234
2026-02-20 10:00:00+00:00,83.6825,81.1171374848947,-2.067788187749031,83.18492567264373
2026-02-20 11:00:00+00:00,81.0125,77.00259578018638,-2.067788187749031,79.07038396793541
2026-02-20 12:00:00+00:00,79.6,76.19347442186196,-2.067788187749031,78.261262609611
2026-02-20 13:00:00+00:00,79.95750000000001,83.0910695311185,-2.067788187749031,85.15885771886754
2026-02-20 14:00:00+00:00,83.465,87.22436259468033,-2.067788187749031,89.29215078242936
2026-02-20 15:00:00+00:00,91.8575,91.75648851828862,-2.067788187749031,93.82427670603765
2026-02-20 16:00:00+00:00,101.4375,96.48285853237604,-2.067788187749031,98.55064672012507
2026-02-20 17:00:00+00:00,93.7825,106.29254677469036,-2.067788187749031,108.3603349624394
2026-02-20 18:00:00+00:00,82.9875,99.33550113387628,-2.067788187749031,101.40328932162531
2026-02-20 19:00:00+00:00,78.715,86.65953066359852,-2.067788187749031,88.72731885134755
2026-02-20 20:00:00+00:00,67.9975,71.2836599489454,-2.067788187749031,73.35144813669443
2026-02-20 21:00:00+00:00,64.64,63.40671442882474,-2.067788187749031,65.47450261657377
2026-02-20 22:00:00+00:00,46.805,38.61607217498375,-2.067788187749031,40.68386036273278
2026-02-20 23:00:00+00:00,52.44,25.20486416815819,-2.115526108869125,27.320390277027315
2026-02-21 00:00:00+00:00,46.645,19.3985717645928,-2.115526108869125,21.514097873461925
2026-02-21 01:00:00+00:00,43.4575,17.479871291495243,-2.115526108869125,19.59539740036437
2026-02-21 02:00:00+00:00,41.6575,16.398646427581998,-2.115526108869125,18.514172536451124
2026-02-21 03:00:00+00:00,38.975,15.295591036332793,-2.115526108869125,17.411117145201917
2026-02-21 04:00:00+00:00,39.4775,15.98978043933548,-2.115526108869125,18.105306548204606
2026-02-21 05:00:00+00:00,35.86,16.01416050119445,-2.115526108869125,18.129686610063576
2026-02-21 06:00:00+00:00,46.989999999999995,32.38178856481792,-2.115526108869125,34.49731467368704
2026-02-21 07:00:00+00:00,56.05,35.229950095343256,-2.115526108869125,37.34547620421238
2026-02-21 08:00:00+00:00,58.035,33.64439588738507,-2.115526108869125,35.7599219962542
2026-02-21 09:00:00+00:00,59.525,32.97616907068324,-2.115526108869125,35.09169517955237
2026-02-21 10:00:00+00:00,55.385000000000005,34.35129541602315,-2.115526108869125,36.466821524892275
2026-02-21 11:00:00+00:00,50.5275,34.944098636672656,-2.115526108869125,37.05962474554178
2026-02-21 12:00:00+00:00,45.1625,28.78963513405493,-2.115526108869125,30.905161242924056
2026-02-21 13:00:00+00:00,56.005,26.902348225796207,-2.115526108869125,29.017874334665333
2026-02-21 14:00:00+00:00,68.88499999999999,35.91359978525878,-2.115526108869125,38.02912589412791
2026-02-21 15:00:00+00:00,81.94,61.63111273230875,-2.115526108869125,63.74663884117788
2026-02-21 16:00:00+00:00,98.635,86.62925303828592,-2.115526108869125,88.74477914715504
2026-02-21 17:00:00+00:00,108.3125,93.74446778685152,-2.115526108869125,95.85999389572063
2026-02-21 18:00:00+00:00,101.1725,94.74586134370745,-2.115526108869125,96.86138745257657
2026-02-21 19:00:00+00:00,89.0975,94.43877052519052,-2.115526108869125,96.55429663405964
2026-02-21 20:00:00+00:00,82.8125,84.45433990566248,-2.115526108869125,86.5698660145316
2026-02-21 21:00:00+00:00,76.5925,85.37308894018763,-2.115526108869125,87.48861504905675
2026-02-21 22:00:00+00:00,66.71000000000001,70.1953388289267,-2.115526108869125,72.31086493779581
2026-02-21 23:00:00+00:00,56.675,61.490074344745224,-2.3739185581754394,63.863992902920664
2026-02-22 00:00:00+00:00,52.51,58.10834255741997,-2.3739185581754394,60.482261115595406
2026-02-22 01:00:00+00:00,44.0575,56.60125291888694,-2.3739185581754394,58.97517147706238
2026-02-22 02:00:00+00:00,40.9575,52.0340760009623,-2.3739185581754394,54.40799455913774
2026-02-22 03:00:00+00:00,39.0175,45.175197806786215,-2.3739185581754394,47.549116364961655
2026-02-22 04:00:00+00:00,38.287499999999994,41.66491049766675,-2.3739185581754394,44.03882905584219
2026-02-22 05:00:00+00:00,34.875,34.231981572399256,-2.3739185581754394,36.605900130574696
2026-02-22 06:00:00+00:00,41.5025,38.27618207751052,-2.3739185581754394,40.65010063568596
2026-02-22 07:00:00+00:00,47.355,36.348979610419136,-2.3739185581754394,38.722898168594575
2026-02-22 08:00:00+00:00,55.462500000000006,30.68459643391375,-2.3739185581754394,33.05851499208919
2026-02-22 09:00:00+00:00,55.1025,28.411664363983373,-2.3739185581754394,30.785582922158813
2026-02-22 10:00:00+00:00,53.962500000000006,27.91842671952032,-2.3739185581754394,30.29234527769576
2026-02-22 11:00:00+00:00,50.585,14.667079130918538,-2.3739185581754394,17.040997689093977
2026-02-22 12:00:00+00:00,45.08,7.014462424809627,-2.3739185581754394,9.388380982985066
2026-02-22 13:00:00+00:00,43.307500000000005,3.0220671738623524,-2.3739185581754394,5.395985732037792
2026-02-22 14:00:00+00:00,47.942499999999995,16.25417728752398,-2.3739185581754394,18.62809584569942
2026-02-22 15:00:00+00:00,56.9275,18.105435524555578,-2.3739185581754394,20.479354082731017
2026-02-22 16:00:00+00:00,75.95,21.245637509758648,-2.3739185581754394,23.619556067934088
2026-02-22 17:00:00+00:00,79.4425,35.46257861733705,-2.3739185581754394,37.83649717551249
2026-02-22 18:00:00+00:00,75.12,28.826827911636148,-2.3739185581754394,31.200746469811588
2026-02-22 19:00:00+00:00,68.5175,18.29315665653927,-2.3739185581754394,20.66707521471471
2026-02-22 20:00:00+00:00,67.69,9.552086893524756,-2.3739185581754394,11.926005451700195
2026-02-22 21:00:00+00:00,70.41,15.529000985453363,-2.3739185581754394,17.9029195436288
2026-02-22 22:00:00+00:00,51.9475,12.752425841026383,-2.3739185581754394,15.126344399201823
2026-02-22 23:00:00+00:00,45.35,28.65169574812486,-2.7603504231030467,31.412046171227907
2026-02-23 00:00:00+00:00,45.5125,29.989416537299576,-2.7603504231030467,32.749766960402624
2026-02-23 01:00:00+00:00,43.975,32.063805687927534,-2.7603504231030467,34.82415611103058
2026-02-23 02:00:00+00:00,44.915,36.20708697379611,-2.7603504231030467,38.96743739689916
2026-02-23 03:00:00+00:00,45.145,41.238573223560174,-2.7603504231030467,43.99892364666322
2026-02-23 04:00:00+00:00,56.07,52.42025245148304,-2.7603504231030467,55.180602874586086
2026-02-23 05:00:00+00:00,77.7625,68.7647524963116,-2.7603504231030467,71.52510291941465
2026-02-23 06:00:00+00:00,95.9575,78.07554156823282,-2.7603504231030467,80.83589199133587
2026-02-23 07:00:00+00:00,99.0425,69.9646306608899,-2.7603504231030467,72.72498108399294
2026-02-23 08:00:00+00:00,87.4675,50.65293537271001,-2.7603504231030467,53.41328579581306
2026-02-23 09:00:00+00:00,67.015,29.30587272691994,-2.7603504231030467,32.066223150022985
2026-02-23 10:00:00+00:00,48.85,24.776749053237708,-2.7603504231030467,27.537099476340757
2026-02-23 11:00:00+00:00,7.88,19.768496902595466,-2.7603504231030467,22.528847325698514
2026-02-23 12:00:00+00:00,2.9025,22.601847893039476,-2.7603504231030467,25.362198316142525
2026-02-23 13:00:00+00:00,34.8925,20.3768652252543,-2.7603504231030467,23.137215648357348
2026-02-23 14:00:00+00:00,58.5075,29.359174278203557,-2.7603504231030467,32.1195247013066
2026-02-23 15:00:00+00:00,79.5075,50.489901092550944,-2.7603504231030467,53.25025151565399
2026-02-23 16:00:00+00:00,96.09,67.25563584083494,-2.7603504231030467,70.01598626393799
2026-02-23 17:00:00+00:00,107.27,85.00883386994066,-2.7603504231030467,87.76918429304371
2026-02-23 18:00:00+00:00,110.8975,90.12704333430982,-2.7603504231030467,92.88739375741287
2026-02-23 19:00:00+00:00,98.025,73.31597349697736,-2.7603504231030467,76.07632392008041
2026-02-23 20:00:00+00:00,97.235,70.75265880915298,-2.7603504231030467,73.51300923225602
2026-02-23 21:00:00+00:00,95.855,73.54993318853194,-2.7603504231030467,76.31028361163499
2026-02-23 22:00:00+00:00,87.2875,67.98479776870032,-2.7603504231030467,70.74514819180337
2026-02-23 23:00:00+00:00,82.3575,76.21815411277028,-2.810957297886645,79.02911141065692
2026-02-24 00:00:00+00:00,83.9625,80.64313786851437,-2.810957297886645,83.45409516640102
2026-02-24 01:00:00+00:00,85.975,81.47900642554103,-2.810957297886645,84.28996372342768
2026-02-24 02:00:00+00:00,86.45,84.43368733448342,-2.810957297886645,87.24464463237007
2026-02-24 03:00:00+00:00,88.205,86.00517721837015,-2.810957297886645,88.8161345162568
2026-02-24 04:00:00+00:00,94.17,91.66006032649204,-2.810957297886645,94.47101762437869
2026-02-24 05:00:00+00:00,111.1225,123.42041029249737,-2.810957297886645,126.23136759038401
2026-02-24 06:00:00+00:00,133.0975,165.581482451382,-2.810957297886645,168.39243974926862
2026-02-24 07:00:00+00:00,147.475,173.66508702134206,-2.810957297886645,176.4760443192287
2026-02-24 08:00:00+00:00,140.72,156.7308102030769,-2.810957297886645,159.54176750096354
2026-02-24 09:00:00+00:00,128.7675,131.73345562037574,-2.810957297886645,134.54441291826237
2026-02-24 10:00:00+00:00,111.395,129.68136089969016,-2.810957297886645,132.4923181975768
2026-02-24 11:00:00+00:00,100.19,117.80431116419956,-2.810957297886645,120.6152684620862
2026-02-24 12:00:00+00:00,99.3,111.41061638504785,-2.810957297886645,114.22157368293449
2026-02-24 13:00:00+00:00,95.005,113.13627004105244,-2.810957297886645,115.94722733893909
2026-02-24 14:00:00+00:00,107.0725,124.53028279202688,-2.810957297886645,127.34124008991353
2026-02-24 15:00:00+00:00,125.8075,154.9507721142278,-2.810957297886645,157.76172941211442
2026-02-24 16:00:00+00:00,182.22,176.34558659070407,-2.810957297886645,179.1565438885907
2026-02-24 17:00:00+00:00,184.0475,197.3878095511833,-2.810957297886645,200.19876684906993
2026-02-24 18:00:00+00:00,144.4175,175.46362724801287,-2.810957297886645,178.2745845458995
2026-02-24 19:00:00+00:00,118.9575,146.64216237727953,-2.810957297886645,149.45311967516616
2026-02-24 20:00:00+00:00,108.725,135.00608126652196,-2.810957297886645,137.8170385644086
2026-02-24 21:00:00+00:00,101.705,127.69230851610058,-2.810957297886645,130.5032658139872
2026-02-24 22:00:00+00:00,93.9025,111.11331954908393,-2.810957297886645,113.92427684697057
2026-02-24 23:00:00+00:00,92.1425,110.19232301307824,-2.3428689335989916,112.53519194667723
2026-02-25 00:00:00+00:00,87.4025,108.87460107483489,-2.3428689335989916,111.21747000843388
2026-02-25 01:00:00+00:00,84.83250000000001,107.09489226693684,-2.3428689335989916,109.43776120053583
2026-02-25 02:00:00+00:00,88.095,104.8993680191788,-2.3428689335989916,107.24223695277779
2026-02-25 03:00:00+00:00,88.61,100.46378673539448,-2.3428689335989916,102.80665566899347
2026-02-25 04:00:00+00:00,93.1725,102.79650504430312,-2.3428689335989916,105.13937397790211
2026-02-25 05:00:00+00:00,113.8175,111.21618794184522,-2.3428689335989916,113.55905687544421
2026-02-25 06:00:00+00:00,130.7325,127.28776665719874,-2.3428689335989916,129.63063559079774
2026-02-25 07:00:00+00:00,119.8525,140.73010385683634,-2.3428689335989916,143.07297279043533
2026-02-25 08:00:00+00:00,107.175,116.06900175738622,-2.3428689335989916,118.41187069098521
2026-02-25 09:00:00+00:00,90.83,103.65615192284189,-2.3428689335989916,105.99902085644088
2026-02-25 10:00:00+00:00,79.8475,91.36079551928404,-2.3428689335989916,93.70366445288303
2026-02-25 11:00:00+00:00,65.80250000000001,77.4283207667085,-2.3428689335989916,79.77118970030749
2026-02-25 12:00:00+00:00,60.1975,61.86982488528872,-2.3428689335989916,64.21269381888771
2026-02-25 13:00:00+00:00,67.8475,68.07894602421726,-2.3428689335989916,70.42181495781625
2026-02-25 14:00:00+00:00,80.9825,87.66958461473484,-2.3428689335989916,90.01245354833384
2026-02-25 15:00:00+00:00,101.37,107.40023692691808,-2.3428689335989916,109.74310586051708
2026-02-25 16:00:00+00:00,118.6425,140.278363071949,-2.3428689335989916,142.621232005548
2026-02-25 17:00:00+00:00,121.77,141.3643617385352,-2.3428689335989916,143.7072306721342
2026-02-25 18:00:00+00:00,107.1525,125.25307651908903,-2.3428689335989916,127.59594545268803
2026-02-25 19:00:00+00:00,94.255,98.84857515807651,-2.3428689335989916,101.1914440916755
2026-02-25 20:00:00+00:00,87.28,95.64812069263157,-2.3428689335989916,97.99098962623056
2026-02-25 21:00:00+00:00,86.8275,92.15318553560606,-2.3428689335989916,94.49605446920505
2026-02-25 22:00:00+00:00,79.12,86.50132762267603,-2.3428689335989916,88.84419655627502
2026-02-25 23:00:00+00:00,76.4225,80.04803635086417,-2.0607986402942986,82.10883499115846
2026-02-26 00:00:00+00:00,72.39,76.69157248352222,-2.0607986402942986,78.75237112381652
2026-02-26 01:00:00+00:00,68.74249999999999,74.42368659169021,-2.0607986402942986,76.48448523198451
2026-02-26 02:00:00+00:00,67.9325,74.80207720218276,-2.0607986402942986,76.86287584247705
2026-02-26 03:00:00+00:00,67.3775,75.42572001607613,-2.0607986402942986,77.48651865637042
2026-02-26 04:00:00+00:00,75.855,80.93218035017323,-2.0607986402942986,82.99297899046752
2026-02-26 05:00:00+00:00,100.8175,88.5938633976916,-2.0607986402942986,90.6546620379859
2026-02-26 06:00:00+00:00,110.1,103.77238934770996,-2.0607986402942986,105.83318798800425
2026-02-26 07:00:00+00:00,97.4475,102.92755820496298,-2.0607986402942986,104.98835684525727
2026-02-26 08:00:00+00:00,80.42500000000001,91.96161529234254,-2.0607986402942986,94.02241393263684
2026-02-26 09:00:00+00:00,67.85,69.66906083904755,-2.0607986402942986,71.72985947934184
2026-02-26 10:00:00+00:00,53.345,42.87103049485115,-2.0607986402942986,44.93182913514545
2026-02-26 11:00:00+00:00,20.0375,25.084336212034287,-2.0607986402942986,27.145134852328585
2026-02-26 12:00:00+00:00,14.0525,26.61300109591071,-2.0607986402942986,28.67379973620501
2026-02-26 13:00:00+00:00,44.6375,38.264477054680064,-2.0607986402942986,40.325275694974366
2026-02-26 14:00:00+00:00,71.3075,80.3630096186389,-2.0607986402942986,82.42380825893319
2026-02-26 15:00:00+00:00,94.7325,96.40933276527224,-2.0607986402942986,98.47013140556653
2026-02-26 16:00:00+00:00,111.1375,117.08771971186104,-2.0607986402942986,119.14851835215534
2026-02-26 17:00:00+00:00,113.095,118.06958928313878,-2.0607986402942986,120.13038792343308
2026-02-26 18:00:00+00:00,107.985,105.07132548057142,-2.0607986402942986,107.13212412086571
2026-02-26 19:00:00+00:00,93.4475,91.74603727557482,-2.0607986402942986,93.80683591586912
2026-02-26 20:00:00+00:00,84.0775,84.16275908360302,-2.0607986402942986,86.22355772389731
2026-02-26 21:00:00+00:00,80.45750000000001,82.36583642420457,-2.0607986402942986,84.42663506449887
2026-02-26 22:00:00+00:00,71.575,72.53711102670925,-2.0607986402942986,74.59790966700355
2026-02-26 23:00:00+00:00,55.1475,66.43694296575032,-2.0657302405784117,68.50267320632874
2026-02-27 00:00:00+00:00,56.0075,62.87620079330038,-2.0657302405784117,64.94193103387879
2026-02-27 01:00:00+00:00,57.3025,60.55678286534968,-2.0657302405784117,62.62251310592809
2026-02-27 02:00:00+00:00,60.0,59.70496112535787,-2.0657302405784117,61.77069136593628
2026-02-27 03:00:00+00:00,61.795,59.86358978752688,-2.0657302405784117,61.92932002810529
2026-02-27 04:00:00+00:00,65.9925,66.25820538003512,-2.0657302405784117,68.32393562061354
2026-02-27 05:00:00+00:00,76.565,88.11587525950827,-2.0657302405784117,90.18160550008669
2026-02-27 06:00:00+00:00,88.525,99.10666826180284,-2.0657302405784117,101.17239850238126
2026-02-27 07:00:00+00:00,79.33,84.77757854815341,-2.0657302405784117,86.84330878873183
2026-02-27 08:00:00+00:00,64.415,59.195961334071136,-2.0657302405784117,61.26169157464955
2026-02-27 09:00:00+00:00,31.5475,30.01308356706924,-2.0657302405784117,32.078813807647656
2026-02-27 10:00:00+00:00,0.97,14.890015839286749,-2.0657302405784117,16.95574607986516
2026-02-27 11:00:00+00:00,-0.0125,5.006364308402785,-2.0657302405784117,7.072094548981196
2026-02-27 12:00:00+00:00,-0.01,2.692120828671918,-2.0657302405784117,4.7578510692503295
2026-02-27 13:00:00+00:00,7.7375,14.50180803275129,-2.0657302405784117,16.567538273329703
2026-02-27 14:00:00+00:00,59.755,44.44459653864083,-2.0657302405784117,46.51032677921924
2026-02-27 15:00:00+00:00,92.0,88.96456541847398,-2.0657302405784117,91.0302956590524
2026-02-27 16:00:00+00:00,115.195,100.938154569858,-2.0657302405784117,103.00388481043642
2026-02-27 17:00:00+00:00,118.1,108.729390712997,-2.0657302405784117,110.79512095357542
2026-02-27 18:00:00+00:00,109.2525,105.79191278499042,-2.0657302405784117,107.85764302556883
2026-02-27 19:00:00+00:00,100.03,93.29322906902662,-2.0657302405784117,95.35895930960504
2026-02-27 20:00:00+00:00,90.9625,89.16396712257122,-2.0657302405784117,91.22969736314964
2026-02-27 21:00:00+00:00,87.51,90.32353883762096,-2.0657302405784117,92.38926907819938
2026-02-27 22:00:00+00:00,80.0025,87.97790685904688,-2.0657302405784117,90.0436370996253
2026-02-27 23:00:00+00:00,80.02,86.29860509852352,-1.8963063228665937,88.19491142139012
2026-02-28 00:00:00+00:00,76.305,85.22795927758122,-1.8963063228665937,87.12426560044781
2026-02-28 01:00:00+00:00,74.7275,85.21839849008767,-1.8963063228665937,87.11470481295426
2026-02-28 02:00:00+00:00,71.775,83.20691096443167,-1.8963063228665937,85.10321728729826
2026-02-28 03:00:00+00:00,71.8925,81.87844075622975,-1.8963063228665937,83.77474707909634
2026-02-28 04:00:00+00:00,72.25,75.83766395909225,-1.8963063228665937,77.73397028195885
2026-02-28 05:00:00+00:00,72.9225,73.64485063198231,-1.8963063228665937,75.5411569548489
2026-02-28 06:00:00+00:00,76.29,73.64201505857856,-1.8963063228665937,75.53832138144516
2026-02-28 07:00:00+00:00,57.115,54.2997269077275,-1.8963063228665937,56.1960332305941
2026-02-28 08:00:00+00:00,17.7975,34.64576667664882,-1.8963063228665937,36.54207299951541
2026-02-28 09:00:00+00:00,-0.01,23.145553967161575,-1.8963063228665937,25.04186029002817
2026-02-28 10:00:00+00:00,-0.0275,11.162499662051502,-1.8963063228665937,13.058805984918095
2026-02-28 11:00:00+00:00,-0.2525,11.343538916892088,-1.8963063228665937,13.239845239758681
2026-02-28 12:00:00+00:00,-0.2225,3.858440547909249,-1.8963063228665937,5.7547468707758425
2026-02-28 13:00:00+00:00,-0.0075,6.722877555349695,-1.8963063228665937,8.619183878216289
2026-02-28 14:00:00+00:00,14.8625,29.23431914686898,-1.8963063228665937,31.130625469735573
2026-02-28 15:00:00+00:00,65.6475,49.91110271536952,-1.8963063228665937,51.807409038236116
2026-02-28 16:00:00+00:00,89.935,66.61697974841452,-1.8963063228665937,68.51328607128112
2026-02-28 17:00:00+00:00,95.1925,76.7835194015047,-1.8963063228665937,78.6798257243713
2026-02-28 18:00:00+00:00,85.1675,71.39858536571742,-1.8963063228665937,73.29489168858402
2026-02-28 19:00:00+00:00,69.1175,61.204503006684305,-1.8963063228665937,63.1008093295509
2026-02-28 20:00:00+00:00,64.6675,56.95361113709406,-1.8963063228665937,58.84991745996065
2026-02-28 21:00:00+00:00,64.6625,55.8446036764717,-1.8963063228665937,57.74090999933829
2026-02-28 22:00:00+00:00,60.6725,40.076255555967485,-1.8963063228665937,41.97256187883408
2026-02-28 23:00:00+00:00,47.6475,12.57603921864922,-1.9948244573456355,14.570863675994854
2026-03-01 00:00:00+00:00,51.55,17.595828064054697,-1.9948244573456355,19.590652521400333
2026-03-01 01:00:00+00:00,54.2475,18.332342599334865,-1.9948244573456355,20.3271670566805
2026-03-01 02:00:00+00:00,57.072500000000005,33.29043594956438,-1.9948244573456355,35.28526040691002
2026-03-01 03:00:00+00:00,61.085,48.16713102453614,-1.9948244573456355,50.161955481881776
2026-03-01 04:00:00+00:00,65.18,68.27977333857076,-1.9948244573456355,70.27459779591639
2026-03-01 05:00:00+00:00,66.00750000000001,80.69562250317612,-1.9948244573456355,82.69044696052175
2026-03-01 06:00:00+00:00,64.9975,85.06164371395977,-1.9948244573456355,87.0564681713054
2026-03-01 07:00:00+00:00,52.535,72.17414985043953,-1.9948244573456355,74.16897430778516
2026-03-01 08:00:00+00:00,19.98,35.56380996384937,-1.9948244573456355,37.55863442119501
2026-03-01 09:00:00+00:00,0.0,15.102971818701604,-1.9948244573456355,17.09779627604724
2026-03-01 10:00:00+00:00,-0.025,4.595325636488754,-1.9948244573456355,6.5901500938343895
2026-03-01 11:00:00+00:00,-0.365,4.311233063861526,-1.9948244573456355,6.306057521207162
2026-03-01 12:00:00+00:00,-0.7875,-4.922911570456481,-1.9948244573456355,-2.9280871131108457
2026-03-01 13:00:00+00:00,-0.005,5.916132895880587,-1.9948244573456355,7.910957353226222
2026-03-01 14:00:00+00:00,25.9525,26.97834406402711,-1.9948244573456355,28.973168521372745
2026-03-01 15:00:00+00:00,74.84,82.75348487394187,-1.9948244573456355,84.7483093312875
2026-03-01 16:00:00+00:00,103.76,116.01831625758057,-1.9948244573456355,118.0131407149262
2026-03-01 17:00:00+00:00,110.2025,123.65045553324788,-1.9948244573456355,125.64527999059351
2026-03-01 18:00:00+00:00,101.685,119.20506536652655,-1.9948244573456355,121.19988982387218
2026-03-01 19:00:00+00:00,90.735,101.62095818195507,-1.9948244573456355,103.6157826393007
2026-03-01 20:00:00+00:00,81.315,86.92320860203641,-1.9948244573456355,88.91803305938204
2026-03-01 21:00:00+00:00,74.66499999999999,84.25071538611952,-1.9948244573456355,86.24553984346515
2026-03-01 22:00:00+00:00,68.1475,77.22986693672517,-1.9948244573456355,79.2246913940708
2026-03-01 23:00:00+00:00,65.13,70.59882145705083,-1.8569859901874657,72.4558074472383
2026-03-02 00:00:00+00:00,66.94500000000001,66.33710682052113,-1.8569859901874657,68.1940928107086
2026-03-02 01:00:00+00:00,69.0075,68.20501944351011,-1.8569859901874657,70.06200543369758
2026-03-02 02:00:00+00:00,69.5675,70.62430321196571,-1.8569859901874657,72.48128920215318
2026-03-02 03:00:00+00:00,74.03,77.12148359637328,-1.8569859901874657,78.97846958656075
2026-03-02 04:00:00+00:00,85.03,87.66772490544737,-1.8569859901874657,89.52471089563484
2026-03-02 05:00:00+00:00,100.1675,98.8406651059096,-1.8569859901874657,100.69765109609706
2026-03-02 06:00:00+00:00,138.6525,111.90605309111892,-1.8569859901874657,113.76303908130639
2026-03-02 07:00:00+00:00,124.8625,104.37016738574316,-1.8569859901874657,106.22715337593063
2026-03-02 08:00:00+00:00,89.4625,83.46267981944614,-1.8569859901874657,85.3196658096336
2026-03-02 09:00:00+00:00,69.9,52.372423647433855,-1.8569859901874657,54.22940963762132
2026-03-02 10:00:00+00:00,53.5625,35.242017588923865,-1.8569859901874657,37.09900357911133
2026-03-02 11:00:00+00:00,29.067500000000003,27.027321226043703,-1.8569859901874657,28.884307216231168
2026-03-02 12:00:00+00:00,40.2525,12.437003560390409,-1.8569859901874657,14.293989550577875
2026-03-02 13:00:00+00:00,64.03,28.528550212236745,-1.8569859901874657,30.38553620242421
2026-03-02 14:00:00+00:00,84.9875,73.12278952511176,-1.8569859901874657,74.97977551529922
2026-03-02 15:00:00+00:00,109.1525,104.60746454473724,-1.8569859901874657,106.46445053492471
2026-03-02 16:00:00+00:00,173.5,144.77688569897273,-1.8569859901874657,146.6338716891602
2026-03-02 17:00:00+00:00,187.995,170.85708267569902,-1.8569859901874657,172.7140686658865
2026-03-02 18:00:00+00:00,143.61,138.05732806853098,-1.8569859901874657,139.91431405871845
2026-03-02 19:00:00+00:00,107.685,112.22165324539723,-1.8569859901874657,114.0786392355847
2026-03-02 20:00:00+00:00,96.4675,102.48715840092687,-1.8569859901874657,104.34414439111434
2026-03-02 21:00:00+00:00,96.8,96.16809017430636,-1.8569859901874657,98.02507616449383
2026-03-02 22:00:00+00:00,88.89500000000001,90.895609304463,-1.8569859901874657,92.75259529465046
2026-03-02 23:00:00+00:00,89.0625,85.53892331228923,-2.085804626843715,87.62472793913294
2026-03-03 00:00:00+00:00,90.1225,82.23107339208542,-2.085804626843715,84.31687801892913
2026-03-03 01:00:00+00:00,89.425,82.882529917033,-2.085804626843715,84.96833454387671
2026-03-03 02:00:00+00:00,92.815,86.64436602027929,-2.085804626843715,88.730170647123
2026-03-03 03:00:00+00:00,95.7225,88.27684620717416,-2.085804626843715,90.36265083401787
2026-03-03 04:00:00+00:00,103.32,96.16009657841488,-2.085804626843715,98.24590120525859
2026-03-03 05:00:00+00:00,136.0475,107.07988502356594,-2.085804626843715,109.16568965040965
2026-03-03 06:00:00+00:00,156.3975,143.2141493776982,-2.085804626843715,145.29995400454192
2026-03-03 07:00:00+00:00,136.78,136.79503976935413,-2.085804626843715,138.88084439619786
2026-03-03 08:00:00+00:00,99.52,98.01795134413764,-2.085804626843715,100.10375597098135
2026-03-03 09:00:00+00:00,78.17,70.86620664626467,-2.085804626843715,72.95201127310838
2026-03-03 10:00:00+00:00,55.9225,47.764902405886325,-2.085804626843715,49.85070703273004
2026-03-03 11:00:00+00:00,32.365,38.89470421340855,-2.085804626843715,40.98050884025227
2026-03-03 12:00:00+00:00,35.6625,41.49097297610361,-2.085804626843715,43.57677760294733
2026-03-03 13:00:00+00:00,64.14500000000001,55.487538093392104,-2.085804626843715,57.57334272023582
2026-03-03 14:00:00+00:00,86.7675,82.25114956360252,-2.085804626843715,84.33695419044624
2026-03-03 15:00:00+00:00,114.18,106.06406437325272,-2.085804626843715,108.14986900009643
2026-03-03 16:00:00+00:00,158.615,149.13378507342344,-2.085804626843715,151.21958970026716
2026-03-03 17:00:00+00:00,204.2575,213.24414048879615,-2.085804626843715,215.32994511563987
2026-03-03 18:00:00+00:00,173.37,156.12424072741507,-2.085804626843715,158.2100453542588
2026-03-03 19:00:00+00:00,131.725,130.81588570151146,-2.085804626843715,132.9016903283552
2026-03-03 20:00:00+00:00,116.18,109.30046737150282,-2.085804626843715,111.38627199834653
2026-03-03 21:00:00+00:00,111.32,100.80796134719547,-2.085804626843715,102.89376597403918
2026-03-03 22:00:00+00:00,104.695,97.95323577257878,-2.085804626843715,100.03904039942249
2026-03-03 23:00:00+00:00,129.01,99.37680932130182,-1.7987787958880876,101.1755881171899
2026-03-04 00:00:00+00:00,127.8225,98.14386405586512,-1.7987787958880876,99.9426428517532
2026-03-04 01:00:00+00:00,125.3225,99.7977769771018,-1.7987787958880876,101.59655577298989
2026-03-04 02:00:00+00:00,124.735,97.87137691371797,-1.7987787958880876,99.67015570960605
2026-03-04 03:00:00+00:00,128.2025,100.4412442117842,-1.7987787958880876,102.24002300767228
2026-03-04 04:00:00+00:00,141.16,106.99753773294486,-1.7987787958880876,108.79631652883295
2026-03-04 05:00:00+00:00,200.2975,156.91501496830014,-1.7987787958880876,158.71379376418824
2026-03-04 06:00:00+00:00,267.485,186.0119705848575,-1.7987787958880876,187.8107493807456
2026-03-04 07:00:00+00:00,193.3475,134.8611985731266,-1.7987787958880876,136.65997736901468
2026-03-04 08:00:00+00:00,150.76,100.59200135019944,-1.7987787958880876,102.39078014608752
2026-03-04 09:00:00+00:00,110.4175,83.22307789494843,-1.7987787958880876,85.02185669083651
2026-03-04 10:00:00+00:00,78.2975,52.32603198020529,-1.7987787958880876,54.12481077609338
2026-03-04 11:00:00+00:00,42.495,36.231171059985506,-1.7987787958880876,38.029949855873596
2026-03-04 12:00:00+00:00,32.975,33.63490197701267,-1.7987787958880876,35.43368077290076
2026-03-04 13:00:00+00:00,65.405,45.543534980692854,-1.7987787958880876,47.342313776580944
2026-03-04 14:00:00+00:00,99.1125,83.25463342937383,-1.7987787958880876,85.05341222526191
2026-03-04 15:00:00+00:00,137.21,106.20904050277856,-1.7987787958880876,108.00781929866665
2026-03-04 16:00:00+00:00,244.265,156.46513384641744,-1.7987787958880876,158.26391264230554
2026-03-04 17:00:00+00:00,310.86,213.33443352843787,-1.7987787958880876,215.13321232432597
2026-03-04 18:00:00+00:00,239.6275,166.70820434989983,-1.7987787958880876,168.50698314578793
2026-03-04 19:00:00+00:00,169.86,126.03558445502892,-1.7987787958880876,127.83436325091701
2026-03-04 20:00:00+00:00,151.8775,109.728397506733,-1.7987787958880876,111.52717630262109
2026-03-04 21:00:00+00:00,142.24,104.73797955319291,-1.7987787958880876,106.536758349081
2026-03-04 22:00:00+00:00,124.8075,98.69214901479005,-1.7987787958880876,100.49092781067813
2026-03-04 23:00:00+00:00,116.485,125.12608680344248,-1.718383237229408,126.84447004067188
2026-03-05 00:00:00+00:00,109.9325,120.76386695011678,-1.718383237229408,122.48225018734618
2026-03-05 01:00:00+00:00,109.2625,119.61566822282978,-1.718383237229408,121.33405146005919
2026-03-05 02:00:00+00:00,108.785,116.1144789929163,-1.718383237229408,117.83286223014571
2026-03-05 03:00:00+00:00,111.0625,119.81748615203648,-1.718383237229408,121.53586938926588
2026-03-05 04:00:00+00:00,126.9325,125.24359968784444,-1.718383237229408,126.96198292507384
2026-03-05 05:00:00+00:00,154.3875,143.1659691018908,-1.718383237229408,144.8843523391202
2026-03-05 06:00:00+00:00,175.54500000000002,149.34581175158584,-1.718383237229408,151.06419498881525
2026-03-05 07:00:00+00:00,139.32999999999998,122.49354445709896,-1.718383237229408,124.21192769432837
2026-03-05 08:00:00+00:00,97.0925,89.17947984830144,-1.718383237229408,90.89786308553084
2026-03-05 09:00:00+00:00,64.145,61.70627247995627,-1.718383237229408,63.42465571718568
2026-03-05 10:00:00+00:00,22.955,16.01744381861342,-1.718383237229408,17.735827055842826
2026-03-05 11:00:00+00:00,2.1225,-19.14960082968519,-1.718383237229408,-17.431217592455784
2026-03-05 12:00:00+00:00,2.8249999999999997,-19.55857887099262,-1.718383237229408,-17.840195633763212
2026-03-05 13:00:00+00:00,38.835,10.302910101574886,-1.718383237229408,12.021293338804295
2026-03-05 14:00:00+00:00,90.0025,71.24738388298428,-1.718383237229408,72.96576712021368
2026-03-05 15:00:00+00:00,137.75,113.64611911383052,-1.718383237229408,115.36450235105993
2026-03-05 16:00:00+00:00,180.375,140.84266500265647,-1.718383237229408,142.56104823988588
2026-03-05 17:00:00+00:00,192.02,129.80054994881235,-1.718383237229408,131.51893318604175
2026-03-05 18:00:00+00:00,165.0,125.31550519843591,-1.718383237229408,127.03388843566532
2026-03-05 19:00:00+00:00,135.245,118.99727071281865,-1.718383237229408,120.71565395004805
2026-03-05 20:00:00+00:00,130.59,111.46595941121896,-1.718383237229408,113.18434264844836
2026-03-05 21:00:00+00:00,130.1425,110.7812700447512,-1.718383237229408,112.4996532819806
2026-03-05 22:00:00+00:00,119.7,99.90998469073988,-1.718383237229408,101.62836792796928
2026-03-05 23:00:00+00:00,104.125,99.08984247254644,-1.5522490179151955,100.64209149046164
2026-03-06 00:00:00+00:00,106.0,100.52154724661142,-1.5522490179151955,102.07379626452662
2026-03-06 01:00:00+00:00,108.5225,98.45507709397438,-1.5522490179151955,100.00732611188958
2026-03-06 02:00:00+00:00,109.525,100.51386575926723,-1.5522490179151955,102.06611477718243
2026-03-06 03:00:00+00:00,115.5,105.08323129474591,-1.5522490179151955,106.63548031266112
2026-03-06 04:00:00+00:00,129.6575,123.81744912858512,-1.5522490179151955,125.36969814650033
2026-03-06 05:00:00+00:00,157.285,151.41831284639733,-1.5522490179151955,152.97056186431251
2026-03-06 06:00:00+00:00,177.025,163.67737813434994,-1.5522490179151955,165.22962715226512
2026-03-06 07:00:00+00:00,138.2875,141.23427681350285,-1.5522490179151955,142.78652583141803
2026-03-06 08:00:00+00:00,111.9625,88.94330408115444,-1.5522490179151955,90.49555309906964
2026-03-06 09:00:00+00:00,96.5,59.24119226260092,-1.5522490179151955,60.79344128051611
2026-03-06 10:00:00+00:00,66.7125,41.22774495130423,-1.5522490179151955,42.779993969219426
2026-03-06 11:00:00+00:00,52.64,20.20759536183156,-1.5522490179151955,21.759844379746756
2026-03-06 12:00:00+00:00,48.6525,19.775049669140753,-1.5522490179151955,21.327298687055947
2026-03-06 13:00:00+00:00,73.9375,55.07551052096175,-1.5522490179151955,56.627759538876944
2026-03-06 14:00:00+00:00,107.0675,99.42746421877004,-1.5522490179151955,100.97971323668524
2026-03-06 15:00:00+00:00,130.39749999999998,147.73044491294814,-1.5522490179151955,149.28269393086333
2026-03-06 16:00:00+00:00,177.4375,186.00774734045345,-1.5522490179151955,187.55999635836864
2026-03-06 17:00:00+00:00,229.5525,179.9933967513975,-1.5522490179151955,181.5456457693127
2026-03-06 18:00:00+00:00,189.765,162.42337355060187,-1.5522490179151955,163.97562256851705
2026-03-06 19:00:00+00:00,153.11,145.06725114376363,-1.5522490179151955,146.61950016167881
2026-03-06 20:00:00+00:00,134.1925,136.24018424443236,-1.5522490179151955,137.79243326234754
2026-03-06 21:00:00+00:00,127.245,142.6453515735077,-1.5522490179151955,144.19760059142288
2026-03-06 22:00:00+00:00,126.075,123.46342553553114,-1.5522490179151955,125.01567455344635
2026-03-06 23:00:00+00:00,135.1625,112.03426273274012,-1.6485856972486488,113.68284842998877
2026-03-07 00:00:00+00:00,130.6775,111.8522094219928,-1.6485856972486488,113.50079511924145
2026-03-07 01:00:00+00:00,125.6725,113.68382130235636,-1.6485856972486488,115.33240699960501
2026-03-07 02:00:00+00:00,124.39,111.4473769752436,-1.6485856972486488,113.09596267249225
2026-03-07 03:00:00+00:00,124.7475,116.35068629400168,-1.6485856972486488,117.99927199125032
2026-03-07 04:00:00+00:00,129.575,120.53924295470372,-1.6485856972486488,122.18782865195237
2026-03-07 05:00:00+00:00,135.62,168.56238052356403,-1.6485856972486488,170.21096622081268
2026-03-07 06:00:00+00:00,129.5575,125.198227056008,-1.6485856972486488,126.84681275325664
2026-03-07 07:00:00+00:00,112.9025,110.82153513864291,-1.6485856972486488,112.47012083589156
2026-03-07 08:00:00+00:00,102.7875,86.99894012805845,-1.6485856972486488,88.6475258253071
2026-03-07 09:00:00+00:00,74.445,30.682363054633974,-1.6485856972486488,32.33094875188262
2026-03-07 10:00:00+00:00,30.5425,-6.671006440665954,-1.6485856972486488,-5.022420743417305
2026-03-07 11:00:00+00:00,13.03,-8.05954284296541,-1.6485856972486488,-6.410957145716761
2026-03-07 12:00:00+00:00,1.4175,-6.074815301257951,-1.6485856972486488,-4.426229604009302
2026-03-07 13:00:00+00:00,18.1775,22.517962865871375,-1.6485856972486488,24.166548563120024
2026-03-07 14:00:00+00:00,83.285,89.72577383377153,-1.6485856972486488,91.37435953102018
2026-03-07 15:00:00+00:00,126.315,114.75125535969492,-1.6485856972486488,116.39984105694357
2026-03-07 16:00:00+00:00,147.37,149.53933217552978,-1.6485856972486488,151.18791787277843
2026-03-07 17:00:00+00:00,180.8725,204.9358968491661,-1.6485856972486488,206.58448254641476
2026-03-07 18:00:00+00:00,166.725,160.99538494628527,-1.6485856972486488,162.64397064353392
2026-03-07 19:00:00+00:00,148.1975,138.1583717075491,-1.6485856972486488,139.80695740479774
2026-03-07 20:00:00+00:00,137.61,130.1553838868309,-1.6485856972486488,131.80396958407954
2026-03-07 21:00:00+00:00,134.1975,128.73481491290258,-1.6485856972486488,130.38340061015123
2026-03-07 22:00:00+00:00,130.645,127.82959282968665,-1.6485856972486488,129.4781785269353
2026-03-07 23:00:00+00:00,135.9925,132.2765048598429,-2.263665773097997,134.54017063294089
2026-03-08 00:00:00+00:00,132.7325,126.8300427168158,-2.263665773097997,129.09370848991378
2026-03-08 01:00:00+00:00,131.1925,123.3495980358721,-2.263665773097997,125.6132638089701
2026-03-08 02:00:00+00:00,130.0925,119.71772656996792,-2.263665773097997,121.98139234306592
2026-03-08 03:00:00+00:00,129.335,118.1605753553746,-2.263665773097997,120.4242411284726
2026-03-08 04:00:00+00:00,129.635,117.11953483775116,-2.263665773097997,119.38320061084916
2026-03-08 05:00:00+00:00,131.0975,116.93528038577654,-2.263665773097997,119.19894615887453
2026-03-08 06:00:00+00:00,116.985,120.13093123505251,-2.263665773097997,122.39459700815051
2026-03-08 07:00:00+00:00,108.5625,103.22992006206026,-2.263665773097997,105.49358583515826
2026-03-08 08:00:00+00:00,90.7175,88.8865709139522,-2.263665773097997,91.1502366870502
2026-03-08 09:00:00+00:00,62.94,38.3564727893627,-2.263665773097997,40.620138562460696
2026-03-08 10:00:00+00:00,18.0275,-3.097292320962876,-2.263665773097997,-0.833626547864879
2026-03-08 11:00:00+00:00,8.3325,-6.243826117932395,-2.263665773097997,-3.9801603448343976
2026-03-08 12:00:00+00:00,-0.005,-17.833606738891895,-2.263665773097997,-15.569940965793897
2026-03-08 13:00:00+00:00,6.48,-0.7383667227242332,-2.263665773097997,1.525299050373764
2026-03-08 14:00:00+00:00,64.25999999999999,57.97215647183798,-2.263665773097997,60.235822244935974
2026-03-08 15:00:00+00:00,117.2025,112.5126301693149,-2.263665773097997,114.7762959424129
2026-03-08 16:00:00+00:00,146.3125,124.66032299304533,-2.263665773097997,126.92398876614332
2026-03-08 17:00:00+00:00,160.26,146.65175726905008,-2.263665773097997,148.91542304214806
2026-03-08 18:00:00+00:00,154.0525,143.13843681842067,-2.263665773097997,145.40210259151866
2026-03-08 19:00:00+00:00,138.7925,121.29628319119944,-2.263665773097997,123.55994896429743
2026-03-08 20:00:00+00:00,127.435,108.9434978231466,-2.263665773097997,111.2071635962446
2026-03-08 21:00:00+00:00,121.115,109.90082659714376,-2.263665773097997,112.16449237024176
2026-03-08 22:00:00+00:00,113.5725,103.2175431489437,-2.263665773097997,105.4812089220417
2026-03-08 23:00:00+00:00,114.0875,119.66356520798264,-2.38457536800046,122.0481405759831
2026-03-09 00:00:00+00:00,109.2725,112.27820508733576,-2.38457536800046,114.66278045533622
2026-03-09 01:00:00+00:00,109.12,114.42781865684968,-2.38457536800046,116.81239402485014
2026-03-09 02:00:00+00:00,110.48,119.00108281718494,-2.38457536800046,121.38565818518539
2026-03-09 03:00:00+00:00,116.39,119.23933822323951,-2.38457536800046,121.62391359123997
2026-03-09 04:00:00+00:00,136.9975,124.58269997291596,-2.38457536800046,126.96727534091642
2026-03-09 05:00:00+00:00,163.925,149.51875125051757,-2.38457536800046,151.90332661851804
2026-03-09 06:00:00+00:00,191.58,151.59626483323504,-2.38457536800046,153.9808402012355
2026-03-09 07:00:00+00:00,162.605,132.52848496710783,-2.38457536800046,134.9130603351083
2026-03-09 08:00:00+00:00,127.0725,98.38549560484046,-2.38457536800046,100.77007097284091
2026-03-09 09:00:00+00:00,101.1175,72.54683055219432,-2.38457536800046,74.93140592019478
2026-03-09 10:00:00+00:00,81.0475,43.42703646086541,-2.38457536800046,45.81161182886587
2026-03-09 11:00:00+00:00,67.69,32.95336700499287,-2.38457536800046,35.33794237299333
2026-03-09 12:00:00+00:00,67.2925,30.587545113517415,-2.38457536800046,32.97212048151788
2026-03-09 13:00:00+00:00,81.375,55.57430265448282,-2.38457536800046,57.95887802248328
2026-03-09 14:00:00+00:00,112.9925,82.85333571051294,-2.38457536800046,85.23791107851339
2026-03-09 15:00:00+00:00,143.4375,136.63369240712643,-2.38457536800046,139.0182677751269
2026-03-09 16:00:00+00:00,187.025,267.29556501044,-2.38457536800046,269.68014037844046
2026-03-09 17:00:00+00:00,243.9725,326.2157361877945,-2.38457536800046,328.600311555795
2026-03-09 18:00:00+00:00,222.405,294.77715765314144,-2.38457536800046,297.1617330211419
2026-03-09 19:00:00+00:00,180.89,233.4652865152352,-2.38457536800046,235.84986188323566
2026-03-09 20:00:00+00:00,152.1575,176.38309891199904,-2.38457536800046,178.7676742799995
2026-03-09 21:00:00+00:00,143.27,163.81743935144038,-2.38457536800046,166.20201471944085
2026-03-09 22:00:00+00:00,132.695,146.66230511926213,-2.38457536800046,149.0468804872626
2026-03-09 23:00:00+00:00,138.58,144.59903544209254,-1.9382443357686787,146.53727977786122
2026-03-10 00:00:00+00:00,130.44,135.5354435983632,-1.9382443357686787,137.47368793413187
2026-03-10 01:00:00+00:00,127.6125,124.8080093675172,-1.9382443357686787,126.74625370328587
2026-03-10 02:00:00+00:00,126.9,124.488812510892,-1.9382443357686787,126.42705684666068
2026-03-10 03:00:00+00:00,128.48250000000002,127.74041444558073,-1.9382443357686787,129.6786587813494
2026-03-10 04:00:00+00:00,140.70999999999998,167.3145710706087,-1.9382443357686787,169.25281540637738
2026-03-10 05:00:00+00:00,168.1025,198.4545854797924,-1.9382443357686787,200.39282981556107
2026-03-10 06:00:00+00:00,180.17,239.925459455137,-1.9382443357686787,241.86370379090567
2026-03-10 07:00:00+00:00,173.32,159.8537973318745,-1.9382443357686787,161.79204166764316
2026-03-10 08:00:00+00:00,140.53750000000002,123.6177891730284,-1.9382443357686787,125.55603350879707
2026-03-10 09:00:00+00:00,118.25,94.20262489305556,-1.9382443357686787,96.14086922882423
2026-03-10 10:00:00+00:00,103.7925,68.7101599183034,-1.9382443357686787,70.64840425407208
2026-03-10 11:00:00+00:00,91.44,53.73574090996353,-1.9382443357686787,55.67398524573221
2026-03-10 12:00:00+00:00,97.0375,49.16471171910959,-1.9382443357686787,51.10295605487827
2026-03-10 13:00:00+00:00,107.165,75.14501619184763,-1.9382443357686787,77.0832605276163
2026-03-10 14:00:00+00:00,121.4925,96.7389608989215,-1.9382443357686787,98.67720523469018
2026-03-10 15:00:00+00:00,144.3925,124.08410835283532,-1.9382443357686787,126.02235268860399
2026-03-10 16:00:00+00:00,179.0025,177.99598285555086,-1.9382443357686787,179.93422719131954
2026-03-10 17:00:00+00:00,218.2275,226.70397545925456,-1.9382443357686787,228.64221979502324
2026-03-10 18:00:00+00:00,201.13,181.64716611071813,-1.9382443357686787,183.5854104464868
2026-03-10 19:00:00+00:00,159.5475,151.0185923869264,-1.9382443357686787,152.95683672269507
2026-03-10 20:00:00+00:00,139.9675,125.37938476729026,-1.9382443357686787,127.31762910305893
2026-03-10 21:00:00+00:00,123.255,117.52802644048336,-1.9382443357686787,119.46627077625203
2026-03-10 22:00:00+00:00,98.5825,107.72651479522148,-1.9382443357686787,109.66475913099015
2026-03-10 23:00:00+00:00,83.9575,109.04036786285612,-1.5614069100147119,110.60177477287083
2026-03-11 00:00:00+00:00,70.805,98.66590977558016,-1.5614069100147119,100.22731668559487
2026-03-11 01:00:00+00:00,65.425,95.58676508352386,-1.5614069100147119,97.14817199353857
2026-03-11 02:00:00+00:00,63.5725,94.14766460942532,-1.5614069100147119,95.70907151944003
2026-03-11 03:00:00+00:00,56.0725,88.86348832635109,-1.5614069100147119,90.4248952363658
2026-03-11 04:00:00+00:00,64.535,87.4275902497845,-1.5614069100147119,88.98899715979921
2026-03-11 05:00:00+00:00,70.8675,93.42867481644024,-1.5614069100147119,94.99008172645495
2026-03-11 06:00:00+00:00,80.87,96.1600608527212,-1.5614069100147119,97.72146776273591
2026-03-11 07:00:00+00:00,75.5025,88.3228427286165,-1.5614069100147119,89.8842496386312
2026-03-11 08:00:00+00:00,57.945,72.13131352706338,-1.5614069100147119,73.6927204370781
2026-03-11 09:00:00+00:00,26.2275,49.1842243304163,-1.5614069100147119,50.74563124043101
2026-03-11 10:00:00+00:00,12.1975,32.354839241477016,-1.5614069100147119,33.91624615149173
2026-03-11 11:00:00+00:00,9.9125,19.072235778853436,-1.5614069100147119,20.633642688868147
2026-03-11 12:00:00+00:00,16.1375,20.646629003069744,-1.5614069100147119,22.208035913084455
2026-03-11 13:00:00+00:00,47.2725,34.34763249363771,-1.5614069100147119,35.90903940365242
2026-03-11 14:00:00+00:00,79.33,59.94988586160965,-1.5614069100147119,61.51129277162436
2026-03-11 15:00:00+00:00,104.105,89.22032616914434,-1.5614069100147119,90.78173307915905
2026-03-11 16:00:00+00:00,128.7775,112.04594020528124,-1.5614069100147119,113.60734711529595
2026-03-11 17:00:00+00:00,153.13750000000002,126.32167695071688,-1.5614069100147119,127.88308386073159
2026-03-11 18:00:00+00:00,156.72,137.2077463348665,-1.5614069100147119,138.7691532448812
2026-03-11 19:00:00+00:00,132.19,127.36799123863952,-1.5614069100147119,128.92939814865423
2026-03-11 20:00:00+00:00,123.0275,118.21622010507626,-1.5614069100147119,119.77762701509097
2026-03-11 21:00:00+00:00,119.3025,111.62992837029137,-1.5614069100147119,113.19133528030608
2026-03-11 22:00:00+00:00,104.0025,103.00418932177692,-1.5614069100147119,104.56559623179163
2026-03-11 23:00:00+00:00,100.185,90.29956127690176,-1.3462435660563292,91.64580484295809
2026-03-12 00:00:00+00:00,92.0425,91.50541483509282,-1.3462435660563292,92.85165840114915
2026-03-12 01:00:00+00:00,88.8125,86.41803524557677,-1.3462435660563292,87.7642788116331
2026-03-12 02:00:00+00:00,88.61,88.04214381599047,-1.3462435660563292,89.3883873820468
2026-03-12 03:00:00+00:00,89.6625,87.41465462298297,-1.3462435660563292,88.7608981890393
2026-03-12 04:00:00+00:00,99.8225,93.88705064255008,-1.3462435660563292,95.23329420860641
2026-03-12 05:00:00+00:00,130.6675,122.61917866752216,-1.3462435660563292,123.9654222335785
2026-03-12 06:00:00+00:00,137.14,118.11659505289948,-1.3462435660563292,119.46283861895581
2026-03-12 07:00:00+00:00,104.805,104.84555952114144,-1.3462435660563292,106.19180308719777
2026-03-12 08:00:00+00:00,79.9975,76.59548969413471,-1.3462435660563292,77.94173326019104
2026-03-12 09:00:00+00:00,28.475,33.30673543456664,-1.3462435660563292,34.65297900062297
2026-03-12 10:00:00+00:00,0.3425,20.05286937593805,-1.3462435660563292,21.39911294199438
2026-03-12 11:00:00+00:00,-1.0925,11.460396151353034,-1.3462435660563292,12.806639717409364
2026-03-12 12:00:00+00:00,-2.4925,-4.9049359657886304,-1.3462435660563292,-3.5586923997323012
2026-03-12 13:00:00+00:00,-0.9025,4.154629859180774,-1.3462435660563292,5.500873425237104
2026-03-12 14:00:00+00:00,3.5999999999999996,32.23501868087231,-1.3462435660563292,33.58126224692864
2026-03-12 15:00:00+00:00,51.165,67.41339746474401,-1.3462435660563292,68.75964103080034
2026-03-12 16:00:00+00:00,108.5775,86.65564710962667,-1.3462435660563292,88.001890675683
2026-03-12 17:00:00+00:00,114.865,98.0700206664792,-1.3462435660563292,99.41626423253553
2026-03-12 18:00:00+00:00,105.9975,93.68027594948953,-1.3462435660563292,95.02651951554586
2026-03-12 19:00:00+00:00,86.57,80.11614777521993,-1.3462435660563292,81.46239134127626
2026-03-12 20:00:00+00:00,69.79,65.66330419633854,-1.3462435660563292,67.00954776239487
2026-03-12 21:00:00+00:00,62.555,60.19604980566546,-1.3462435660563292,61.54229337172179
2026-03-12 22:00:00+00:00,17.9025,40.56094257712163,-1.3462435660563292,41.90718614317796
2026-03-12 23:00:00+00:00,6.29,39.78400957433406,-1.6138899061603575,41.39789948049442
2026-03-13 00:00:00+00:00,4.1025,38.28329198464874,-1.6138899061603575,39.8971818908091
2026-03-13 01:00:00+00:00,2.8875,33.193430842119284,-1.6138899061603575,34.80732074827964
2026-03-13 02:00:00+00:00,1.1475,30.409377683740693,-1.6138899061603575,32.02326758990105
2026-03-13 03:00:00+00:00,1.46,32.01243034509729,-1.6138899061603575,33.62632025125765
2026-03-13 04:00:00+00:00,2.9075,37.782676371339065,-1.6138899061603575,39.396566277499424
2026-03-13 05:00:00+00:00,8.46,56.85897107981543,-1.6138899061603575,58.47286098597579
2026-03-13 06:00:00+00:00,19.9375,53.6894697876232,-1.6138899061603575,55.30335969378356
2026-03-13 07:00:00+00:00,6.415,29.374152830857295,-1.6138899061603575,30.98804273701765
2026-03-13 08:00:00+00:00,-0.24,8.377913075937641,-1.6138899061603575,9.991802982098
2026-03-13 09:00:00+00:00,-4.9975,-6.958706991589198,-1.6138899061603575,-5.34481708542884
2026-03-13 10:00:00+00:00,-9.0,-5.448775233802426,-1.6138899061603575,-3.834885327642068
2026-03-13 11:00:00+00:00,-8.3475,-9.574404986146074,-1.6138899061603575,-7.960515079985717
2026-03-13 12:00:00+00:00,-2.5525,-12.203928372617076,-1.6138899061603575,-10.590038466456718
2026-03-13 13:00:00+00:00,1.1725,-4.165346398617664,-1.6138899061603575,-2.551456492457306
2026-03-13 14:00:00+00:00,47.07,41.20979982118899,-1.6138899061603575,42.82368972734935
2026-03-13 15:00:00+00:00,101.31,76.49571194641882,-1.6138899061603575,78.10960185257917
2026-03-13 16:00:00+00:00,141.93,108.17347130728535,-1.6138899061603575,109.7873612134457
2026-03-13 17:00:00+00:00,161.4925,132.60612784289071,-1.6138899061603575,134.22001774905107
2026-03-13 18:00:00+00:00,165.745,128.1652451672842,-1.6138899061603575,129.77913507344456
2026-03-13 19:00:00+00:00,145.7225,134.77737365617932,-1.6138899061603575,136.39126356233967
2026-03-13 20:00:00+00:00,130.335,123.15779503900828,-1.6138899061603575,124.77168494516863
2026-03-13 21:00:00+00:00,123.4225,116.99412750205192,-1.6138899061603575,118.60801740821228
2026-03-13 22:00:00+00:00,115.8075,112.01071886420422,-1.6138899061603575,113.62460877036457
2026-03-13 23:00:00+00:00,112.945,109.10717717695532,-1.4212402521884215,110.52841742914374
2026-03-14 00:00:00+00:00,109.07,111.42415603026728,-1.4212402521884215,112.84539628245571
2026-03-14 01:00:00+00:00,103.99,103.37874168762488,-1.4212402521884215,104.7999819398133
2026-03-14 02:00:00+00:00,101.8625,102.7070806220842,-1.4212402521884215,104.12832087427263
2026-03-14 03:00:00+00:00,105.115,102.49834535983972,-1.4212402521884215,103.91958561202814
2026-03-14 04:00:00+00:00,109.0675,105.687073892087,-1.4212402521884215,107.10831414427543
2026-03-14 05:00:00+00:00,111.52,117.475489210134,-1.4212402521884215,118.89672946232243
2026-03-14 06:00:00+00:00,116.7075,113.57996128874171,-1.4212402521884215,115.00120154093014
2026-03-14 07:00:00+00:00,121.88,103.69170681239554,-1.4212402521884215,105.11294706458396
2026-03-14 08:00:00+00:00,116.14,87.41762213647355,-1.4212402521884215,88.83886238866198
2026-03-14 09:00:00+00:00,107.5225,66.2696195360551,-1.4212402521884215,67.69085978824353
2026-03-14 10:00:00+00:00,103.525,63.12062617451315,-1.4212402521884215,64.54186642670157
2026-03-14 11:00:00+00:00,104.195,66.30271280860326,-1.4212402521884215,67.72395306079169
2026-03-14 12:00:00+00:00,103.43,73.78094204346355,-1.4212402521884215,75.20218229565198
2026-03-14 13:00:00+00:00,105.6775,82.26357556656923,-1.4212402521884215,83.68481581875766
2026-03-14 14:00:00+00:00,114.22,92.00566408053244,-1.4212402521884215,93.42690433272087
2026-03-14 15:00:00+00:00,130.0,127.84733586125492,-1.4212402521884215,129.26857611344334
2026-03-14 16:00:00+00:00,138.65,160.28054001583325,-1.4212402521884215,161.70178026802168
2026-03-14 17:00:00+00:00,161.1,162.48361446815866,-1.4212402521884215,163.9048547203471
2026-03-14 18:00:00+00:00,169.83499999999998,161.7658549703277,-1.4212402521884215,163.18709522251612
2026-03-14 19:00:00+00:00,150.265,160.20460846807205,-1.4212402521884215,161.62584872026048
2026-03-14 20:00:00+00:00,137.4525,139.96427411392284,-1.4212402521884215,141.38551436611127
2026-03-14 21:00:00+00:00,135.2375,138.6422661164255,-1.4212402521884215,140.06350636861393
2026-03-14 22:00:00+00:00,128.04500000000002,136.30472860977818,-1.4212402521884215,137.7259688619666
2026-03-14 23:00:00+00:00,137.3425,128.64938179550154,-1.9008873387892904,130.55026913429083
2026-03-15 00:00:00+00:00,133.73000000000002,127.55333102535286,-1.9008873387892904,129.45421836414215
2026-03-15 01:00:00+00:00,124.96,127.37953522453572,-1.9008873387892904,129.280422563325
2026-03-15 02:00:00+00:00,123.5275,125.36796723730362,-1.9008873387892904,127.2688545760929
2026-03-15 03:00:00+00:00,122.1775,116.0743720851078,-1.9008873387892904,117.97525942389709
2026-03-15 04:00:00+00:00,124.12,117.380361750565,-1.9008873387892904,119.28124908935429
2026-03-15 05:00:00+00:00,124.3875,142.98046203592068,-1.9008873387892904,144.88134937470997
2026-03-15 06:00:00+00:00,118.46,130.2485081146835,-1.9008873387892904,132.14939545347278
2026-03-15 07:00:00+00:00,109.095,110.22510881438072,-1.9008873387892904,112.12599615317001
2026-03-15 08:00:00+00:00,94.77,105.12101346689155,-1.9008873387892904,107.02190080568084
2026-03-15 09:00:00+00:00,87.305,100.04580789759,-1.9008873387892904,101.94669523637928
2026-03-15 10:00:00+00:00,72.21,91.89228943716353,-1.9008873387892904,93.79317677595282
2026-03-15 11:00:00+00:00,52.9675,78.37554874409017,-1.9008873387892904,80.27643608287946
2026-03-15 12:00:00+00:00,36.4575,63.7530709271419,-1.9008873387892904,65.6539582659312
2026-03-15 13:00:00+00:00,37.1975,71.11449004125218,-1.9008873387892904,73.01537738004147
2026-03-15 14:00:00+00:00,63.0775,77.93872582342071,-1.9008873387892904,79.83961316221
2026-03-15 15:00:00+00:00,89.245,106.12837847310628,-1.9008873387892904,108.02926581189557
2026-03-15 16:00:00+00:00,127.9125,128.01618419920396,-1.9008873387892904,129.91707153799325
2026-03-15 17:00:00+00:00,149.115,143.16989551651744,-1.9008873387892904,145.07078285530673
2026-03-15 18:00:00+00:00,131.87,143.85755850787976,-1.9008873387892904,145.75844584666905
2026-03-15 19:00:00+00:00,108.4825,114.79101284360934,-1.9008873387892904,116.69190018239863
2026-03-15 20:00:00+00:00,91.875,102.7324479143316,-1.9008873387892904,104.63333525312089
2026-03-15 21:00:00+00:00,82.8625,94.7604543854382,-1.9008873387892904,96.66134172422748
2026-03-15 22:00:00+00:00,64.015,70.43478952355117,-1.9008873387892904,72.33567686234046
2026-03-15 23:00:00+00:00,34.165,54.813511785141806,-1.8529370170372952,56.666448802179104
2026-03-16 00:00:00+00:00,23.3275,43.403758104888304,-1.8529370170372952,45.2566951219256
2026-03-16 01:00:00+00:00,17.59,32.134807315376236,-1.8529370170372952,33.987744332413534
2026-03-16 02:00:00+00:00,14.1375,31.506509215447963,-1.8529370170372952,33.35944623248526
2026-03-16 03:00:00+00:00,20.057499999999997,33.183692299027335,-1.8529370170372952,35.036629316064634
2026-03-16 04:00:00+00:00,37.4275,38.37487354708519,-1.8529370170372952,40.227810564122485
2026-03-16 05:00:00+00:00,66.19,59.76886717304912,-1.8529370170372952,61.621804190086415
2026-03-16 06:00:00+00:00,95.5675,63.92652632453523,-1.8529370170372952,65.77946334157252
2026-03-16 07:00:00+00:00,95.9775,61.01455045836399,-1.8529370170372952,62.86748747540129
2026-03-16 08:00:00+00:00,73.105,48.213015420484936,-1.8529370170372952,50.065952437522235
2026-03-16 09:00:00+00:00,42.595,33.853847185736825,-1.8529370170372952,35.706784202774124
2026-03-16 10:00:00+00:00,17.365000000000002,23.681216856294395,-1.8529370170372952,25.53415387333169
2026-03-16 11:00:00+00:00,12.035,10.333181470148537,-1.8529370170372952,12.186118487185832
2026-03-16 12:00:00+00:00,15.88,5.5808694499073885,-1.8529370170372952,7.4338064669446835
2026-03-16 13:00:00+00:00,42.1725,3.922611353978814,-1.8529370170372952,5.775548371016109
2026-03-16 14:00:00+00:00,64.445,19.489984648621235,-1.8529370170372952,21.34292166565853
2026-03-16 15:00:00+00:00,106.21,72.9561743399788,-1.8529370170372952,74.80911135701609
2026-03-16 16:00:00+00:00,138.6025,120.31060381137856,-1.8529370170372952,122.16354082841585
2026-03-16 17:00:00+00:00,165.035,149.27516808532437,-1.8529370170372952,151.12810510236167
2026-03-16 18:00:00+00:00,179.8875,153.37954655165152,-1.8529370170372952,155.23248356868882
2026-03-16 19:00:00+00:00,154.785,151.2038322864897,-1.8529370170372952,153.056769303527
2026-03-16 20:00:00+00:00,125.7125,134.736635432817,-1.8529370170372952,136.5895724498543
2026-03-16 21:00:00+00:00,121.9125,129.69854073107126,-1.8529370170372952,131.55147774810857
2026-03-16 22:00:00+00:00,99.765,109.63012419918078,-1.8529370170372952,111.48306121621808
2026-03-16 23:00:00+00:00,113.665,114.05693459930325,-2.178332370793808,116.23526697009706
2026-03-17 00:00:00+00:00,105.585,110.21672757459602,-2.178332370793808,112.39505994538983
2026-03-17 01:00:00+00:00,106.4225,107.90651286996656,-2.178332370793808,110.08484524076037
2026-03-17 02:00:00+00:00,106.5225,108.96232105890029,-2.178332370793808,111.1406534296941
2026-03-17 03:00:00+00:00,110.03,112.089196517989,-2.178332370793808,114.2675288887828
2026-03-17 04:00:00+00:00,119.915,124.66800375162812,-2.178332370793808,126.84633612242193
2026-03-17 05:00:00+00:00,147.965,146.150698620514,-2.178332370793808,148.3290309913078
2026-03-17 06:00:00+00:00,167.98,138.0405644824688,-2.178332370793808,140.2188968532626
2026-03-17 07:00:00+00:00,152.5125,135.24036713815673,-2.178332370793808,137.41869950895054
2026-03-17 08:00:00+00:00,124.0725,113.88445514019013,-2.178332370793808,116.06278751098394
2026-03-17 09:00:00+00:00,108.64,95.12590465213611,-2.178332370793808,97.30423702292993
2026-03-17 10:00:00+00:00,100.65,85.86697216664922,-2.178332370793808,88.04530453744303
2026-03-17 11:00:00+00:00,95.2275,74.60813207863593,-2.178332370793808,76.78646444942974
2026-03-17 12:00:00+00:00,96.765,72.51091459348154,-2.178332370793808,74.68924696427536
2026-03-17 13:00:00+00:00,99.325,82.0239216690014,-2.178332370793808,84.2022540397952
2026-03-17 14:00:00+00:00,112.1075,94.16841496660982,-2.178332370793808,96.34674733740363
2026-03-17 15:00:00+00:00,131.7775,128.7931286261775,-2.178332370793808,130.9714609969713
2026-03-17 16:00:00+00:00,162.2025,165.1856564812211,-2.178332370793808,167.3639888520149
2026-03-17 17:00:00+00:00,207.2975,221.39591919091237,-2.178332370793808,223.57425156170618
2026-03-17 18:00:00+00:00,170.3825,171.42988660278613,-2.178332370793808,173.60821897357994
2026-03-17 19:00:00+00:00,144.2375,136.75324140400903,-2.178332370793808,138.93157377480284
2026-03-17 20:00:00+00:00,129.79000000000002,112.80290116931904,-2.178332370793808,114.98123354011285
2026-03-17 21:00:00+00:00,114.24,104.67847221732664,-2.178332370793808,106.85680458812045
2026-03-17 22:00:00+00:00,100.4575,87.3101969108151,-2.178332370793808,89.4885292816089
2026-03-17 23:00:00+00:00,89.8,85.31889945176854,-2.134225008308157,87.45312446007671
2026-03-18 00:00:00+00:00,86.72749999999999,78.597519418607,-2.134225008308157,80.73174442691517
2026-03-18 01:00:00+00:00,85.685,75.2954703195392,-2.134225008308157,77.42969532784737
2026-03-18 02:00:00+00:00,86.8675,76.40226590674953,-2.134225008308157,78.5364909150577
2026-03-18 03:00:00+00:00,88.83500000000001,80.47161691543162,-2.134225008308157,82.60584192373979
2026-03-18 04:00:00+00:00,100.055,85.31526831337709,-2.134225008308157,87.44949332168525
2026-03-18 05:00:00+00:00,130.74,112.84728082657266,-2.134225008308157,114.98150583488082
2026-03-18 06:00:00+00:00,133.5925,111.4920929258822,-2.134225008308157,113.62631793419037
2026-03-18 07:00:00+00:00,99.9375,77.7046516355774,-2.134225008308157,79.83887664388557
2026-03-18 08:00:00+00:00,62.95,50.57740833143933,-2.134225008308157,52.711633339747486
2026-03-18 09:00:00+00:00,9.9975,16.64032609760702,-2.134225008308157,18.774551105915176
2026-03-18 10:00:00+00:00,-1.62,3.7333958883853593,-2.134225008308157,5.867620896693516
2026-03-18 11:00:00+00:00,-2.31,-0.5470266923924089,-2.134225008308157,1.5871983159157481
2026-03-18 12:00:00+00:00,-2.7125,3.5621021351586624,-2.134225008308157,5.696327143466819
2026-03-18 13:00:00+00:00,0.2224999999999999,10.346130123776812,-2.134225008308157,12.480355132084968
2026-03-18 14:00:00+00:00,47.19499999999999,61.879592119332024,-2.134225008308157,64.01381712764018
2026-03-18 15:00:00+00:00,107.0325,96.94873835792204,-2.134225008308157,99.0829633662302
2026-03-18 16:00:00+00:00,145.2125,135.6126192355309,-2.134225008308157,137.74684424383906
2026-03-18 17:00:00+00:00,177.6225,158.25579675465357,-2.134225008308157,160.39002176296174
2026-03-18 18:00:00+00:00,170.1975,152.30952967755928,-2.134225008308157,154.44375468586745
2026-03-18 19:00:00+00:00,148.49,134.92798726987704,-2.134225008308157,137.0622122781852
2026-03-18 20:00:00+00:00,132.0575,120.7611890230632,-2.134225008308157,122.89541403137136
2026-03-18 21:00:00+00:00,123.775,111.0592774216285,-2.134225008308157,113.19350242993666
2026-03-18 22:00:00+00:00,113.375,98.35532097660476,-2.134225008308157,100.48954598491292
2026-03-18 23:00:00+00:00,109.25,101.00965129781396,-2.3229954298643185,103.33264672767828
2026-03-19 00:00:00+00:00,112.64,99.28429525867509,-2.3229954298643185,101.60729068853941
2026-03-19 01:00:00+00:00,113.9925,100.8424919376426,-2.3229954298643185,103.16548736750693
2026-03-19 02:00:00+00:00,115.525,106.83105434268444,-2.3229954298643185,109.15404977254876
2026-03-19 03:00:00+00:00,123.275,108.14865767634672,-2.3229954298643185,110.47165310621104
2026-03-19 04:00:00+00:00,132.78,113.0794672560898,-2.3229954298643185,115.40246268595412
2026-03-19 05:00:00+00:00,160.1275,151.97080797252673,-2.3229954298643185,154.29380340239103
2026-03-19 06:00:00+00:00,158.2425,153.06809317601338,-2.3229954298643185,155.39108860587768
2026-03-19 07:00:00+00:00,138.6025,120.85026298522357,-2.3229954298643185,123.17325841508789
2026-03-19 08:00:00+00:00,90.9025,84.80674036686523,-2.3229954298643185,87.12973579672955
2026-03-19 09:00:00+00:00,55.3,42.623944035634885,-2.3229954298643185,44.946939465499206
2026-03-19 10:00:00+00:00,7.869999999999999,7.374159462023885,-2.3229954298643185,9.697154891888204
2026-03-19 11:00:00+00:00,0.0,-0.9459701741856912,-2.3229954298643185,1.3770252556786273
2026-03-19 12:00:00+00:00,2.53,-15.42708711816471,-2.3229954298643185,-13.104091688300391
2026-03-19 13:00:00+00:00,43.715,7.609900431647498,-2.3229954298643185,9.932895861511817
2026-03-19 14:00:00+00:00,85.9475,67.56665007967332,-2.3229954298643185,69.88964550953764
2026-03-19 15:00:00+00:00,120.3475,122.48232527343508,-2.3229954298643185,124.8053207032994
2026-03-19 16:00:00+00:00,152.175,159.16005973217176,-2.3229954298643185,161.48305516203607
2026-03-19 17:00:00+00:00,209.2675,188.7824057686869,-2.3229954298643185,191.10540119855122
2026-03-19 18:00:00+00:00,214.3825,170.1815328760395,-2.3229954298643185,172.50452830590382
2026-03-19 19:00:00+00:00,163.37,156.42364027038994,-2.3229954298643185,158.74663570025425
2026-03-19 20:00:00+00:00,149.04000000000002,134.56481570598797,-2.3229954298643185,136.88781113585227
2026-03-19 21:00:00+00:00,139.55,128.29268318663753,-2.3229954298643185,130.61567861650184
2026-03-19 22:00:00+00:00,132.2375,120.43079170110953,-2.3229954298643185,122.75378713097385
2026-03-19 23:00:00+00:00,143.5625,110.45546245465816,-2.3962707053924275,112.85173316005059
2026-03-20 00:00:00+00:00,137.96,110.73784951965588,-2.3962707053924275,113.1341202250483
2026-03-20 01:00:00+00:00,135.6425,110.9351899774825,-2.3962707053924275,113.33146068287492
2026-03-20 02:00:00+00:00,137.475,112.6264068189005,-2.3962707053924275,115.02267752429293
2026-03-20 03:00:00+00:00,138.905,118.17753196378608,-2.3962707053924275,120.5738026691785
2026-03-20 04:00:00+00:00,154.59,122.72647476527888,-2.3962707053924275,125.1227454706713
2026-03-20 05:00:00+00:00,192.295,151.89568311558216,-2.3962707053924275,154.29195382097458
2026-03-20 06:00:00+00:00,197.6425,155.11352096682165,-2.3962707053924275,157.50979167221408
2026-03-20 07:00:00+00:00,161.3025,143.65616291546863,-2.3962707053924275,146.05243362086105
2026-03-20 08:00:00+00:00,132.0075,96.72753937261056,-2.3962707053924275,99.12381007800299
2026-03-20 09:00:00+00:00,101.085,70.87649447169095,-2.3962707053924275,73.27276517708337
2026-03-20 10:00:00+00:00,78.4725,39.86320473968304,-2.3962707053924275,42.259475445075466
2026-03-20 11:00:00+00:00,65.61,28.3669914915683,-2.3962707053924275,30.763262196960728
2026-03-20 12:00:00+00:00,65.61,29.721264998770867,-2.3962707053924275,32.117535704163295
2026-03-20 13:00:00+00:00,87.4,71.32464566316612,-2.3962707053924275,73.72091636855855
2026-03-20 14:00:00+00:00,117.155,95.54041182689964,-2.3962707053924275,97.93668253229207
2026-03-20 15:00:00+00:00,144.675,122.82647495113348,-2.3962707053924275,125.2227456565259
2026-03-20 16:00:00+00:00,174.8175,139.62699326003903,-2.3962707053924275,142.02326396543145
2026-03-20 17:00:00+00:00,211.005,215.276238172846,-2.3962707053924275,217.67250887823843
2026-03-20 18:00:00+00:00,212.31,213.65105225647457,-2.3962707053924275,216.047322961867
2026-03-20 19:00:00+00:00,180.035,150.7919135671659,-2.3962707053924275,153.18818427255832
2026-03-20 20:00:00+00:00,163.05,144.40636200051765,-2.3962707053924275,146.80263270591007
2026-03-20 21:00:00+00:00,151.8525,136.3047249923851,-2.3962707053924275,138.70099569777753
2026-03-20 22:00:00+00:00,148.125,126.19270732246623,-2.3962707053924275,128.58897802785867
2026-03-20 23:00:00+00:00,142.3975,129.59806950905602,-2.632842724428619,132.23091223348464
2026-03-21 00:00:00+00:00,138.3425,133.67307599503425,-2.632842724428619,136.30591871946288
2026-03-21 01:00:00+00:00,136.085,127.85141163655618,-2.632842724428619,130.4842543609848
2026-03-21 02:00:00+00:00,132.0575,134.25592878264837,-2.632842724428619,136.888771507077
2026-03-21 03:00:00+00:00,131.1925,133.1983615312137,-2.632842724428619,135.83120425564232
2026-03-21 04:00:00+00:00,137.665,133.59453326517502,-2.632842724428619,136.22737598960364
2026-03-21 05:00:00+00:00,142.34,139.6306095048703,-2.632842724428619,142.26345222929893
2026-03-21 06:00:00+00:00,139.6625,157.53904230718214,-2.632842724428619,160.17188503161077
2026-03-21 07:00:00+00:00,127.265,116.35752193296943,-2.632842724428619,118.99036465739805
2026-03-21 08:00:00+00:00,100.5775,111.42369753292544,-2.632842724428619,114.05654025735406
2026-03-21 09:00:00+00:00,76.4725,89.86045020872776,-2.632842724428619,92.49329293315637
2026-03-21 10:00:00+00:00,45.9,69.30971450566496,-2.632842724428619,71.94255723009357
2026-03-21 11:00:00+00:00,23.49,60.92942143191584,-2.632842724428619,63.56226415634446
2026-03-21 12:00:00+00:00,24.27,53.44528214080174,-2.632842724428619,56.07812486523036
2026-03-21 13:00:00+00:00,62.927499999999995,74.36361738423517,-2.632842724428619,76.99646010866378
2026-03-21 14:00:00+00:00,90.0,102.32095801453887,-2.632842724428619,104.95380073896749
2026-03-21 15:00:00+00:00,115.665,118.76444113836796,-2.632842724428619,121.39728386279657
2026-03-21 16:00:00+00:00,146.025,141.9984093623384,-2.632842724428619,144.63125208676703
2026-03-21 17:00:00+00:00,171.6175,166.43135378735235,-2.632842724428619,169.06419651178098
2026-03-21 18:00:00+00:00,163.10500000000002,157.08298625554318,-2.632842724428619,159.7158289799718
2026-03-21 19:00:00+00:00,141.8275,134.79344678798645,-2.632842724428619,137.42628951241508
2026-03-21 20:00:00+00:00,126.875,133.33743209072122,-2.632842724428619,135.97027481514985
2026-03-21 21:00:00+00:00,120.2425,124.7462759205902,-2.632842724428619,127.3791186450188
2026-03-21 22:00:00+00:00,108.0,121.78531971297063,-2.632842724428619,124.41816243739925
2026-03-21 23:00:00+00:00,100.4125,111.39262746932282,-2.508436741495933,113.90106421081875
2026-03-22 00:00:00+00:00,95.755,108.42546614258224,-2.508436741495933,110.93390288407817
2026-03-22 01:00:00+00:00,94.2025,102.72309519833422,-2.508436741495933,105.23153193983015
2026-03-22 02:00:00+00:00,95.26,97.74415374900964,-2.508436741495933,100.25259049050557
2026-03-22 03:00:00+00:00,98.5975,94.76725483045207,-2.508436741495933,97.275691571948
2026-03-22 04:00:00+00:00,101.6625,103.80962297907128,-2.508436741495933,106.3180597205672
2026-03-22 05:00:00+00:00,100.105,101.13682061971078,-2.508436741495933,103.6452573612067
2026-03-22 06:00:00+00:00,84.71,93.09330930878296,-2.508436741495933,95.60174605027889
2026-03-22 07:00:00+00:00,41.33,68.04431830963678,-2.508436741495933,70.5527550511327
2026-03-22 08:00:00+00:00,6.7725,34.46978545783561,-2.508436741495933,36.97822219933155
2026-03-22 09:00:00+00:00,-0.43,3.291882781639224,-2.508436741495933,5.800319523135157
2026-03-22 10:00:00+00:00,-4.3625,-20.588886665727184,-2.508436741495933,-18.08044992423125
2026-03-22 11:00:00+00:00,-11.76,-23.411558339405413,-2.508436741495933,-20.90312159790948
2026-03-22 12:00:00+00:00,-10.31,-35.16661482347788,-2.508436741495933,-32.658178081981944
2026-03-22 13:00:00+00:00,-2.1775,-11.385810715437644,-2.508436741495933,-8.877373973941712
2026-03-22 14:00:00+00:00,11.25,29.82302065571345,-2.508436741495933,32.331457397209384
2026-03-22 15:00:00+00:00,93.1525,95.07567693705488,-2.508436741495933,97.5841136785508
2026-03-22 16:00:00+00:00,145.635,125.0325252978014,-2.508436741495933,127.54096203929733
2026-03-22 17:00:00+00:00,174.19,134.4605010596668,-2.508436741495933,136.96893780116272
2026-03-22 18:00:00+00:00,173.3825,146.4124763534807,-2.508436741495933,148.92091309497664
2026-03-22 19:00:00+00:00,164.7325,135.3466231523008,-2.508436741495933,137.85505989379672
2026-03-22 20:00:00+00:00,155.3775,130.6342163917783,-2.508436741495933,133.14265313327422
2026-03-22 21:00:00+00:00,146.7975,125.778223244962,-2.508436741495933,128.28665998645795
2026-03-22 22:00:00+00:00,143.505,122.30743754554592,-2.508436741495933,124.81587428704185
2026-03-22 23:00:00+00:00,131.13750000000002,128.23364889957028,-2.797573535938646,131.03122243550894
2026-03-23 00:00:00+00:00,125.9,111.27770331960684,-2.797573535938646,114.0752768555455
2026-03-23 01:00:00+00:00,125.16,118.357317111333,-2.797573535938646,121.15489064727166
2026-03-23 02:00:00+00:00,128.5875,122.97823506770938,-2.797573535938646,125.77580860364802
2026-03-23 03:00:00+00:00,138.26749999999998,131.27247681182283,-2.797573535938646,134.07005034776148
2026-03-23 04:00:00+00:00,155.72,152.74174019660612,-2.797573535938646,155.53931373254477
2026-03-23 05:00:00+00:00,182.29,161.12433009756552,-2.797573535938646,163.92190363350417
2026-03-23 06:00:00+00:00,186.185,150.85319913807024,-2.797573535938646,153.6507726740089
2026-03-23 07:00:00+00:00,147.60500000000002,117.56726842004976,-2.797573535938646,120.3648419559884
2026-03-23 08:00:00+00:00,108.0,80.57900964731706,-2.797573535938646,83.37658318325572
2026-03-23 09:00:00+00:00,81.4325,36.08132722995688,-2.797573535938646,38.87890076589552
2026-03-23 10:00:00+00:00,48.0825,18.04924029428463,-2.797573535938646,20.846813830223276
2026-03-23 11:00:00+00:00,49.254999999999995,12.723775900253534,-2.797573535938646,15.52134943619218
2026-03-23 12:00:00+00:00,74.875,20.950309782951297,-2.797573535938646,23.747883318889944
2026-03-23 13:00:00+00:00,94.98,44.02697002759555,-2.797573535938646,46.8245435635342
2026-03-23 14:00:00+00:00,114.4525,82.33917916519248,-2.797573535938646,85.13675270113112
2026-03-23 15:00:00+00:00,138.5425,120.0536891257497,-2.797573535938646,122.85126266168834
2026-03-23 16:00:00+00:00,190.775,177.09744586336788,-2.797573535938646,179.89501939930653
2026-03-23 17:00:00+00:00,263.01,241.35913482699513,-2.797573535938646,244.15670836293378
2026-03-23 18:00:00+00:00,241.56,266.8510235473831,-2.797573535938646,269.6485970833217
2026-03-23 19:00:00+00:00,206.5875,283.8032431012193,-2.797573535938646,286.60081663715795
2026-03-23 20:00:00+00:00,177.32,216.37500190445644,-2.797573535938646,219.1725754403951
2026-03-23 21:00:00+00:00,155.74,174.2015180291792,-2.797573535938646,176.99909156511785
2026-03-23 22:00:00+00:00,140.45,175.69059880700394,-2.797573535938646,178.4881723429426
2026-03-23 23:00:00+00:00,141.0625,127.6917491790986,-3.010313739844638,130.70206291894323
2026-03-24 00:00:00+00:00,124.3175,124.0910974219008,-3.010313739844638,127.10141116174543
2026-03-24 01:00:00+00:00,109.9975,113.01036443971792,-3.010313739844638,116.02067817956255
2026-03-24 02:00:00+00:00,101.64,106.3573408035618,-3.010313739844638,109.36765454340643
2026-03-24 03:00:00+00:00,100.375,110.13227011261436,-3.010313739844638,113.142583852459
2026-03-24 04:00:00+00:00,100.9725,110.46689606907312,-3.010313739844638,113.47720980891775
2026-03-24 05:00:00+00:00,110.8175,114.72814984795848,-3.010313739844638,117.73846358780311
2026-03-24 06:00:00+00:00,113.0475,110.80132510679104,-3.010313739844638,113.81163884663567
2026-03-24 07:00:00+00:00,97.4575,84.41760012847686,-3.010313739844638,87.4279138683215
2026-03-24 08:00:00+00:00,70.905,55.79153372193798,-3.010313739844638,58.80184746178262
2026-03-24 09:00:00+00:00,23.7275,26.49965041710236,-3.010313739844638,29.509964156946996
2026-03-24 10:00:00+00:00,1.195,-4.574573376247795,-3.010313739844638,-1.5642596364031567
2026-03-24 11:00:00+00:00,-0.01,-10.444714812826042,-3.010313739844638,-7.434401072981404
2026-03-24 12:00:00+00:00,-0.02,-0.7671129571194023,-3.010313739844638,2.2432007827252356
2026-03-24 13:00:00+00:00,-0.0025,4.727877625684514,-3.010313739844638,7.738191365529152
2026-03-24 14:00:00+00:00,19.9975,28.954322652509152,-3.010313739844638,31.96463639235379
2026-03-24 15:00:00+00:00,77.4325,63.251400646299835,-3.010313739844638,66.26171438614448
2026-03-24 16:00:00+00:00,112.84,94.25633082198738,-3.010313739844638,97.26664456183201
2026-03-24 17:00:00+00:00,135.8425,109.48353801438331,-3.010313739844638,112.49385175422795
2026-03-24 18:00:00+00:00,137.9925,93.20760917578046,-3.010313739844638,96.2179229156251
2026-03-24 19:00:00+00:00,101.1,66.83179327674272,-3.010313739844638,69.84210701658735
2026-03-24 20:00:00+00:00,74.4975,53.25082982378138,-3.010313739844638,56.26114356362602
2026-03-24 21:00:00+00:00,66.1025,56.19523253689711,-3.010313739844638,59.20554627674175
2026-03-24 22:00:00+00:00,22.0975,49.33559582956352,-3.010313739844638,52.345909569408164
2026-03-24 23:00:00+00:00,1.81,36.07060096437284,-2.9459330677299143,39.016534032102754
2026-03-25 00:00:00+00:00,0.3675,23.91783282458966,-2.9459330677299143,26.863765892319574
2026-03-25 01:00:00+00:00,-0.0025,16.21873793699056,-2.9459330677299143,19.164671004720475
2026-03-25 02:00:00+00:00,-0.01,9.152663226417584,-2.9459330677299143,12.098596294147498
2026-03-25 03:00:00+00:00,-0.005,7.178416938393082,-2.9459330677299143,10.124350006122995
2026-03-25 04:00:00+00:00,0.365,6.305918959717673,-2.9459330677299143,9.251852027447587
2026-03-25 05:00:00+00:00,3.6425,21.063233251799264,-2.9459330677299143,24.00916631952918
2026-03-25 06:00:00+00:00,8.9025,30.476495641191104,-2.9459330677299143,33.42242870892102
2026-03-25 07:00:00+00:00,0.9075,20.60751283200181,-2.9459330677299143,23.553445899731724
2026-03-25 08:00:00+00:00,-0.03,15.269754783237897,-2.9459330677299143,18.21568785096781
2026-03-25 09:00:00+00:00,-0.0275,5.212726856672359,-2.9459330677299143,8.158659924402272
2026-03-25 10:00:00+00:00,-0.01,17.662599205622342,-2.9459330677299143,20.608532273352257
2026-03-25 11:00:00+00:00,-0.01,18.50422592848113,-2.9459330677299143,21.450158996211044
2026-03-25 12:00:00+00:00,-0.01,10.15695280087482,-2.9459330677299143,13.102885868604734
2026-03-25 13:00:00+00:00,0.0075,17.102554772321163,-2.9459330677299143,20.048487840051077
2026-03-25 14:00:00+00:00,4.775,18.34485162725499,-2.9459330677299143,21.290784694984904
2026-03-25 15:00:00+00:00,41.9025,49.67543730521859,-2.9459330677299143,52.621370372948505
2026-03-25 16:00:00+00:00,98.8375,76.7944516660087,-2.9459330677299143,79.74038473373861
2026-03-25 17:00:00+00:00,134.82999999999998,105.76913238213642,-2.9459330677299143,108.71506544986633
2026-03-25 18:00:00+00:00,161.925,106.06992052508652,-2.9459330677299143,109.01585359281643
2026-03-25 19:00:00+00:00,134.9075,94.8813863443149,-2.9459330677299143,97.82731941204482
2026-03-25 20:00:00+00:00,114.46,89.96070018959956,-2.9459330677299143,92.90663325732947
2026-03-25 21:00:00+00:00,108.1,85.04853167491956,-2.9459330677299143,87.99446474264947
2026-03-25 22:00:00+00:00,88.80250000000001,69.41114347987536,-2.9459330677299143,72.35707654760527
2026-03-25 23:00:00+00:00,99.6375,80.74519312014831,-2.8562574124525946,83.60145053260091
2026-03-26 00:00:00+00:00,95.0725,74.43409050569082,-2.8562574124525946,77.29034791814341
2026-03-26 01:00:00+00:00,91.605,67.95163567317744,-2.8562574124525946,70.80789308563003
2026-03-26 02:00:00+00:00,94.87,66.26327898201345,-2.8562574124525946,69.11953639446604
2026-03-26 03:00:00+00:00,97.5775,67.85219556414809,-2.8562574124525946,70.70845297660068
2026-03-26 04:00:00+00:00,105.2675,79.5455014300384,-2.8562574124525946,82.40175884249099
2026-03-26 05:00:00+00:00,120.28,94.571098065192,-2.8562574124525946,97.4273554776446
2026-03-26 06:00:00+00:00,137.345,106.88525813454004,-2.8562574124525946,109.74151554699263
2026-03-26 07:00:00+00:00,125.79,83.21386637811807,-2.8562574124525946,86.07012379057066
2026-03-26 08:00:00+00:00,87.41499999999999,60.08838840189861,-2.8562574124525946,62.944645814351205
2026-03-26 09:00:00+00:00,41.8525,37.03412577394708,-2.8562574124525946,39.890383186399674
2026-03-26 10:00:00+00:00,13.74,18.871617252845528,-2.8562574124525946,21.727874665298124
2026-03-26 11:00:00+00:00,3.12,10.352888799943598,-2.8562574124525946,13.209146212396192
2026-03-26 12:00:00+00:00,0.6300000000000001,4.580661499722988,-2.8562574124525946,7.436918912175583
2026-03-26 13:00:00+00:00,5.9025,7.145375001432337,-2.8562574124525946,10.001632413884932
2026-03-26 14:00:00+00:00,37.435,22.285079741443745,-2.8562574124525946,25.14133715389634
2026-03-26 15:00:00+00:00,75.8175,71.4729687275852,-2.8562574124525946,74.32922614003779
2026-03-26 16:00:00+00:00,115.9225,102.50236413584992,-2.8562574124525946,105.35862154830251
2026-03-26 17:00:00+00:00,155.4175,152.34157693565302,-2.8562574124525946,155.19783434810563
2026-03-26 18:00:00+00:00,167.22,162.10124769095103,-2.8562574124525946,164.95750510340363
2026-03-26 19:00:00+00:00,153.745,146.9362292769831,-2.8562574124525946,149.79248668943572
2026-03-26 20:00:00+00:00,130.505,129.56127994988557,-2.8562574124525946,132.41753736233818
2026-03-26 21:00:00+00:00,124.3725,117.52938258355864,-2.8562574124525946,120.38563999601124
2026-03-26 22:00:00+00:00,115.025,103.56257182648864,-2.8562574124525946,106.41882923894123
2026-03-26 23:00:00+00:00,119.3925,106.01383183008907,-3.014462314949893,109.02829414503897
2026-03-27 00:00:00+00:00,119.5,103.03596050213736,-3.014462314949893,106.05042281708725
2026-03-27 01:00:00+00:00,117.3425,101.91591736397709,-3.014462314949893,104.93037967892698
2026-03-27 02:00:00+00:00,117.8325,109.8629292266692,-3.014462314949893,112.87739154161909
2026-03-27 03:00:00+00:00,120.2475,116.28749875820851,-3.014462314949893,119.30196107315841
2026-03-27 04:00:00+00:00,136.4625,150.89016299039554,-3.014462314949893,153.90462530534543
2026-03-27 05:00:00+00:00,172.63,170.93267359864657,-3.014462314949893,173.94713591359647
2026-03-27 06:00:00+00:00,176.395,159.00583205924593,-3.014462314949893,162.02029437419583
2026-03-27 07:00:00+00:00,147.5575,137.2364496140932,-3.014462314949893,140.2509119290431
2026-03-27 08:00:00+00:00,114.0025,87.13053987921816,-3.014462314949893,90.14500219416806
2026-03-27 09:00:00+00:00,87.25999999999999,51.06175920453942,-3.014462314949893,54.076221519489316
2026-03-27 10:00:00+00:00,72.81,34.39623475966512,-3.014462314949893,37.410697074615015
2026-03-27 11:00:00+00:00,63.31999999999999,36.671065148713375,-3.014462314949893,39.68552746366327
2026-03-27 12:00:00+00:00,59.6,21.49216972232557,-3.014462314949893,24.506632037275462
2026-03-27 13:00:00+00:00,74.075,39.72378893751274,-3.014462314949893,42.73825125246263
2026-03-27 14:00:00+00:00,92.3225,69.09694904100591,-3.014462314949893,72.11141135595581
2026-03-27 15:00:00+00:00,103.0825,110.0773647100776,-3.014462314949893,113.0918270250275
2026-03-27 16:00:00+00:00,139.05,137.1314085018246,-3.014462314949893,140.1458708167745
2026-03-27 17:00:00+00:00,158.9325,167.02626386010675,-3.014462314949893,170.04072617505665
2026-03-27 18:00:00+00:00,168.245,180.15965716745245,-3.014462314949893,183.17411948240235
2026-03-27 19:00:00+00:00,142.89,160.54612432109107,-3.014462314949893,163.56058663604097
2026-03-27 20:00:00+00:00,118.995,131.17469211452533,-3.014462314949893,134.18915442947522
2026-03-27 21:00:00+00:00,116.66,125.80200784509609,-3.014462314949893,128.81647016004598
2026-03-27 22:00:00+00:00,106.0125,102.6308024213091,-3.014462314949893,105.645264736259
2026-03-27 23:00:00+00:00,95.135,88.70288090776937,-2.994919661997011,91.69780056976639
2026-03-28 00:00:00+00:00,92.665,81.90579529847895,-2.994919661997011,84.90071496047597
2026-03-28 01:00:00+00:00,89.5475,74.02119208190858,-2.994919661997011,77.0161117439056
2026-03-28 02:00:00+00:00,87.2625,72.17076567776135,-2.994919661997011,75.16568533975837
2026-03-28 03:00:00+00:00,88.1175,70.75060358220905,-2.994919661997011,73.74552324420607
2026-03-28 04:00:00+00:00,91.6125,83.09242491310599,-2.994919661997011,86.087344575103
2026-03-28 05:00:00+00:00,87.92,96.52242195489988,-2.994919661997011,99.5173416168969
2026-03-28 06:00:00+00:00,79.185,101.99708605144777,-2.994919661997011,104.99200571344478
2026-03-28 07:00:00+00:00,68.3,70.9893193857148,-2.994919661997011,73.98423904771181
2026-03-28 08:00:00+00:00,44.9075,52.19177403706974,-2.994919661997011,55.18669369906675
2026-03-28 09:00:00+00:00,17.5825,49.189081124068046,-2.994919661997011,52.184000786065056
2026-03-28 10:00:00+00:00,7.6425,22.718528676261272,-2.994919661997011,25.71344833825828
2026-03-28 11:00:00+00:00,6.695,18.50350252161595,-2.994919661997011,21.49842218361296
2026-03-28 12:00:00+00:00,7.8475,31.11630599232572,-2.994919661997011,34.11122565432273
2026-03-28 13:00:00+00:00,20.475,55.14123525028634,-2.994919661997011,58.13615491228335
2026-03-28 14:00:00+00:00,54.2425,85.73307980584387,-2.994919661997011,88.72799946784089
2026-03-28 15:00:00+00:00,81.05250000000001,96.60381549238996,-2.994919661997011,99.59873515438697
2026-03-28 16:00:00+00:00,110.34,127.11282107049456,-2.994919661997011,130.10774073249158
2026-03-28 17:00:00+00:00,138.925,152.27421227767343,-2.994919661997011,155.26913193967044
2026-03-28 18:00:00+00:00,154.07,153.4291335077332,-2.994919661997011,156.42405316973023
2026-03-28 19:00:00+00:00,143.9525,138.45245894946294,-2.994919661997011,141.44737861145995
2026-03-28 20:00:00+00:00,131.595,122.62778414661857,-2.994919661997011,125.62270380861558
2026-03-28 21:00:00+00:00,125.33,117.64630394467044,-2.994919661997011,120.64122360666745
2026-03-28 22:00:00+00:00,119.58,107.2441289801268,-2.994919661997011,110.23904864212382
2026-03-28 23:00:00+00:00,114.56,103.26588132764968,-3.1080366018374432,106.37391792948712
2026-03-29 00:00:00+00:00,107.6975,101.51764797109068,-3.1080366018374432,104.62568457292812
2026-03-29 01:00:00+00:00,101.165,98.39295072485966,-3.1080366018374432,101.5009873266971
2026-03-29 02:00:00+00:00,105.225,94.29693108894314,-3.1080366018374432,97.40496769078058
2026-03-29 03:00:00+00:00,104.605,93.98157269127044,-3.1080366018374432,97.08960929310788
2026-03-29 04:00:00+00:00,109.755,93.52232110605256,-3.1080366018374432,96.63035770789
2026-03-29 05:00:00+00:00,115.03,91.34088647693098,-3.1080366018374432,94.44892307876842
2026-03-29 06:00:00+00:00,114.8425,90.80357614813684,-3.1080366018374432,93.91161274997428
2026-03-29 07:00:00+00:00,94.3975,79.57104596942685,-3.1080366018374432,82.67908257126429
2026-03-29 08:00:00+00:00,74.8075,48.44047228168843,-3.1080366018374432,51.54850888352587
2026-03-29 09:00:00+00:00,44.6975,18.38903351360064,-3.1080366018374432,21.497070115438085
2026-03-29 10:00:00+00:00,9.73,-1.0191581294455077,-3.1080366018374432,2.0888784723919356
2026-03-29 11:00:00+00:00,-0.005,-6.481651295412458,-3.1080366018374432,-3.373614693575015
2026-03-29 12:00:00+00:00,-1.785,-11.507461442449015,-3.1080366018374432,-8.399424840611573
2026-03-29 13:00:00+00:00,-2.1,-14.200618522276262,-3.1080366018374432,-11.092581920438818
2026-03-29 14:00:00+00:00,0.8724999999999999,-4.66162562864508,-3.1080366018374432,-1.5535890268076367
2026-03-29 15:00:00+00:00,33.31,32.24141577937431,-3.1080366018374432,35.34945238121175
2026-03-29 16:00:00+00:00,89.25999999999999,71.09884426847537,-3.1080366018374432,74.20688087031282
2026-03-29 17:00:00+00:00,105.6775,108.79203344443609,-3.1080366018374432,111.90007004627353
2026-03-29 18:00:00+00:00,95.18,104.27820929012984,-3.1080366018374432,107.38624589196728
2026-03-29 19:00:00+00:00,74.8125,75.55953349916824,-3.1080366018374432,78.66757010100568
2026-03-29 20:00:00+00:00,66.85,46.08462945412027,-3.1080366018374432,49.19266605595771
2026-03-29 21:00:00+00:00,25.635,21.317476567804444,-3.1080366018374432,24.42551316964189
2026-03-29 22:00:00+00:00,9.1975,9.682842013678265,-3.0280761025939262,12.710918116272191
2026-03-29 23:00:00+00:00,2.3000000000000003,9.80262750027306,-3.0280761025939262,12.830703602866986
2026-03-30 00:00:00+00:00,5.02,6.651428433213939,-3.0280761025939262,9.679504535807865
2026-03-30 01:00:00+00:00,3.825,1.444148077168261,-3.0280761025939262,4.472224179762187
2026-03-30 02:00:00+00:00,4.3575,7.916307092416222,-3.0280761025939262,10.944383195010149
2026-03-30 03:00:00+00:00,18.4225,14.17106069164378,-3.0280761025939262,17.199136794237706
2026-03-30 04:00:00+00:00,66.87,38.89867421464446,-3.0280761025939262,41.92675031723839
2026-03-30 05:00:00+00:00,90.3125,58.43416674039269,-3.0280761025939262,61.46224284298662
2026-03-30 06:00:00+00:00,109.2225,78.13262779622734,-3.0280761025939262,81.16070389882127
2026-03-30 07:00:00+00:00,96.8375,61.533076294066085,-3.0280761025939262,64.56115239666
2026-03-30 08:00:00+00:00,73.8475,38.24217524146352,-3.0280761025939262,41.27025134405745
2026-03-30 09:00:00+00:00,45.9975,18.78826048156741,-3.0280761025939262,21.816336584161334
2026-03-30 10:00:00+00:00,23.5875,8.496754882629297,-3.0280761025939262,11.524830985223224
2026-03-30 11:00:00+00:00,11.4,7.028471117622941,-3.0280761025939262,10.056547220216867
2026-03-30 12:00:00+00:00,7.5425,4.794372224307585,-3.0280761025939262,7.822448326901512
2026-03-30 13:00:00+00:00,12.9375,10.616164580171278,-3.0280761025939262,13.644240682765204
2026-03-30 14:00:00+00:00,35.144999999999996,28.325915978624376,-3.0280761025939262,31.3539920812183
2026-03-30 15:00:00+00:00,77.45,62.618227282648846,-3.0280761025939262,65.64630338524277
2026-03-30 16:00:00+00:00,104.8275,92.23818999472452,-3.0280761025939262,95.26626609731845
2026-03-30 17:00:00+00:00,121.6525,110.7878611071204,-3.0280761025939262,113.81593720971433
2026-03-30 18:00:00+00:00,125.6075,108.15649483537614,-3.0280761025939262,111.18457093797007
2026-03-30 19:00:00+00:00,126.165,108.73526181930814,-3.0280761025939262,111.76333792190206
2026-03-30 20:00:00+00:00,121.175,96.61527007949108,-3.0280761025939262,99.64334618208501
2026-03-30 21:00:00+00:00,108.88,94.03271984549134,-3.0280761025939262,97.06079594808527
2026-03-30 22:00:00+00:00,109.245,91.41912957645452,-3.312292414553774,94.7314219910083
2026-03-30 23:00:00+00:00,102.68,90.69907083955356,-3.312292414553774,94.01136325410734
2026-03-31 00:00:00+00:00,101.26,80.55657785163737,-3.312292414553774,83.86887026619115
2026-03-31 01:00:00+00:00,100.535,80.64904170371156,-3.312292414553774,83.96133411826534
2026-03-31 02:00:00+00:00,101.68,74.67141025829663,-3.312292414553774,77.98370267285041
2026-03-31 03:00:00+00:00,108.0425,76.70559996097613,-3.312292414553774,80.01789237552991
2026-03-31 04:00:00+00:00,137.1975,90.9502163586174,-3.312292414553774,94.26250877317118
2026-03-31 05:00:00+00:00,152.125,123.28359724978505,-3.312292414553774,126.59588966433883
2026-03-31 06:00:00+00:00,163.79,116.9178291086812,-3.312292414553774,120.23012152323498
2026-03-31 07:00:00+00:00,135.555,96.35599480143756,-3.312292414553774,99.66828721599134
2026-03-31 08:00:00+00:00,104.255,79.92435730667907,-3.312292414553774,83.23664972123285
2026-03-31 09:00:00+00:00,87.35,59.180112659781734,-3.312292414553774,62.49240507433551
2026-03-31 10:00:00+00:00,78.67,25.277592770331776,-3.312292414553774,28.58988518488555
2026-03-31 11:00:00+00:00,55.225,21.928198307194336,-3.312292414553774,25.24049072174811
2026-03-31 12:00:00+00:00,53.4875,20.442444809823915,-3.312292414553774,23.75473722437769
2026-03-31 13:00:00+00:00,63.052499999999995,25.07970494386177,-3.312292414553774,28.391997358415544
2026-03-31 14:00:00+00:00,82.2175,56.17794036113074,-3.312292414553774,59.49023277568451
2026-03-31 15:00:00+00:00,110.9675,83.70868979976738,-3.312292414553774,87.02098221432117
2026-03-31 16:00:00+00:00,151.0,111.77276709887684,-3.312292414553774,115.08505951343062
2026-03-31 17:00:00+00:00,175.0025,145.84622025132555,-3.312292414553774,149.15851266587933
2026-03-31 18:00:00+00:00,176.005,142.32046980844524,-3.312292414553774,145.63276222299902
2026-03-31 19:00:00+00:00,171.725,147.80912946699914,-3.312292414553774,151.12142188155292
2026-03-31 20:00:00+00:00,158.32999999999998,139.5126267658888,-3.312292414553774,142.82491918044258
2026-03-31 21:00:00+00:00,148.475,127.65157593257275,-3.312292414553774,130.96386834712652
2026-03-31 22:00:00+00:00,145.51,133.4124023130783,-3.9515285413699153,137.36393085444823
2026-03-31 23:00:00+00:00,129.48749999999998,122.55104499144952,-3.9515285413699153,126.50257353281943
2026-04-01 00:00:00+00:00,125.345,129.65691640345904,-3.9515285413699153,133.60844494482896
2026-04-01 01:00:00+00:00,129.4275,128.22321561790906,-3.9515285413699153,132.174744159279
2026-04-01 02:00:00+00:00,136.025,140.7213393875312,-3.9515285413699153,144.67286792890113
2026-04-01 03:00:00+00:00,149.115,172.61989086039938,-3.9515285413699153,176.5714194017693
2026-04-01 04:00:00+00:00,180.835,223.1766162973829,-3.9515285413699153,227.12814483875283
2026-04-01 05:00:00+00:00,226.9475,247.77679000903777,-3.9515285413699153,251.7283185504077
2026-04-01 06:00:00+00:00,199.9775,238.03381218324583,-3.9515285413699153,241.98534072461575
2026-04-01 07:00:00+00:00,171.515,178.06143417122024,-3.9515285413699153,182.01296271259017
2026-04-01 08:00:00+00:00,139.8,122.08319341052967,-3.9515285413699153,126.03472195189958
2026-04-01 09:00:00+00:00,128.0775,94.97385646096195,-3.9515285413699153,98.92538500233186
2026-04-01 10:00:00+00:00,115.0525,78.50152187510474,-3.9515285413699153,82.45305041647465
2026-04-01 11:00:00+00:00,93.835,60.54422170581221,-3.9515285413699153,64.49575024718213
2026-04-01 12:00:00+00:00,86.3325,59.62367994696959,-3.9515285413699153,63.575208488339506
2026-04-01 13:00:00+00:00,93.8375,71.40846869942172,-3.9515285413699153,75.35999724079163
2026-04-01 14:00:00+00:00,105.515,88.34794919510857,-3.9515285413699153,92.29947773647848
2026-04-01 15:00:00+00:00,130.12,136.8902448926251,-3.9515285413699153,140.84177343399503
2026-04-01 16:00:00+00:00,152.095,187.72818416696433,-3.9515285413699153,191.67971270833425
2026-04-01 17:00:00+00:00,188.665,236.57103513130545,-3.9515285413699153,240.52256367267537
2026-04-01 18:00:00+00:00,181.1925,237.09467165880807,-3.9515285413699153,241.046200200178
2026-04-01 19:00:00+00:00,165.8225,203.33233489085112,-3.9515285413699153,207.28386343222104
2026-04-01 20:00:00+00:00,152.8225,182.99914801152835,-3.9515285413699153,186.95067655289827
2026-04-01 21:00:00+00:00,133.7825,148.240901509894,-3.9515285413699153,152.19243005126393
2026-04-01 22:00:00+00:00,127.1725,132.4636416584325,-3.684156709289515,136.147798367722
2026-04-01 23:00:00+00:00,118.995,117.10150896240508,-3.684156709289515,120.78566567169459
2026-04-02 00:00:00+00:00,114.13,115.33112024441076,-3.684156709289515,119.01527695370027
2026-04-02 01:00:00+00:00,109.185,112.43192227619328,-3.684156709289515,116.11607898548279
2026-04-02 02:00:00+00:00,107.41,116.54875340481064,-3.684156709289515,120.23291011410015
2026-04-02 03:00:00+00:00,119.2925,128.4798018357489,-3.684156709289515,132.1639585450384
2026-04-02 04:00:00+00:00,152.0525,138.97524354954302,-3.684156709289515,142.65940025883253
2026-04-02 05:00:00+00:00,160.0075,156.68950736170504,-3.684156709289515,160.37366407099455
2026-04-02 06:00:00+00:00,157.6575,135.9572503376837,-3.684156709289515,139.6414070469732
2026-04-02 07:00:00+00:00,114.2775,101.94800843214313,-3.684156709289515,105.63216514143264
2026-04-02 08:00:00+00:00,90.6625,67.17230496287584,-3.684156709289515,70.85646167216535
2026-04-02 09:00:00+00:00,74.25,50.53677798844621,-3.684156709289515,54.22093469773573
2026-04-02 10:00:00+00:00,59.745000000000005,23.259360772182465,-3.684156709289515,26.94351748147198
2026-04-02 11:00:00+00:00,42.455,26.92894657461494,-3.684156709289515,30.613103283904454
2026-04-02 12:00:00+00:00,52.86,39.13077038952729,-3.684156709289515,42.81492709881681
2026-04-02 13:00:00+00:00,73.77,51.279898541946594,-3.684156709289515,54.96405525123611
2026-04-02 14:00:00+00:00,92.7575,82.19049480641982,-3.684156709289515,85.87465151570933
2026-04-02 15:00:00+00:00,108.81,103.10898822502686,-3.684156709289515,106.79314493431637
2026-04-02 16:00:00+00:00,134.385,119.73097895133158,-3.684156709289515,123.41513566062109
2026-04-02 17:00:00+00:00,161.84,140.22005723761524,-3.684156709289515,143.90421394690475
2026-04-02 18:00:00+00:00,159.635,138.62118741330644,-3.684156709289515,142.30534412259595
2026-04-02 19:00:00+00:00,146.5225,136.1126450858244,-3.684156709289515,139.7968017951139
2026-04-02 20:00:00+00:00,134.9975,123.66446980768364,-3.684156709289515,127.34862651697316
2026-04-02 21:00:00+00:00,123.97,110.43620256857147,-3.684156709289515,114.12035927786098
2026-04-02 22:00:00+00:00,133.6,107.08481789071902,-3.822722665272485,110.9075405559915
2026-04-02 23:00:00+00:00,121.985,101.47517529168756,-3.822722665272485,105.29789795696004
2026-04-03 00:00:00+00:00,119.515,96.16855660525307,-3.822722665272485,99.99127927052555
2026-04-03 01:00:00+00:00,117.6675,99.30780741763452,-3.822722665272485,103.130530082907
2026-04-03 02:00:00+00:00,120.1825,98.76463058664623,-3.822722665272485,102.58735325191871
2026-04-03 03:00:00+00:00,123.4025,108.0011713363131,-3.822722665272485,111.82389400158559
2026-04-03 04:00:00+00:00,133.125,121.00473462723514,-3.822722665272485,124.82745729250762
2026-04-03 05:00:00+00:00,135.8625,145.0427102436074,-3.822722665272485,148.86543290887988
2026-04-03 06:00:00+00:00,131.04250000000002,142.02939175724555,-3.822722665272485,145.85211442251804
2026-04-03 07:00:00+00:00,113.18,93.25984665341409,-3.822722665272485,97.08256931868657
2026-04-03 08:00:00+00:00,85.585,59.69352852078453,-3.822722665272485,63.51625118605702
2026-04-03 09:00:00+00:00,52.9575,39.96863921217941,-3.822722665272485,43.7913618774519
2026-04-03 10:00:00+00:00,27.01,24.7222982167934,-3.822722665272485,28.545020882065884
2026-04-03 11:00:00+00:00,9.945,4.043950789442507,-3.822722665272485,7.8666734547149915
2026-04-03 12:00:00+00:00,1.6525,-9.781138244354375,-3.822722665272485,-5.9584155790818905
2026-04-03 13:00:00+00:00,3.05,6.255944189323768,-3.822722665272485,10.078666854596253
2026-04-03 14:00:00+00:00,23.942500000000003,34.030239037656486,-3.822722665272485,37.85296170292897
2026-04-03 15:00:00+00:00,66.7975,56.747879194228,-3.822722665272485,60.570601859500485
2026-04-03 16:00:00+00:00,88.9725,76.18364113475313,-3.822722665272485,80.00636380002561
2026-04-03 17:00:00+00:00,99.39,92.81255577998114,-3.822722665272485,96.63527844525362
2026-04-03 18:00:00+00:00,96.3375,79.6420445290765,-3.822722665272485,83.46476719434898
2026-04-03 19:00:00+00:00,84.2025,67.11506632415015,-3.822722665272485,70.93778898942263
2026-04-03 20:00:00+00:00,81.28,60.29222040886548,-3.822722665272485,64.11494307413797
2026-04-03 21:00:00+00:00,60.5875,40.86616987079703,-3.822722665272485,44.68889253606952
2026-04-03 22:00:00+00:00,9.7275,15.05689718008732,-3.8389820843961244,18.895879264483444
2026-04-03 23:00:00+00:00,8.955,7.9710884956511725,-3.8389820843961244,11.810070580047297
2026-04-04 00:00:00+00:00,6.4325,5.639937191059646,-3.8389820843961244,9.47891927545577
2026-04-04 01:00:00+00:00,1.9875,3.5169380228490024,-3.8389820843961244,7.355920107245127
2026-04-04 02:00:00+00:00,6.4025,10.331488519220189,-3.8389820843961244,14.170470603616312
2026-04-04 03:00:00+00:00,11.735,12.392799437831098,-3.8389820843961244,16.231781522227223
2026-04-04 04:00:00+00:00,13.3625,17.216292459774653,-3.8389820843961244,21.05527454417078
2026-04-04 05:00:00+00:00,19.2675,17.545561298618125,-3.8389820843961244,21.38454338301425
2026-04-04 06:00:00+00:00,16.695,30.46367191393946,-3.8389820843961244,34.302653998335586
2026-04-04 07:00:00+00:00,6.6,23.59738373804435,-3.8389820843961244,27.436365822440475
2026-04-04 08:00:00+00:00,1.81,12.412243886156675,-3.8389820843961244,16.2512259705528
2026-04-04 09:00:00+00:00,-0.01,-7.826736300739534,-3.8389820843961244,-3.9877542163434097
2026-04-04 10:00:00+00:00,-0.2475,-4.805284338581343,-3.8389820843961244,-0.9663022541852184
2026-04-04 11:00:00+00:00,-0.035,-8.618592268230756,-3.8389820843961244,-4.779610183834632
2026-04-04 12:00:00+00:00,-0.0175,-7.237743847429718,-3.8389820843961244,-3.398761763033594
2026-04-04 13:00:00+00:00,0.025,-6.489855284413437,-3.8389820843961244,-2.6508732000173127
2026-04-04 14:00:00+00:00,10.69,5.338883745924129,-3.8389820843961244,9.177865830320254
2026-04-04 15:00:00+00:00,62.735,45.29439143116714,-3.8389820843961244,49.133373515563264
2026-04-04 16:00:00+00:00,109.595,104.22326033117872,-3.8389820843961244,108.06224241557484
2026-04-04 17:00:00+00:00,149.8725,123.13596981654128,-3.8389820843961244,126.9749519009374
2026-04-04 18:00:00+00:00,135.74,132.35780194782004,-3.8389820843961244,136.19678403221616
2026-04-04 19:00:00+00:00,103.8375,109.03252508097655,-3.8389820843961244,112.87150716537268
2026-04-04 20:00:00+00:00,76.8075,98.76397986689722,-3.8389820843961244,102.60296195129334
2026-04-04 21:00:00+00:00,41.8325,61.48824756462742,-3.8389820843961244,65.32722964902355
2026-04-04 22:00:00+00:00,1.0575,29.5509983062438,-3.6393597376383817,33.190358043882185
2026-04-04 23:00:00+00:00,-0.005,22.403877969690228,-3.6393597376383817,26.04323770732861
2026-04-05 00:00:00+00:00,-0.3625,15.3270497943048,-3.6393597376383817,18.96640953194318
2026-04-05 01:00:00+00:00,-1.2075,3.139719408619275,-3.6393597376383817,6.779079146257656
2026-04-05 02:00:00+00:00,-1.6175,-2.855744657585939,-3.6393597376383817,0.7836150800524426
2026-04-05 03:00:00+00:00,-2.0425,-3.6320297548808016,-3.6393597376383817,0.007329982757580122
2026-04-05 04:00:00+00:00,-2.995,-5.816532057902982,-3.6393597376383817,-2.1771723202646
2026-04-05 05:00:00+00:00,-1.29,2.0640539128909245,-3.6393597376383817,5.703413650529306
2026-04-05 06:00:00+00:00,-2.4299999999999997,1.5128474738255495,-3.6393597376383817,5.1522072114639315
2026-04-05 07:00:00+00:00,-10.5575,-2.657553451269976,-3.6393597376383817,0.9818062863684056
2026-04-05 08:00:00+00:00,-39.9675,-5.867876673172341,-3.6393597376383817,-2.228516935533959
2026-04-05 09:00:00+00:00,-71.3425,-7.52931980666587,-3.6393597376383817,-3.8899600690274885
2026-04-05 10:00:00+00:00,-84.9525,-17.2888730596481,-3.6393597376383817,-13.64951332200972
2026-04-05 11:00:00+00:00,-105.175,-15.444221448984642,-3.6393597376383817,-11.80486171134626
2026-04-05 12:00:00+00:00,-98.705,-21.949613971445103,-3.6393597376383817,-18.31025423380672
2026-04-05 13:00:00+00:00,-66.9075,-19.222825162832407,-3.6393597376383817,-15.583465425194026
2026-04-05 14:00:00+00:00,-29.98,-9.768953369865963,-3.6393597376383817,-6.129593632227582
2026-04-05 15:00:00+00:00,-6.5875,-3.8623991841790386,-3.6393597376383817,-0.22303944654065688
2026-04-05 16:00:00+00:00,-0.1025,27.668060239063763,-3.6393597376383817,31.307419976702146
2026-04-05 17:00:00+00:00,20.0425,56.16255058711089,-3.6393597376383817,59.80191032474927
2026-04-05 18:00:00+00:00,33.35,45.147670788730686,-3.6393597376383817,48.787030526369065
2026-04-05 19:00:00+00:00,30.205,43.84743718519099,-3.6393597376383817,47.48679692282937
2026-04-05 20:00:00+00:00,30.3775,24.127986990989413,-3.6393597376383817,27.767346728627796
2026-04-05 21:00:00+00:00,19.0225,8.57658097080742,-3.6393597376383817,12.215940708445801
2026-04-05 22:00:00+00:00,3.24,20.85348644246036,-3.38625732406634,24.239743766526697
2026-04-05 23:00:00+00:00,1.985,16.987206841061433,-3.38625732406634,20.37346416512777
2026-04-06 00:00:00+00:00,1.04,13.364509058698909,-3.38625732406634,16.75076638276525
2026-04-06 01:00:00+00:00,1.36,19.52510216246707,-3.38625732406634,22.91135948653341
2026-04-06 02:00:00+00:00,1.06,22.97775938750418,-3.38625732406634,26.364016711570518
2026-04-06 03:00:00+00:00,2.11,25.087924195255425,-3.38625732406634,28.474181519321764
2026-04-06 04:00:00+00:00,1.985,33.099277829379346,-3.38625732406634,36.48553515344569
2026-04-06 05:00:00+00:00,1.3325,42.52841198794499,-3.38625732406634,45.914669312011334
2026-04-06 06:00:00+00:00,-0.9425,50.78050463384787,-3.38625732406634,54.16676195791421
2026-04-06 07:00:00+00:00,-11.105,21.50388916356173,-3.38625732406634,24.89014648762807
2026-04-06 08:00:00+00:00,-26.0025,1.9875122586500424,-3.38625732406634,5.373769582716383
2026-04-06 09:00:00+00:00,-59.760000000000005,-12.518980485441102,-3.38625732406634,-9.132723161374761
2026-04-06 10:00:00+00:00,-79.515,-17.831985249921136,-3.38625732406634,-14.445727925854795
2026-04-06 11:00:00+00:00,-125.6375,-28.596414988677896,-3.38625732406634,-25.210157664611557
2026-04-06 12:00:00+00:00,-123.535,-32.80156148984412,-3.38625732406634,-29.41530416577778
2026-04-06 13:00:00+00:00,-84.6175,-24.70307238734792,-3.38625732406634,-21.31681506328158
2026-04-06 14:00:00+00:00,-28.72,-13.097225074346763,-3.38625732406634,-9.710967750280423
2026-04-06 15:00:00+00:00,-5.609999999999999,11.066389982262972,-3.38625732406634,14.452647306329313
2026-04-06 16:00:00+00:00,48.625,57.53700540334478,-3.38625732406634,60.92326272741112
2026-04-06 17:00:00+00:00,107.6875,103.97341619901172,-3.38625732406634,107.35967352307806
2026-04-06 18:00:00+00:00,116.005,123.01191051809788,-3.38625732406634,126.39816784216421
2026-04-06 19:00:00+00:00,109.2225,103.89613085628932,-3.38625732406634,107.28238818035565
2026-04-06 20:00:00+00:00,113.8475,96.28844692231276,-3.38625732406634,99.6747042463791
2026-04-06 21:00:00+00:00,108.805,91.84872276990852,-3.38625732406634,95.23498009397485
2026-04-06 22:00:00+00:00,106.4,92.12027394718932,-2.924927195569579,95.0452011427589
2026-04-06 23:00:00+00:00,101.295,87.72070905449247,-2.924927195569579,90.64563625006205
2026-04-07 00:00:00+00:00,101.6475,88.2974123779954,-2.924927195569579,91.22233957356498
2026-04-07 01:00:00+00:00,102.28,88.18059292053896,-2.924927195569579,91.10552011610854
2026-04-07 02:00:00+00:00,105.135,89.2922775410023,-2.924927195569579,92.21720473657189
2026-04-07 03:00:00+00:00,117.7675,97.58578417830324,-2.924927195569579,100.51071137387282
2026-04-07 04:00:00+00:00,143.9125,125.52206968796024,-2.924927195569579,128.4469968835298
2026-04-07 05:00:00+00:00,178.2625,134.79513260009014,-2.924927195569579,137.72005979565972
2026-04-07 06:00:00+00:00,127.8575,129.40640076549874,-2.924927195569579,132.33132796106833
2026-04-07 07:00:00+00:00,81.8025,85.4113367521697,-2.924927195569579,88.33626394773928
2026-04-07 08:00:00+00:00,24.8875,44.61912625424053,-2.924927195569579,47.54405344981011
2026-04-07 09:00:00+00:00,-0.0074999999999999,12.798604432127018,-2.924927195569579,15.723531627696596
2026-04-07 10:00:00+00:00,-3.01,-1.0963020291328205,-2.924927195569579,1.8286251664367585
2026-04-07 11:00:00+00:00,-11.2875,-7.081735908037099,-2.924927195569579,-4.1568087124675195
2026-04-07 12:00:00+00:00,-11.23,-6.05607432770839,-2.924927195569579,-3.131147132138811
2026-04-07 13:00:00+00:00,-4.205,2.1715707562901354,-2.924927195569579,5.096497951859714
2026-04-07 14:00:00+00:00,3.8,39.60368967847183,-2.924927195569579,42.52861687404141
2026-04-07 15:00:00+00:00,79.9025,73.0006593690288,-2.924927195569579,75.92558656459838
2026-04-07 16:00:00+00:00,137.995,123.26860322361956,-2.924927195569579,126.19353041918914
2026-04-07 17:00:00+00:00,194.0275,162.92715913419246,-2.924927195569579,165.85208632976205
2026-04-07 18:00:00+00:00,188.8825,153.0707828382129,-2.924927195569579,155.99571003378247
2026-04-07 19:00:00+00:00,144.0025,129.80712462833722,-2.924927195569579,132.7320518239068
2026-04-07 20:00:00+00:00,129.01,124.30463016860855,-2.924927195569579,127.22955736417813
2026-04-07 21:00:00+00:00,118.2,111.08467878132628,-2.924927195569579,114.00960597689586
2026-04-07 22:00:00+00:00,107.17,101.99454020789652,-3.027246349997205,105.02178655789372
2026-04-07 23:00:00+00:00,102.21,97.77509978371336,-3.027246349997205,100.80234613371056
2026-04-08 00:00:00+00:00,100.82,94.2353970184014,-3.027246349997205,97.2626433683986
2026-04-08 01:00:00+00:00,103.4975,97.86272191471576,-3.027246349997205,100.88996826471296
2026-04-08 02:00:00+00:00,107.5125,100.12382982881591,-3.027246349997205,103.15107617881311
2026-04-08 03:00:00+00:00,116.9275,111.57846470990091,-3.027246349997205,114.60571105989811
2026-04-08 04:00:00+00:00,149.79500000000002,113.81516747993464,-3.027246349997205,116.84241382993184
2026-04-08 05:00:00+00:00,168.7975,134.93992512334802,-3.027246349997205,137.96717147334522
2026-04-08 06:00:00+00:00,138.5075,120.80252881214534,-3.027246349997205,123.82977516214254
2026-04-08 07:00:00+00:00,97.45,70.08877975680153,-3.027246349997205,73.11602610679873
2026-04-08 08:00:00+00:00,51.12,11.855790116774092,-3.027246349997205,14.883036466771296
2026-04-08 09:00:00+00:00,-0.0499999999999998,-16.388437992842725,-3.027246349997205,-13.36119164284552
2026-04-08 10:00:00+00:00,-18.8275,-30.004084789234707,-3.027246349997205,-26.9768384392375
2026-04-08 11:00:00+00:00,-32.78,-39.330649558212265,-3.027246349997205,-36.30340320821506
2026-04-08 12:00:00+00:00,-29.735,-39.03274185195906,-3.027246349997205,-36.00549550196185
2026-04-08 13:00:00+00:00,-13.155,-23.784832390689104,-3.027246349997205,-20.757586040691898
2026-04-08 14:00:00+00:00,13.3525,3.1443344998294207,-3.027246349997205,6.171580849826626
2026-04-08 15:00:00+00:00,91.875,79.15051955737692,-3.027246349997205,82.17776590737412
2026-04-08 16:00:00+00:00,134.2475,127.42238880944196,-3.027246349997205,130.44963515943917
2026-04-08 17:00:00+00:00,170.0075,138.3313530011015,-3.027246349997205,141.3585993510987
2026-04-08 18:00:00+00:00,160.5525,139.18896210095002,-3.027246349997205,142.21620845094722
2026-04-08 19:00:00+00:00,137.10250000000002,120.7007700422714,-3.027246349997205,123.7280163922686
2026-04-08 20:00:00+00:00,121.3925,112.50001478344646,-3.027246349997205,115.52726113344366
2026-04-08 21:00:00+00:00,109.475,101.518902739747,-3.027246349997205,104.5461490897442
2026-04-08 22:00:00+00:00,104.8975,99.66631862128033,-3.432416294146593,103.09873491542692
2026-04-08 23:00:00+00:00,101.1025,96.4756500962474,-3.432416294146593,99.908066390394
2026-04-09 00:00:00+00:00,101.095,94.72062898442968,-3.432416294146593,98.15304527857627
2026-04-09 01:00:00+00:00,101.8625,94.20316000070189,-3.432416294146593,97.63557629484848
2026-04-09 02:00:00+00:00,105.1,96.24469216529316,-3.432416294146593,99.67710845943975
2026-04-09 03:00:00+00:00,115.8725,105.07803921664431,-3.432416294146593,108.5104555107909
2026-04-09 04:00:00+00:00,135.29500000000002,137.01631161938445,-3.432416294146593,140.44872791353106
2026-04-09 05:00:00+00:00,146.6,150.48320456951842,-3.432416294146593,153.91562086366503
2026-04-09 06:00:00+00:00,128.09,130.4712584663391,-3.432416294146593,133.9036747604857
2026-04-09 07:00:00+00:00,99.675,92.83007403631343,-3.432416294146593,96.26249033046003
2026-04-09 08:00:00+00:00,54.9975,44.30903252294848,-3.432416294146593,47.74144881709507
2026-04-09 09:00:00+00:00,1.2075,-5.5691773202775,-3.432416294146593,-2.136761026130907
2026-04-09 10:00:00+00:00,-1.03,-14.470462466752052,-3.432416294146593,-11.038046172605458
2026-04-09 11:00:00+00:00,-7.865,-26.963831571380258,-3.432416294146593,-23.531415277233663
2026-04-09 12:00:00+00:00,-8.1375,-22.66861484125052,-3.432416294146593,-19.236198547103925
2026-04-09 13:00:00+00:00,-1.3025,-16.09192151298577,-3.432416294146593,-12.659505218839177
2026-04-09 14:00:00+00:00,27.08,13.132931650051724,-3.432416294146593,16.565347944198315
2026-04-09 15:00:00+00:00,82.5275,72.51561780677682,-3.432416294146593,75.94803410092341
2026-04-09 16:00:00+00:00,115.355,126.08972829995288,-3.432416294146593,129.52214459409947
2026-04-09 17:00:00+00:00,137.1675,150.58324547022136,-3.432416294146593,154.01566176436796
2026-04-09 18:00:00+00:00,127.325,150.29547732373143,-3.432416294146593,153.72789361787804
2026-04-09 19:00:00+00:00,110.95,133.36251344131824,-3.432416294146593,136.79492973546485
2026-04-09 20:00:00+00:00,100.23,122.64306578122007,-3.432416294146593,126.07548207536666
2026-04-09 21:00:00+00:00,81.05250000000001,97.74068424414163,-3.432416294146593,101.17310053828822
2026-04-09 22:00:00+00:00,81.88,90.16042860777463,-3.5036545943420467,93.66408320211669
2026-04-09 23:00:00+00:00,79.32,86.02065851814478,-3.5036545943420467,89.52431311248684
2026-04-10 00:00:00+00:00,78.83,82.80247462914929,-3.5036545943420467,86.30612922349134
2026-04-10 01:00:00+00:00,78.5525,83.207425296571,-3.5036545943420467,86.71107989091306
2026-04-10 02:00:00+00:00,81.1225,85.72479938161725,-3.5036545943420467,89.2284539759593
2026-04-10 03:00:00+00:00,88.7675,95.98077572155508,-3.5036545943420467,99.48443031589713
2026-04-10 04:00:00+00:00,112.1575,112.16239982630776,-3.5036545943420467,115.66605442064981
2026-04-10 05:00:00+00:00,126.4375,130.1015731388636,-3.5036545943420467,133.60522773320565
2026-04-10 06:00:00+00:00,123.16,136.36757130276104,-3.5036545943420467,139.87122589710307
2026-04-10 07:00:00+00:00,119.265,117.66681021630936,-3.5036545943420467,121.17046481065141
2026-04-10 08:00:00+00:00,109.84,91.36530158864338,-3.5036545943420467,94.86895618298543
2026-04-10 09:00:00+00:00,102.99,74.33979408354811,-3.5036545943420467,77.84344867789017
2026-04-10 10:00:00+00:00,92.09,61.84112772283941,-3.5036545943420467,65.34478231718145
2026-04-10 11:00:00+00:00,88.9375,54.36314161370416,-3.5036545943420467,57.8667962080462
2026-04-10 12:00:00+00:00,87.4,55.464861814752624,-3.5036545943420467,58.96851640909467
2026-04-10 13:00:00+00:00,94.0175,58.271177785961,-3.5036545943420467,61.774832380303046
2026-04-10 14:00:00+00:00,108.78,74.89670056004113,-3.5036545943420467,78.40035515438318
2026-04-10 15:00:00+00:00,130.1025,99.06363389061548,-3.5036545943420467,102.56728848495753
2026-04-10 16:00:00+00:00,155.29,159.12612360188606,-3.5036545943420467,162.6297781962281
2026-04-10 17:00:00+00:00,227.7675,199.2254870254046,-3.5036545943420467,202.72914161974663
2026-04-10 18:00:00+00:00,245.115,170.27525289695285,-3.5036545943420467,173.7789074912949
2026-04-10 19:00:00+00:00,176.4775,161.8369407836911,-3.5036545943420467,165.34059537803313
2026-04-10 20:00:00+00:00,149.305,148.363665022137,-3.5036545943420467,151.86731961647905
2026-04-10 21:00:00+00:00,131.96,120.94140264451931,-3.5036545943420467,124.44505723886137
2026-04-10 22:00:00+00:00,134.015,117.3050627588539,-3.6550071882721884,120.96006994712609
2026-04-10 23:00:00+00:00,120.6325,111.50382094056746,-3.6550071882721884,115.15882812883966
2026-04-11 00:00:00+00:00,114.3825,109.78510514587792,-3.6550071882721884,113.44011233415011
2026-04-11 01:00:00+00:00,112.35,105.0775148566672,-3.6550071882721884,108.73252204493939
2026-04-11 02:00:00+00:00,110.8375,103.66453028138518,-3.6550071882721884,107.31953746965738
2026-04-11 03:00:00+00:00,108.36,103.16998370710571,-3.6550071882721884,106.82499089537791
2026-04-11 04:00:00+00:00,106.605,108.4388879303826,-3.6550071882721884,112.0938951186548
2026-04-11 05:00:00+00:00,93.2375,96.31818863107588,-3.6550071882721884,99.97319581934808
2026-04-11 06:00:00+00:00,69.61,53.203519669456085,-3.6550071882721884,56.85852685772827
2026-04-11 07:00:00+00:00,21.57,13.852647280777004,-3.6550071882721884,17.507654469049193
2026-04-11 08:00:00+00:00,-0.1574999999999997,-2.66703697651277,-3.6550071882721884,0.9879702117594182
2026-04-11 09:00:00+00:00,-8.307500000000001,-14.924026507446676,-3.6550071882721884,-11.269019319174488
2026-04-11 10:00:00+00:00,-40.2525,-30.465369245235394,-3.6550071882721884,-26.810362056963207
2026-04-11 11:00:00+00:00,-79.965,-35.809588069856034,-3.6550071882721884,-32.15458088158385
2026-04-11 12:00:00+00:00,-77.635,-32.959169303533336,-3.6550071882721884,-29.30416211526115
2026-04-11 13:00:00+00:00,-45.8275,-22.722590330659497,-3.6550071882721884,-19.067583142387306
2026-04-11 14:00:00+00:00,-15.7975,2.839767501723072,-3.6550071882721884,6.4947746899952605
2026-04-11 15:00:00+00:00,-0.7149999999999999,16.495851776298693,-3.6550071882721884,20.15085896457088
2026-04-11 16:00:00+00:00,43.697500000000005,47.94803930979365,-3.6550071882721884,51.60304649806584
2026-04-11 17:00:00+00:00,73.8175,72.60570811637706,-3.6550071882721884,76.26071530464925
2026-04-11 18:00:00+00:00,74.7875,58.024773179366335,-3.6550071882721884,61.67978036763852
2026-04-11 19:00:00+00:00,65.2325,42.09497947276823,-3.6550071882721884,45.74998666104042
2026-04-11 20:00:00+00:00,68.6275,57.44431424398659,-3.6550071882721884,61.099321432258776
2026-04-11 21:00:00+00:00,68.625,57.14080907912662,-3.6550071882721884,60.795816267398806
2026-04-11 22:00:00+00:00,72.52250000000001,58.37990595901691,-3.739432712942651,62.11933867195956
2026-04-11 23:00:00+00:00,76.57249999999999,49.853317875079,-3.739432712942651,53.59275058802165
2026-04-12 00:00:00+00:00,80.4225,59.10296719097517,-3.739432712942651,62.84239990391782
2026-04-12 01:00:00+00:00,85.26,65.2461004196532,-3.739432712942651,68.98553313259585
2026-04-12 02:00:00+00:00,95.1025,78.7882715907251,-3.739432712942651,82.52770430366775
2026-04-12 03:00:00+00:00,98.05,88.52807570635535,-3.739432712942651,92.267508419298
2026-04-12 04:00:00+00:00,98.7,88.52313417745634,-3.739432712942651,92.26256689039899
2026-04-12 05:00:00+00:00,94.3175,84.86092163778537,-3.739432712942651,88.60035435072801
2026-04-12 06:00:00+00:00,76.10249999999999,92.88074449507124,-3.739432712942651,96.62017720801389
2026-04-12 07:00:00+00:00,53.3225,82.80701109937702,-3.739432712942651,86.54644381231967
2026-04-12 08:00:00+00:00,30.2325,67.41319139250633,-3.739432712942651,71.15262410544898
2026-04-12 09:00:00+00:00,22.415,47.91754354742111,-3.739432712942651,51.65697626036376
2026-04-12 10:00:00+00:00,14.975,22.415225640199615,-3.739432712942651,26.154658353142267
2026-04-12 11:00:00+00:00,1.97,-1.9805992559663164,-3.739432712942651,1.7588334569763346
2026-04-12 12:00:00+00:00,4.625,7.1305773494251765,-3.739432712942651,10.870010062367827
2026-04-12 13:00:00+00:00,15.905,35.297750597638064,-3.739432712942651,39.037183310580716
2026-04-12 14:00:00+00:00,67.55,80.61151296152364,-3.739432712942651,84.35094567446629
2026-04-12 15:00:00+00:00,110.1775,89.04035144380684,-3.739432712942651,92.77978415674949
2026-04-12 16:00:00+00:00,135.3875,99.47781080208226,-3.739432712942651,103.2172435150249
2026-04-12 17:00:00+00:00,144.765,117.52305730867045,-3.739432712942651,121.26249002161309
2026-04-12 18:00:00+00:00,146.8025,125.8334563923519,-3.739432712942651,129.57288910529456
2026-04-12 19:00:00+00:00,136.73250000000002,119.074737893788,-3.739432712942651,122.81417060673064
2026-04-12 20:00:00+00:00,130.6075,119.84741473016544,-3.739432712942651,123.58684744310808
2026-04-12 21:00:00+00:00,121.0175,114.74085672666462,-3.739432712942651,118.48028943960726
2026-04-12 22:00:00+00:00,116.5425,114.6513237292298,-3.911851688263329,118.56317541749313
2026-04-12 23:00:00+00:00,109.795,104.0022251379184,-3.911851688263329,107.91407682618173
2026-04-13 00:00:00+00:00,107.315,102.89431818075526,-3.911851688263329,106.80616986901859
2026-04-13 01:00:00+00:00,107.59,100.35610044712696,-3.911851688263329,104.26795213539029
2026-04-13 02:00:00+00:00,110.02,107.23413536145527,-3.911851688263329,111.1459870497186
2026-04-13 03:00:00+00:00,119.0725,112.43986639429988,-3.911851688263329,116.35171808256321
2026-04-13 04:00:00+00:00,136.115,129.407194082166,-3.911851688263329,133.31904577042934
2026-04-13 05:00:00+00:00,145.12,135.92187744469078,-3.911851688263329,139.83372913295412
2026-04-13 06:00:00+00:00,173.88,120.53619377051535,-3.911851688263329,124.44804545877868
2026-04-13 07:00:00+00:00,160.965,107.05382284314972,-3.911851688263329,110.96567453141304
2026-04-13 08:00:00+00:00,138.63,97.98314142260024,-3.911851688263329,101.89499311086357
2026-04-13 09:00:00+00:00,116.0,90.96364003220228,-3.911851688263329,94.8754917204656
2026-04-13 10:00:00+00:00,104.735,85.09300547846395,-3.911851688263329,89.00485716672728
2026-04-13 11:00:00+00:00,97.3925,76.15800727432865,-3.911851688263329,80.06985896259198
2026-04-13 12:00:00+00:00,101.695,71.72497957204645,-3.911851688263329,75.63683126030978
2026-04-13 13:00:00+00:00,104.6375,78.78591575495062,-3.911851688263329,82.69776744321395
2026-04-13 14:00:00+00:00,114.5975,76.90934312716401,-3.911851688263329,80.82119481542733
2026-04-13 15:00:00+00:00,130.3775,106.58758693163333,-3.911851688263329,110.49943861989665
2026-04-13 16:00:00+00:00,148.2,128.15735626875747,-3.911851688263329,132.0692079570208
2026-04-13 17:00:00+00:00,164.5225,124.92661710288478,-3.911851688263329,128.8384687911481
2026-04-13 18:00:00+00:00,156.61,112.5786098060777,-3.911851688263329,116.49046149434102
2026-04-13 19:00:00+00:00,139.0475,108.5912510689705,-3.911851688263329,112.50310275723382
2026-04-13 20:00:00+00:00,129.76,106.77781669374625,-3.911851688263329,110.68966838200957
2026-04-13 21:00:00+00:00,122.6275,105.79197669693473,-3.911851688263329,109.70382838519805
2026-04-13 22:00:00+00:00,116.0625,106.75837362796835,-4.400588001328941,111.1589616292973
2026-04-13 23:00:00+00:00,113.665,101.53081949958693,-4.400588001328941,105.93140750091587
2026-04-14 00:00:00+00:00,114.99,101.28503870139082,-4.400588001328941,105.68562670271976
2026-04-14 01:00:00+00:00,113.385,100.45742861303144,-4.400588001328941,104.85801661436038
2026-04-14 02:00:00+00:00,114.68,104.69123085204502,-4.400588001328941,109.09181885337397
2026-04-14 03:00:00+00:00,118.1475,117.1567266276021,-4.400588001328941,121.55731462893104
2026-04-14 04:00:00+00:00,138.72,127.30934152398804,-4.400588001328941,131.70992952531697
2026-04-14 05:00:00+00:00,163.0225,140.1503930225128,-4.400588001328941,144.55098102384173
2026-04-14 06:00:00+00:00,164.495,157.4672072806804,-4.400588001328941,161.86779528200935
2026-04-14 07:00:00+00:00,144.32999999999998,148.98161199098905,-4.400588001328941,153.382199992318
2026-04-14 08:00:00+00:00,128.82999999999998,131.8011910231192,-4.400588001328941,136.20177902444814
2026-04-14 09:00:00+00:00,117.3325,110.24450938402728,-4.400588001328941,114.64509738535622
2026-04-14 10:00:00+00:00,109.5075,99.3322842264209,-4.400588001328941,103.73287222774984
2026-04-14 11:00:00+00:00,104.7,87.0567144889042,-4.400588001328941,91.45730249023315
2026-04-14 12:00:00+00:00,108.91,93.91225943208867,-4.400588001328941,98.31284743341762
2026-04-14 13:00:00+00:00,115.5675,92.72036342355013,-4.400588001328941,97.12095142487907
2026-04-14 14:00:00+00:00,121.695,104.43200889551332,-4.400588001328941,108.83259689684226
2026-04-14 15:00:00+00:00,137.4375,122.5697654044122,-4.400588001328941,126.97035340574114
2026-04-14 16:00:00+00:00,160.015,158.90210673567756,-4.400588001328941,163.3026947370065
2026-04-14 17:00:00+00:00,224.7525,263.81033135370325,-4.400588001328941,268.21091935503216
2026-04-14 18:00:00+00:00,234.27749999999995,229.3431385979131,-4.400588001328941,233.74372659924205
2026-04-14 19:00:00+00:00,165.9475,173.30969273997343,-4.400588001328941,177.71028074130237
2026-04-14 20:00:00+00:00,148.2575,157.53997602864277,-4.400588001328941,161.9405640299717
2026-04-14 21:00:00+00:00,135.37,141.19217813753832,-4.400588001328941,145.59276613886726
2026-04-14 22:00:00+00:00,121.6,136.1143730621136,-4.626165647708726,140.74053870982232
2026-04-14 23:00:00+00:00,116.4575,137.3087890273087,-4.626165647708726,141.93495467501742
2026-04-15 00:00:00+00:00,111.7675,123.45711539478206,-4.626165647708726,128.0832810424908
2026-04-15 01:00:00+00:00,110.0175,115.10163012544932,-4.626165647708726,119.72779577315805
2026-04-15 02:00:00+00:00,110.8425,114.23426383553613,-4.626165647708726,118.86042948324486
2026-04-15 03:00:00+00:00,123.18,121.41029015100904,-4.626165647708726,126.03645579871777
2026-04-15 04:00:00+00:00,148.44,152.21936184238513,-4.626165647708726,156.84552749009384
2026-04-15 05:00:00+00:00,159.5525,162.7242316485146,-4.626165647708726,167.35039729622332
2026-04-15 06:00:00+00:00,140.1,152.21169024806554,-4.626165647708726,156.83785589577425
2026-04-15 07:00:00+00:00,116.32,119.95548667313768,-4.626165647708726,124.58165232084642
2026-04-15 08:00:00+00:00,100.8025,92.76828516288327,-4.626165647708726,97.394450810592
2026-04-15 09:00:00+00:00,78.94,73.3955713675275,-4.626165647708726,78.02173701523623
2026-04-15 10:00:00+00:00,58.3175,61.84880603683547,-4.626165647708726,66.4749716845442
2026-04-15 11:00:00+00:00,50.2325,62.785074500075375,-4.626165647708726,67.4112401477841
2026-04-15 12:00:00+00:00,67.25750000000001,75.28399623512847,-4.626165647708726,79.9101618828372
2026-04-15 13:00:00+00:00,81.4925,97.54906807593557,-4.626165647708726,102.1752337236443
2026-04-15 14:00:00+00:00,99.255,109.95818305927936,-4.626165647708726,114.5843487069881
2026-04-15 15:00:00+00:00,124.84,131.90188078763956,-4.626165647708726,136.52804643534827
2026-04-15 16:00:00+00:00,141.9,159.7541806518331,-4.626165647708726,164.38034629954183
2026-04-15 17:00:00+00:00,180.07999999999998,249.6120603537636,-4.626165647708726,254.23822600147233
2026-04-15 18:00:00+00:00,180.8,199.76100581067453,-4.626165647708726,204.38717145838325
2026-04-15 19:00:00+00:00,148.07999999999998,146.8100777247003,-4.626165647708726,151.43624337240902
2026-04-15 20:00:00+00:00,132.685,128.81687889762932,-4.626165647708726,133.44304454533804
2026-04-15 21:00:00+00:00,117.77,123.330892063125,-4.626165647708726,127.95705771083374
2026-04-15 22:00:00+00:00,106.215,113.35708135570049,-4.551329755499292,117.90841111119978
2026-04-15 23:00:00+00:00,101.3975,109.04909621156388,-4.551329755499292,113.60042596706317
2026-04-16 00:00:00+00:00,99.595,105.58769315448124,-4.551329755499292,110.13902290998054
2026-04-16 01:00:00+00:00,98.365,103.82397153449242,-4.551329755499292,108.37530128999171
2026-04-16 02:00:00+00:00,100.9025,106.91855137248216,-4.551329755499292,111.46988112798145
2026-04-16 03:00:00+00:00,110.605,118.48211613095306,-4.551329755499292,123.03344588645236
2026-04-16 04:00:00+00:00,139.475,128.7834250987794,-4.551329755499292,133.33475485427869
2026-04-16 05:00:00+00:00,145.02249999999998,146.6404425568338,-4.551329755499292,151.1917723123331
2026-04-16 06:00:00+00:00,133.635,135.80769165828497,-4.551329755499292,140.35902141378426
2026-04-16 07:00:00+00:00,110.195,121.92374953555527,-4.551329755499292,126.47507929105457
2026-04-16 08:00:00+00:00,96.3525,98.99908368407756,-4.551329755499292,103.55041343957686
2026-04-16 09:00:00+00:00,75.6725,74.83178211771228,-4.551329755499292,79.38311187321158
2026-04-16 10:00:00+00:00,60.5125,61.4874241514892,-4.551329755499292,66.03875390698849
2026-04-16 11:00:00+00:00,45.7675,45.590497400164544,-4.551329755499292,50.14182715566383
2026-04-16 12:00:00+00:00,53.9725,43.605093553164,-4.551329755499292,48.15642330866329
2026-04-16 13:00:00+00:00,70.87,65.88703868680892,-4.551329755499292,70.43836844230822
2026-04-16 14:00:00+00:00,89.7575,86.0155265334217,-4.551329755499292,90.566856288921
2026-04-16 15:00:00+00:00,111.555,111.80640459197456,-4.551329755499292,116.35773434747385
2026-04-16 16:00:00+00:00,131.145,132.1223811081663,-4.551329755499292,136.6737108636656
2026-04-16 17:00:00+00:00,166.9275,158.64930725170086,-4.551329755499292,163.20063700720016
2026-04-16 18:00:00+00:00,187.3175,177.59646807577914,-4.551329755499292,182.14779783127844
2026-04-16 19:00:00+00:00,155.01,145.18746057969545,-4.551329755499292,149.73879033519475
2026-04-16 20:00:00+00:00,138.76,126.75648751225512,-4.551329755499292,131.30781726775442
2026-04-16 21:00:00+00:00,127.3625,130.64673669015386,-4.551329755499292,135.19806644565315
2026-04-16 22:00:00+00:00,121.7725,109.8198249537665,-4.4649078447146415,114.28473279848114
2026-04-16 23:00:00+00:00,115.5225,108.38963454133592,-4.4649078447146415,112.85454238605057
2026-04-17 00:00:00+00:00,112.5325,104.59830176034734,-4.4649078447146415,109.06320960506199
2026-04-17 01:00:00+00:00,108.5125,103.78034089321469,-4.4649078447146415,108.24524873792933
2026-04-17 02:00:00+00:00,111.4675,110.0923475085261,-4.4649078447146415,114.55725535324075
2026-04-17 03:00:00+00:00,120.1925,122.32268150116644,-4.4649078447146415,126.78758934588109
2026-04-17 04:00:00+00:00,146.5675,160.1596440210128,-4.4649078447146415,164.62455186572745
2026-04-17 05:00:00+00:00,148.555,140.07467235197257,-4.4649078447146415,144.5395801966872
2026-04-17 06:00:00+00:00,127.1575,124.85960597445693,-4.4649078447146415,129.32451381917156
2026-04-17 07:00:00+00:00,101.9025,95.4804873739016,-4.4649078447146415,99.94539521861624
2026-04-17 08:00:00+00:00,90.7825,70.51895332278688,-4.4649078447146415,74.98386116750153
2026-04-17 09:00:00+00:00,57.88,46.13316822506204,-4.4649078447146415,50.59807606977668
2026-04-17 10:00:00+00:00,30.87,32.81632597324341,-4.4649078447146415,37.281233817958054
2026-04-17 11:00:00+00:00,26.445,26.052099722486325,-4.4649078447146415,30.517007567200967
2026-04-17 12:00:00+00:00,31.3725,35.08029842130838,-4.4649078447146415,39.545206266023015
2026-04-17 13:00:00+00:00,59.9975,70.33546601662158,-4.4649078447146415,74.80037386133623
2026-04-17 14:00:00+00:00,81.82,85.45586592576764,-4.4649078447146415,89.92077377048228
2026-04-17 15:00:00+00:00,102.31,115.35717117301276,-4.4649078447146415,119.8220790177274
2026-04-17 16:00:00+00:00,126.755,144.1872732087702,-4.4649078447146415,148.65218105348484
2026-04-17 17:00:00+00:00,157.405,182.46605214206943,-4.4649078447146415,186.93095998678407
2026-04-17 18:00:00+00:00,157.1125,191.36122379127343,-4.4649078447146415,195.82613163598808
2026-04-17 19:00:00+00:00,138.0075,134.5690913317669,-4.4649078447146415,139.03399917648156
2026-04-17 20:00:00+00:00,123.93,134.36584377459826,-4.4649078447146415,138.8307516193129
2026-04-17 21:00:00+00:00,112.71,119.10177589845732,-4.4649078447146415,123.56668374317196
2026-04-17 22:00:00+00:00,116.245,120.18623954863828,-4.421862855713717,124.608102404352
2026-04-17 23:00:00+00:00,110.8775,112.0386330787288,-4.421862855713717,116.4604959344425
2026-04-18 00:00:00+00:00,109.6625,109.12384596123552,-4.421862855713717,113.54570881694923
2026-04-18 01:00:00+00:00,107.695,108.70492290944976,-4.421862855713717,113.12678576516348
2026-04-18 02:00:00+00:00,108.8725,108.08603535767794,-4.421862855713717,112.50789821339166
2026-04-18 03:00:00+00:00,110.905,110.79193607573605,-4.421862855713717,115.21379893144976
2026-04-18 04:00:00+00:00,110.83,122.66815243173497,-4.421862855713717,127.09001528744868
2026-04-18 05:00:00+00:00,105.7425,114.76376089054206,-4.421862855713717,119.18562374625577
2026-04-18 06:00:00+00:00,92.2875,102.70281902542324,-4.421862855713717,107.12468188113695
2026-04-18 07:00:00+00:00,75.1275,70.04061926253692,-4.421862855713717,74.46248211825063
2026-04-18 08:00:00+00:00,39.567499999999995,36.25202690805077,-4.421862855713717,40.67388976376449
2026-04-18 09:00:00+00:00,3.94,15.38899551711828,-4.421862855713717,19.810858372831998
2026-04-18 10:00:00+00:00,-3.3825000000000003,2.7792621872529515,-4.421862855713717,7.201125042966668
2026-04-18 11:00:00+00:00,-4.08,-1.3553537587671165,-4.421862855713717,3.0665090969466
2026-04-18 12:00:00+00:00,-0.1,2.582519226199393,-4.421862855713717,7.00438208191311
2026-04-18 13:00:00+00:00,18.8975,31.93728425996911,-4.421862855713717,36.35914711568283
2026-04-18 14:00:00+00:00,44.8875,69.554536820936,-4.421862855713717,73.9763996766497
2026-04-18 15:00:00+00:00,90.805,94.83479514373391,-4.421862855713717,99.25665799944763
2026-04-18 16:00:00+00:00,119.595,121.9321578189095,-4.421862855713717,126.35402067462321
2026-04-18 17:00:00+00:00,131.54,147.93916519799404,-4.421862855713717,152.36102805370777
2026-04-18 18:00:00+00:00,144.89,156.83109102916725,-4.421862855713717,161.25295388488098
2026-04-18 19:00:00+00:00,140.29500000000002,147.096181046592,-4.421862855713717,151.51804390230572
2026-04-18 20:00:00+00:00,129.9925,126.94157077241,-4.421862855713717,131.36343362812372
2026-04-18 21:00:00+00:00,125.0,117.72744055954676,-4.421862855713717,122.14930341526048
2026-04-18 22:00:00+00:00,116.56,121.79595884155036,-4.551690155995004,126.34764899754536
2026-04-18 23:00:00+00:00,109.95,114.92172078190129,-4.551690155995004,119.47341093789629
2026-04-19 00:00:00+00:00,109.205,111.37212523275568,-4.551690155995004,115.92381538875068
2026-04-19 01:00:00+00:00,106.3225,107.35952174920185,-4.551690155995004,111.91121190519685
2026-04-19 02:00:00+00:00,105.415,103.82489952650856,-4.551690155995004,108.37658968250356
2026-04-19 03:00:00+00:00,106.55,105.41845458525522,-4.551690155995004,109.97014474125022
2026-04-19 04:00:00+00:00,104.7825,101.18304067358376,-4.551690155995004,105.73473082957877
2026-04-19 05:00:00+00:00,100.0325,94.83862573653354,-4.551690155995004,99.39031589252855
2026-04-19 06:00:00+00:00,96.63,91.08853924858386,-4.551690155995004,95.64022940457886
2026-04-19 07:00:00+00:00,93.8425,89.88312222334358,-4.551690155995004,94.43481237933858
2026-04-19 08:00:00+00:00,71.385,67.72150366151725,-4.551690155995004,72.27319381751225
2026-04-19 09:00:00+00:00,31.985,37.80269222501687,-4.551690155995004,42.354382381011874
2026-04-19 10:00:00+00:00,5.735,11.587130428780966,-4.551690155995004,16.13882058477597
2026-04-19 11:00:00+00:00,-0.8475,0.3430072050433642,-4.551690155995004,4.894697361038369
2026-04-19 12:00:00+00:00,-3.005,-7.691219233149757,-4.551690155995004,-3.1395290771547524
2026-04-19 13:00:00+00:00,-2.255,-7.301555127093607,-4.551690155995004,-2.749864971098603
2026-04-19 14:00:00+00:00,16.02,2.992554487775586,-4.551690155995004,7.54424464377059
2026-04-19 15:00:00+00:00,73.7575,52.09290743427835,-4.551690155995004,56.64459759027336
2026-04-19 16:00:00+00:00,103.855,84.7477894758506,-4.551690155995004,89.2994796318456
2026-04-19 17:00:00+00:00,117.3525,102.09306164455714,-4.551690155995004,106.64475180055214
2026-04-19 18:00:00+00:00,124.1125,116.22825035193232,-4.551690155995004,120.77994050792732
2026-04-19 19:00:00+00:00,121.5475,109.63123464387188,-4.551690155995004,114.18292479986688
2026-04-19 20:00:00+00:00,119.3625,104.41503042366176,-4.551690155995004,108.96672057965677
2026-04-19 21:00:00+00:00,111.2325,98.79150316943463,-4.551690155995004,103.34319332542964
2026-04-19 22:00:00+00:00,106.3075,93.73598331031062,-4.828935553147973,98.56491886345859
2026-04-19 23:00:00+00:00,101.1125,87.44572293606055,-4.828935553147973,92.27465848920852
2026-04-20 00:00:00+00:00,99.0125,87.79104881661766,-4.828935553147973,92.61998436976563
2026-04-20 01:00:00+00:00,99.04,82.44534812139182,-4.828935553147973,87.27428367453979
2026-04-20 02:00:00+00:00,102.3025,84.06018004484432,-4.828935553147973,88.88911559799229
2026-04-20 03:00:00+00:00,111.6,95.6630633464448,-4.828935553147973,100.49199889959277
2026-04-20 04:00:00+00:00,129.385,112.59032683984547,-4.828935553147973,117.41926239299345
2026-04-20 05:00:00+00:00,142.2075,124.41395493736468,-4.828935553147973,129.24289049051265
2026-04-20 06:00:00+00:00,134.32,109.59809491242098,-4.828935553147973,114.42703046556895
2026-04-20 07:00:00+00:00,110.015,89.31651866142863,-4.828935553147973,94.1454542145766
2026-04-20 08:00:00+00:00,90.1975,59.74988142370971,-4.828935553147973,64.57881697685768
2026-04-20 09:00:00+00:00,75.88749999999999,37.147140352276466,-4.828935553147973,41.97607590542444
2026-04-20 10:00:00+00:00,51.182500000000005,15.22814195749876,-4.828935553147973,20.057077510646735
2026-04-20 11:00:00+00:00,32.595,4.469111501173698,-4.828935553147973,9.298047054321671
2026-04-20 12:00:00+00:00,29.57,7.334040000282134,-4.828935553147973,12.162975553430108
2026-04-20 13:00:00+00:00,46.475,15.896386757974318,-4.828935553147973,20.72532231112229
2026-04-20 14:00:00+00:00,78.325,41.61605037495799,-4.828935553147973,46.444985928105964
2026-04-20 15:00:00+00:00,97.245,90.39270314749076,-4.828935553147973,95.22163870063874
2026-04-20 16:00:00+00:00,112.91,111.48180106894534,-4.828935553147973,116.31073662209332
2026-04-20 17:00:00+00:00,123.4075,135.78811153022093,-4.828935553147973,140.6170470833689
2026-04-20 18:00:00+00:00,127.18,132.77175284533013,-4.828935553147973,137.6006883984781
2026-04-20 19:00:00+00:00,121.94,111.52127609882832,-4.828935553147973,116.3502116519763
2026-04-20 20:00:00+00:00,115.9725,105.6473707120748,-4.828935553147973,110.47630626522277
2026-04-20 21:00:00+00:00,106.7925,94.6385452716512,-4.828935553147973,99.46748082479917
2026-04-20 22:00:00+00:00,99.0,95.28517760262544,-5.184167339834694,100.46934494246014
2026-04-20 23:00:00+00:00,98.6425,88.50071960694363,-5.184167339834694,93.68488694677833
2026-04-21 00:00:00+00:00,98.3725,90.76136912618976,-5.184167339834694,95.94553646602446
2026-04-21 01:00:00+00:00,99.075,93.14223365431764,-5.184167339834694,98.32640099415232
2026-04-21 02:00:00+00:00,100.19,96.55606543502256,-5.184167339834694,101.74023277485725
2026-04-21 03:00:00+00:00,108.4475,104.98663539332678,-5.184167339834694,110.17080273316148
2026-04-21 04:00:00+00:00,127.085,126.2129171171489,-5.184167339834694,131.3970844569836
2026-04-21 05:00:00+00:00,135.3275,130.3540684849601,-5.184167339834694,135.53823582479478
2026-04-21 06:00:00+00:00,118.9475,128.3072332067723,-5.184167339834694,133.491400546607
2026-04-21 07:00:00+00:00,97.305,98.16940530611288,-5.184167339834694,103.35357264594757
2026-04-21 08:00:00+00:00,59.895,64.58885445683333,-5.184167339834694,69.77302179666802
2026-04-21 09:00:00+00:00,19.602500000000003,37.17798258563778,-5.184167339834694,42.36214992547247
2026-04-21 10:00:00+00:00,-0.0974999999999999,8.123574031487818,-5.184167339834694,13.307741371322512
2026-04-21 11:00:00+00:00,-1.7525,-4.82932781388112,-5.184167339834694,0.35483952595357415
2026-04-21 12:00:00+00:00,-3.7,-2.440529592621276,-5.184167339834694,2.7436377472134184
2026-04-21 13:00:00+00:00,-1.8625,19.81898926315426,-5.184167339834694,25.003156602988955
2026-04-21 14:00:00+00:00,14.535,60.64266270609249,-5.184167339834694,65.82683004592718
2026-04-21 15:00:00+00:00,69.83,89.51987690467891,-5.184167339834694,94.7040442445136
2026-04-21 16:00:00+00:00,102.645,115.65938703174947,-5.184167339834694,120.84355437158416
2026-04-21 17:00:00+00:00,134.11,143.29968314840815,-5.184167339834694,148.48385048824284
2026-04-21 18:00:00+00:00,144.775,146.64421772208505,-5.184167339834694,151.82838506191973
2026-04-21 19:00:00+00:00,129.62,137.4423490755722,-5.184167339834694,142.62651641540688
2026-04-21 20:00:00+00:00,119.845,126.7598629259106,-5.184167339834694,131.94403026574528
2026-04-21 21:00:00+00:00,111.8725,114.10137121937431,-5.184167339834694,119.28553855920902
2026-04-21 22:00:00+00:00,107.095,106.27582695361646,-5.117906150831117,111.39373310444758
2026-04-21 23:00:00+00:00,104.11,106.22539296056964,-5.117906150831117,111.34329911140075
2026-04-22 00:00:00+00:00,104.2,106.22002286067776,-5.117906150831117,111.33792901150888
2026-04-22 01:00:00+00:00,104.8475,105.73307479677965,-5.117906150831117,110.85098094761076
2026-04-22 02:00:00+00:00,109.6925,107.24951495140438,-5.117906150831117,112.3674211022355
2026-04-22 03:00:00+00:00,121.2325,124.6102663630252,-5.117906150831117,129.72817251385632
2026-04-22 04:00:00+00:00,139.8425,143.7511731986428,-5.117906150831117,148.8690793494739
2026-04-22 05:00:00+00:00,134.7975,146.72960042990832,-5.117906150831117,151.84750658073943
2026-04-22 06:00:00+00:00,113.865,106.505265341703,-5.117906150831117,111.62317149253411
2026-04-22 07:00:00+00:00,79.555,74.78274420267483,-5.117906150831117,79.90065035350595
2026-04-22 08:00:00+00:00,20.155,3.6202565794996207,-5.117906150831117,8.738162730330737
2026-04-22 09:00:00+00:00,-2.42,-12.866957237967318,-5.117906150831117,-7.749051087136201
2026-04-22 10:00:00+00:00,-8.8325,-23.2229913444834,-5.117906150831117,-18.105085193652283
2026-04-22 11:00:00+00:00,-20.985,-30.50975544643929,-5.117906150831117,-25.39184929560817
2026-04-22 12:00:00+00:00,-19.0,-30.957005293013903,-5.117906150831117,-25.839099142182786
2026-04-22 13:00:00+00:00,-4.92,-26.659314458116583,-5.117906150831117,-21.541408307285465
2026-04-22 14:00:00+00:00,-0.0099999999999998,-3.2736120886763027,-5.117906150831117,1.8442940621548143
2026-04-22 15:00:00+00:00,57.405,67.82208101448201,-5.117906150831117,72.93998716531313
2026-04-22 16:00:00+00:00,105.2975,103.202954108152,-5.117906150831117,108.32086025898312
2026-04-22 17:00:00+00:00,140.1175,130.9781056582613,-5.117906150831117,136.09601180909243
2026-04-22 18:00:00+00:00,153.91,133.63749557546552,-5.117906150831117,138.75540172629664
2026-04-22 19:00:00+00:00,128.51,124.53330409296244,-5.117906150831117,129.65121024379354
2026-04-22 20:00:00+00:00,114.45,112.254137804271,-5.117906150831117,117.37204395510211
2026-04-22 21:00:00+00:00,105.0775,101.39066960227126,-5.117906150831117,106.50857575310238
2026-04-22 22:00:00+00:00,100.14,99.5825450920118,-4.910635302269738,104.49318039428154
2026-04-22 23:00:00+00:00,97.625,93.3093526724383,-4.910635302269738,98.21998797470803
2026-04-23 00:00:00+00:00,96.735,90.39201963465872,-4.910635302269738,95.30265493692846
2026-04-23 01:00:00+00:00,96.2075,90.85332963726444,-4.910635302269738,95.76396493953418
2026-04-23 02:00:00+00:00,95.85,93.44399507770945,-4.910635302269738,98.35463037997918
2026-04-23 03:00:00+00:00,104.16,102.94061808634432,-4.910635302269738,107.85125338861405
2026-04-23 04:00:00+00:00,119.0,117.33678260541052,-4.910635302269738,122.24741790768026
2026-04-23 05:00:00+00:00,119.4,113.78862489147612,-4.910635302269738,118.69926019374586
2026-04-23 06:00:00+00:00,109.6975,88.62629727693381,-4.910635302269738,93.53693257920355
2026-04-23 07:00:00+00:00,63.2925,44.10390086746642,-4.910635302269738,49.01453616973616
2026-04-23 08:00:00+00:00,-0.5625,-3.581485275380923,-4.910635302269738,1.329150026888815
2026-04-23 09:00:00+00:00,-6.175,-17.959140053899862,-4.910635302269738,-13.048504751630123
2026-04-23 10:00:00+00:00,-29.0075,-31.759078512407548,-4.910635302269738,-26.84844321013781
2026-04-23 11:00:00+00:00,-49.56,-43.684326699729056,-4.910635302269738,-38.77369139745932
2026-04-23 12:00:00+00:00,-48.8625,-34.259547729022074,-4.910635302269738,-29.348912426752335
2026-04-23 13:00:00+00:00,-22.89,-35.36277311876001,-4.910635302269738,-30.45213781649027
2026-04-23 14:00:00+00:00,-1.93,-13.153461525655086,-4.910635302269738,-8.242826223385347
2026-04-23 15:00:00+00:00,21.9675,18.392404766080706,-4.910635302269738,23.303040068350445
2026-04-23 16:00:00+00:00,93.5725,92.06527712211576,-4.910635302269738,96.9759124243855
2026-04-23 17:00:00+00:00,121.5,118.84436799837636,-4.910635302269738,123.7550033006461
2026-04-23 18:00:00+00:00,136.955,125.17653736351744,-4.910635302269738,130.08717266578716
2026-04-23 19:00:00+00:00,116.2875,111.66866833022732,-4.910635302269738,116.57930363249706
2026-04-23 20:00:00+00:00,108.235,103.19609931818307,-4.910635302269738,108.10673462045281
2026-04-23 21:00:00+00:00,99.4575,97.45528015602564,-4.910635302269738,102.36591545829538
2026-04-23 22:00:00+00:00,102.455,84.7932822463475,-4.590040676056934,89.38332292240443
2026-04-23 23:00:00+00:00,100.13,87.16662646009007,-4.590040676056934,91.756667136147
2026-04-24 00:00:00+00:00,100.71,87.54402372928352,-4.590040676056934,92.13406440534045
2026-04-24 01:00:00+00:00,101.69,88.52466781614027,-4.590040676056934,93.1147084921972
2026-04-24 02:00:00+00:00,105.3575,91.91197792673525,-4.590040676056934,96.50201860279218
2026-04-24 03:00:00+00:00,116.305,101.80682216250788,-4.590040676056934,106.39686283856481
2026-04-24 04:00:00+00:00,131.8725,113.49427902120232,-4.590040676056934,118.08431969725925
2026-04-24 05:00:00+00:00,137.9875,116.44104948005123,-4.590040676056934,121.03109015610816
2026-04-24 06:00:00+00:00,117.685,105.24921711162791,-4.590040676056934,109.83925778768484
2026-04-24 07:00:00+00:00,80.905,67.71317477332582,-4.590040676056934,72.30321544938275
2026-04-24 08:00:00+00:00,19.5725,3.786395095382467,-4.590040676056934,8.3764357714394
2026-04-24 09:00:00+00:00,-0.035,-5.601634159470917,-4.590040676056934,-1.011593483413983
2026-04-24 10:00:00+00:00,-6.9075,-13.782630932970497,-4.590040676056934,-9.192590256913562
2026-04-24 11:00:00+00:00,-26.14,-39.04235354948148,-4.590040676056934,-34.452312873424546
2026-04-24 12:00:00+00:00,-30.0025,-44.77885811708326,-4.590040676056934,-40.18881744102632
2026-04-24 13:00:00+00:00,-16.555,-32.313479125421836,-4.590040676056934,-27.723438449364902
2026-04-24 14:00:00+00:00,-1.6124999999999998,-20.18439287505552,-4.590040676056934,-15.594352198998585
2026-04-24 15:00:00+00:00,50.9075,30.384388166275674,-4.590040676056934,34.97442884233261
2026-04-24 16:00:00+00:00,104.8175,92.0352961951437,-4.590040676056934,96.62533687120063
2026-04-24 17:00:00+00:00,133.81,121.61052419833872,-4.590040676056934,126.20056487439565
2026-04-24 18:00:00+00:00,137.34,146.27109455650373,-4.590040676056934,150.86113523256066
2026-04-24 19:00:00+00:00,131.025,117.1282320587918,-4.590040676056934,121.71827273484872
2026-04-24 20:00:00+00:00,121.8775,108.73955165794366,-4.590040676056934,113.3295923340006
2026-04-24 21:00:00+00:00,113.4425,98.53946894861386,-4.590040676056934,103.12950962467079
2026-04-24 22:00:00+00:00,100.625,94.29439877465953,-4.519499155108889,98.81389792976842
2026-04-24 23:00:00+00:00,95.54,93.42733656850474,-4.519499155108889,97.94683572361363
2026-04-25 00:00:00+00:00,95.12,91.25004449634837,-4.519499155108889,95.76954365145725
2026-04-25 01:00:00+00:00,95.1575,84.41265464069106,-4.519499155108889,88.93215379579995
2026-04-25 02:00:00+00:00,88.4575,84.02676228294511,-4.519499155108889,88.546261438054
2026-04-25 03:00:00+00:00,88.03,85.76881127340582,-4.519499155108889,90.2883104285147
2026-04-25 04:00:00+00:00,83.1825,80.91870442765263,-4.519499155108889,85.43820358276152
2026-04-25 05:00:00+00:00,71.3625,68.18241491438388,-4.519499155108889,72.70191406949277
2026-04-25 06:00:00+00:00,20.035,26.138359766259388,-4.519499155108889,30.657858921368277
2026-04-25 07:00:00+00:00,-0.0424999999999999,10.09943645673733,-4.519499155108889,14.618935611846219
2026-04-25 08:00:00+00:00,-7.27,-27.108400576256702,-4.519499155108889,-22.588901421147813
2026-04-25 09:00:00+00:00,-42.1425,-73.11186262657894,-4.519499155108889,-68.59236347147005
2026-04-25 10:00:00+00:00,-100.5125,-83.29019255024494,-4.519499155108889,-78.77069339513605
2026-04-25 11:00:00+00:00,-176.4425,-100.08312930505252,-4.519499155108889,-95.56363014994363
2026-04-25 12:00:00+00:00,-190.865,-97.12365391679585,-4.519499155108889,-92.60415476168696
2026-04-25 13:00:00+00:00,-133.8025,-77.63395931338971,-4.519499155108889,-73.11446015828082
2026-04-25 14:00:00+00:00,-53.974999999999994,-25.43439860264582,-4.519499155108889,-20.914899447536932
2026-04-25 15:00:00+00:00,-5.245,4.547361707688027,-4.519499155108889,9.066860862796915
2026-04-25 16:00:00+00:00,4.615,27.21021120719004,-4.519499155108889,31.729710362298928
2026-04-25 17:00:00+00:00,65.19749999999999,47.84458859072427,-4.519499155108889,52.36408774583316
2026-04-25 18:00:00+00:00,75.42,60.11350798049171,-4.519499155108889,64.6330071356006
2026-04-25 19:00:00+00:00,72.005,53.93831533210821,-4.519499155108889,58.4578144872171
2026-04-25 20:00:00+00:00,72.6775,61.87134428518128,-4.519499155108889,66.39084344029017
2026-04-25 21:00:00+00:00,69.97999999999999,55.09403168208467,-4.519499155108889,59.61353083719356
2026-04-25 22:00:00+00:00,79.44,57.37864081281389,-4.630299912491714,62.00894072530561
2026-04-25 23:00:00+00:00,83.595,67.4319817329385,-4.630299912491714,72.0622816454302
2026-04-26 00:00:00+00:00,87.1,75.9458559433013,-4.630299912491714,80.576155855793
2026-04-26 01:00:00+00:00,90.4875,81.35009386357999,-4.630299912491714,85.9803937760717
2026-04-26 02:00:00+00:00,94.1525,84.7262860318123,-4.630299912491714,89.356585944304
2026-04-26 03:00:00+00:00,98.64,87.93103301991378,-4.630299912491714,92.56133293240549
2026-04-26 04:00:00+00:00,94.185,87.43900874892451,-4.630299912491714,92.06930866141622
2026-04-26 05:00:00+00:00,83.1525,85.75218895044554,-4.630299912491714,90.38248886293725
2026-04-26 06:00:00+00:00,54.3125,49.52707753276139,-4.630299912491714,54.157377445253104
2026-04-26 07:00:00+00:00,-0.01,5.90514709363062,-4.630299912491714,10.535447006122334
2026-04-26 08:00:00+00:00,-28.185,-55.36287232637304,-4.630299912491714,-50.73257241388132
2026-04-26 09:00:00+00:00,-127.365,-89.79117284267927,-4.630299912491714,-85.16087293018757
2026-04-26 10:00:00+00:00,-259.96000000000004,-95.85206955202638,-4.630299912491714,-91.22176963953467
2026-04-26 11:00:00+00:00,-413.77,-99.51130572910172,-4.630299912491714,-94.88100581661001
2026-04-26 12:00:00+00:00,-413.245,-92.72345285733157,-4.630299912491714,-88.09315294483986
2026-04-26 13:00:00+00:00,-235.8925,-89.31487239056553,-4.630299912491714,-84.68457247807382
2026-04-26 14:00:00+00:00,-37.305,-30.529786695671653,-4.630299912491714,-25.89948678317994
2026-04-26 15:00:00+00:00,11.177499999999998,28.350932508749608,-4.630299912491714,32.98123242124132
2026-04-26 16:00:00+00:00,113.0975,103.10475033825284,-4.630299912491714,107.73505025074455
2026-04-26 17:00:00+00:00,150.2875,110.72860690757304,-4.630299912491714,115.35890682006475
2026-04-26 18:00:00+00:00,157.815,135.8557201890004,-4.630299912491714,140.48602010149213
2026-04-26 19:00:00+00:00,140.6525,124.01055187689524,-4.630299912491714,128.64085178938694
2026-04-26 20:00:00+00:00,126.4075,121.15280033354873,-4.630299912491714,125.78310024604043
2026-04-26 21:00:00+00:00,122.875,111.26296869129352,-4.630299912491714,115.89326860378523
2026-04-26 22:00:00+00:00,118.4475,98.12188001157698,-4.259385941111494,102.38126595268847
2026-04-26 23:00:00+00:00,113.03,90.53030902721672,-4.259385941111494,94.7896949683282
2026-04-27 00:00:00+00:00,112.71,90.40806836526777,-4.259385941111494,94.66745430637926
2026-04-27 01:00:00+00:00,112.825,97.02162018847638,-4.259385941111494,101.28100612958787
2026-04-27 02:00:00+00:00,116.74,94.54703967181236,-4.259385941111494,98.80642561292385
2026-04-27 03:00:00+00:00,125.6675,121.0195038429206,-4.259385941111494,125.27888978403209
2026-04-27 04:00:00+00:00,165.5675,131.782802830514,-4.259385941111494,136.0421887716255
2026-04-27 05:00:00+00:00,153.69,139.7489975844646,-4.259385941111494,144.0083835255761
2026-04-27 06:00:00+00:00,126.5475,116.95578528346256,-4.259385941111494,121.21517122457405
2026-04-27 07:00:00+00:00,92.5275,83.18814718715261,-4.259385941111494,87.4475331282641
2026-04-27 08:00:00+00:00,59.1425,33.102063736163316,-4.259385941111494,37.36144967727481
2026-04-27 09:00:00+00:00,4.14,3.429465631492842,-4.259385941111494,7.688851572604335
2026-04-27 10:00:00+00:00,-0.0975,6.594465699004165,-4.259385941111494,10.853851640115659
2026-04-27 11:00:00+00:00,-0.83,-11.8195016980451,-4.259385941111494,-7.560115756933606
2026-04-27 12:00:00+00:00,-0.1625,-11.170457508238114,-4.259385941111494,-6.91107156712662
2026-04-27 13:00:00+00:00,5.1425,16.777276535736085,-4.259385941111494,21.036662476847578
2026-04-27 14:00:00+00:00,68.66499999999999,61.556945473451066,-4.259385941111494,65.81633141456255
2026-04-27 15:00:00+00:00,107.185,90.3501719016524,-4.259385941111494,94.60955784276389
2026-04-27 16:00:00+00:00,129.8525,124.95795965375817,-4.259385941111494,129.21734559486967
2026-04-27 17:00:00+00:00,172.3,138.68648127905064,-4.259385941111494,142.94586722016214
2026-04-27 18:00:00+00:00,188.1175,158.2637446453534,-4.259385941111494,162.5231305864649
2026-04-27 19:00:00+00:00,148.46,120.82820043421208,-4.259385941111494,125.08758637532357
2026-04-27 20:00:00+00:00,125.6475,114.9400516420724,-4.259385941111494,119.1994375831839
2026-04-27 21:00:00+00:00,115.2025,104.02571597832431,-4.259385941111494,108.2851019194358
2026-04-27 22:00:00+00:00,112.66,93.35765721726604,-4.538271686911675,97.89592890417771
2026-04-27 23:00:00+00:00,106.9025,90.71148384878452,-4.538271686911675,95.2497555356962
2026-04-28 00:00:00+00:00,102.98,90.31598636139104,-4.538271686911675,94.85425804830271
2026-04-28 01:00:00+00:00,102.83,90.57421295435502,-4.538271686911675,95.11248464126669
2026-04-28 02:00:00+00:00,105.2775,93.12101312199547,-4.538271686911675,97.65928480890715
2026-04-28 03:00:00+00:00,111.835,91.77084017510728,-4.538271686911675,96.30911186201895
2026-04-28 04:00:00+00:00,122.1,107.97430034826422,-4.538271686911675,112.51257203517589
2026-04-28 05:00:00+00:00,121.43,100.76130911294388,-4.538271686911675,105.29958079985555
2026-04-28 06:00:00+00:00,112.315,94.75316642643352,-4.538271686911675,99.2914381133452
2026-04-28 07:00:00+00:00,79.7775,67.66885048416279,-4.538271686911675,72.20712217107446
2026-04-28 08:00:00+00:00,21.815,9.696474481850034,-4.538271686911675,14.23474616876171
2026-04-28 09:00:00+00:00,-1.085,-12.79346439383754,-4.538271686911675,-8.255192706925865
2026-04-28 10:00:00+00:00,-14.0425,-18.640774425930022,-4.538271686911675,-14.102502739018348
2026-04-28 11:00:00+00:00,-29.0,-31.378270345525948,-4.538271686911675,-26.839998658614274
2026-04-28 12:00:00+00:00,-29.0075,-31.121412034268275,-4.538271686911675,-26.5831403473566
2026-04-28 13:00:00+00:00,-17.33,-17.30041971801522,-4.538271686911675,-12.762148031103546
2026-04-28 14:00:00+00:00,-4.655,1.3650679138339703,-4.538271686911675,5.903339600745645
2026-04-28 15:00:00+00:00,33.315,55.420393169891206,-4.538271686911675,59.95866485680288
2026-04-28 16:00:00+00:00,90.1,87.1570980789473,-4.538271686911675,91.69536976585897
2026-04-28 17:00:00+00:00,117.4,110.904416292732,-4.538271686911675,115.44268797964367
2026-04-28 18:00:00+00:00,120.9725,119.8404270105689,-4.538271686911675,124.37869869748057
2026-04-28 19:00:00+00:00,115.8275,112.06559494317312,-4.538271686911675,116.6038666300848
2026-04-28 20:00:00+00:00,111.295,105.91981114734747,-4.538271686911675,110.45808283425914
2026-04-28 21:00:00+00:00,101.77,100.75633150550996,-4.538271686911675,105.29460319242163
2026-04-28 22:00:00+00:00,98.2075,99.4049383839439,-4.682876153300336,104.08781453724424
2026-04-28 23:00:00+00:00,96.725,99.65916433821523,-4.682876153300336,104.34204049151558
2026-04-29 00:00:00+00:00,97.9175,101.97344251782884,-4.682876153300336,106.65631867112918
2026-04-29 01:00:00+00:00,98.5275,103.04733330339008,-4.682876153300336,107.73020945669042
2026-04-29 02:00:00+00:00,100.65,109.57978961117608,-4.682876153300336,114.26266576447642
2026-04-29 03:00:00+00:00,107.905,113.64573420008378,-4.682876153300336,118.32861035338412
2026-04-29 04:00:00+00:00,139.7975,129.47615295017857,-4.682876153300336,134.1590291034789
2026-04-29 05:00:00+00:00,126.8475,125.62824181261706,-4.682876153300336,130.3111179659174
2026-04-29 06:00:00+00:00,112.365,98.7668836616526,-4.682876153300336,103.44975981495294
2026-04-29 07:00:00+00:00,66.42,56.659293842422514,-4.682876153300336,61.34216999572285
2026-04-29 08:00:00+00:00,-1.0775,3.704628582344884,-4.682876153300336,8.38750473564522
2026-04-29 09:00:00+00:00,-11.5675,-11.271002390799998,-4.682876153300336,-6.588126237499662
2026-04-29 10:00:00+00:00,-33.765,-18.43223735830393,-4.682876153300336,-13.749361205003593
2026-04-29 11:00:00+00:00,-60.3625,-26.290079482549917,-4.682876153300336,-21.60720332924958
2026-04-29 12:00:00+00:00,-55.4325,-28.465931181416057,-4.682876153300336,-23.78305502811572
2026-04-29 13:00:00+00:00,-36.22,-19.73012869606037,-4.682876153300336,-15.047252542760033
2026-04-29 14:00:00+00:00,-11.25,-8.442251328431057,-4.682876153300336,-3.759375175130721
2026-04-29 15:00:00+00:00,19.645,34.37754928387848,-4.682876153300336,39.060425437178814
2026-04-29 16:00:00+00:00,91.145,86.7833034739233,-4.682876153300336,91.46617962722364
2026-04-29 17:00:00+00:00,125.81,130.61323597537728,-4.682876153300336,135.2961121286776
2026-04-29 18:00:00+00:00,145.5925,146.0807052401555,-4.682876153300336,150.76358139345584
2026-04-29 19:00:00+00:00,129.95,124.8913676486679,-4.682876153300336,129.57424380196824
2026-04-29 20:00:00+00:00,115.6575,108.58230184626032,-4.682876153300336,113.26517799956066
2026-04-29 21:00:00+00:00,105.0975,108.40589312506138,-4.682876153300336,113.08876927836172
2026-04-29 22:00:00+00:00,100.32,103.53134676547428,-4.625609578501672,108.15695634397595
2026-04-29 23:00:00+00:00,100.11,100.80572307638946,-4.625609578501672,105.43133265489112
2026-04-30 00:00:00+00:00,98.57,100.05068025210056,-4.625609578501672,104.67628983060223
2026-04-30 01:00:00+00:00,99.4775,98.67318889770544,-4.625609578501672,103.29879847620711
2026-04-30 02:00:00+00:00,104.09,100.71708684849982,-4.625609578501672,105.34269642700148
2026-04-30 03:00:00+00:00,114.1025,112.88195065399351,-4.625609578501672,117.50756023249518
2026-04-30 04:00:00+00:00,139.12,132.11016762726115,-4.625609578501672,136.73577720576282
2026-04-30 05:00:00+00:00,122.285,125.10662703542084,-4.625609578501672,129.7322366139225
2026-04-30 06:00:00+00:00,96.2175,98.73153346569649,-4.625609578501672,103.35714304419815
2026-04-30 07:00:00+00:00,45.555,33.33388312715804,-4.625609578501672,37.95949270565971
2026-04-30 08:00:00+00:00,-0.0375,-4.327971036657424,-4.625609578501672,0.29763854184424776
2026-04-30 09:00:00+00:00,-3.875,-26.210567237752944,-4.625609578501672,-21.584957659251273
2026-04-30 10:00:00+00:00,-16.2525,-37.25166457719067,-4.625609578501672,-32.62605499868899
2026-04-30 11:00:00+00:00,-32.02,-61.49034972261392,-4.625609578501672,-56.86474014411225
2026-04-30 12:00:00+00:00,-28.93,-64.68685578005022,-4.625609578501672,-60.06124620154855
2026-04-30 13:00:00+00:00,-12.05,-32.64096940584023,-4.625609578501672,-28.015359827338557
2026-04-30 14:00:00+00:00,-2.2925,-13.17526446472196,-4.625609578501672,-8.549654886220289
2026-04-30 15:00:00+00:00,20.58,27.22267259306209,-4.625609578501672,31.84828217156376
2026-04-30 16:00:00+00:00,92.43,92.36395748188012,-4.625609578501672,96.98956706038179
2026-04-30 17:00:00+00:00,139.0875,121.10839685772362,-4.625609578501672,125.73400643622529
2026-04-30 18:00:00+00:00,178.62,149.06827697685256,-4.625609578501672,153.69388655535423
2026-04-30 19:00:00+00:00,145.84,136.38349872866863,-4.625609578501672,141.0091083071703
2026-04-30 20:00:00+00:00,118.92,119.01466831685626,-4.625609578501672,123.64027789535793
2026-04-30 21:00:00+00:00,109.6075,105.52026576195004,-4.625609578501672,110.14587534045171
2026-04-30 22:00:00+00:00,107.2275,93.02159121808936,-4.804610385333435,97.82620160342279
2026-04-30 23:00:00+00:00,103.085,91.4883817921362,-4.804610385333435,96.29299217746963
2026-05-01 00:00:00+00:00,101.385,87.77649903595734,-4.804610385333435,92.58110942129078
2026-05-01 01:00:00+00:00,99.245,86.90549418288523,-4.804610385333435,91.71010456821867
2026-05-01 02:00:00+00:00,97.98,85.30015211183037,-4.804610385333435,90.1047624971638
2026-05-01 03:00:00+00:00,97.495,84.3730550350329,-4.804610385333435,89.17766542036634
2026-05-01 04:00:00+00:00,103.7675,111.08035842586943,-4.804610385333435,115.88496881120287
2026-05-01 05:00:00+00:00,80.34,90.70461576564657,-4.804610385333435,95.50922615098
2026-05-01 06:00:00+00:00,35.3325,52.50223043102792,-4.804610385333435,57.30684081636135
2026-05-01 07:00:00+00:00,-0.0275,6.668971722574964,-4.804610385333435,11.473582107908399
2026-05-01 08:00:00+00:00,-21.18,-38.84739661120513,-4.804610385333435,-34.042786225871694
2026-05-01 09:00:00+00:00,-108.6175,-45.86530553188979,-4.804610385333435,-41.060695146556355
2026-05-01 10:00:00+00:00,-318.58,-50.49655491047055,-4.804610385333435,-45.69194452513712
2026-05-01 11:00:00+00:00,-499.0,-62.80938442615049,-4.804610385333435,-58.004774040817054
2026-05-01 12:00:00+00:00,-474.9675,-61.12721543024945,-4.804610385333435,-56.32260504491602
2026-05-01 13:00:00+00:00,-205.8775,-41.922104955484144,-4.804610385333435,-37.11749457015071
2026-05-01 14:00:00+00:00,-26.2475,-46.10217208169801,-4.804610385333435,-41.297561696364575
2026-05-01 15:00:00+00:00,5.555,-0.6815846272945298,-4.804610385333435,4.123025758038905
2026-05-01 16:00:00+00:00,92.53,69.86850119034746,-4.804610385333435,74.67311157568089
2026-05-01 17:00:00+00:00,154.19,122.24984583854912,-4.804610385333435,127.05445622388255
2026-05-01 18:00:00+00:00,173.325,138.50996548334822,-4.804610385333435,143.31457586868166
2026-05-01 19:00:00+00:00,142.95,121.29738987559644,-4.804610385333435,126.10200026092987
2026-05-01 20:00:00+00:00,113.2225,95.70867824810804,-4.804610385333435,100.51328863344148
2026-05-01 21:00:00+00:00,96.9825,78.83743277989332,-4.804610385333435,83.64204316522675
2026-05-01 22:00:00+00:00,117.425,88.23850310027605,-3.8878966661866725,92.12639976646273
2026-05-01 23:00:00+00:00,103.7125,81.87138140099992,-3.8878966661866725,85.7592780671866
2026-05-02 00:00:00+00:00,99.4775,78.61418753795103,-3.8878966661866725,82.5020842041377
2026-05-02 01:00:00+00:00,93.335,71.70436268890563,-3.8878966661866725,75.59225935509231
2026-05-02 02:00:00+00:00,93.545,67.10081093979963,-3.8878966661866725,70.9887076059863
2026-05-02 03:00:00+00:00,93.6975,64.51557531405344,-3.8878966661866725,68.40347198024011
2026-05-02 04:00:00+00:00,91.78,52.1299369382117,-3.8878966661866725,56.01783360439837
2026-05-02 05:00:00+00:00,78.0125,17.541563040783412,-3.8878966661866725,21.429459706970086
2026-05-02 06:00:00+00:00,18.27,-1.611850756514666,-3.8878966661866725,2.2760459096720065
2026-05-02 07:00:00+00:00,1.27,-13.843016274281563,-3.8878966661866725,-9.95511960809489
2026-05-02 08:00:00+00:00,-2.3874999999999997,-64.8138270554127,-3.8878966661866725,-60.92593038922603
2026-05-02 09:00:00+00:00,-21.9125,-133.42246136656067,-3.8878966661866725,-129.534564700374
2026-05-02 10:00:00+00:00,-83.6075,-155.27599779810046,-3.8878966661866725,-151.3881011319138
2026-05-02 11:00:00+00:00,-130.0275,-164.24666288289532,-3.8878966661866725,-160.35876621670866
2026-05-02 12:00:00+00:00,-86.8425,-151.6683215068336,-3.8878966661866725,-147.78042484064693
2026-05-02 13:00:00+00:00,-14.0375,-99.11535826965132,-3.8878966661866725,-95.22746160346465
2026-05-02 14:00:00+00:00,0.0325,-44.49057869382094,-3.8878966661866725,-40.60268202763427
2026-05-02 15:00:00+00:00,54.945,13.754006425192696,-3.8878966661866725,17.64190309137937
2026-05-02 16:00:00+00:00,127.14,99.20629671954164,-3.8878966661866725,103.09419338572832
2026-05-02 17:00:00+00:00,165.0,140.5393305137773,-3.8878966661866725,144.42722717996395
2026-05-02 18:00:00+00:00,195.45,157.83539943838298,-3.8878966661866725,161.72329610456964
2026-05-02 19:00:00+00:00,154.32,150.761604992639,-3.8878966661866725,154.64950165882567
2026-05-02 20:00:00+00:00,139.96,130.27326896036652,-3.8878966661866725,134.16116562655318
2026-05-02 21:00:00+00:00,123.865,112.24769468024624,-3.8878966661866725,116.13559134643292
2026-05-02 22:00:00+00:00,121.195,127.15893617070064,-4.419536185025664,131.57847235572632
2026-05-02 23:00:00+00:00,116.0325,108.85971185759708,-4.419536185025664,113.27924804262274
2026-05-03 00:00:00+00:00,110.1625,106.27048310571622,-4.419536185025664,110.69001929074189
2026-05-03 01:00:00+00:00,108.4775,106.066090960068,-4.419536185025664,110.48562714509366
2026-05-03 02:00:00+00:00,106.2925,104.57879230244836,-4.419536185025664,108.99832848747403
2026-05-03 03:00:00+00:00,107.0725,104.67760278416308,-4.419536185025664,109.09713896918875
2026-05-03 04:00:00+00:00,101.7,101.36593717665455,-4.419536185025664,105.78547336168022
2026-05-03 05:00:00+00:00,85.3375,87.75489792149402,-4.419536185025664,92.17443410651968
2026-05-03 06:00:00+00:00,71.7375,45.82356921616414,-4.419536185025664,50.2431054011898
2026-05-03 07:00:00+00:00,32.6575,-2.8578706354320933,-4.419536185025664,1.5616655495935707
2026-05-03 08:00:00+00:00,1.2875,-19.846492474396236,-4.419536185025664,-15.426956289370573
2026-05-03 09:00:00+00:00,-1.4275,-59.75254191581258,-4.419536185025664,-55.333005730786915
2026-05-03 10:00:00+00:00,-6.79,-103.48141045911152,-4.419536185025664,-99.06187427408585
2026-05-03 11:00:00+00:00,-14.435,-97.93421175367348,-4.419536185025664,-93.51467556864782
2026-05-03 12:00:00+00:00,-10.8825,-98.43391129609353,-4.419536185025664,-94.01437511106786
2026-05-03 13:00:00+00:00,-3.9675,-50.65118877467192,-4.419536185025664,-46.23165258964626
2026-05-03 14:00:00+00:00,9.1325,-26.713247306253585,-4.419536185025664,-22.293711121227922
2026-05-03 15:00:00+00:00,80.7075,31.036704756365005,-4.419536185025664,35.45624094139067
2026-05-03 16:00:00+00:00,120.5725,108.41581732425888,-4.419536185025664,112.83535350928454
2026-05-03 17:00:00+00:00,134.795,129.43811063709236,-4.419536185025664,133.85764682211803
2026-05-03 18:00:00+00:00,140.87,136.100260937529,-4.419536185025664,140.51979712255465
2026-05-03 19:00:00+00:00,137.31,120.81965487441774,-4.419536185025664,125.2391910594434
2026-05-03 20:00:00+00:00,130.3775,108.22300719693698,-4.419536185025664,112.64254338196264
2026-05-03 21:00:00+00:00,121.115,97.66031573866908,-4.419536185025664,102.07985192369475
2026-05-03 22:00:00+00:00,117.355,110.75870190831084,-4.207091119302153,114.96579302761299
2026-05-03 23:00:00+00:00,108.41,108.19273801541422,-4.207091119302153,112.39982913471637
2026-05-04 00:00:00+00:00,110.5575,101.27451153142772,-4.207091119302153,105.48160265072987
2026-05-04 01:00:00+00:00,106.3475,101.4203330391828,-4.207091119302153,105.62742415848494
2026-05-04 02:00:00+00:00,109.9075,97.0455165818806,-4.207091119302153,101.25260770118275
2026-05-04 03:00:00+00:00,128.8825,113.26735536857856,-4.207091119302153,117.47444648788071
2026-05-04 04:00:00+00:00,149.5475,132.80320144583044,-4.207091119302153,137.0102925651326
2026-05-04 05:00:00+00:00,151.26749999999998,140.92144486875742,-4.207091119302153,145.12853598805958
2026-05-04 06:00:00+00:00,134.6025,119.1297373472,-4.207091119302153,123.33682846650215
2026-05-04 07:00:00+00:00,113.625,95.31438420481084,-4.207091119302153,99.52147532411298
2026-05-04 08:00:00+00:00,99.99,64.94356085006548,-4.207091119302153,69.15065196936763
2026-05-04 09:00:00+00:00,93.095,29.291755891658703,-4.207091119302153,33.49884701096086
2026-05-04 10:00:00+00:00,75.065,10.685567871702595,-4.207091119302153,14.892658991004748
2026-05-04 11:00:00+00:00,69.4075,11.589051350710696,-4.207091119302153,15.79614247001285
2026-05-04 12:00:00+00:00,81.0775,48.23635350927476,-4.207091119302153,52.44344462857691
2026-05-04 13:00:00+00:00,94.0025,66.92943998045381,-4.207091119302153,71.13653109975596
2026-05-04 14:00:00+00:00,107.9675,90.07008277538594,-4.207091119302153,94.27717389468809
2026-05-04 15:00:00+00:00,128.9925,120.89207401498138,-4.207091119302153,125.09916513428352
2026-05-04 16:00:00+00:00,169.0,170.90687635932736,-4.207091119302153,175.11396747862952
2026-05-04 17:00:00+00:00,245.03,240.35520179349712,-4.207091119302153,244.56229291279928
2026-05-04 18:00:00+00:00,266.83500000000004,249.75453666494747,-4.207091119302153,253.96162778424963
2026-05-04 19:00:00+00:00,194.3,222.84528897135124,-4.207091119302153,227.0523800906534
2026-05-04 20:00:00+00:00,153.04500000000002,163.29370022542486,-4.207091119302153,167.50079134472702
2026-05-04 21:00:00+00:00,137.2,145.48836728681258,-4.207091119302153,149.69545840611474
2026-05-04 22:00:00+00:00,131.36,144.70377331728588,-4.2291681622603114,148.9329414795462
2026-05-04 23:00:00+00:00,126.2,128.24052534400158,-4.2291681622603114,132.4696935062619
2026-05-05 00:00:00+00:00,122.11,128.27641088228202,-4.2291681622603114,132.50557904454234
2026-05-05 01:00:00+00:00,122.045,120.4217279242938,-4.2291681622603114,124.65089608655411
2026-05-05 02:00:00+00:00,123.9,120.53438405108008,-4.2291681622603114,124.76355221334039
2026-05-05 03:00:00+00:00,133.9025,146.16402036868257,-4.2291681622603114,150.3931885309429
2026-05-05 04:00:00+00:00,160.1125,172.0598228640492,-4.2291681622603114,176.28899102630953
2026-05-05 05:00:00+00:00,160.765,179.5340402705041,-4.2291681622603114,183.76320843276443
2026-05-05 06:00:00+00:00,147.23250000000002,149.268784647442,-4.2291681622603114,153.49795280970233
2026-05-05 07:00:00+00:00,129.61,130.13005131677102,-4.2291681622603114,134.35921947903134
2026-05-05 08:00:00+00:00,114.12,111.19338914600743,-4.2291681622603114,115.42255730826774
2026-05-05 09:00:00+00:00,108.2575,106.71038000902178,-4.2291681622603114,110.93954817128208
2026-05-05 10:00:00+00:00,99.0925,94.04246236689674,-4.2291681622603114,98.27163052915705
2026-05-05 11:00:00+00:00,98.055,96.7182447365902,-4.2291681622603114,100.9474128988505
2026-05-05 12:00:00+00:00,97.745,94.07879112863613,-4.2291681622603114,98.30795929089643
2026-05-05 13:00:00+00:00,105.99,100.62846982880362,-4.2291681622603114,104.85763799106392
2026-05-05 14:00:00+00:00,111.9775,106.12079788065525,-4.2291681622603114,110.34996604291555
2026-05-05 15:00:00+00:00,128.67000000000002,120.66899084251152,-4.2291681622603114,124.89815900477183
2026-05-05 16:00:00+00:00,145.7625,144.08029631746356,-4.2291681622603114,148.30946447972389
2026-05-05 17:00:00+00:00,163.685,169.62351664136057,-4.2291681622603114,173.8526848036209
2026-05-05 18:00:00+00:00,163.9025,168.80079866608696,-4.2291681622603114,173.02996682834728
2026-05-05 19:00:00+00:00,146.9975,147.65326811151806,-4.2291681622603114,151.88243627377838
2026-05-05 20:00:00+00:00,132.745,135.48169032219414,-4.2291681622603114,139.71085848445446
2026-05-05 21:00:00+00:00,115.2925,127.26971177344132,-4.2291681622603114,131.49887993570164
2026-05-05 22:00:00+00:00,120.035,109.1953963030335,-3.997917757917574,113.19331406095108
2026-05-05 23:00:00+00:00,114.23,105.53630200809332,-3.997917757917574,109.53421976601089
2026-05-06 00:00:00+00:00,113.165,98.11323529375524,-3.997917757917574,102.11115305167282
2026-05-06 01:00:00+00:00,112.995,95.902942885172,-3.997917757917574,99.90086064308957
2026-05-06 02:00:00+00:00,113.34,98.89187950795616,-3.997917757917574,102.88979726587374
2026-05-06 03:00:00+00:00,118.225,105.37571546746447,-3.997917757917574,109.37363322538205
2026-05-06 04:00:00+00:00,131.14,117.63081437742464,-3.997917757917574,121.62873213534222
2026-05-06 05:00:00+00:00,142.45,118.47403666020952,-3.997917757917574,122.4719544181271
2026-05-06 06:00:00+00:00,141.55,115.03173413188593,-3.997917757917574,119.0296518898035
2026-05-06 07:00:00+00:00,121.305,106.46177622960306,-3.997917757917574,110.45969398752064
2026-05-06 08:00:00+00:00,108.8,95.21942055408,-3.997917757917574,99.21733831199758
2026-05-06 09:00:00+00:00,104.12,90.28964803292902,-3.997917757917574,94.2875657908466
2026-05-06 10:00:00+00:00,100.0925,80.7992272773384,-3.997917757917574,84.79714503525598
2026-05-06 11:00:00+00:00,89.34,78.6430104502486,-3.997917757917574,82.64092820816617
2026-05-06 12:00:00+00:00,91.33,79.68720470735389,-3.997917757917574,83.68512246527146
2026-05-06 13:00:00+00:00,103.125,85.7623571230827,-3.997917757917574,89.76027488100027
2026-05-06 14:00:00+00:00,112.6625,95.55467660823592,-3.997917757917574,99.5525943661535
2026-05-06 15:00:00+00:00,125.0525,118.83416161070028,-3.997917757917574,122.83207936861785
2026-05-06 16:00:00+00:00,137.91,132.60476131317654,-3.997917757917574,136.60267907109412
2026-05-06 17:00:00+00:00,154.605,151.53057354926355,-3.997917757917574,155.52849130718113
2026-05-06 18:00:00+00:00,156.915,151.8363791175068,-3.997917757917574,155.83429687542437
2026-05-06 19:00:00+00:00,154.61,147.8437259405273,-3.997917757917574,151.84164369844487
2026-05-06 20:00:00+00:00,143.4125,137.25370042060686,-3.997917757917574,141.25161817852444
2026-05-06 21:00:00+00:00,128.26,119.46090030884972,-3.997917757917574,123.4588180667673
2026-05-06 22:00:00+00:00,125.1525,122.83501287354468,-4.076808216907044,126.91182109045172
2026-05-06 23:00:00+00:00,116.485,112.65661915621166,-4.076808216907044,116.7334273731187
2026-05-07 00:00:00+00:00,115.2575,113.87454675625088,-4.076808216907044,117.95135497315792
2026-05-07 01:00:00+00:00,116.49,113.49639051727974,-4.076808216907044,117.57319873418678
2026-05-07 02:00:00+00:00,119.1375,118.42324835522176,-4.076808216907044,122.5000565721288
2026-05-07 03:00:00+00:00,126.875,136.23546905123405,-4.076808216907044,140.3122772681411
2026-05-07 04:00:00+00:00,151.0,156.657120456426,-4.076808216907044,160.73392867333303
2026-05-07 05:00:00+00:00,167.29250000000002,166.06603098884895,-4.076808216907044,170.142839205756
2026-05-07 06:00:00+00:00,155.5925,154.38221835545184,-4.076808216907044,158.45902657235888
2026-05-07 07:00:00+00:00,136.41,133.5770853480566,-4.076808216907044,137.65389356496365
2026-05-07 08:00:00+00:00,120.1325,118.87795053436824,-4.076808216907044,122.95475875127528
2026-05-07 09:00:00+00:00,113.525,108.35522310049076,-4.076808216907044,112.4320313173978
2026-05-07 10:00:00+00:00,103.9225,102.42296734546947,-4.076808216907044,106.49977556237651
2026-05-07 11:00:00+00:00,101.915,86.34380138408882,-4.076808216907044,90.42060960099586
2026-05-07 12:00:00+00:00,101.73,85.24286053811129,-4.076808216907044,89.31966875501833
2026-05-07 13:00:00+00:00,107.445,100.23011237589007,-4.076808216907044,104.30692059279711
2026-05-07 14:00:00+00:00,117.9975,111.46273231086664,-4.076808216907044,115.53954052777368
2026-05-07 15:00:00+00:00,132.56,133.11056554297514,-4.076808216907044,137.18737375988218
2026-05-07 16:00:00+00:00,148.70499999999998,146.36502716398786,-4.076808216907044,150.4418353808949
2026-05-07 17:00:00+00:00,185.655,170.6020466271123,-4.076808216907044,174.67885484401933
2026-05-07 18:00:00+00:00,221.4775,180.0737740735496,-4.076808216907044,184.15058229045664
2026-05-07 19:00:00+00:00,182.715,164.1918656244223,-4.076808216907044,168.26867384132933
2026-05-07 20:00:00+00:00,154.435,141.51240498097266,-4.076808216907044,145.5892131978797
2026-05-07 21:00:00+00:00,142.7575,125.688783931602,-4.076808216907044,129.76559214850906
2026-05-07 22:00:00+00:00,130.3425,125.83752469917307,-4.001919171007799,129.83944387018087
2026-05-07 23:00:00+00:00,120.66,118.3467011154026,-4.001919171007799,122.3486202864104
2026-05-08 00:00:00+00:00,118.215,116.66660043981008,-4.001919171007799,120.66851961081788
2026-05-08 01:00:00+00:00,116.9775,115.8845377450717,-4.001919171007799,119.8864569160795
2026-05-08 02:00:00+00:00,118.565,117.8319173687853,-4.001919171007799,121.8338365397931
2026-05-08 03:00:00+00:00,126.185,125.90502211511756,-4.001919171007799,129.90694128612535
2026-05-08 04:00:00+00:00,143.6,144.32668316470122,-4.001919171007799,148.32860233570904
2026-05-08 05:00:00+00:00,147.0275,140.44290171130348,-4.001919171007799,144.44482088231126
2026-05-08 06:00:00+00:00,137.4,126.99871450136656,-4.001919171007799,131.00063367237436
2026-05-08 07:00:00+00:00,115.2475,98.87072014469098,-4.001919171007799,102.87263931569878
2026-05-08 08:00:00+00:00,97.7475,69.11156978657543,-4.001919171007799,73.11348895758323
2026-05-08 09:00:00+00:00,75.81,66.33843118462855,-4.001919171007799,70.34035035563635
2026-05-08 10:00:00+00:00,65.37,48.43062293039236,-4.001919171007799,52.43254210140016
2026-05-08 11:00:00+00:00,58.7075,51.121644356446936,-4.001919171007799,55.123563527454735
2026-05-08 12:00:00+00:00,64.34,54.21198546302937,-4.001919171007799,58.21390463403717
2026-05-08 13:00:00+00:00,81.8925,78.97717494080983,-4.001919171007799,82.97909411181763
2026-05-08 14:00:00+00:00,94.0625,87.08189958473929,-4.001919171007799,91.08381875574709
2026-05-08 15:00:00+00:00,109.5,102.04956850719812,-4.001919171007799,106.05148767820592
2026-05-08 16:00:00+00:00,127.815,123.32145390980524,-4.001919171007799,127.32337308081304
2026-05-08 17:00:00+00:00,143.54250000000002,146.97141859871508,-4.001919171007799,150.9733377697229
2026-05-08 18:00:00+00:00,152.9775,157.0230681987894,-4.001919171007799,161.0249873697972
2026-05-08 19:00:00+00:00,138.9,145.1935277980451,-4.001919171007799,149.1954469690529
2026-05-08 20:00:00+00:00,127.5025,129.22873099101696,-4.001919171007799,133.23065016202474
2026-05-08 21:00:00+00:00,119.14,119.06423318609784,-4.001919171007799,123.06615235710564
2026-05-08 22:00:00+00:00,127.6925,113.36944884594844,-4.118533314741296,117.48798216068974
2026-05-08 23:00:00+00:00,123.4075,110.69572468552312,-4.118533314741296,114.81425800026442
2026-05-09 00:00:00+00:00,123.48,112.44569509186115,-4.118533314741296,116.56422840660245
2026-05-09 01:00:00+00:00,124.3525,110.2119694488336,-4.118533314741296,114.3305027635749
2026-05-09 02:00:00+00:00,125.7375,106.9436347660178,-4.118533314741296,111.0621680807591
2026-05-09 03:00:00+00:00,126.4525,114.21314076166608,-4.118533314741296,118.33167407640738
2026-05-09 04:00:00+00:00,127.5225,110.80026913697186,-4.118533314741296,114.91880245171316
2026-05-09 05:00:00+00:00,118.67,102.37136688075508,-4.118533314741296,106.48990019549638
2026-05-09 06:00:00+00:00,107.6725,96.86063116872748,-4.118533314741296,100.97916448346878
2026-05-09 07:00:00+00:00,68.3075,52.21607230119477,-4.118533314741296,56.33460561593607
2026-05-09 08:00:00+00:00,9.9275,19.36984202722481,-4.118533314741296,23.488375341966105
2026-05-09 09:00:00+00:00,-0.015,8.66281626536987,-4.118533314741296,12.781349580111165
2026-05-09 10:00:00+00:00,-0.0625,12.1007443236475,-4.118533314741296,16.219277638388796
2026-05-09 11:00:00+00:00,-0.09,-1.8127603766278184,-4.118533314741296,2.3057729381134777
2026-05-09 12:00:00+00:00,-0.0125,0.6525278723092153,-4.118533314741296,4.7710611870505115
2026-05-09 13:00:00+00:00,0.0025,22.50342689218807,-4.118533314741296,26.621960206929366
2026-05-09 14:00:00+00:00,27.715000000000003,59.24315852216997,-4.118533314741296,63.36169183691127
2026-05-09 15:00:00+00:00,93.69,90.56180926785238,-4.118533314741296,94.68034258259368
2026-05-09 16:00:00+00:00,123.19,120.206261138738,-4.118533314741296,124.3247944534793
2026-05-09 17:00:00+00:00,138.5075,151.08959293329988,-4.118533314741296,155.20812624804117
2026-05-09 18:00:00+00:00,146.965,147.75609642269342,-4.118533314741296,151.8746297374347
2026-05-09 19:00:00+00:00,143.485,147.3124473925749,-4.118533314741296,151.4309807073162
2026-05-09 20:00:00+00:00,136.3,138.20370947546272,-4.118533314741296,142.322242790204
2026-05-09 21:00:00+00:00,127.0875,123.11411277636812,-4.118533314741296,127.23264609110942
2026-05-09 22:00:00+00:00,128.0925,124.02286725710884,-4.041309301922393,128.06417655903124
2026-05-09 23:00:00+00:00,125.4475,120.9123474801329,-4.041309301922393,124.95365678205529
2026-05-10 00:00:00+00:00,125.4325,122.78057264592697,-4.041309301922393,126.82188194784936
2026-05-10 01:00:00+00:00,123.4825,118.80609462043624,-4.041309301922393,122.84740392235864
2026-05-10 02:00:00+00:00,124.1975,115.7739560964569,-4.041309301922393,119.8152653983793
2026-05-10 03:00:00+00:00,123.94,114.85554802530712,-4.041309301922393,118.89685732722951
2026-05-10 04:00:00+00:00,115.14,112.31666074359656,-4.041309301922393,116.35797004551895
2026-05-10 05:00:00+00:00,101.1675,96.31402449886646,-4.041309301922393,100.35533380078886
2026-05-10 06:00:00+00:00,70.835,72.0607583925202,-4.041309301922393,76.1020676944426
2026-05-10 07:00:00+00:00,11.18,20.776182855206724,-4.041309301922393,24.817492157129116
2026-05-10 08:00:00+00:00,0.0025,-3.0157691552056587,-4.041309301922393,1.0255401467167342
2026-05-10 09:00:00+00:00,-0.6699999999999999,-41.40203249127208,-4.041309301922393,-37.360723189349685
2026-05-10 10:00:00+00:00,-1.88,-71.7545896254886,-4.041309301922393,-67.71328032356621
2026-05-10 11:00:00+00:00,-2.165,-78.21588246585212,-4.041309301922393,-74.17457316392972
2026-05-10 12:00:00+00:00,-1.4,-42.177582187132614,-4.041309301922393,-38.13627288521022
2026-05-10 13:00:00+00:00,-0.255,-5.9813930623900085,-4.041309301922393,-1.9400837604676155
2026-05-10 14:00:00+00:00,1.8825,2.710188281367934,-4.041309301922393,6.751497583290327
2026-05-10 15:00:00+00:00,71.005,65.09782172569382,-4.041309301922393,69.13913102761622
2026-05-10 16:00:00+00:00,110.9425,106.5643068787221,-4.041309301922393,110.6056161806445
2026-05-10 17:00:00+00:00,122.0,123.78150706969812,-4.041309301922393,127.82281637162052
2026-05-10 18:00:00+00:00,129.3175,128.41924260465117,-4.041309301922393,132.46055190657356
2026-05-10 19:00:00+00:00,128.515,123.4288647367521,-4.041309301922393,127.4701740386745
2026-05-10 20:00:00+00:00,124.14,126.24931066583945,-4.041309301922393,130.29061996776184
2026-05-10 21:00:00+00:00,119.8375,117.70403298636406,-4.041309301922393,121.74534228828645
2026-05-10 22:00:00+00:00,118.785,119.944640516026,-4.348892418433799,124.29353293445979
2026-05-10 23:00:00+00:00,112.335,123.670409461494,-4.348892418433799,128.0193018799278
2026-05-11 00:00:00+00:00,110.4275,124.3630307111092,-4.348892418433799,128.711923129543
2026-05-11 01:00:00+00:00,112.6575,120.88601281566892,-4.348892418433799,125.23490523410271
2026-05-11 02:00:00+00:00,113.0925,121.58636914362232,-4.348892418433799,125.93526156205613
2026-05-11 03:00:00+00:00,122.1375,136.91203861148685,-4.348892418433799,141.26093102992064
2026-05-11 04:00:00+00:00,136.475,148.5423688970101,-4.348892418433799,152.8912613154439
2026-05-11 05:00:00+00:00,154.0475,151.10744725342784,-4.348892418433799,155.45633967186163
2026-05-11 06:00:00+00:00,150.0125,146.77373918788237,-4.348892418433799,151.12263160631616
2026-05-11 07:00:00+00:00,136.79999999999998,125.79308887146163,-4.348892418433799,130.14198128989543
2026-05-11 08:00:00+00:00,126.3075,114.88770234693224,-4.348892418433799,119.23659476536605
2026-05-11 09:00:00+00:00,113.4325,102.17889395681016,-4.348892418433799,106.52778637524395
2026-05-11 10:00:00+00:00,105.485,75.08014484848869,-4.348892418433799,79.42903726692248
2026-05-11 11:00:00+00:00,98.78,60.51189245406131,-4.348892418433799,64.86078487249512
2026-05-11 12:00:00+00:00,95.98,49.519672063397806,-4.348892418433799,53.868564481831605
2026-05-11 13:00:00+00:00,96.2,55.66327602843226,-4.348892418433799,60.012168446866056
2026-05-11 14:00:00+00:00,100.49,68.17632650171953,-4.348892418433799,72.52521892015332
2026-05-11 15:00:00+00:00,116.3025,92.24088295713,-4.348892418433799,96.58977537556379
2026-05-11 16:00:00+00:00,122.98,105.27710244804923,-4.348892418433799,109.62599486648304
2026-05-11 17:00:00+00:00,130.7175,121.45209220546148,-4.348892418433799,125.80098462389529
2026-05-11 18:00:00+00:00,131.12,131.3273657799184,-4.348892418433799,135.6762581983522
2026-05-11 19:00:00+00:00,127.8725,124.67075970799377,-4.348892418433799,129.01965212642756
2026-05-11 20:00:00+00:00,120.765,113.3344977498315,-4.348892418433799,117.6833901682653
2026-05-11 21:00:00+00:00,108.9525,96.73847530722352,-4.348892418433799,101.08736772565732
2026-05-11 22:00:00+00:00,99.065,83.9504988985098,-4.503738459178037,88.45423735768784
2026-05-11 23:00:00+00:00,95.275,77.34691244446245,-4.503738459178037,81.85065090364049
2026-05-12 00:00:00+00:00,91.73,76.28873536468451,-4.503738459178037,80.79247382386255
2026-05-12 01:00:00+00:00,89.8975,75.13730848005626,-4.503738459178037,79.6410469392343
2026-05-12 02:00:00+00:00,91.375,76.63590314234376,-4.503738459178037,81.1396416015218
2026-05-12 03:00:00+00:00,94.0025,83.90119286227821,-4.503738459178037,88.40493132145625
2026-05-12 04:00:00+00:00,111.2625,86.59677525416838,-4.503738459178037,91.10051371334642
2026-05-12 05:00:00+00:00,122.575,90.01172887246595,-4.503738459178037,94.51546733164399
2026-05-12 06:00:00+00:00,112.145,84.27169546050754,-4.503738459178037,88.77543391968558
2026-05-12 07:00:00+00:00,94.075,52.05147701010008,-4.503738459178037,56.55521546927812
2026-05-12 08:00:00+00:00,79.5575,24.11611741518993,-4.503738459178037,28.619855874367968
2026-05-12 09:00:00+00:00,63.535,15.847175443458514,-4.503738459178037,20.350913902636552
2026-05-12 10:00:00+00:00,45.91,9.805098381099755,-4.503738459178037,14.308836840277792
2026-05-12 11:00:00+00:00,27.33,7.322466559814899,-4.503738459178037,11.826205018992937
2026-05-12 12:00:00+00:00,19.9725,15.235719739894344,-4.503738459178037,19.73945819907238
2026-05-12 13:00:00+00:00,44.760000000000005,19.97776150156437,-4.503738459178037,24.481499960742408
2026-05-12 14:00:00+00:00,74.405,31.32661206655035,-4.503738459178037,35.830350525728385
2026-05-12 15:00:00+00:00,96.0,69.8530039827911,-4.503738459178037,74.35674244196913
2026-05-12 16:00:00+00:00,114.88,102.80667948683028,-4.503738459178037,107.31041794600831
2026-05-12 17:00:00+00:00,136.2775,127.94870323182244,-4.503738459178037,132.45244169100047
2026-05-12 18:00:00+00:00,142.985,135.98450077515042,-4.503738459178037,140.48823923432846
2026-05-12 19:00:00+00:00,142.7425,139.777355680003,-4.503738459178037,144.28109413918105
2026-05-12 20:00:00+00:00,131.225,127.6484232736988,-4.503738459178037,132.15216173287683
2026-05-12 21:00:00+00:00,118.345,112.98665688486643,-4.503738459178037,117.49039534404447
2026-05-12 22:00:00+00:00,114.33,100.84275066466196,-4.951984762532409,105.79473542719437
2026-05-12 23:00:00+00:00,106.2175,95.42077244866582,-4.951984762532409,100.37275721119822
2026-05-13 00:00:00+00:00,104.3575,92.0867297522907,-4.951984762532409,97.0387145148231
2026-05-13 01:00:00+00:00,107.435,92.12221967845808,-4.951984762532409,97.07420444099048
2026-05-13 02:00:00+00:00,111.195,94.23700031314986,-4.951984762532409,99.18898507568227
2026-05-13 03:00:00+00:00,120.0,107.89051271869486,-4.951984762532409,112.84249748122727
2026-05-13 04:00:00+00:00,137.1825,130.33143444979802,-4.951984762532409,135.28341921233044
2026-05-13 05:00:00+00:00,141.1225,147.4277639049854,-4.951984762532409,152.37974866751782
2026-05-13 06:00:00+00:00,126.7,115.79738485529896,-4.951984762532409,120.74936961783136
2026-05-13 07:00:00+00:00,102.525,87.90562622069062,-4.951984762532409,92.85761098322303
2026-05-13 08:00:00+00:00,86.44,58.93659294254638,-4.951984762532409,63.888577705078795
2026-05-13 09:00:00+00:00,83.7775,53.33665841021362,-4.951984762532409,58.288643172746035
2026-05-13 10:00:00+00:00,74.10249999999999,46.0428741165112,-4.951984762532409,50.99485887904361
2026-05-13 11:00:00+00:00,71.77250000000001,32.38631708343113,-4.951984762532409,37.33830184596354
2026-05-13 12:00:00+00:00,70.2025,35.767329541527864,-4.951984762532409,40.719314304060276
2026-05-13 13:00:00+00:00,82.2675,48.866606968474144,-4.951984762532409,53.818591731006556
2026-05-13 14:00:00+00:00,92.375,71.61466994256973,-4.951984762532409,76.56665470510214
2026-05-13 15:00:00+00:00,112.6025,103.44976011916562,-4.951984762532409,108.40174488169802
2026-05-13 16:00:00+00:00,132.355,132.61228757420878,-4.951984762532409,137.5642723367412
2026-05-13 17:00:00+00:00,151.4925,146.67379931090966,-4.951984762532409,151.62578407344208
2026-05-13 18:00:00+00:00,171.26749999999998,159.2313460898411,-4.951984762532409,164.18333085237353
2026-05-13 19:00:00+00:00,160.04500000000002,149.60498793687682,-4.951984762532409,154.55697269940924
2026-05-13 20:00:00+00:00,142.20499999999998,133.69689717430438,-4.951984762532409,138.6488819368368
2026-05-13 21:00:00+00:00,123.095,116.28922143953228,-4.951984762532409,121.24120620206469
2026-05-13 22:00:00+00:00,130.54,111.70309763238812,-5.065427899011428,116.76852553139955
2026-05-13 23:00:00+00:00,121.75,106.81680691280404,-5.065427899011428,111.88223481181547
2026-05-14 00:00:00+00:00,119.225,103.18687857898266,-5.065427899011428,108.25230647799408
2026-05-14 01:00:00+00:00,115.6375,104.82005316609516,-5.065427899011428,109.88548106510659
2026-05-14 02:00:00+00:00,112.9175,102.1464878017174,-5.065427899011428,107.21191570072882
2026-05-14 03:00:00+00:00,112.045,100.77900178897954,-5.065427899011428,105.84442968799097
2026-05-14 04:00:00+00:00,111.405,114.40489294933955,-5.065427899011428,119.47032084835098
2026-05-14 05:00:00+00:00,108.09,113.12176475638807,-5.065427899011428,118.1871926553995
2026-05-14 06:00:00+00:00,99.2575,96.28417093316466,-5.065427899011428,101.34959883217608
2026-05-14 07:00:00+00:00,85.15,70.21975499150678,-5.065427899011428,75.2851828905182
2026-05-14 08:00:00+00:00,58.6425,57.32741797236575,-5.065427899011428,62.392845871377176
2026-05-14 09:00:00+00:00,35.5675,41.27887043499839,-5.065427899011428,46.344298334009814
2026-05-14 10:00:00+00:00,16.055,38.16641693465668,-5.065427899011428,43.231844833668106
2026-05-14 11:00:00+00:00,7.5525,35.34697950184473,-5.065427899011428,40.412407400856154
2026-05-14 12:00:00+00:00,4.6025,30.61319515121138,-5.065427899011428,35.678623050222804
2026-05-14 13:00:00+00:00,17.8475,35.39866621271195,-5.065427899011428,40.46409411172338
2026-05-14 14:00:00+00:00,66.9125,47.37908090451608,-5.065427899011428,52.444508803527505
2026-05-14 15:00:00+00:00,94.76,77.20853115358881,-5.065427899011428,82.27395905260023
2026-05-14 16:00:00+00:00,126.0,108.04709937229802,-5.065427899011428,113.11252727130945
2026-05-14 17:00:00+00:00,142.5825,133.67873762578105,-5.065427899011428,138.7441655247925
2026-05-14 18:00:00+00:00,150.4475,215.8935682843041,-5.065427899011428,220.95899618331555
2026-05-14 19:00:00+00:00,152.2025,190.0616177726594,-5.065427899011428,195.12704567167083
2026-05-14 20:00:00+00:00,150.91,154.68010160629805,-5.065427899011428,159.7455295053095
2026-05-14 21:00:00+00:00,136.32,133.36729170940083,-5.065427899011428,138.43271960841227
2026-05-14 22:00:00+00:00,137.9725,133.6465446599003,-5.180311645805407,138.8268563057057
2026-05-14 23:00:00+00:00,131.3725,128.98338035283214,-5.180311645805407,134.16369199863755
2026-05-15 00:00:00+00:00,126.3125,126.55132439231436,-5.180311645805407,131.73163603811977
2026-05-15 01:00:00+00:00,121.9375,127.66635334016918,-5.180311645805407,132.8466649859746
2026-05-15 02:00:00+00:00,123.7125,124.41016727420092,-5.180311645805407,129.59047892000632
2026-05-15 03:00:00+00:00,127.16,128.34057338184385,-5.180311645805407,133.52088502764926
2026-05-15 04:00:00+00:00,136.1,134.9953356957156,-5.180311645805407,140.175647341521
2026-05-15 05:00:00+00:00,132.515,131.45135727883914,-5.180311645805407,136.63166892464454
2026-05-15 06:00:00+00:00,123.995,114.3202916444068,-5.180311645805407,119.5006032902122
2026-05-15 07:00:00+00:00,104.54,91.26137541909549,-5.180311645805407,96.44168706490089
2026-05-15 08:00:00+00:00,81.7825,74.24586120786766,-5.180311645805407,79.42617285367307
2026-05-15 09:00:00+00:00,66.8175,60.44380253593485,-5.180311645805407,65.62411418174025
2026-05-15 10:00:00+00:00,54.302499999999995,35.06038858814458,-5.180311645805407,40.240700233949994
2026-05-15 11:00:00+00:00,40.3225,22.43139803625896,-5.180311645805407,27.611709682064365
2026-05-15 12:00:00+00:00,40.1475,21.355089700376364,-5.180311645805407,26.53540134618177
2026-05-15 13:00:00+00:00,51.0025,29.196836790158585,-5.180311645805407,34.37714843596399
2026-05-15 14:00:00+00:00,77.32,62.38042714079885,-5.180311645805407,67.56073878660426
2026-05-15 15:00:00+00:00,105.0475,90.30992812401252,-5.180311645805407,95.49023976981792
2026-05-15 16:00:00+00:00,125.0425,112.799071426504,-5.180311645805407,117.9793830723094
2026-05-15 17:00:00+00:00,143.31,132.22524761994572,-5.180311645805407,137.40555926575112
2026-05-15 18:00:00+00:00,153.455,141.2053401711368,-5.180311645805407,146.38565181694221
2026-05-15 19:00:00+00:00,151.14499999999998,132.8359183482604,-5.180311645805407,138.0162299940658
2026-05-15 20:00:00+00:00,144.685,127.6654714749896,-5.180311645805407,132.845783120795
2026-05-15 21:00:00+00:00,135.5125,118.38801339683472,-5.180311645805407,123.56832504264013
2026-05-15 22:00:00+00:00,130.0,111.60149375080172,-5.217688609005851,116.81918235980757
2026-05-15 23:00:00+00:00,121.7875,102.115356918489,-5.217688609005851,107.33304552749485
2026-05-16 00:00:00+00:00,117.5625,101.178771841344,-5.217688609005851,106.39646045034985
2026-05-16 01:00:00+00:00,116.0025,95.55051149733212,-5.217688609005851,100.76820010633797
2026-05-16 02:00:00+00:00,114.02,91.98716426565828,-5.217688609005851,97.20485287466413
2026-05-16 03:00:00+00:00,109.3425,86.87223283418413,-5.217688609005851,92.08992144318998
2026-05-16 04:00:00+00:00,105.7075,80.12800996945076,-5.217688609005851,85.3456985784566
2026-05-16 05:00:00+00:00,100.045,75.16200854104588,-5.217688609005851,80.37969715005173
2026-05-16 06:00:00+00:00,86.9525,48.91738762845547,-5.217688609005851,54.13507623746132
2026-05-16 07:00:00+00:00,43.9525,15.179257573321262,-5.217688609005851,20.396946182327113
2026-05-16 08:00:00+00:00,4.2025,-1.0449881384369253,-5.217688609005851,4.172700470568926
2026-05-16 09:00:00+00:00,-0.03,-2.863110608806176,-5.217688609005851,2.354578000199675
2026-05-16 10:00:00+00:00,-1.195,-8.212376418927064,-5.217688609005851,-2.9946878099212135
2026-05-16 11:00:00+00:00,-2.2,-11.594463951970916,-5.217688609005851,-6.376775342965065
2026-05-16 12:00:00+00:00,-1.9325,-14.170034444037308,-5.217688609005851,-8.952345835031457
2026-05-16 13:00:00+00:00,-0.9975,-12.704829803067096,-5.217688609005851,-7.487141194061245
2026-05-16 14:00:00+00:00,4.779999999999999,-6.003092801020055,-5.217688609005851,-0.7854041920142043
2026-05-16 15:00:00+00:00,60.0925,38.304589883324375,-5.217688609005851,43.52227849233023
2026-05-16 16:00:00+00:00,100.2225,90.8213110607376,-5.217688609005851,96.03899966974345
2026-05-16 17:00:00+00:00,126.47,127.6881344805522,-5.217688609005851,132.90582308955806
2026-05-16 18:00:00+00:00,139.9975,140.14260716017642,-5.217688609005851,145.36029576918227
2026-05-16 19:00:00+00:00,140.6875,152.4567757433153,-5.217688609005851,157.67446435232114
2026-05-16 20:00:00+00:00,135.99,143.8725389360271,-5.217688609005851,149.09022754503295
2026-05-16 21:00:00+00:00,127.7,132.13288453746313,-5.217688609005851,137.35057314646897
2026-05-16 22:00:00+00:00,127.7175,130.81928301076516,-5.299510224035301,136.11879323480045
2026-05-16 23:00:00+00:00,119.0625,127.46742844429215,-5.299510224035301,132.76693866832744
2026-05-17 00:00:00+00:00,115.565,124.64296765517852,-5.299510224035301,129.9424778792138
2026-05-17 01:00:00+00:00,113.8975,121.82553174467282,-5.299510224035301,127.12504196870812
2026-05-17 02:00:00+00:00,109.17,115.411969346864,-5.299510224035301,120.7114795708993
2026-05-17 03:00:00+00:00,105.445,111.80106788908265,-5.299510224035301,117.10057811311795
2026-05-17 04:00:00+00:00,98.7925,103.18630203316198,-5.299510224035301,108.48581225719728
2026-05-17 05:00:00+00:00,80.795,89.16778763217756,-5.299510224035301,94.46729785621287
2026-05-17 06:00:00+00:00,53.8425,52.79330317557379,-5.299510224035301,58.09281339960909
2026-05-17 07:00:00+00:00,18.97,8.250552224494292,-5.299510224035301,13.550062448529594
2026-05-17 08:00:00+00:00,3.49,1.6164560383578497,-5.299510224035301,6.915966262393151
2026-05-17 09:00:00+00:00,0.56,1.475060208292267,-5.299510224035301,6.774570432327568
2026-05-17 10:00:00+00:00,0.8225,-1.6312550683353833,-5.299510224035301,3.668255155699918
2026-05-17 11:00:00+00:00,0.0,-7.0460632482847725,-5.299510224035301,-1.7465530242494713
2026-05-17 12:00:00+00:00,0.98,-3.185750860731331,-5.299510224035301,2.11375936330397
2026-05-17 13:00:00+00:00,11.31,5.358902272040849,-5.299510224035301,10.65841249607615
2026-05-17 14:00:00+00:00,52.4375,26.77372963802419,-5.299510224035301,32.07323986205949
2026-05-17 15:00:00+00:00,100.315,75.95737738884442,-5.299510224035301,81.25688761287972
2026-05-17 16:00:00+00:00,129.3875,114.54051323921244,-5.299510224035301,119.84002346324775
2026-05-17 17:00:00+00:00,143.0675,135.8483063740826,-5.299510224035301,141.14781659811788
2026-05-17 18:00:00+00:00,155.8,144.13203186878553,-5.299510224035301,149.43154209282082
2026-05-17 19:00:00+00:00,156.70499999999998,136.47859115782194,-5.299510224035301,141.77810138185723
2026-05-17 20:00:00+00:00,151.3675,131.5038185725474,-5.299510224035301,136.8033287965827
2026-05-17 21:00:00+00:00,142.575,126.425538269612,-5.299510224035301,131.7250484936473
2026-05-17 22:00:00+00:00,134.6575,124.96829671114382,-5.245725653797024,130.21402236494083
2026-05-17 23:00:00+00:00,125.9725,113.91165507345676,-5.245725653797024,119.15738072725378
2026-05-18 00:00:00+00:00,125.9975,113.48190022504691,-5.245725653797024,118.72762587884394
2026-05-18 01:00:00+00:00,126.3925,107.36138336033946,-5.245725653797024,112.60710901413648
2026-05-18 02:00:00+00:00,129.36,108.39285929825785,-5.245725653797024,113.63858495205487
2026-05-18 03:00:00+00:00,137.0225,121.23123375003176,-5.245725653797024,126.47695940382879
2026-05-18 04:00:00+00:00,152.51749999999998,139.50785022390696,-5.245725653797024,144.75357587770398
2026-05-18 05:00:00+00:00,160.075,141.2397999053316,-5.245725653797024,146.48552555912863
2026-05-18 06:00:00+00:00,152.105,125.37104922854569,-5.245725653797024,130.61677488234272
2026-05-18 07:00:00+00:00,125.88,101.66509482458302,-5.245725653797024,106.91082047838005
2026-05-18 08:00:00+00:00,107.85,81.46015592738858,-5.245725653797024,86.70588158118561
2026-05-18 09:00:00+00:00,100.0525,63.161578600213495,-5.245725653797024,68.40730425401051
2026-05-18 10:00:00+00:00,94.895,47.24263627400786,-5.245725653797024,52.48836192780488
2026-05-18 11:00:00+00:00,94.9775,48.26556901166408,-5.245725653797024,53.5112946654611
2026-05-18 12:00:00+00:00,96.77,57.061628585458365,-5.245725653797024,62.30735423925539
2026-05-18 13:00:00+00:00,102.405,73.002863994463,-5.245725653797024,78.24858964826002
2026-05-18 14:00:00+00:00,113.965,86.54337908698157,-5.245725653797024,91.7891047407786
2026-05-18 15:00:00+00:00,134.065,109.88760500874028,-5.245725653797024,115.1333306625373
2026-05-18 16:00:00+00:00,152.1375,137.91343831445462,-5.245725653797024,143.15916396825165
2026-05-18 17:00:00+00:00,192.8525,163.11973444283532,-5.245725653797024,168.36546009663235
2026-05-18 18:00:00+00:00,250.8975,219.03767974639857,-5.245725653797024,224.2834054001956
2026-05-18 19:00:00+00:00,214.3375,214.47309990781585,-5.245725653797024,219.71882556161287
2026-05-18 20:00:00+00:00,160.6475,166.54179542612457,-5.245725653797024,171.7875210799216
2026-05-18 21:00:00+00:00,148.89499999999998,142.92111013533815,-5.245725653797024,148.16683578913518
2026-05-18 22:00:00+00:00,148.2525,143.71936165131865,-5.402018549167726,149.12138020048639
2026-05-18 23:00:00+00:00,141.9425,132.47735092325863,-5.402018549167726,137.87936947242636
2026-05-19 00:00:00+00:00,139.3225,133.86572140399227,-5.402018549167726,139.26773995316
2026-05-19 01:00:00+00:00,138.54000000000002,133.32193135843335,-5.402018549167726,138.72394990760108
2026-05-19 02:00:00+00:00,141.5675,134.75240711670972,-5.402018549167726,140.15442566587745
2026-05-19 03:00:00+00:00,146.92000000000002,160.53699883891025,-5.402018549167726,165.93901738807799
2026-05-19 04:00:00+00:00,164.46,171.9349274615752,-5.402018549167726,177.33694601074293
2026-05-19 05:00:00+00:00,153.7725,162.31324580163812,-5.402018549167726,167.71526435080585
2026-05-19 06:00:00+00:00,131.855,148.30133759428531,-5.402018549167726,153.70335614345305
2026-05-19 07:00:00+00:00,108.7425,110.65188060840497,-5.402018549167726,116.05389915757269
2026-05-19 08:00:00+00:00,94.265,86.39506519360631,-5.402018549167726,91.79708374277403
2026-05-19 09:00:00+00:00,82.08500000000001,79.38971939051856,-5.402018549167726,84.79173793968629
2026-05-19 10:00:00+00:00,73.145,77.26365692651014,-5.402018549167726,82.66567547567786
2026-05-19 11:00:00+00:00,73.7375,66.03177170769578,-5.402018549167726,71.4337902568635
2026-05-19 12:00:00+00:00,79.81,67.13236522346784,-5.402018549167726,72.53438377263556
2026-05-19 13:00:00+00:00,87.57,88.20867148128109,-5.402018549167726,93.61069003044881
2026-05-19 14:00:00+00:00,102.25,97.30286100088696,-5.402018549167726,102.70487955005468
2026-05-19 15:00:00+00:00,127.2925,123.94894943694533,-5.402018549167726,129.35096798611306
2026-05-19 16:00:00+00:00,144.95,141.6573367730304,-5.402018549167726,147.05935532219814
2026-05-19 17:00:00+00:00,172.485,166.98106485360958,-5.402018549167726,172.38308340277732
2026-05-19 18:00:00+00:00,180.9025,186.31238661973504,-5.402018549167726,191.71440516890277
2026-05-19 19:00:00+00:00,163.63,171.15119361173413,-5.402018549167726,176.55321216090186
2026-05-19 20:00:00+00:00,145.545,150.12908614160236,-5.402018549167726,155.5311046907701
2026-05-19 21:00:00+00:00,131.8025,138.6965457735701,-5.402018549167726,144.09856432273784
2026-05-19 22:00:00+00:00,123.73,123.83194738273411,-4.976449031928208,128.80839641466233
2026-05-19 23:00:00+00:00,114.635,114.75883218594016,-4.976449031928208,119.73528121786838
2026-05-20 00:00:00+00:00,109.7525,112.7713245334427,-4.976449031928208,117.7477735653709
2026-05-20 01:00:00+00:00,109.9725,110.97153021355632,-4.976449031928208,115.94797924548453
2026-05-20 02:00:00+00:00,110.41,111.59008734922726,-4.976449031928208,116.56653638115547
2026-05-20 03:00:00+00:00,119.05,121.12230213702412,-4.976449031928208,126.09875116895233
2026-05-20 04:00:00+00:00,134.9875,130.93127578714305,-4.976449031928208,135.90772481907126
2026-05-20 05:00:00+00:00,136.975,130.86420204017733,-4.976449031928208,135.84065107210554
2026-05-20 06:00:00+00:00,125.5125,128.75218296221422,-4.976449031928208,133.72863199414243
2026-05-20 07:00:00+00:00,109.06,106.7853806319644,-4.976449031928208,111.76182966389261
2026-05-20 08:00:00+00:00,89.7,94.20539562056256,-4.976449031928208,99.18184465249077
2026-05-20 09:00:00+00:00,75.46249999999999,83.38708030133334,-4.976449031928208,88.36352933326155
2026-05-20 10:00:00+00:00,64.005,73.83807779506844,-4.976449031928208,78.81452682699666
2026-05-20 11:00:00+00:00,44.997499999999995,64.81382553299032,-4.976449031928208,69.79027456491853
2026-05-20 12:00:00+00:00,33.5125,57.82655499755714,-4.976449031928208,62.80300402948535
2026-05-20 13:00:00+00:00,45.66,61.963610565944954,-4.976449031928208,66.94005959787316
2026-05-20 14:00:00+00:00,65.01,78.43242569907999,-4.976449031928208,83.4088747310082
2026-05-20 15:00:00+00:00,99.3975,98.05857976657,-4.976449031928208,103.03502879849822
2026-05-20 16:00:00+00:00,130.2125,123.95564405020438,-4.976449031928208,128.93209308213258
2026-05-20 17:00:00+00:00,149.5675,147.62362779386197,-4.976449031928208,152.60007682579018
2026-05-20 18:00:00+00:00,167.9225,166.9416914102039,-4.976449031928208,171.9181404421321
2026-05-20 19:00:00+00:00,165.0,162.67131283212132,-4.976449031928208,167.64776186404953
2026-05-20 20:00:00+00:00,150.02,148.67089078433284,-4.976449031928208,153.64733981626105
2026-05-20 21:00:00+00:00,139.0025,136.7359835586702,-4.976449031928208,141.7124325905984
2026-05-20 22:00:00+00:00,133.0275,130.90674877847246,-5.007262162440688,135.91401094091316
2026-05-20 23:00:00+00:00,121.66,117.42302673174235,-5.007262162440688,122.43028889418304
2026-05-21 00:00:00+00:00,116.0225,112.91560404656228,-5.007262162440688,117.92286620900296
2026-05-21 01:00:00+00:00,113.55,113.78186845821186,-5.007262162440688,118.78913062065254
2026-05-21 02:00:00+00:00,116.01,115.67691936711049,-5.007262162440688,120.68418152955117
2026-05-21 03:00:00+00:00,128.405,130.6528404239476,-5.007262162440688,135.6601025863883
2026-05-21 04:00:00+00:00,142.815,139.2021627277284,-5.007262162440688,144.2094248901691
2026-05-21 05:00:00+00:00,143.6175,128.24584527511624,-5.007262162440688,133.25310743755693
2026-05-21 06:00:00+00:00,131.3875,118.1693965688737,-5.007262162440688,123.17665873131438
2026-05-21 07:00:00+00:00,104.14,94.95994216908598,-5.007262162440688,99.96720433152666
2026-05-21 08:00:00+00:00,81.1975,71.88620919144277,-5.007262162440688,76.89347135388346
2026-05-21 09:00:00+00:00,42.752500000000005,50.18049764103149,-5.007262162440688,55.187759803472176
2026-05-21 10:00:00+00:00,12.1375,38.631642825916266,-5.007262162440688,43.638904988356956
2026-05-21 11:00:00+00:00,7.369999999999999,25.16982609377139,-5.007262162440688,30.17708825621208
2026-05-21 12:00:00+00:00,8.8125,19.75818643730561,-5.007262162440688,24.7654485997463
2026-05-21 13:00:00+00:00,35.2,41.37436112138016,-5.007262162440688,46.38162328382085
2026-05-21 14:00:00+00:00,71.7075,66.14136463689718,-5.007262162440688,71.14862679933786
2026-05-21 15:00:00+00:00,104.995,97.48477839458302,-5.007262162440688,102.4920405570237
2026-05-21 16:00:00+00:00,135.8875,130.74159485461982,-5.007262162440688,135.74885701706052
2026-05-21 17:00:00+00:00,163.35500000000002,163.56708197357565,-5.007262162440688,168.57434413601635
2026-05-21 18:00:00+00:00,204.695,166.2653003499856,-5.007262162440688,171.2725625124263
2026-05-21 19:00:00+00:00,188.4175,172.91325453104318,-5.007262162440688,177.92051669348388
2026-05-21 20:00:00+00:00,166.035,162.4224175635616,-5.007262162440688,167.4296797260023
2026-05-21 21:00:00+00:00,146.39249999999998,145.48475638569832,-5.007262162440688,150.49201854813901
2026-05-21 22:00:00+00:00,144.315,142.65950570320447,-4.966303538669299,147.62580924187378
2026-05-21 23:00:00+00:00,136.9,137.92294718242252,-4.966303538669299,142.88925072109183
2026-05-22 00:00:00+00:00,131.6375,127.4014340346338,-4.966303538669299,132.3677375733031
2026-05-22 01:00:00+00:00,128.95000000000002,125.06125627528051,-4.966303538669299,130.0275598139498
2026-05-22 02:00:00+00:00,131.4975,131.82836075982826,-4.966303538669299,136.79466429849757
2026-05-22 03:00:00+00:00,135.7175,158.354904333688,-4.966303538669299,163.32120787235732
2026-05-22 04:00:00+00:00,144.35500000000002,148.6228422135876,-4.966303538669299,153.5891457522569
2026-05-22 05:00:00+00:00,138.1775,142.33042229746056,-4.966303538669299,147.29672583612987
2026-05-22 06:00:00+00:00,123.135,128.71556723500672,-4.966303538669299,133.68187077367602
2026-05-22 07:00:00+00:00,91.8825,90.75123082228536,-4.966303538669299,95.71753436095466
2026-05-22 08:00:00+00:00,42.48,46.159737291482614,-4.966303538669299,51.126040830151915
2026-05-22 09:00:00+00:00,3.94,30.01359602571543,-4.966303538669299,34.97989956438473
2026-05-22 10:00:00+00:00,0.005,13.368134508881324,-4.966303538669299,18.334438047550623
2026-05-22 11:00:00+00:00,0.0,17.507560885925475,-4.966303538669299,22.473864424594773
2026-05-22 12:00:00+00:00,1.0,15.164041281114656,-4.966303538669299,20.130344819783957
2026-05-22 13:00:00+00:00,20.305,40.05669829872872,-4.966303538669299,45.02300183739802
2026-05-22 14:00:00+00:00,70.24,64.94613586937824,-4.966303538669299,69.91243940804753
2026-05-22 15:00:00+00:00,104.195,95.33270387354426,-4.966303538669299,100.29900741221356
2026-05-22 16:00:00+00:00,134.95,128.23465503618195,-4.966303538669299,133.20095857485126
2026-05-22 17:00:00+00:00,161.2225,147.1254706052183,-4.966303538669299,152.09177414388762
2026-05-22 18:00:00+00:00,218.4275,196.7635820616617,-4.966303538669299,201.72988560033102
2026-05-22 19:00:00+00:00,193.6625,170.034479461552,-4.966303538669299,175.0007830002213
2026-05-22 20:00:00+00:00,154.635,152.30895520111213,-4.966303538669299,157.27525873978144
2026-05-22 21:00:00+00:00,140.735,139.7583974205008,-4.966303538669299,144.72470095917012
2026-05-22 22:00:00+00:00,136.76,133.68642153451225,-4.758252647520476,138.4446741820327
2026-05-22 23:00:00+00:00,130.0,127.5182176755074,-4.758252647520476,132.27647032302787
2026-05-23 00:00:00+00:00,125.8675,123.05329189678282,-4.758252647520476,127.8115445443033
2026-05-23 01:00:00+00:00,125.3675,119.64435706391596,-4.758252647520476,124.40260971143644
2026-05-23 02:00:00+00:00,121.7325,118.30492192935414,-4.758252647520476,123.06317457687462
2026-05-23 03:00:00+00:00,119.26,113.81083518881502,-4.758252647520476,118.5690878363355
2026-05-23 04:00:00+00:00,116.3675,106.8150959578256,-4.758252647520476,111.57334860534608
2026-05-23 05:00:00+00:00,97.085,96.0913217773833,-4.758252647520476,100.84957442490378
2026-05-23 06:00:00+00:00,49.8625,64.54775915248905,-4.758252647520476,69.30601180000953
2026-05-23 07:00:00+00:00,1.6,25.427756898490745,-4.758252647520476,30.18600954601122
2026-05-23 08:00:00+00:00,-0.3325,-5.714008628699618,-4.758252647520476,-0.9557559811791423
2026-05-23 09:00:00+00:00,-3.9,-13.883804795729333,-4.758252647520476,-9.125552148208858
2026-05-23 10:00:00+00:00,-12.392499999999998,-35.17640800725067,-4.758252647520476,-30.418155359730196
2026-05-23 11:00:00+00:00,-31.8175,-58.82280846629918,-4.758252647520476,-54.0645558187787
2026-05-23 12:00:00+00:00,-18.42,-42.597108969172375,-4.758252647520476,-37.838856321651896
2026-05-23 13:00:00+00:00,-4.0,-28.783239574659603,-4.758252647520476,-24.02498692713913
2026-05-23 14:00:00+00:00,-0.2875,7.079686236477407,-4.758252647520476,11.837938883997882
2026-05-23 15:00:00+00:00,44.4475,63.542856569352686,-4.758252647520476,68.30110921687316
2026-05-23 16:00:00+00:00,120.7625,118.26579271371564,-4.758252647520476,123.02404536123612
2026-05-23 17:00:00+00:00,149.6575,145.26457736751954,-4.758252647520476,150.02283001504
2026-05-23 18:00:00+00:00,174.52,151.31115446691126,-4.758252647520476,156.06940711443173
2026-05-23 19:00:00+00:00,171.065,161.40126612131414,-4.758252647520476,166.1595187688346
2026-05-23 20:00:00+00:00,156.915,148.36267447131823,-4.758252647520476,153.1209271188387
2026-05-23 21:00:00+00:00,144.6525,139.94719011222318,-4.758252647520476,144.70544275974365
2026-05-23 22:00:00+00:00,143.8025,128.31513371267647,-4.744344244333243,133.0594779570097
2026-05-23 23:00:00+00:00,133.3775,128.08182243292046,-4.744344244333243,132.8261666772537
2026-05-24 00:00:00+00:00,136.885,127.8153591993608,-4.744344244333243,132.55970344369405
2026-05-24 01:00:00+00:00,125.44,124.65464998314252,-4.744344244333243,129.39899422747575
2026-05-24 02:00:00+00:00,122.89,119.52347525606838,-4.744344244333243,124.26781950040163
2026-05-24 03:00:00+00:00,117.7225,112.62024842409409,-4.744344244333243,117.36459266842733
2026-05-24 04:00:00+00:00,108.795,107.48417719799303,-4.744344244333243,112.22852144232628
2026-05-24 05:00:00+00:00,88.4625,99.82755215820372,-4.744344244333243,104.57189640253696
2026-05-24 06:00:00+00:00,16.3675,70.21342240901977,-4.744344244333243,74.95776665335302
2026-05-24 07:00:00+00:00,-0.0275,16.818534340536427,-4.744344244333243,21.562878584869672
2026-05-24 08:00:00+00:00,-2.5025,-28.278980020864218,-4.744344244333243,-23.534635776530976
2026-05-24 09:00:00+00:00,-13.8325,-38.87949963706632,-4.744344244333243,-34.135155392733076
2026-05-24 10:00:00+00:00,-37.6125,-78.05219539269213,-4.744344244333243,-73.30785114835888
2026-05-24 11:00:00+00:00,-75.9375,-147.59328741338584,-4.744344244333243,-142.8489431690526
2026-05-24 12:00:00+00:00,-61.7525,-117.25795443580128,-4.744344244333243,-112.51361019146803
2026-05-24 13:00:00+00:00,-23.4925,-44.09852747520443,-4.744344244333243,-39.354183230871186
2026-05-24 14:00:00+00:00,-1.9575,-13.27230867566304,-4.744344244333243,-8.527964431329798
2026-05-24 15:00:00+00:00,14.375,27.521161519042657,-4.744344244333243,32.2655057633759
2026-05-24 16:00:00+00:00,96.3775,108.79423416248736,-4.744344244333243,113.5385784068206
2026-05-24 17:00:00+00:00,133.2175,132.85609886489033,-4.744344244333243,137.60044310922356
2026-05-24 18:00:00+00:00,151.0175,158.77678951599088,-4.744344244333243,163.52113376032412
2026-05-24 19:00:00+00:00,153.2275,158.9982692238486,-4.744344244333243,163.74261346818184
2026-05-24 20:00:00+00:00,144.42000000000002,149.74960080355865,-4.744344244333243,154.49394504789188
2026-05-24 21:00:00+00:00,132.1,139.84747056179134,-4.744344244333243,144.59181480612457
2026-05-24 22:00:00+00:00,130.8675,145.9611422132228,-4.885633706044258,150.84677591926703
2026-05-24 23:00:00+00:00,125.9825,137.04842672188715,-4.885633706044258,141.9340604279314
2026-05-25 00:00:00+00:00,125.24,137.24188612176707,-4.885633706044258,142.1275198278113
2026-05-25 01:00:00+00:00,126.0125,127.06698036158788,-4.885633706044258,131.95261406763214
2026-05-25 02:00:00+00:00,129.3125,117.36276870050946,-4.885633706044258,122.24840240655372
2026-05-25 03:00:00+00:00,131.995,118.245424924234,-4.885633706044258,123.13105863027826
2026-05-25 04:00:00+00:00,130.195,115.9180440928122,-4.885633706044258,120.80367779885646
2026-05-25 05:00:00+00:00,117.8775,106.87269297000891,-4.885633706044258,111.75832667605317
2026-05-25 06:00:00+00:00,77.68,48.07587935816431,-4.885633706044258,52.96151306420857
2026-05-25 07:00:00+00:00,5.0,-1.3060372505175728,-4.885633706044258,3.5795964555266853
2026-05-25 08:00:00+00:00,-0.1674999999999999,-47.016427331902264,-4.885633706044258,-42.130793625858004
2026-05-25 09:00:00+00:00,-5.2625,-95.58711485790128,-4.885633706044258,-90.70148115185702
2026-05-25 10:00:00+00:00,-12.7125,-113.29199181111387,-4.885633706044258,-108.40635810506961
2026-05-25 11:00:00+00:00,-29.295,-152.66320368521767,-4.885633706044258,-147.77756997917342
2026-05-25 12:00:00+00:00,-27.1825,-101.25023302834929,-4.885633706044258,-96.36459932230503
2026-05-25 13:00:00+00:00,-10.05,-67.14536258018923,-4.885633706044258,-62.25972887414497
2026-05-25 14:00:00+00:00,-2.915,-49.07864693568171,-4.885633706044258,-44.19301322963745
2026-05-25 15:00:00+00:00,31.95,27.737580795801996,-4.885633706044258,32.623214501846256
2026-05-25 16:00:00+00:00,118.8225,100.68256204728326,-4.885633706044258,105.56819575332752
2026-05-25 17:00:00+00:00,150.575,174.0498926820808,-4.885633706044258,178.93552638812506
2026-05-25 18:00:00+00:00,172.185,189.84477842590073,-4.885633706044258,194.73041213194497
2026-05-25 19:00:00+00:00,170.25,198.72573518591432,-4.885633706044258,203.61136889195856
2026-05-25 20:00:00+00:00,157.33249999999998,159.3534043018987,-4.885633706044258,164.23903800794295
2026-05-25 21:00:00+00:00,141.025,151.72681731085711,-4.885633706044258,156.61245101690136
2026-05-25 22:00:00+00:00,136.36,136.91798765036222,-5.023510965751136,141.94149861611336
2026-05-25 23:00:00+00:00,125.6475,125.10367618446794,-5.023510965751136,130.12718715021907
2026-05-26 00:00:00+00:00,120.645,125.13269973820049,-5.023510965751136,130.15621070395161
2026-05-26 01:00:00+00:00,121.18,122.4795494565152,-5.023510965751136,127.50306042226634
2026-05-26 02:00:00+00:00,119.53,120.62737249394849,-5.023510965751136,125.65088345969963
2026-05-26 03:00:00+00:00,128.91,121.7855282687313,-5.023510965751136,126.80903923448244
2026-05-26 04:00:00+00:00,143.105,129.29979913377753,-5.023510965751136,134.32331009952867
2026-05-26 05:00:00+00:00,141.54,119.29850373833816,-5.023510965751136,124.3220147040893
2026-05-26 06:00:00+00:00,122.045,92.38871557808191,-5.023510965751136,97.41222654383304
2026-05-26 07:00:00+00:00,78.8,33.32477415434665,-5.023510965751136,38.348285120097785
2026-05-26 08:00:00+00:00,6.52,-3.717778066502464,-5.023510965751136,1.3057328992486719
2026-05-26 09:00:00+00:00,-0.0075,-19.160285732957252,-5.023510965751136,-14.136774767206116
2026-05-26 10:00:00+00:00,-1.825,-35.79898414268218,-5.023510965751136,-30.775473176931044
2026-05-26 11:00:00+00:00,-2.5,-61.110686703843285,-5.023510965751136,-56.08717573809215
2026-05-26 12:00:00+00:00,-0.835,-64.35837974867485,-5.023510965751136,-59.334868782923714
2026-05-26 13:00:00+00:00,-0.015,-16.310806348568068,-5.023510965751136,-11.287295382816932
2026-05-26 14:00:00+00:00,13.115,-18.751087498109047,-5.023510965751136,-13.727576532357912
2026-05-26 15:00:00+00:00,89.685,45.52229022871332,-5.023510965751136,50.54580119446445
2026-05-26 16:00:00+00:00,134.7875,108.82596597858556,-5.023510965751136,113.84947694433669
2026-05-26 17:00:00+00:00,185.1025,140.66222842816265,-5.023510965751136,145.6857393939138
2026-05-26 18:00:00+00:00,217.9475,162.43104502824957,-5.023510965751136,167.4545559940007
2026-05-26 19:00:00+00:00,184.785,165.14015120806965,-5.023510965751136,170.1636621738208
2026-05-26 20:00:00+00:00,153.775,147.0793267705276,-5.023510965751136,152.10283773627873
2026-05-26 21:00:00+00:00,130.5325,130.8973495429351,-5.023510965751136,135.92086050868625
2026-05-26 22:00:00+00:00,134.7875,116.8072999296164,-5.236023563553255,122.04332349316967
2026-05-26 23:00:00+00:00,127.5175,110.7479479223564,-5.236023563553255,115.98397148590966
2026-05-27 00:00:00+00:00,120.5425,104.70358658686176,-5.236023563553255,109.93961015041502
2026-05-27 01:00:00+00:00,118.87,104.86621176041402,-5.236023563553255,110.10223532396728
2026-05-27 02:00:00+00:00,119.0475,107.9268574370862,-5.236023563553255,113.16288100063946
2026-05-27 03:00:00+00:00,121.235,116.91235779292268,-5.236023563553255,122.14838135647594
2026-05-27 04:00:00+00:00,134.2,124.98431527794908,-5.236023563553255,130.22033884150233
2026-05-27 05:00:00+00:00,131.1,119.17105271210497,-5.236023563553255,124.40707627565823
2026-05-27 06:00:00+00:00,106.4525,94.99797003716934,-5.236023563553255,100.2339936007226
2026-05-27 07:00:00+00:00,48.235,42.48214487141524,-5.236023563553255,47.71816843496849
2026-05-27 08:00:00+00:00,3.425,4.019304647077037,-5.236023563553255,9.255328210630292
2026-05-27 09:00:00+00:00,-0.27,-5.238097489484008,-5.236023563553255,-0.002073925930752729
2026-05-27 10:00:00+00:00,-1.05,-18.38386602277991,-5.236023563553255,-13.147842459226654
2026-05-27 11:00:00+00:00,-1.635,-38.814022101885314,-5.236023563553255,-33.57799853833206
2026-05-27 12:00:00+00:00,-1.645,-40.538255508164625,-5.236023563553255,-35.30223194461137
2026-05-27 13:00:00+00:00,-1.7025,-28.353502454830608,-5.236023563553255,-23.11747889127735
2026-05-27 14:00:00+00:00,-0.4225,-5.4866385946813505,-5.236023563553255,-0.25061503112809547
2026-05-27 15:00:00+00:00,32.207499999999996,51.21879274274246,-5.236023563553255,56.45481630629571
2026-05-27 16:00:00+00:00,97.8475,101.87091506294406,-5.236023563553255,107.10693862649732
2026-05-27 17:00:00+00:00,136.51749999999998,133.32454179000877,-5.236023563553255,138.56056535356203
2026-05-27 18:00:00+00:00,156.6775,157.04713781402552,-5.236023563553255,162.28316137757878
2026-05-27 19:00:00+00:00,157.53,154.46444272664496,-5.236023563553255,159.70046629019822
2026-05-27 20:00:00+00:00,144.16,147.0794610379818,-5.236023563553255,152.31548460153505
2026-05-27 21:00:00+00:00,133.45499999999998,134.05213904590138,-5.236023563553255,139.28816260945464
2026-05-27 22:00:00+00:00,132.945,140.4252065939219,-5.481593096983792,145.9067996909057
2026-05-27 23:00:00+00:00,129.5375,130.83029034965614,-5.481593096983792,136.31188344663994
2026-05-28 00:00:00+00:00,127.2375,124.23027302598568,-5.481593096983792,129.71186612296947
2026-05-28 01:00:00+00:00,127.3625,128.57499088891907,-5.481593096983792,134.05658398590288
2026-05-28 02:00:00+00:00,130.09,136.20536749861128,-5.481593096983792,141.68696059559508
2026-05-28 03:00:00+00:00,135.5025,146.4252728803507,-5.481593096983792,151.9068659773345
2026-05-28 04:00:00+00:00,148.4525,156.9563290146805,-5.481593096983792,162.4379221116643
2026-05-28 05:00:00+00:00,138.155,140.9393822265199,-5.481593096983792,146.4209753235037
2026-05-28 06:00:00+00:00,123.4025,105.63446110155569,-5.481593096983792,111.11605419853947
2026-05-28 07:00:00+00:00,87.5425,55.86045612435899,-5.481593096983792,61.34204922134278
2026-05-28 08:00:00+00:00,19.3075,26.8728174705558,-5.481593096983792,32.35441056753959
2026-05-28 09:00:00+00:00,0.5675,10.128474231045844,-5.481593096983792,15.610067328029636
2026-05-28 10:00:00+00:00,0.0024999999999999,-7.1197838880557285,-5.481593096983792,-1.6381907910719367
2026-05-28 11:00:00+00:00,-0.0125,-19.80206349125986,-5.481593096983792,-14.32047039427607
2026-05-28 12:00:00+00:00,0.0,-16.795143309990348,-5.481593096983792,-11.313550213006556
2026-05-28 13:00:00+00:00,1.2975,-3.096863473824102,-5.481593096983792,2.3847296231596897
2026-05-28 14:00:00+00:00,39.645,15.578027770676565,-5.481593096983792,21.059620867660357
2026-05-28 15:00:00+00:00,101.2575,80.04608742502877,-5.481593096983792,85.52768052201256
2026-05-28 16:00:00+00:00,138.25,136.48086297179628,-5.481593096983792,141.96245606878009
2026-05-28 17:00:00+00:00,217.6025,177.22931881339258,-5.481593096983792,182.71091191037638
2026-05-28 18:00:00+00:00,393.935,240.64996106949633,-5.481593096983792,246.13155416648013
2026-05-28 19:00:00+00:00,368.0175,188.4977305645924,-5.481593096983792,193.9793236615762
2026-05-28 20:00:00+00:00,215.75,163.73280645934423,-5.481593096983792,169.21439955632803
2026-05-28 21:00:00+00:00,159.7975,144.58599205721424,-5.481593096983792,150.06758515419804
2026-05-28 22:00:00+00:00,144.4425,143.79531413622192,-5.6745771935903,149.4698913298122
2026-05-28 23:00:00+00:00,133.9275,136.14197924588112,-5.6745771935903,141.8165564394714
2026-05-29 00:00:00+00:00,127.975,129.30022076179552,-5.6745771935903,134.9747979553858
2026-05-29 01:00:00+00:00,126.1925,131.1967138708472,-5.6745771935903,136.8712910644375
2026-05-29 02:00:00+00:00,125.2775,129.79339380265765,-5.6745771935903,135.46797099624794
2026-05-29 03:00:00+00:00,125.495,128.14245922720545,-5.6745771935903,133.81703642079574
2026-05-29 04:00:00+00:00,131.885,132.52084271558448,-5.6745771935903,138.19541990917477
2026-05-29 05:00:00+00:00,125.995,119.27235852181224,-5.6745771935903,124.94693571540253
2026-05-29 06:00:00+00:00,113.565,104.5419701032323,-5.6745771935903,110.2165472968226
2026-05-29 07:00:00+00:00,71.9075,55.3344651656586,-5.6745771935903,61.0090423592489
2026-05-29 08:00:00+00:00,17.0275,4.563495276689132,-5.6745771935903,10.238072470279432
2026-05-29 09:00:00+00:00,0.29,1.1949476073455307,-5.6745771935903,6.869524800935832
2026-05-29 10:00:00+00:00,-0.055,-10.844852033616007,-5.6745771935903,-5.170274840025707
2026-05-29 11:00:00+00:00,-0.0349999999999999,-24.01112597390333,-5.6745771935903,-18.33654878031303
2026-05-29 12:00:00+00:00,0.0,-13.861818517878616,-5.6745771935903,-8.187241324288316
2026-05-29 13:00:00+00:00,9.41,14.124403825529232,-5.6745771935903,19.79898101911953
2026-05-29 14:00:00+00:00,51.61,37.59699104342532,-5.6745771935903,43.27156823701562
2026-05-29 15:00:00+00:00,103.4075,87.30136804224817,-5.6745771935903,92.97594523583847
2026-05-29 16:00:00+00:00,136.985,121.07822549681671,-5.6745771935903,126.75280269040701
2026-05-29 17:00:00+00:00,174.9475,164.36898225380995,-5.6745771935903,170.04355944740024
2026-05-29 18:00:00+00:00,240.61,207.53640426065064,-5.6745771935903,213.21098145424094
2026-05-29 19:00:00+00:00,201.405,231.30905611984488,-5.6745771935903,236.98363331343518
2026-05-29 20:00:00+00:00,161.70000000000002,145.18920432078158,-5.6745771935903,150.86378151437188
2026-05-29 21:00:00+00:00,145.1925,129.30051118290328,-5.6745771935903,134.97508837649357
2026-05-29 22:00:00+00:00,135.515,115.66963232509828,-5.561962671276917,121.2315949963752
2026-05-29 23:00:00+00:00,128.45,113.23280271121232,-5.561962671276917,118.79476538248923
2026-05-30 00:00:00+00:00,123.7725,111.74591850489416,-5.561962671276917,117.30788117617108
2026-05-30 01:00:00+00:00,121.085,112.61178684470435,-5.561962671276917,118.17374951598127
2026-05-30 02:00:00+00:00,125.3575,104.8229656283048,-5.561962671276917,110.38492829958172
2026-05-30 03:00:00+00:00,125.045,102.46158469787302,-5.561962671276917,108.02354736914994
2026-05-30 04:00:00+00:00,118.9925,98.1671814309522,-5.561962671276917,103.72914410222911
2026-05-30 05:00:00+00:00,109.095,94.83626495583104,-5.561962671276917,100.39822762710796
2026-05-30 06:00:00+00:00,88.8675,70.10962044441568,-5.561962671276917,75.6715831156926
2026-05-30 07:00:00+00:00,36.682500000000005,30.159406641666383,-5.561962671276917,35.7213693129433
2026-05-30 08:00:00+00:00,2.96,21.72639470488475,-5.561962671276917,27.288357376161667
2026-05-30 09:00:00+00:00,-0.005,1.0996208795304654,-5.561962671276917,6.661583550807382
2026-05-30 10:00:00+00:00,-0.0525,-22.868610164751548,-5.561962671276917,-17.30664749347463
2026-05-30 11:00:00+00:00,-1.4425,-25.905755607817763,-5.561962671276917,-20.343792936540847
2026-05-30 12:00:00+00:00,-0.7475,-19.222646528311508,-5.561962671276917,-13.660683857034591
2026-05-30 13:00:00+00:00,-0.01,7.978143920477211,-5.561962671276917,13.540106591754128
2026-05-30 14:00:00+00:00,3.0075,9.719898865972016,-5.561962671276917,15.281861537248933
2026-05-30 15:00:00+00:00,62.5,30.84137308992768,-5.561962671276917,36.403335761204595
2026-05-30 16:00:00+00:00,107.0075,108.94003275334558,-5.561962671276917,114.50199542462249
2026-05-30 17:00:00+00:00,139.8725,134.26927205189497,-5.561962671276917,139.8312347231719
2026-05-30 18:00:00+00:00,160.52499999999998,132.140266274176,-5.561962671276917,137.70222894545293
2026-05-30 19:00:00+00:00,171.845,140.59487157015838,-5.561962671276917,146.1568342414353
2026-05-30 20:00:00+00:00,159.4025,160.63208368448895,-5.561962671276917,166.19404635576586
2026-05-30 21:00:00+00:00,143.04000000000002,151.7722514931019,-5.561962671276917,157.3342141643788
2026-05-30 22:00:00+00:00,136.4125,144.6906403768312,-5.253767141290667,149.94440751812186
2026-05-30 23:00:00+00:00,129.10500000000002,136.36487384566487,-5.253767141290667,141.61864098695554
2026-05-31 00:00:00+00:00,125.915,141.3498684209297,-5.253767141290667,146.60363556222038
2026-05-31 01:00:00+00:00,125.1975,128.44446276994717,-5.253767141290667,133.69822991123783
2026-05-31 02:00:00+00:00,126.95,131.23543823156348,-5.253767141290667,136.48920537285414
2026-05-31 03:00:00+00:00,123.3575,127.37285745340895,-5.253767141290667,132.62662459469962
2026-05-31 04:00:00+00:00,115.0025,111.86311219145291,-5.253767141290667,117.11687933274358
2026-05-31 05:00:00+00:00,100.56,98.87511117304813,-5.253767141290667,104.12887831433879
2026-05-31 06:00:00+00:00,90.4375,77.85261631858945,-5.253767141290667,83.10638345988012
2026-05-31 07:00:00+00:00,56.29,43.70820874518349,-5.253767141290667,48.96197588647416
2026-05-31 08:00:00+00:00,7.5675,23.574008848168525,-5.253767141290667,28.82777598945919
2026-05-31 09:00:00+00:00,0.0,19.67748023137582,-5.253767141290667,24.931247372666487
2026-05-31 10:00:00+00:00,-0.005,16.014056217211987,-5.253767141290667,21.267823358502653
2026-05-31 11:00:00+00:00,-0.01,16.404385802250815,-5.253767141290667,21.65815294354148
2026-05-31 12:00:00+00:00,-0.01,19.924305377467924,-5.253767141290667,25.17807251875859
2026-05-31 13:00:00+00:00,0.0,16.23588319531135,-5.253767141290667,21.489650336602015
2026-05-31 14:00:00+00:00,49.002500000000005,33.0516796255192,-5.253767141290667,38.305446766809865
2026-05-31 15:00:00+00:00,95.925,71.57900854115755,-5.253767141290667,76.83277568244822
2026-05-31 16:00:00+00:00,127.265,108.62860343753822,-5.253767141290667,113.88237057882888
2026-05-31 17:00:00+00:00,141.37,133.91984116477755,-5.253767141290667,139.17360830606822
2026-05-31 18:00:00+00:00,152.7625,151.40966281531723,-5.253767141290667,156.6634299566079
2026-05-31 19:00:00+00:00,156.035,156.3118615133765,-5.253767141290667,161.56562865466717
2026-05-31 20:00:00+00:00,153.1275,149.24470267053195,-5.253767141290667,154.49846981182262
2026-05-31 21:00:00+00:00,145.3475,135.55248355040428,-5.253767141290667,140.80625069169494
2026-05-31 22:00:00+00:00,141.0075,129.39085764671762,-5.341098892175092,134.73195653889272
2026-05-31 23:00:00+00:00,128.255,119.25234091675482,-5.341098892175092,124.59343980892992
2026-06-01 00:00:00+00:00,123.1375,119.08007492031128,-5.341098892175092,124.42117381248637
2026-06-01 01:00:00+00:00,120.295,121.47715482531878,-5.341098892175092,126.81825371749387
2026-06-01 02:00:00+00:00,124.4875,134.249582097106,-5.341098892175092,139.5906809892811
2026-06-01 03:00:00+00:00,135.0925,144.62566994836752,-5.341098892175092,149.9667688405426
2026-06-01 04:00:00+00:00,164.03,147.5181241247812,-5.341098892175092,152.8592230169563
2026-06-01 05:00:00+00:00,160.0,143.47615718296467,-5.341098892175092,148.81725607513977
2026-06-01 06:00:00+00:00,151.715,122.30021240207812,-5.341098892175092,127.64131129425321
2026-06-01 07:00:00+00:00,133.2,103.79329847540512,-5.341098892175092,109.13439736758022
2026-06-01 08:00:00+00:00,117.66,78.2251369603709,-5.341098892175092,83.566235852546
2026-06-01 09:00:00+00:00,108.1425,51.82291745847085,-5.341098892175092,57.16401635064594
2026-06-01 10:00:00+00:00,93.0825,41.91953629291552,-5.341098892175092,47.26063518509061
2026-06-01 11:00:00+00:00,89.9075,38.08252066375883,-5.341098892175092,43.42361955593392
2026-06-01 12:00:00+00:00,87.44749999999999,36.26036142789892,-5.341098892175092,41.60146032007401
2026-06-01 13:00:00+00:00,95.0975,50.496970212262354,-5.341098892175092,55.838069104437444
2026-06-01 14:00:00+00:00,106.735,87.6113687998669,-5.341098892175092,92.95246769204199
2026-06-01 15:00:00+00:00,125.2425,103.76691867244112,-5.341098892175092,109.10801756461622
2026-06-01 16:00:00+00:00,141.4575,142.99320148005108,-5.341098892175092,148.33430037222618
2026-06-01 17:00:00+00:00,226.6125,192.71328526730292,-5.341098892175092,198.05438415947802
2026-06-01 18:00:00+00:00,355.2525,239.88201092145405,-5.341098892175092,245.22310981362915
2026-06-01 19:00:00+00:00,333.3675,245.78392605290497,-5.341098892175092,251.12502494508007
2026-06-01 20:00:00+00:00,222.5025,199.8910009157465,-5.341098892175092,205.2320998079216
2026-06-01 21:00:00+00:00,161.025,190.50483209509423,-5.341098892175092,195.84593098726933
2026-06-01 22:00:00+00:00,142.065,154.57116749109974,-5.6127064488612755,160.18387393996102
2026-06-01 23:00:00+00:00,131.7225,128.96140589999365,-5.6127064488612755,134.57411234885492
2026-06-02 00:00:00+00:00,125.085,117.8091517731024,-5.6127064488612755,123.42185822196367
2026-06-02 01:00:00+00:00,120.915,115.74423889292852,-5.6127064488612755,121.3569453417898
2026-06-02 02:00:00+00:00,120.6275,122.22736620042868,-5.6127064488612755,127.84007264928995
2026-06-02 03:00:00+00:00,124.215,132.0217319729944,-5.6127064488612755,137.63443842185566
2026-06-02 04:00:00+00:00,131.0275,140.6099223657395,-5.6127064488612755,146.22262881460077
2026-06-02 05:00:00+00:00,131.79500000000002,132.18903802094584,-5.6127064488612755,137.80174446980712
2026-06-02 06:00:00+00:00,121.0825,121.68210813195104,-5.6127064488612755,127.29481458081231
2026-06-02 07:00:00+00:00,105.41,92.01788169263092,-5.6127064488612755,97.6305881414922
2026-06-02 08:00:00+00:00,90.515,88.58689376448471,-5.6127064488612755,94.19960021334599
2026-06-02 09:00:00+00:00,84.69999999999999,78.66438046529778,-5.6127064488612755,84.27708691415906
2026-06-02 10:00:00+00:00,80.2925,66.3342542770103,-5.6127064488612755,71.94696072587158
2026-06-02 11:00:00+00:00,84.9575,70.35483311428587,-5.6127064488612755,75.96753956314714
2026-06-02 12:00:00+00:00,90.7825,66.47647601901653,-5.6127064488612755,72.0891824678778
2026-06-02 13:00:00+00:00,99.7375,86.43534652801905,-5.6127064488612755,92.04805297688033
2026-06-02 14:00:00+00:00,112.2475,103.13649303116618,-5.6127064488612755,108.74919948002746
2026-06-02 15:00:00+00:00,131.1375,130.00913770062078,-5.6127064488612755,135.62184414948206
2026-06-02 16:00:00+00:00,146.97750000000002,137.52116903965128,-5.6127064488612755,143.13387548851256
2026-06-02 17:00:00+00:00,167.9375,164.2949958762112,-5.6127064488612755,169.90770232507248
2026-06-02 18:00:00+00:00,167.2725,235.81562345002104,-5.6127064488612755,241.4283298988823
2026-06-02 19:00:00+00:00,152.325,227.63844944324683,-5.6127064488612755,233.2511558921081
2026-06-02 20:00:00+00:00,140.435,150.6061565698441,-5.6127064488612755,156.21886301870538
2026-06-02 21:00:00+00:00,125.2375,132.0619634089122,-5.6127064488612755,137.67466985777347
2026-06-02 22:00:00+00:00,116.3,112.23931729661489,-5.367004501808379,117.60632179842327
2026-06-02 23:00:00+00:00,111.895,107.42553771917456,-5.367004501808379,112.79254222098294
2026-06-03 00:00:00+00:00,108.0175,109.34781796399014,-5.367004501808379,114.71482246579852
2026-06-03 01:00:00+00:00,107.3,105.27992822302204,-5.367004501808379,110.64693272483042
2026-06-03 02:00:00+00:00,107.19,109.85930068509388,-5.367004501808379,115.22630518690227
2026-06-03 03:00:00+00:00,113.275,121.64972831684054,-5.367004501808379,127.01673281864892
2026-06-03 04:00:00+00:00,130.7375,124.48830461296612,-5.367004501808379,129.85530911477449
2026-06-03 05:00:00+00:00,136.82999999999998,125.95669609870065,-5.367004501808379,131.32370060050903
2026-06-03 06:00:00+00:00,131.0775,113.48118947857029,-5.367004501808379,118.84819398037867
2026-06-03 07:00:00+00:00,112.1475,96.53749348830688,-5.367004501808379,101.90449799011526
2026-06-03 08:00:00+00:00,94.0925,76.26105611399251,-5.367004501808379,81.62806061580089
2026-06-03 09:00:00+00:00,80.2475,57.948711797151205,-5.367004501808379,63.315716298959586
2026-06-03 10:00:00+00:00,58.17,39.74775907720732,-5.367004501808379,45.1147635790157
2026-06-03 11:00:00+00:00,37.8325,28.06563847903876,-5.367004501808379,33.43264298084714
2026-06-03 12:00:00+00:00,38.0425,29.1858298780659,-5.367004501808379,34.55283437987428
2026-06-03 13:00:00+00:00,47.099999999999994,42.45588098098923,-5.367004501808379,47.82288548279761
2026-06-03 14:00:00+00:00,76.9,60.702396454308435,-5.367004501808379,66.06940095611681
2026-06-03 15:00:00+00:00,95.5325,86.88774202178604,-5.367004501808379,92.25474652359442
2026-06-03 16:00:00+00:00,122.1875,118.16611800773872,-5.367004501808379,123.5331225095471
2026-06-03 17:00:00+00:00,138.3675,140.01914875329553,-5.367004501808379,145.3861532551039
2026-06-03 18:00:00+00:00,146.2375,137.70277961793806,-5.367004501808379,143.06978411974643
2026-06-03 19:00:00+00:00,133.42000000000002,129.5241062049167,-5.367004501808379,134.89111070672507
2026-06-03 20:00:00+00:00,120.9525,127.80306924407614,-5.367004501808379,133.1700737458845
2026-06-03 21:00:00+00:00,99.4075,115.07388066967792,-5.367004501808379,120.4408851714863
2026-06-03 22:00:00+00:00,86.205,90.4778316160616,-5.474262639798314,95.9520942558599
2026-06-03 23:00:00+00:00,75.4875,79.3845637136747,-5.474262639798314,84.858826353473
2026-06-04 00:00:00+00:00,66.92,69.23482305671126,-5.474262639798314,74.70908569650958
2026-06-04 01:00:00+00:00,67.4725,68.73753790637025,-5.474262639798314,74.21180054616856
2026-06-04 02:00:00+00:00,68.2925,79.33280900139998,-5.474262639798314,84.80707164119829
2026-06-04 03:00:00+00:00,71.185,84.09729702072443,-5.474262639798314,89.57155966052274
2026-06-04 04:00:00+00:00,73.97,98.65617374183364,-5.474262639798314,104.13043638163195
2026-06-04 05:00:00+00:00,87.08,105.6553911292516,-5.474262639798314,111.12965376904991
2026-06-04 06:00:00+00:00,75.62,93.54749004005625,-5.474262639798314,99.02175267985456
2026-06-04 07:00:00+00:00,34.125,67.13017628719288,-5.474262639798314,72.6044389269912
2026-06-04 08:00:00+00:00,4.79,36.738094788051875,-5.474262639798314,42.212357427850186
2026-06-04 09:00:00+00:00,-0.0025,28.830930602697197,-5.474262639798314,34.30519324249551
2026-06-04 10:00:00+00:00,-0.025,23.3508614777054,-5.474262639798314,28.825124117503716
2026-06-04 11:00:00+00:00,-0.0475,21.139880341273045,-5.474262639798314,26.61414298107136
2026-06-04 12:00:00+00:00,-0.035,22.1603393167737,-5.474262639798314,27.634601956572016
2026-06-04 13:00:00+00:00,1.6175,27.927257636514867,-5.474262639798314,33.40152027631318
2026-06-04 14:00:00+00:00,28.6375,48.087590126324855,-5.474262639798314,53.56185276612317
2026-06-04 15:00:00+00:00,70.1525,82.55341574761461,-5.474262639798314,88.02767838741292
2026-06-04 16:00:00+00:00,101.5025,104.57725018943997,-5.474262639798314,110.05151282923828
2026-06-04 17:00:00+00:00,114.165,109.4993806850183,-5.474262639798314,114.9736433248166
2026-06-04 18:00:00+00:00,117.9625,109.03135486684982,-5.474262639798314,114.50561750664814
2026-06-04 19:00:00+00:00,115.3725,102.03263876384152,-5.474262639798314,107.50690140363983
2026-06-04 20:00:00+00:00,111.69,99.59262074433616,-5.474262639798314,105.06688338413447
2026-06-04 21:00:00+00:00,100.05,85.23566782709752,-5.474262639798314,90.70993046689583
2026-06-04 22:00:00+00:00,80.695,75.94224513219295,-5.6763331359109666,81.61857826810392
2026-06-04 23:00:00+00:00,79.44749999999999,76.11710001025644,-5.6763331359109666,81.7934331461674
2026-06-05 00:00:00+00:00,83.44749999999999,79.72459227680616,-5.6763331359109666,85.40092541271713
2026-06-05 01:00:00+00:00,85.025,82.54527889300813,-5.6763331359109666,88.2216120289191
2026-06-05 02:00:00+00:00,89.8325,87.56025362611629,-5.6763331359109666,93.23658676202726
2026-06-05 03:00:00+00:00,97.2575,99.17580422715986,-5.6763331359109666,104.85213736307082
2026-06-05 04:00:00+00:00,114.8975,108.27738493083758,-5.6763331359109666,113.95371806674855
2026-06-05 05:00:00+00:00,118.6175,107.28077678321158,-5.6763331359109666,112.95710991912254
2026-06-05 06:00:00+00:00,113.8175,99.313603829169,-5.6763331359109666,104.98993696507996
2026-06-05 07:00:00+00:00,98.3,81.50488927345343,-5.6763331359109666,87.1812224093644
2026-06-05 08:00:00+00:00,86.115,49.10941342827097,-5.6763331359109666,54.785746564181935
2026-06-05 09:00:00+00:00,70.825,34.68098092460544,-5.6763331359109666,40.35731406051641
2026-06-05 10:00:00+00:00,45.205,19.357453059594175,-5.6763331359109666,25.03378619550514
2026-06-05 11:00:00+00:00,34.1775,15.610669783628529,-5.6763331359109666,21.287002919539496
2026-06-05 12:00:00+00:00,27.2,15.838254585347828,-5.6763331359109666,21.514587721258795
2026-06-05 13:00:00+00:00,38.01,24.234159174401785,-5.6763331359109666,29.91049231031275
2026-06-05 14:00:00+00:00,72.555,40.736999803243584,-5.6763331359109666,46.41333293915455
2026-06-05 15:00:00+00:00,104.2525,85.0172916762907,-5.6763331359109666,90.69362481220166
2026-06-05 16:00:00+00:00,128.9025,122.17714191256604,-5.6763331359109666,127.85347504847701
2026-06-05 17:00:00+00:00,150.4975,168.81205581213172,-5.6763331359109666,174.48838894804268
2026-06-05 18:00:00+00:00,179.0775,253.0494829660166,-5.6763331359109666,258.7258161019276
2026-06-05 19:00:00+00:00,189.355,245.7739981830641,-5.6763331359109666,251.45033131897506
2026-06-05 20:00:00+00:00,169.135,153.48606664028728,-5.6763331359109666,159.16239977619824
2026-06-05 21:00:00+00:00,152.06,139.50008751719997,-5.6763331359109666,145.17642065311094
2026-06-05 22:00:00+00:00,148.2425,121.34166000852296,-6.23035215152737,127.57201216005033
2026-06-05 23:00:00+00:00,137.18,123.90974884193034,-6.23035215152737,130.1401009934577
2026-06-06 00:00:00+00:00,134.79,122.37646220923824,-6.23035215152737,128.6068143607656
2026-06-06 01:00:00+00:00,116.1675,121.7940137544194,-6.23035215152737,128.02436590594675
2026-06-06 02:00:00+00:00,130.1825,126.85337939042054,-6.23035215152737,133.0837315419479
2026-06-06 03:00:00+00:00,126.035,116.41101136207934,-6.23035215152737,122.6413635136067
2026-06-06 04:00:00+00:00,117.69,118.28858359450878,-6.23035215152737,124.51893574603615
2026-06-06 05:00:00+00:00,102.315,113.65734347024686,-6.23035215152737,119.88769562177423
2026-06-06 06:00:00+00:00,81.0175,87.26368654393401,-6.23035215152737,93.49403869546138
2026-06-06 07:00:00+00:00,50.0,47.36579576679231,-6.23035215152737,53.59614791831968
2026-06-06 08:00:00+00:00,14.7425,30.106904401152168,-6.23035215152737,36.337256552679534
2026-06-06 09:00:00+00:00,0.0325,24.482893268462497,-6.23035215152737,30.713245419989867
2026-06-06 10:00:00+00:00,-0.03,20.200507158168687,-6.23035215152737,26.430859309696057
2026-06-06 11:00:00+00:00,-0.025,17.971592783001324,-6.23035215152737,24.201944934528694
2026-06-06 12:00:00+00:00,0.0225,16.882987629863877,-6.23035215152737,23.113339781391247
2026-06-06 13:00:00+00:00,9.51,20.8662248812171,-6.23035215152737,27.09657703274447
2026-06-06 14:00:00+00:00,46.105,49.11070383283473,-6.23035215152737,55.3410559843621
2026-06-06 15:00:00+00:00,93.2825,92.66032077649592,-6.23035215152737,98.89067292802329
2026-06-06 16:00:00+00:00,121.7875,125.20183044041607,-6.23035215152737,131.43218259194344
2026-06-06 17:00:00+00:00,133.85,133.4886492513777,-6.23035215152737,139.71900140290506
2026-06-06 18:00:00+00:00,152.4325,147.6998573998044,-6.23035215152737,153.93020955133176
2026-06-06 19:00:00+00:00,150.9225,138.66204946656757,-6.23035215152737,144.89240161809494
2026-06-06 20:00:00+00:00,134.3275,135.34611529152517,-6.23035215152737,141.57646744305254
2026-06-06 21:00:00+00:00,121.5425,111.79891874943536,-6.23035215152737,118.02927090096273
2026-06-06 22:00:00+00:00,110.7,107.12948866750128,-6.078830114410982,113.20831878191225
2026-06-06 23:00:00+00:00,99.5125,100.19286587082534,-6.078830114410982,106.27169598523632
2026-06-07 00:00:00+00:00,92.2075,92.5959127908843,-6.078830114410982,98.67474290529528
2026-06-07 01:00:00+00:00,81.41499999999999,84.06154385175344,-6.078830114410982,90.14037396616442
2026-06-07 02:00:00+00:00,67.0125,85.4572211247674,-6.078830114410982,91.53605123917838
2026-06-07 03:00:00+00:00,39.21,81.46376006142448,-6.078830114410982,87.54259017583546
2026-06-07 04:00:00+00:00,5.0475,64.063012593624,-6.078830114410982,70.14184270803497
2026-06-07 05:00:00+00:00,0.46,39.101945228424114,-6.078830114410982,45.1807753428351
2026-06-07 06:00:00+00:00,-0.5525,23.366365766073237,-6.078830114410982,29.44519588048422
2026-06-07 07:00:00+00:00,-5.05,3.77506205598638,-6.078830114410982,9.853892170397362
2026-06-07 08:00:00+00:00,-8.0,-0.431284120400772,-6.078830114410982,5.64754599401021
2026-06-07 09:00:00+00:00,-14.0525,-5.834104601431461,-6.078830114410982,0.24472551297952094
2026-06-07 10:00:00+00:00,-18.2625,-11.739737569573464,-6.078830114410982,-5.660907455162482
2026-06-07 11:00:00+00:00,-35.9375,-11.44187898649596,-6.078830114410982,-5.363048872084978
2026-06-07 12:00:00+00:00,-44.7375,-10.28561155039036,-6.078830114410982,-4.206781435979378
2026-06-07 13:00:00+00:00,-36.47,-7.37961668496266,-6.078830114410982,-1.3007865705516783
2026-06-07 14:00:00+00:00,-15.96,-8.834433644317944,-6.078830114410982,-2.7556035299069617
2026-06-07 15:00:00+00:00,-1.135,5.441187462231246,-6.078830114410982,11.520017576642228
2026-06-07 16:00:00+00:00,53.625,53.03527441715417,-6.078830114410982,59.114104531565154
2026-06-07 17:00:00+00:00,108.0025,112.86108203739296,-6.078830114410982,118.93991215180394
2026-06-07 18:00:00+00:00,128.26749999999998,132.78060224832893,-6.078830114410982,138.8594323627399
2026-06-07 19:00:00+00:00,137.1375,138.49008856305375,-6.078830114410982,144.56891867746472
2026-06-07 20:00:00+00:00,141.1875,142.88940990711873,-6.078830114410982,148.9682400215297
2026-06-07 21:00:00+00:00,140.3425,132.94576641312167,-6.078830114410982,139.02459652753265
2026-06-07 22:00:00+00:00,140.43,154.3775970235098,-5.607642490662081,159.98523951417187
2026-06-07 23:00:00+00:00,134.2375,129.67709903849604,-5.607642490662081,135.2847415291581
2026-06-08 00:00:00+00:00,132.71,125.78309275444846,-5.607642490662081,131.39073524511053
2026-06-08 01:00:00+00:00,127.67,118.52786177744782,-5.607642490662081,124.13550426810991
2026-06-08 02:00:00+00:00,130.175,130.61504183316157,-5.607642490662081,136.22268432382364
2026-06-08 03:00:00+00:00,138.5625,136.6431547249677,-5.607642490662081,142.25079721562977
2026-06-08 04:00:00+00:00,150.675,153.8497620634869,-5.607642490662081,159.45740455414898
2026-06-08 05:00:00+00:00,145.675,153.62106145540892,-5.607642490662081,159.228703946071
2026-06-08 06:00:00+00:00,124.875,132.78058254231593,-5.607642490662081,138.388225032978
2026-06-08 07:00:00+00:00,100.9025,94.33299925865651,-5.607642490662081,99.9406417493186
2026-06-08 08:00:00+00:00,75.91499999999999,59.96996460443205,-5.607642490662081,65.57760709509414
2026-06-08 09:00:00+00:00,55.6425,47.71935515623443,-5.607642490662081,53.32699764689651
2026-06-08 10:00:00+00:00,54.4825,39.36504537898428,-5.607642490662081,44.97268786964636
2026-06-08 11:00:00+00:00,55.2175,35.51547139667583,-5.607642490662081,41.12311388733791
2026-06-08 12:00:00+00:00,68.67,43.863211173791214,-5.607642490662081,49.470853664453294
2026-06-08 13:00:00+00:00,88.8525,87.69301282142985,-5.607642490662081,93.30065531209193
2026-06-08 14:00:00+00:00,102.58,86.32218450600344,-5.607642490662081,91.92982699666553
2026-06-08 15:00:00+00:00,128.875,114.8590658938043,-5.607642490662081,120.46670838446639
2026-06-08 16:00:00+00:00,151.32999999999998,136.26807030353368,-5.607642490662081,141.87571279419575
2026-06-08 17:00:00+00:00,199.3225,195.8889207540645,-5.607642490662081,201.49656324472656
2026-06-08 18:00:00+00:00,208.9025,202.9069724011437,-5.607642490662081,208.51461489180576
2026-06-08 19:00:00+00:00,185.75,162.90497764046572,-5.607642490662081,168.5126201311278
2026-06-08 20:00:00+00:00,152.3675,146.5821554990275,-5.607642490662081,152.18979798968957
2026-06-08 21:00:00+00:00,128.20499999999998,126.97960169861716,-5.607642490662081,132.58724418927923
2026-06-08 22:00:00+00:00,129.0125,113.18098115045603,-5.69648198017858,118.87746313063461
2026-06-08 23:00:00+00:00,122.1575,109.15033916937986,-5.69648198017858,114.84682114955844
2026-06-09 00:00:00+00:00,115.5,103.37747123349688,-5.69648198017858,109.07395321367545
2026-06-09 01:00:00+00:00,111.2175,103.67012416650712,-5.69648198017858,109.3666061466857
2026-06-09 02:00:00+00:00,110.475,102.18379095050015,-5.69648198017858,107.88027293067873
2026-06-09 03:00:00+00:00,115.8425,109.55727481955452,-5.69648198017858,115.2537567997331
2026-06-09 04:00:00+00:00,130.1525,118.25985818948426,-5.69648198017858,123.95634016966284
2026-06-09 05:00:00+00:00,134.6325,121.15441701708204,-5.69648198017858,126.85089899726061
2026-06-09 06:00:00+00:00,126.89,118.48684841303591,-5.69648198017858,124.18333039321449
2026-06-09 07:00:00+00:00,107.0,93.99978122056362,-5.69648198017858,99.6962632007422
2026-06-09 08:00:00+00:00,82.33500000000001,76.05206533199258,-5.69648198017858,81.74854731217115
2026-06-09 09:00:00+00:00,60.9,59.55197662121369,-5.69648198017858,65.24845860139227
2026-06-09 10:00:00+00:00,25.215,25.009730168673336,-5.69648198017858,30.706212148851918
2026-06-09 11:00:00+00:00,3.5325,24.48133911978516,-5.69648198017858,30.177821099963744
2026-06-09 12:00:00+00:00,0.145,15.949671551359934,-5.69648198017858,21.646153531538516
2026-06-09 13:00:00+00:00,1.52,21.960745338098672,-5.69648198017858,27.65722731827725
2026-06-09 14:00:00+00:00,30.585,20.77530939867741,-5.69648198017858,26.47179137885599
2026-06-09 15:00:00+00:00,75.72749999999999,63.93134844885947,-5.69648198017858,69.62783042903804
2026-06-09 16:00:00+00:00,118.5475,103.55014179131992,-5.69648198017858,109.24662377149849
2026-06-09 17:00:00+00:00,137.3,138.08786537033765,-5.69648198017858,143.78434735051624
2026-06-09 18:00:00+00:00,153.73000000000002,161.9759528886726,-5.69648198017858,167.67243486885118
2026-06-09 19:00:00+00:00,156.275,160.06896775936477,-5.69648198017858,165.76544973954336
2026-06-09 20:00:00+00:00,144.9925,151.70032468696692,-5.69648198017858,157.3968066671455
2026-06-09 21:00:00+00:00,131.3075,131.5473998796101,-5.69648198017858,137.2438818597887
2026-06-09 22:00:00+00:00,124.9125,127.4696673081512,-5.527963440587441,132.99763074873863
2026-06-09 23:00:00+00:00,116.9025,121.49786612475644,-5.527963440587441,127.02582956534388
2026-06-10 00:00:00+00:00,111.1275,116.07533371971296,-5.527963440587441,121.6032971603004
2026-06-10 01:00:00+00:00,111.3075,107.25776149860556,-5.527963440587441,112.785724939193
2026-06-10 02:00:00+00:00,113.24,114.11231887074148,-5.527963440587441,119.64028231132892
2026-06-10 03:00:00+00:00,118.7525,128.39661721446268,-5.527963440587441,133.9245806550501
2026-06-10 04:00:00+00:00,131.89249999999998,144.22089754460237,-5.527963440587441,149.7488609851898
2026-06-10 05:00:00+00:00,136.8075,146.41853533209954,-5.527963440587441,151.94649877268697
2026-06-10 06:00:00+00:00,126.6525,129.0538124056782,-5.527963440587441,134.58177584626563
2026-06-10 07:00:00+00:00,104.6025,100.06365170061304,-5.527963440587441,105.59161514120048
2026-06-10 08:00:00+00:00,86.5575,75.96345780730204,-5.527963440587441,81.49142124788948
2026-06-10 09:00:00+00:00,73.0575,66.28751860279556,-5.527963440587441,71.815482043383
2026-06-10 10:00:00+00:00,68.67750000000001,60.451016736926086,-5.527963440587441,65.97898017751352
2026-06-10 11:00:00+00:00,71.5675,47.40040792106563,-5.527963440587441,52.92837136165307
2026-06-10 12:00:00+00:00,77.825,55.15631286795944,-5.527963440587441,60.684276308546885
2026-06-10 13:00:00+00:00,86.625,76.66539009507169,-5.527963440587441,82.19335353565913
2026-06-10 14:00:00+00:00,103.4525,92.16213515869308,-5.527963440587441,97.69009859928052
2026-06-10 15:00:00+00:00,125.4,113.72316400450704,-5.527963440587441,119.25112744509448
2026-06-10 16:00:00+00:00,140.525,160.20235359840706,-5.527963440587441,165.73031703899449
2026-06-10 17:00:00+00:00,170.9675,180.84566132359265,-5.527963440587441,186.37362476418008
2026-06-10 18:00:00+00:00,213.98,208.8874012917397,-5.527963440587441,214.41536473232713
2026-06-10 19:00:00+00:00,204.9975,218.46668077369424,-5.527963440587441,223.99464421428166
2026-06-10 20:00:00+00:00,168.635,193.6493247919166,-5.527963440587441,199.17728823250403
2026-06-10 21:00:00+00:00,151.75,142.35367260563814,-5.527963440587441,147.88163604622557
2026-06-10 22:00:00+00:00,140.7325,136.82109200821347,-5.550928554580228,142.3720205627937
2026-06-10 23:00:00+00:00,133.4875,129.11639490219238,-5.550928554580228,134.6673234567726
2026-06-11 00:00:00+00:00,126.195,119.23765585351946,-5.550928554580228,124.78858440809968
2026-06-11 01:00:00+00:00,125.7575,117.22942035026516,-5.550928554580228,122.78034890484538
2026-06-11 02:00:00+00:00,126.045,119.7229092818311,-5.550928554580228,125.27383783641132
2026-06-11 03:00:00+00:00,126.6625,140.03832410903226,-5.550928554580228,145.58925266361248
2026-06-11 04:00:00+00:00,138.32999999999998,145.740667050437,-5.550928554580228,151.29159560501722
2026-06-11 05:00:00+00:00,138.7975,143.63836780861251,-5.550928554580228,149.18929636319274
2026-06-11 06:00:00+00:00,126.64,133.72077895459515,-5.550928554580228,139.27170750917537
2026-06-11 07:00:00+00:00,103.7975,103.46350368590764,-5.550928554580228,109.01443224048786
2026-06-11 08:00:00+00:00,90.5425,82.16734130545676,-5.550928554580228,87.71826986003698
2026-06-11 09:00:00+00:00,76.9725,65.82507879280729,-5.550928554580228,71.37600734738751
2026-06-11 10:00:00+00:00,60.2725,48.03804994034213,-5.550928554580228,53.58897849492236
2026-06-11 11:00:00+00:00,45.31,32.942504206540896,-5.550928554580228,38.49343276112113
2026-06-11 12:00:00+00:00,31.58,21.97284557335244,-5.550928554580228,27.52377412793267
2026-06-11 13:00:00+00:00,51.025,39.65986688061045,-5.550928554580228,45.210795435190676
2026-06-11 14:00:00+00:00,78.4675,59.858985765024755,-5.550928554580228,65.40991431960498
2026-06-11 15:00:00+00:00,101.5975,98.40313008814438,-5.550928554580228,103.9540586427246
2026-06-11 16:00:00+00:00,127.98,114.62651020935184,-5.550928554580228,120.17743876393206
2026-06-11 17:00:00+00:00,146.235,133.3938692838192,-5.550928554580228,138.94479783839944
2026-06-11 18:00:00+00:00,174.85750000000002,144.3186411125973,-5.550928554580228,149.86956966717753
2026-06-11 19:00:00+00:00,164.9425,144.8087879338281,-5.550928554580228,150.35971648840834
2026-06-11 20:00:00+00:00,137.2325,143.1588791583283,-5.550928554580228,148.7098077129085
2026-06-11 21:00:00+00:00,116.0625,127.69844579723213,-5.550928554580228,133.24937435181235
