ts_utc,y_true,naive_w,ridge,lgbm
2025-12-13 23:00:00+00:00,91.195,67.32249999999999,62.40639024134094,79.93668056728563
2025-12-14 00:00:00+00:00,90.5225,60.995000000000005,60.14211705273308,78.26496838130412
2025-12-14 01:00:00+00:00,81.9,59.4225,59.274350378623076,78.09765860303145
2025-12-14 02:00:00+00:00,79.95,58.56,59.96316101341942,74.84582955736825
2025-12-14 03:00:00+00:00,77.305,62.075,61.738884924177185,73.1974813330515
2025-12-14 04:00:00+00:00,78.7625,62.005,64.60961213658018,71.63827030472936
2025-12-14 05:00:00+00:00,77.175,63.72,65.19686588629261,64.57468729878148
2025-12-14 06:00:00+00:00,77.4725,71.83500000000001,70.65631588113631,67.52145822400578
2025-12-14 07:00:00+00:00,81.76,77.9975,80.98600786328184,69.7118183757264
2025-12-14 08:00:00+00:00,82.345,85.555,86.49458796392544,81.62572324485683
2025-12-14 09:00:00+00:00,80.005,90.53,84.30569194134196,81.76152293446371
2025-12-14 10:00:00+00:00,84.0775,91.9225,81.59974646132682,75.6899076315705
2025-12-14 11:00:00+00:00,87.27250000000001,97.4375,80.5113693350714,77.8878295728859
2025-12-14 12:00:00+00:00,86.95750000000001,99.5725,82.84426298672807,77.78691313393011
2025-12-14 13:00:00+00:00,88.65,104.145,87.83836224830131,77.53941785847228
2025-12-14 14:00:00+00:00,92.0975,105.735,99.20927982872666,93.29236061994787
2025-12-14 15:00:00+00:00,99.2825,109.6075,101.52044635430936,98.02873901218653
2025-12-14 16:00:00+00:00,102.785,111.82,96.89515832801172,98.47501299947378
2025-12-14 17:00:00+00:00,103.2925,96.88,87.44043610113337,91.95049208361108
2025-12-14 18:00:00+00:00,92.99,87.4625,77.22413999521751,84.16373688439283
2025-12-14 19:00:00+00:00,90.3975,83.75999999999999,65.97755627887933,78.46783662368595
2025-12-14 20:00:00+00:00,84.4025,73.72,59.154293739314774,75.60452575756814
2025-12-14 21:00:00+00:00,82.65,65.5975,55.92070611319572,77.38699107214494
2025-12-14 22:00:00+00:00,75.75,41.7375,47.14836678094443,68.57864779915013
2025-12-14 23:00:00+00:00,72.5,19.27,72.84052708099665,68.84864144708429
2025-12-15 00:00:00+00:00,71.8775,11.09,69.7624843210124,66.57698396262549
2025-12-15 01:00:00+00:00,71.0375,11.6625,65.61213203406305,60.3070562781521
2025-12-15 02:00:00+00:00,70.6675,5.59,66.02366764252004,54.25570390033622
2025-12-15 03:00:00+00:00,75.28,12.89,69.70392604907124,55.7129429598853
2025-12-15 04:00:00+00:00,76.8025,28.655,77.46275073706741,71.08932872138638
2025-12-15 05:00:00+00:00,86.525,64.3175,85.65075242714856,79.91056360800411
2025-12-15 06:00:00+00:00,98.79,82.84,94.60359354126311,94.50236129240974
2025-12-15 07:00:00+00:00,101.1275,100.0,102.95864546360427,107.22806671752922
2025-12-15 08:00:00+00:00,96.65,98.3375,99.73646190664573,97.36598926411415
2025-12-15 09:00:00+00:00,89.61500000000001,86.0375,92.73471389264944,86.78705004724445
2025-12-15 10:00:00+00:00,79.7225,79.99000000000001,91.95903966965876,82.689648990821
2025-12-15 11:00:00+00:00,79.77,79.3475,96.2331431338865,88.8796602630067
2025-12-15 12:00:00+00:00,88.26,86.845,103.20792458577127,98.71931571370696
2025-12-15 13:00:00+00:00,95.4375,94.08,114.27199627510555,114.22483537651621
2025-12-15 14:00:00+00:00,107.3,100.145,127.99858390922977,119.15547452157057
2025-12-15 15:00:00+00:00,108.655,101.075,134.37047854661046,122.29127010338986
2025-12-15 16:00:00+00:00,104.2125,109.85,130.55471790706932,113.69597996497389
2025-12-15 17:00:00+00:00,98.1575,100.2625,122.83358029138965,109.67237077734988
2025-12-15 18:00:00+00:00,90.4175,96.635,112.22534099234433,108.47433991222688
2025-12-15 19:00:00+00:00,84.25,89.345,104.23025320297134,92.25594927342179
2025-12-15 20:00:00+00:00,85.17,83.5175,96.27024325585208,83.54726571672204
2025-12-15 21:00:00+00:00,84.9775,80.21,92.3114355346726,84.38389459065077
2025-12-15 22:00:00+00:00,80.4625,73.2525,85.6935917382721,75.38380499236234
2025-12-15 23:00:00+00:00,80.67,73.69749999999999,80.63612344392112,82.7721938838397
2025-12-16 00:00:00+00:00,79.05250000000001,72.785,82.03869399630754,83.62506901533679
2025-12-16 01:00:00+00:00,77.0975,73.7125,84.04863297856608,83.45483879974074
2025-12-16 02:00:00+00:00,79.0525,74.845,87.14320564213249,84.40866293908135
2025-12-16 03:00:00+00:00,80.3875,73.72,93.03720967468074,86.49792574852668
2025-12-16 04:00:00+00:00,82.3125,80.205,99.01188408471504,86.27557459132147
2025-12-16 05:00:00+00:00,88.4,98.8475,110.36313688058861,96.85034054405477
2025-12-16 06:00:00+00:00,91.385,105.79,123.96497598977987,105.57330265259668
2025-12-16 07:00:00+00:00,100.4675,129.75,132.86431468110655,114.56791194247602
2025-12-16 08:00:00+00:00,101.265,111.335,128.12384643364913,107.3287012728674
2025-12-16 09:00:00+00:00,92.345,103.06,119.9095178232767,95.7767118306333
2025-12-16 10:00:00+00:00,90.6075,103.34,114.84194268974679,95.7739369839839
2025-12-16 11:00:00+00:00,91.5125,97.83,118.12148007721372,104.61314852304415
2025-12-16 12:00:00+00:00,99.885,101.1,130.64234813555692,106.86783201655753
2025-12-16 13:00:00+00:00,124.3975,100.22,148.9404636045936,124.85917234660447
2025-12-16 14:00:00+00:00,139.3775,110.885,167.2782505051896,162.9133166616547
2025-12-16 15:00:00+00:00,155.3125,108.3,173.0491486350491,171.98505106945433
2025-12-16 16:00:00+00:00,162.20499999999998,104.5675,170.60891927451192,155.08807657057244
2025-12-16 17:00:00+00:00,142.25,96.91,164.2536585176117,145.71919557451088
2025-12-16 18:00:00+00:00,137.0975,85.1025,156.6378026032396,131.76840988913398
2025-12-16 19:00:00+00:00,128.85,83.67,150.33278693148623,117.19894606267773
2025-12-16 20:00:00+00:00,118.9425,79.35499999999999,146.23567193308565,107.46931825866476
2025-12-16 21:00:00+00:00,115.575,73.3325,141.75249254611074,98.69926936529369
2025-12-16 22:00:00+00:00,103.42,55.42,134.036279903865,95.50516374734141
2025-12-16 23:00:00+00:00,89.0025,43.9,111.58278493341754,95.24000553260434
2025-12-17 00:00:00+00:00,89.79,36.48,108.38368349742649,91.10314893264152
2025-12-17 01:00:00+00:00,86.4925,31.0,106.74321770736114,89.74360698628804
2025-12-17 02:00:00+00:00,85.025,35.1125,108.84187802720987,89.97872839588815
2025-12-17 03:00:00+00:00,88.0775,48.09,112.69931783781101,86.92164352893822
2025-12-17 04:00:00+00:00,90.4975,69.65,118.78430496614115,87.36629838327782
2025-12-17 05:00:00+00:00,95.4875,79.12,125.75762279451794,94.96710507681114
2025-12-17 06:00:00+00:00,108.825,87.505,132.03208537116777,111.27543709379862
2025-12-17 07:00:00+00:00,133.46,94.3325,139.54610685871677,121.55979765744841
2025-12-17 08:00:00+00:00,126.295,94.225,138.5838800726534,121.42705887973048
2025-12-17 09:00:00+00:00,124.535,87.72749999999999,130.93110019289293,106.67942685777442
2025-12-17 10:00:00+00:00,118.15,80.9975,127.61393487724115,104.0230830404045
2025-12-17 11:00:00+00:00,111.895,79.5,129.76956392467957,101.88498314045846
2025-12-17 12:00:00+00:00,122.6575,81.4425,137.48561519520766,107.21024669401976
2025-12-17 13:00:00+00:00,129.97,90.2225,152.4276459778766,120.52364531404069
2025-12-17 14:00:00+00:00,127.5025,100.665,163.026061233545,132.49899127992796
2025-12-17 15:00:00+00:00,126.4975,104.0025,169.87657323113777,133.65758306316218
2025-12-17 16:00:00+00:00,122.825,105.6725,166.5856619970923,137.45901301554915
2025-12-17 17:00:00+00:00,111.4,104.695,149.64426590740592,123.88100242606082
2025-12-17 18:00:00+00:00,97.505,96.7725,137.1645081767034,123.62391393077142
2025-12-17 19:00:00+00:00,94.71,87.75,122.07137681599556,105.96863068344115
2025-12-17 20:00:00+00:00,94.7025,86.31,108.19878547651804,96.61465906660392
2025-12-17 21:00:00+00:00,93.2175,82.485,98.17487869176253,95.33164935824462
2025-12-17 22:00:00+00:00,85.0,76.425,85.64821107744942,86.97418855093058
2025-12-17 23:00:00+00:00,77.755,73.975,67.23409187975831,75.7737219137651
2025-12-18 00:00:00+00:00,69.065,73.41749999999999,61.51953219026706,72.22568734154102
2025-12-18 01:00:00+00:00,60.1275,72.515,54.96624976933654,61.71032507630268
2025-12-18 02:00:00+00:00,48.89,75.2075,51.32533846169214,55.18414383455794
2025-12-18 03:00:00+00:00,44.8175,76.9125,51.35057485022823,53.443642367415706
2025-12-18 04:00:00+00:00,50.8275,80.5925,52.43288495719845,54.542222401116454
2025-12-18 05:00:00+00:00,63.24250000000001,90.09,55.75309039237036,75.72609889242193
2025-12-18 06:00:00+00:00,81.525,98.11,65.00367007583145,84.95758344577685
2025-12-18 07:00:00+00:00,90.7425,110.3575,79.1884476840409,93.8390829583919
2025-12-18 08:00:00+00:00,88.5575,106.1675,73.91483235287254,86.6672102179635
2025-12-18 09:00:00+00:00,78.2825,93.18,67.41245456749283,82.04307680382524
2025-12-18 10:00:00+00:00,78.2875,91.9175,61.66032426052785,75.14383926150175
2025-12-18 11:00:00+00:00,77.4225,89.4,61.2134608881306,75.27011981828018
2025-12-18 12:00:00+00:00,79.47749999999999,90.22,72.07369945020142,77.50604354198492
2025-12-18 13:00:00+00:00,103.755,97.7875,85.10379871568074,87.51129996153074
2025-12-18 14:00:00+00:00,114.4925,111.265,96.22693368114253,89.52765083048523
2025-12-18 15:00:00+00:00,110.8825,114.7,98.71921824805169,93.81915449861086
2025-12-18 16:00:00+00:00,103.4175,115.405,89.88086680019504,102.64799187858742
2025-12-18 17:00:00+00:00,88.255,112.5675,74.10975378844603,85.54972626209195
2025-12-18 18:00:00+00:00,80.14,107.79,58.353919197296385,71.74655502006097
2025-12-18 19:00:00+00:00,67.6825,103.6425,48.19274153975921,54.408418595065704
2025-12-18 20:00:00+00:00,53.255,94.3925,41.32639870700466,42.13310083546234
2025-12-18 21:00:00+00:00,51.8,93.585,38.0211960198053,46.73507877831055
2025-12-18 22:00:00+00:00,18.6525,93.735,31.438736812721828,40.590361377985744
2025-12-18 23:00:00+00:00,9.84,83.78,20.120237753499353,12.609046262833871
2025-12-19 00:00:00+00:00,5.8575,86.22,17.82940156905677,7.390941846654942
2025-12-19 01:00:00+00:00,4.33,87.9,16.497386473107753,1.8828790276897205
2025-12-19 02:00:00+00:00,3.515,90.1825,16.781458809117268,3.9331262717532414
2025-12-19 03:00:00+00:00,4.115,90.7075,21.785478974368246,10.173841772920701
2025-12-19 04:00:00+00:00,10.775,92.2125,32.70018217788272,15.176792117268192
2025-12-19 05:00:00+00:00,40.28,101.2275,46.953146048426355,53.41580552962769
2025-12-19 06:00:00+00:00,76.7125,121.325,66.95203911897592,83.64001021399172
2025-12-19 07:00:00+00:00,89.5425,130.8525,81.54072928277759,89.936370440283
2025-12-19 08:00:00+00:00,89.38499999999999,126.9025,86.3349704099525,88.15884880160354
2025-12-19 09:00:00+00:00,89.23,121.955,85.9648941688587,87.22093935455685
2025-12-19 10:00:00+00:00,87.49000000000001,118.305,91.11821838399916,92.20287817693767
2025-12-19 11:00:00+00:00,84.57249999999999,113.0675,98.87385131038512,90.9345447231947
2025-12-19 12:00:00+00:00,87.625,118.26,108.00286576026492,100.96875042844607
2025-12-19 13:00:00+00:00,93.3475,126.8225,125.22417020218745,107.7408967455482
2025-12-19 14:00:00+00:00,97.4025,131.9475,134.47471736325198,118.54130802516269
2025-12-19 15:00:00+00:00,100.3325,145.4875,138.82662701338455,120.46006399369814
2025-12-19 16:00:00+00:00,106.905,146.825,137.46319237806563,124.5594372492547
2025-12-19 17:00:00+00:00,107.48,133.1,129.19664501052247,121.2271746943421
2025-12-19 18:00:00+00:00,105.1225,128.0575,123.86954794589306,119.84364385318062
2025-12-19 19:00:00+00:00,102.91,117.0025,115.5002385541654,110.33836082652871
2025-12-19 20:00:00+00:00,98.4625,114.93,108.249875021821,105.65757444365295
2025-12-19 21:00:00+00:00,96.2775,103.82,105.95594424267489,96.82895516673891
2025-12-19 22:00:00+00:00,90.18,91.7525,91.9122486147023,92.14253456778268
2025-12-19 23:00:00+00:00,84.8125,92.2825,71.08854102992899,80.78656497625991
2025-12-20 00:00:00+00:00,83.4,90.5025,71.57825760319541,76.3646007886212
2025-12-20 01:00:00+00:00,85.0025,87.39,73.83253175072045,78.10560644253218
2025-12-20 02:00:00+00:00,87.4875,87.0425,77.75331566632718,82.20456124398972
2025-12-20 03:00:00+00:00,88.46000000000001,85.0,83.09533941893191,84.67370046837435
2025-12-20 04:00:00+00:00,89.915,84.66749999999999,92.9588469781621,86.08631836372929
2025-12-20 05:00:00+00:00,95.975,79.1425,112.92772274744908,96.45310514253973
2025-12-20 06:00:00+00:00,104.0,81.135,134.6840174379316,107.43850260318355
2025-12-20 07:00:00+00:00,113.2075,95.9525,146.8106207534666,113.48297599264622
2025-12-20 08:00:00+00:00,114.8,106.77,149.28821735747272,123.07093715704946
2025-12-20 09:00:00+00:00,112.6675,102.585,145.0048545808811,118.54957239955684
2025-12-20 10:00:00+00:00,110.9875,98.0925,138.7313534044358,114.84366112828386
2025-12-20 11:00:00+00:00,110.2675,93.7575,134.79075290890046,119.01561615124787
2025-12-20 12:00:00+00:00,114.9825,92.935,136.77916758639705,112.07911935540717
2025-12-20 13:00:00+00:00,119.4825,95.7575,142.24345288407017,115.82341715876922
2025-12-20 14:00:00+00:00,120.6375,114.6575,148.67131679089323,124.27196207574278
2025-12-20 15:00:00+00:00,120.205,119.7075,148.90142657103274,119.87183939355637
2025-12-20 16:00:00+00:00,122.3925,118.4475,145.3175581548619,116.1924895370953
2025-12-20 17:00:00+00:00,118.265,112.255,136.38568025731058,120.47232369829268
2025-12-20 18:00:00+00:00,104.11,103.63,125.23856835405323,109.06736476834148
2025-12-20 19:00:00+00:00,96.3825,91.7075,113.34402200494443,98.38473960033308
2025-12-20 20:00:00+00:00,93.01,90.5575,101.34819140805317,93.28321301587796
2025-12-20 21:00:00+00:00,92.245,93.685,91.16976447937972,92.84024982262136
2025-12-20 22:00:00+00:00,90.6725,84.3875,80.05742999652908,89.46343497968459
2025-12-20 23:00:00+00:00,95.7,91.195,75.07324615784529,88.08940565975607
2025-12-21 00:00:00+00:00,90.045,90.5225,70.23749936130585,84.53162135217103
2025-12-21 01:00:00+00:00,86.485,81.9,68.18011573106025,79.16594001259065
2025-12-21 02:00:00+00:00,85.39500000000001,79.95,69.00353534623619,77.84041939442785
2025-12-21 03:00:00+00:00,85.6275,77.305,70.93430299650069,81.35984048241261
2025-12-21 04:00:00+00:00,86.825,78.7625,74.29409830971298,82.67534506415507
2025-12-21 05:00:00+00:00,88.14,77.175,79.25949404089833,77.34087488282157
2025-12-21 06:00:00+00:00,92.8525,77.4725,85.69289546524678,78.79464887612498
2025-12-21 07:00:00+00:00,102.1475,81.76,92.24737604671832,85.07675702696865
2025-12-21 08:00:00+00:00,107.01,82.345,92.37566880207214,91.7538581497353
2025-12-21 09:00:00+00:00,102.5825,80.005,89.73269422212671,91.78627814731588
2025-12-21 10:00:00+00:00,101.3,84.0775,87.08075954142927,90.40390579433297
2025-12-21 11:00:00+00:00,98.4825,87.27250000000001,86.27040388782876,86.97905242998289
2025-12-21 12:00:00+00:00,94.8675,86.95750000000001,90.49567910560395,87.12383521547662
2025-12-21 13:00:00+00:00,98.8925,88.65,95.55341851417407,88.0034313985477
2025-12-21 14:00:00+00:00,100.87,92.0975,98.72790688269379,90.06462296833011
2025-12-21 15:00:00+00:00,97.515,99.2825,97.0390029076924,92.01507446723515
2025-12-21 16:00:00+00:00,97.0675,102.785,90.21198696341074,96.06846906308436
2025-12-21 17:00:00+00:00,90.795,103.2925,80.37267319478656,92.85796268345614
2025-12-21 18:00:00+00:00,86.14,92.99,66.48835565718285,80.2000182911471
2025-12-21 19:00:00+00:00,81.655,90.3975,56.22636147637513,69.76101892325889
2025-12-21 20:00:00+00:00,78.8625,84.4025,48.77759414940109,69.78078278229935
2025-12-21 21:00:00+00:00,77.495,82.65,44.750707467984235,68.70072817914676
2025-12-21 22:00:00+00:00,70.905,75.75,40.22308458583433,62.86576470539345
2025-12-21 23:00:00+00:00,70.22749999999999,72.5,65.45505012289686,55.33280629031591
2025-12-22 00:00:00+00:00,68.8275,71.8775,63.479637625083704,52.16507345997462
2025-12-22 01:00:00+00:00,67.785,71.0375,64.1126763999861,55.481812421102084
2025-12-22 02:00:00+00:00,66.31,70.6675,66.88731838774528,59.22222065149206
2025-12-22 03:00:00+00:00,71.5175,75.28,72.0198411047153,66.05076558609477
2025-12-22 04:00:00+00:00,74.1125,76.8025,77.73494684561004,73.39155183976102
2025-12-22 05:00:00+00:00,78.1875,86.525,83.97815076589154,81.6231651817109
2025-12-22 06:00:00+00:00,90.4475,98.79,94.30646855397981,92.93280765030316
2025-12-22 07:00:00+00:00,93.3425,101.1275,106.00961539619873,99.78220525268121
2025-12-22 08:00:00+00:00,90.7925,96.65,111.79234789892149,105.48914787430819
2025-12-22 09:00:00+00:00,89.2475,89.61500000000001,111.90838796578916,102.03393042833223
2025-12-22 10:00:00+00:00,85.0,79.7225,113.91504955568212,101.19466658555012
2025-12-22 11:00:00+00:00,86.34,79.77,115.58169853345682,100.70164552502186
2025-12-22 12:00:00+00:00,88.615,88.26,118.21050149260671,103.15289365779556
2025-12-22 13:00:00+00:00,92.1225,95.4375,125.53296190424152,104.61265533725557
2025-12-22 14:00:00+00:00,99.5375,107.3,131.32738859541075,109.34642736821074
2025-12-22 15:00:00+00:00,101.18,108.655,130.30015849294585,108.26115408182233
2025-12-22 16:00:00+00:00,107.8925,104.2125,126.9303475801347,101.1696413163082
2025-12-22 17:00:00+00:00,100.9,98.1575,120.27540671308527,99.8617521356673
2025-12-22 18:00:00+00:00,93.79,90.4175,114.58626758127487,100.18400584560982
2025-12-22 19:00:00+00:00,89.47749999999999,84.25,108.75860673909361,94.77304787176499
2025-12-22 20:00:00+00:00,84.86,85.17,104.07946991674663,92.2107707176239
2025-12-22 21:00:00+00:00,84.8225,84.9775,100.01504898363604,90.27772339812991
2025-12-22 22:00:00+00:00,77.9675,80.4625,92.32136666481686,83.01596666718403
2025-12-22 23:00:00+00:00,72.2325,80.67,77.9893143598756,76.98752470988431
2025-12-23 00:00:00+00:00,65.0325,79.05250000000001,72.83423386899543,63.56095811060709
2025-12-23 01:00:00+00:00,62.005,77.0975,68.63879495084998,55.13059221393679
2025-12-23 02:00:00+00:00,59.06,79.0525,66.98899643348881,49.59232693805621
2025-12-23 03:00:00+00:00,58.1125,80.3875,70.63783089958518,46.21496091960232
2025-12-23 04:00:00+00:00,59.0225,82.3125,73.94051413430732,51.80758623466338
2025-12-23 05:00:00+00:00,67.8475,88.4,78.60047811632728,67.06248941756493
2025-12-23 06:00:00+00:00,78.0175,91.385,88.20066638134534,80.09636733604916
2025-12-23 07:00:00+00:00,83.875,100.4675,93.34957693043359,87.6387973108433
2025-12-23 08:00:00+00:00,85.465,101.265,94.2405131882132,88.3306947137449
2025-12-23 09:00:00+00:00,83.8375,92.345,92.98301314413811,86.75827945176333
2025-12-23 10:00:00+00:00,81.86749999999999,90.6075,90.62960342433986,81.50815176792234
2025-12-23 11:00:00+00:00,80.485,91.5125,91.99277143273545,86.27075126450809
2025-12-23 12:00:00+00:00,79.2125,99.885,93.91856421432553,88.94195833322313
2025-12-23 13:00:00+00:00,79.215,124.3975,100.0057275567176,88.36712095844382
2025-12-23 14:00:00+00:00,81.8275,139.3775,106.47561344777276,91.48590512862877
2025-12-23 15:00:00+00:00,83.6875,155.3125,107.66665484718229,93.19145925627934
2025-12-23 16:00:00+00:00,82.4675,162.20499999999998,107.61068929722452,93.876812420234
2025-12-23 17:00:00+00:00,83.945,142.25,97.20841687228373,89.72277606882444
2025-12-23 18:00:00+00:00,82.465,137.0975,87.55737277956345,88.80157995060172
2025-12-23 19:00:00+00:00,78.005,128.85,80.02861276577066,80.52751823167057
2025-12-23 20:00:00+00:00,69.93,118.9425,73.67835255141884,66.95007838786141
2025-12-23 21:00:00+00:00,71.83500000000001,115.575,72.70924397438168,67.09764891929122
2025-12-23 22:00:00+00:00,64.0925,103.42,68.00132480256114,58.054565208953804
2025-12-23 23:00:00+00:00,60.2475,89.0025,52.69259000725374,40.861986758078174
2025-12-24 00:00:00+00:00,55.8625,89.79,51.422348219814396,37.12878981985094
2025-12-24 01:00:00+00:00,56.8,86.4925,52.27054753746802,32.70675713501572
2025-12-24 02:00:00+00:00,55.84,85.025,54.050016072753394,31.151249520820212
2025-12-24 03:00:00+00:00,55.8475,88.0775,57.13625649637024,32.83186627399978
2025-12-24 04:00:00+00:00,55.85,90.4975,62.70075447044481,41.468122025923705
2025-12-24 05:00:00+00:00,57.215,95.4875,72.4202318598424,63.438551081636085
2025-12-24 06:00:00+00:00,67.44500000000001,108.825,85.21163444382448,78.7502487183034
2025-12-24 07:00:00+00:00,81.0,133.46,96.91635128703558,87.0009003464895
2025-12-24 08:00:00+00:00,82.47,126.295,98.41899826777953,83.79859262214259
2025-12-24 09:00:00+00:00,76.02250000000001,124.535,92.86112303850274,82.5500204671731
2025-12-24 10:00:00+00:00,69.2875,118.15,86.66495292704082,72.04951026440929
2025-12-24 11:00:00+00:00,68.5125,111.895,83.38631263572907,69.99181865653232
2025-12-24 12:00:00+00:00,67.9875,122.6575,84.92766637187951,69.57430709322662
2025-12-24 13:00:00+00:00,73.7575,129.97,93.51656583380316,80.28228780000194
2025-12-24 14:00:00+00:00,83.0525,127.5025,103.71568252564074,82.87780900076672
2025-12-24 15:00:00+00:00,87.9,126.4975,107.50549240980374,83.07116113864947
2025-12-24 16:00:00+00:00,89.1325,122.825,103.77854004664567,85.99961569574816
2025-12-24 17:00:00+00:00,78.9075,111.4,98.34160214492242,79.52028366037457
2025-12-24 18:00:00+00:00,71.77250000000001,97.505,92.02852529815326,77.5794460111936
2025-12-24 19:00:00+00:00,68.1575,94.71,85.25578399397583,68.07842804185246
2025-12-24 20:00:00+00:00,67.9875,94.7025,77.86622044400536,61.46849354313845
2025-12-24 21:00:00+00:00,69.0075,93.2175,75.87880745153666,64.10974908433481
2025-12-24 22:00:00+00:00,65.1625,85.0,69.213939674295,55.19863219023956
2025-12-24 23:00:00+00:00,63.22,77.755,31.52095360983688,21.87931694114147
2025-12-25 00:00:00+00:00,58.4425,69.065,28.914753036163162,24.207443213251338
2025-12-25 01:00:00+00:00,56.8575,60.1275,29.993841502746818,21.590922622039194
2025-12-25 02:00:00+00:00,55.845,48.89,31.372977129455123,25.02317769413666
2025-12-25 03:00:00+00:00,54.53,44.8175,35.02468897792711,24.36862390446372
2025-12-25 04:00:00+00:00,52.605,50.8275,40.29354773491631,27.677793361956123
2025-12-25 05:00:00+00:00,49.165,63.24250000000001,47.39903601545299,46.98602291765132
2025-12-25 06:00:00+00:00,54.0275,81.525,60.880808453586525,54.049665839196294
2025-12-25 07:00:00+00:00,64.205,90.7425,72.98736507647905,52.23351115714989
2025-12-25 08:00:00+00:00,64.7075,88.5575,69.65457227013658,48.58453825211281
2025-12-25 09:00:00+00:00,53.765,78.2825,62.06349717776726,38.47588708655784
2025-12-25 10:00:00+00:00,48.9825,78.2875,59.34526449058497,39.086931736323194
2025-12-25 11:00:00+00:00,48.4875,77.4225,62.149574890120604,39.489625161021124
2025-12-25 12:00:00+00:00,47.865,79.47749999999999,69.80316415267515,42.21585575455347
2025-12-25 13:00:00+00:00,68.5475,103.755,86.01722128725577,57.380673135158325
2025-12-25 14:00:00+00:00,89.41499999999999,114.4925,102.95150194299701,74.07706898579113
2025-12-25 15:00:00+00:00,92.235,110.8825,109.17805923241451,78.20576342915693
2025-12-25 16:00:00+00:00,94.005,103.4175,107.68904133503132,86.95421573557242
2025-12-25 17:00:00+00:00,94.055,88.255,99.4731511420494,83.12625135958363
2025-12-25 18:00:00+00:00,91.715,80.14,93.77473618732337,85.59228876170853
2025-12-25 19:00:00+00:00,91.0325,67.6825,88.53603796620828,81.38523112876487
2025-12-25 20:00:00+00:00,92.7,53.255,85.16072403951824,81.23569280172416
2025-12-25 21:00:00+00:00,96.1525,51.8,83.84994638964574,87.09059836982172
2025-12-25 22:00:00+00:00,91.47,18.6525,77.20973706961115,85.74281903559537
2025-12-25 23:00:00+00:00,97.1,9.84,70.67755374088229,78.05930118186282
2025-12-26 00:00:00+00:00,91.0525,5.8575,67.3584337742032,76.61370894319043
2025-12-26 01:00:00+00:00,85.8175,4.33,66.89323638417076,75.31688433888696
2025-12-26 02:00:00+00:00,83.05250000000001,3.515,68.33665329064314,76.0270093294474
2025-12-26 03:00:00+00:00,82.3925,4.115,70.97059063010555,73.44195270695307
2025-12-26 04:00:00+00:00,82.83500000000001,10.775,74.36540588929174,73.2295430901492
2025-12-26 05:00:00+00:00,85.02,40.28,79.95741430768184,80.66853638114209
2025-12-26 06:00:00+00:00,93.115,76.7125,90.42321569860644,87.88871831188396
2025-12-26 07:00:00+00:00,98.9,89.5425,99.42059270792546,88.19895045650523
2025-12-26 08:00:00+00:00,96.73,89.38499999999999,96.8384754113998,80.30732994221518
2025-12-26 09:00:00+00:00,89.25,89.23,83.87805332465214,75.48814534701883
2025-12-26 10:00:00+00:00,84.9925,87.49000000000001,77.5845293251089,71.49126879528438
2025-12-26 11:00:00+00:00,82.3125,84.57249999999999,77.54839348746881,73.89500898182021
2025-12-26 12:00:00+00:00,83.0975,87.625,82.09128032960083,67.67596226586633
2025-12-26 13:00:00+00:00,92.7,93.3475,100.04140787245109,76.86257406098838
2025-12-26 14:00:00+00:00,109.1425,97.4025,120.1601559012709,94.08675496454953
2025-12-26 15:00:00+00:00,116.7725,100.3325,128.3248092038526,105.82854962669757
2025-12-26 16:00:00+00:00,120.47,106.905,127.73692480198211,116.6727809782795
2025-12-26 17:00:00+00:00,116.9725,107.48,122.51268420514012,115.17984703154036
2025-12-26 18:00:00+00:00,116.2625,105.1225,116.03828382916959,108.06404731021412
2025-12-26 19:00:00+00:00,113.725,102.91,109.52808656266143,102.51696225172974
2025-12-26 20:00:00+00:00,111.5,98.4625,103.567511578096,97.38188146749151
2025-12-26 21:00:00+00:00,108.255,96.2775,99.0883549940947,94.65026014300193
2025-12-26 22:00:00+00:00,99.3675,90.18,91.64069485346089,88.1886129931755
2025-12-26 23:00:00+00:00,96.69,84.8125,99.17003810447883,91.04114284737469
2025-12-27 00:00:00+00:00,91.725,83.4,94.17211028231878,86.81447944221566
2025-12-27 01:00:00+00:00,84.7075,85.0025,90.20291718236956,83.49075180215883
2025-12-27 02:00:00+00:00,82.7175,87.4875,88.14465301517463,84.00636820929125
2025-12-27 03:00:00+00:00,83.9975,88.46000000000001,88.49555506354893,79.5667778128286
2025-12-27 04:00:00+00:00,83.17,89.915,90.57478497584493,79.05575231376403
2025-12-27 05:00:00+00:00,88.015,95.975,94.29457065104242,78.19738436596664
2025-12-27 06:00:00+00:00,99.505,104.0,101.23350476326934,83.70009307118073
2025-12-27 07:00:00+00:00,102.32,113.2075,105.07051488858392,93.96857782217215
2025-12-27 08:00:00+00:00,93.81,114.8,98.75848090410177,86.95868007777973
2025-12-27 09:00:00+00:00,80.0325,112.6675,87.422310872303,77.95800034581866
2025-12-27 10:00:00+00:00,75.395,110.9875,78.73615832265588,60.84046413631878
2025-12-27 11:00:00+00:00,74.54,110.2675,72.13894363160458,52.92584346975463
2025-12-27 12:00:00+00:00,76.7375,114.9825,71.72847650681896,52.08658492807954
2025-12-27 13:00:00+00:00,81.19999999999999,119.4825,79.19956695464907,69.7010515955862
2025-12-27 14:00:00+00:00,94.5425,120.6375,93.31642090585613,86.88395826704024
2025-12-27 15:00:00+00:00,103.0075,120.205,100.3692351510866,92.60584400279602
2025-12-27 16:00:00+00:00,105.925,122.3925,101.3810080431834,93.87794545375608
2025-12-27 17:00:00+00:00,108.4275,118.265,97.39238520972464,96.304198083911
2025-12-27 18:00:00+00:00,105.0,104.11,93.15509604413765,93.96771180883421
2025-12-27 19:00:00+00:00,102.5875,96.3825,89.74304666968821,92.99983344497348
2025-12-27 20:00:00+00:00,93.895,93.01,88.34847171453173,94.35810390546423
2025-12-27 21:00:00+00:00,95.4175,92.245,86.7865368649016,97.74616524540225
2025-12-27 22:00:00+00:00,91.295,90.6725,82.02646970373499,89.27309552257202
2025-12-27 23:00:00+00:00,84.33500000000001,95.7,71.3360958755403,90.63842793056465
2025-12-28 00:00:00+00:00,83.37,90.045,70.18459782687815,88.93965304927238
2025-12-28 01:00:00+00:00,79.96000000000001,86.485,69.71739605275006,80.88987506952024
2025-12-28 02:00:00+00:00,78.8175,85.39500000000001,73.30878206264799,78.38316971269775
2025-12-28 03:00:00+00:00,80.4475,85.6275,80.64025135962821,84.35957430834998
2025-12-28 04:00:00+00:00,83.61,86.825,87.63357696874698,83.13293584204801
2025-12-28 05:00:00+00:00,86.47749999999999,88.14,97.26509446116229,90.07442055696528
2025-12-28 06:00:00+00:00,92.15,92.8525,110.86517681628084,102.04909856664152
2025-12-28 07:00:00+00:00,97.3625,102.1475,120.7316242095466,109.78392260214184
2025-12-28 08:00:00+00:00,96.565,107.01,119.23582520624251,107.4332561859341
2025-12-28 09:00:00+00:00,88.2125,102.5825,108.48861115869292,98.05861817733694
2025-12-28 10:00:00+00:00,88.3675,101.3,102.35085003982564,93.71316754639794
2025-12-28 11:00:00+00:00,80.0225,98.4825,99.85170424800883,92.60482541380483
2025-12-28 12:00:00+00:00,80.025,94.8675,104.40120611929345,93.39129385683862
2025-12-28 13:00:00+00:00,86.6775,98.8925,112.92383974097523,102.42750868479
2025-12-28 14:00:00+00:00,100.87,100.87,126.67588439445721,108.63801851048636
2025-12-28 15:00:00+00:00,110.8825,97.515,132.40692522327015,113.49083463317324
2025-12-28 16:00:00+00:00,113.7025,97.0675,127.69893498238727,116.38095237329375
2025-12-28 17:00:00+00:00,114.455,90.795,119.09740998203203,116.57687013373449
2025-12-28 18:00:00+00:00,109.3325,86.14,107.60460114869004,110.30501724005798
2025-12-28 19:00:00+00:00,105.01,81.655,95.68064801561721,105.18288683634485
2025-12-28 20:00:00+00:00,99.0275,78.8625,81.0376538244482,94.24190026883318
2025-12-28 21:00:00+00:00,98.2825,77.495,73.2114637647951,92.79784239538415
2025-12-28 22:00:00+00:00,88.44,70.905,63.288912642628134,82.50692166811164
2025-12-28 23:00:00+00:00,89.88,70.22749999999999,81.18233260605518,72.56023548638666
2025-12-29 00:00:00+00:00,84.98249999999999,68.8275,75.18236616789909,67.57102203890341
2025-12-29 01:00:00+00:00,84.1825,67.785,70.50209163410206,59.5288807650289
2025-12-29 02:00:00+00:00,82.19,66.31,69.73477227888083,54.77643984218207
2025-12-29 03:00:00+00:00,83.6225,71.5175,73.01013457323705,60.9204601179401
2025-12-29 04:00:00+00:00,90.7925,74.1125,79.6540869743414,69.12592461952741
2025-12-29 05:00:00+00:00,96.3325,78.1875,86.93841141645866,80.51649821577499
2025-12-29 06:00:00+00:00,104.7175,90.4475,97.79365236016262,93.96308738057253
2025-12-29 07:00:00+00:00,113.8775,93.3425,105.81028290064134,104.91370619626214
2025-12-29 08:00:00+00:00,111.01,90.7925,107.4143957559638,100.82448205502273
2025-12-29 09:00:00+00:00,97.645,89.2475,102.6201542896016,92.59527819068346
2025-12-29 10:00:00+00:00,90.345,85.0,102.08433570785343,91.46995136029409
2025-12-29 11:00:00+00:00,87.6575,86.34,99.01402543556283,82.0251655242802
2025-12-29 12:00:00+00:00,88.52250000000001,88.615,99.59189150267012,88.0900230798869
2025-12-29 13:00:00+00:00,96.1025,92.1225,106.01877598861793,90.39894639808327
2025-12-29 14:00:00+00:00,103.5075,99.5375,114.22992681882306,90.34970037270483
2025-12-29 15:00:00+00:00,108.655,101.18,119.50708366797525,98.36837219923555
2025-12-29 16:00:00+00:00,107.0075,107.8925,120.68314830257181,99.27209116170933
2025-12-29 17:00:00+00:00,103.3075,100.9,115.98550386027213,94.01915549281713
2025-12-29 18:00:00+00:00,95.1475,93.79,109.63912255983504,91.55531901012947
2025-12-29 19:00:00+00:00,90.3725,89.47749999999999,104.24059626579586,85.56798543433933
2025-12-29 20:00:00+00:00,83.245,84.86,99.68653720070131,78.58051824136146
2025-12-29 21:00:00+00:00,87.91499999999999,84.8225,98.42016247099568,82.72888066033045
2025-12-29 22:00:00+00:00,83.3425,77.9675,92.7434804032462,75.4330561758956
2025-12-29 23:00:00+00:00,77.8625,72.2325,82.87230845059311,73.34055646970432
2025-12-30 00:00:00+00:00,73.215,65.0325,80.96477380608881,68.07496579232968
2025-12-30 01:00:00+00:00,71.855,62.005,81.4672950100019,68.4141578901276
2025-12-30 02:00:00+00:00,69.3575,59.06,81.45372352055621,67.48631750432486
2025-12-30 03:00:00+00:00,68.5375,58.1125,84.2371155548471,68.09302942899002
2025-12-30 04:00:00+00:00,71.99,59.0225,91.04200154120056,68.74366220893533
2025-12-30 05:00:00+00:00,80.02,67.8475,98.44648711122463,81.38758844234316
2025-12-30 06:00:00+00:00,87.97,78.0175,109.63282443727472,96.81000319447456
2025-12-30 07:00:00+00:00,94.8775,83.875,120.4840929131822,105.46967291679555
2025-12-30 08:00:00+00:00,94.3925,85.465,117.75633695853111,99.50223848239828
2025-12-30 09:00:00+00:00,85.82,83.8375,106.02885149764259,86.03689450503708
2025-12-30 10:00:00+00:00,79.38,81.86749999999999,98.42263756483601,79.58472772215646
2025-12-30 11:00:00+00:00,76.155,80.485,97.07665433653744,75.55836740796397
2025-12-30 12:00:00+00:00,76.7575,79.2125,100.59225926264445,79.3863819365926
2025-12-30 13:00:00+00:00,88.9675,79.215,114.90830700935516,90.79922076330655
2025-12-30 14:00:00+00:00,102.325,81.8275,133.16274561279073,108.89020409124913
2025-12-30 15:00:00+00:00,109.1,83.6875,143.50258009950485,121.63624799787489
2025-12-30 16:00:00+00:00,110.715,82.4675,141.80430495578184,121.74977381531848
2025-12-30 17:00:00+00:00,109.12,83.945,137.60162080833265,118.95265752408517
2025-12-30 18:00:00+00:00,105.6075,82.465,131.01323312503374,113.09681181255749
2025-12-30 19:00:00+00:00,101.04,78.005,124.58536188562073,105.03575324558479
2025-12-30 20:00:00+00:00,93.3225,69.93,116.04724905263329,95.1950960176768
2025-12-30 21:00:00+00:00,92.045,71.83500000000001,112.89559850459538,92.86411838799548
2025-12-30 22:00:00+00:00,85.8075,64.0925,103.7145300878525,88.38494305693203
2025-12-30 23:00:00+00:00,88.0825,60.2475,92.91816786966737,91.79139821790699
2025-12-31 00:00:00+00:00,84.3375,55.8625,86.52044461281271,86.90121970986965
2025-12-31 01:00:00+00:00,80.2125,56.8,83.5914268280983,80.98068252074516
2025-12-31 02:00:00+00:00,76.58,55.84,80.16268543252745,78.77209031474706
2025-12-31 03:00:00+00:00,74.9325,55.8475,77.27056018570462,71.52498246065363
2025-12-31 04:00:00+00:00,77.3775,55.85,78.13982283333338,64.60553919739124
2025-12-31 05:00:00+00:00,81.86749999999999,57.215,82.77729982192012,68.61170762136453
2025-12-31 06:00:00+00:00,85.2825,67.44500000000001,90.03284793984398,79.3051752924579
2025-12-31 07:00:00+00:00,95.7925,81.0,96.22675267948776,87.11104418812043
2025-12-31 08:00:00+00:00,95.335,82.47,97.1856861904913,81.12363655624162
2025-12-31 09:00:00+00:00,89.26249999999999,76.02250000000001,91.84557645385199,77.78540895219179
2025-12-31 10:00:00+00:00,83.48,69.2875,88.02340627696675,72.66137846312792
2025-12-31 11:00:00+00:00,83.0475,68.5125,87.0286840831583,72.77180451329527
2025-12-31 12:00:00+00:00,85.17,67.9875,87.86533170576124,72.00102000011653
2025-12-31 13:00:00+00:00,85.17750000000001,73.7575,93.88958202062557,78.21004210528169
2025-12-31 14:00:00+00:00,90.8325,83.0525,101.70387509354481,85.92309979548523
2025-12-31 15:00:00+00:00,100.705,87.9,106.19175558221828,89.38998569733471
2025-12-31 16:00:00+00:00,110.1,89.1325,107.742562520182,91.20991744927437
2025-12-31 17:00:00+00:00,107.5275,78.9075,102.65736932918358,89.41350480165539
2025-12-31 18:00:00+00:00,95.99,71.77250000000001,94.6693876904189,89.31097478981371
2025-12-31 19:00:00+00:00,86.8025,68.1575,84.22900798897818,80.27891790377636
2025-12-31 20:00:00+00:00,79.7975,67.9875,72.55830347610481,75.86852967326801
2025-12-31 21:00:00+00:00,81.39,69.0075,65.40031039000644,73.13478696125408
2025-12-31 22:00:00+00:00,76.4475,65.1625,55.30115281921475,59.28039612438707
2025-12-31 23:00:00+00:00,58.2775,63.22,15.224020710416923,39.48058599681342
2026-01-01 00:00:00+00:00,42.395,58.4425,8.816249574230326,29.51524048488526
2026-01-01 01:00:00+00:00,19.57,56.8575,3.2797631949190134,11.015993656034661
2026-01-01 02:00:00+00:00,6.285,55.845,0.9412166321510256,4.360713433695379
2026-01-01 03:00:00+00:00,3.0925,54.53,2.8446438237983926,3.979281053879084
2026-01-01 04:00:00+00:00,0.83,52.605,7.522888694203672,2.575761153275214
2026-01-01 05:00:00+00:00,0.0525,49.165,11.605971406471568,8.543692201698184
2026-01-01 06:00:00+00:00,0.0249999999999999,54.0275,17.856893194445163,24.9087185130452
2026-01-01 07:00:00+00:00,0.0575,64.205,25.77308818274237,28.15782376649649
2026-01-01 08:00:00+00:00,0.0,64.7075,26.172846539837238,16.74435808114786
2026-01-01 09:00:00+00:00,-0.0025,53.765,21.310761803654415,10.935808728845954
2026-01-01 10:00:00+00:00,-0.0025,48.9825,16.77980670320946,4.212297783703599
2026-01-01 11:00:00+00:00,-0.01,48.4875,16.51897362224527,4.185227054041645
2026-01-01 12:00:00+00:00,-0.0075,47.865,19.076099753356573,7.165137189552423
2026-01-01 13:00:00+00:00,0.0175,68.5475,23.596787384243626,4.4378114174021395
2026-01-01 14:00:00+00:00,3.51,89.41499999999999,31.059821104701825,13.99155322760432
2026-01-01 15:00:00+00:00,10.345,92.235,35.86588045859962,14.261999600607394
2026-01-01 16:00:00+00:00,21.795,94.005,37.04565461015152,26.32203851804331
2026-01-01 17:00:00+00:00,23.1275,94.055,31.716265743163063,26.228076341194516
2026-01-01 18:00:00+00:00,18.0925,91.715,22.081805152301712,13.130644155168563
2026-01-01 19:00:00+00:00,10.0425,91.0325,13.540080387941401,7.77997401807752
2026-01-01 20:00:00+00:00,8.95,92.7,6.805986407995718,0.4954530476058745
2026-01-01 21:00:00+00:00,7.3725,96.1525,6.171522479164977,3.711537755640975
2026-01-01 22:00:00+00:00,0.285,91.47,2.3213624774108723,-2.646437806956118
2026-01-01 23:00:00+00:00,9.68,97.1,15.087032529624835,16.231680502562494
2026-01-02 00:00:00+00:00,3.01,91.0525,6.618894791780505,11.443331211707216
2026-01-02 01:00:00+00:00,1.8075,85.8175,-2.6943928783474433,5.990121295576806
2026-01-02 02:00:00+00:00,0.245,83.05250000000001,-5.610174521308096,6.854865575072085
2026-01-02 03:00:00+00:00,1.725,82.3925,-2.4282241380918066,7.555369748855963
2026-01-02 04:00:00+00:00,11.9975,82.83500000000001,2.580760949072328,8.715952149787752
2026-01-02 05:00:00+00:00,21.795,85.02,8.538112665797883,7.306257737298369
2026-01-02 06:00:00+00:00,50.965,93.115,17.92757973166276,20.04452756785751
2026-01-02 07:00:00+00:00,68.8675,98.9,26.429330013953205,22.817712814624937
2026-01-02 08:00:00+00:00,71.1975,96.73,31.250846363850563,20.52722199302155
2026-01-02 09:00:00+00:00,57.8875,89.25,32.049578749428555,16.757334181793702
2026-01-02 10:00:00+00:00,55.9275,84.9925,31.603984569490763,13.677994563646779
2026-01-02 11:00:00+00:00,58.0025,82.3125,32.513143209725236,14.842670236922114
2026-01-02 12:00:00+00:00,66.94749999999999,83.0975,35.43292522795528,16.402120768604007
2026-01-02 13:00:00+00:00,70.12,92.7,41.17794472097666,22.641077593407363
2026-01-02 14:00:00+00:00,77.495,109.1425,50.300166544084604,46.67410072188619
2026-01-02 15:00:00+00:00,82.455,116.7725,58.77894327551448,56.32294378373903
2026-01-02 16:00:00+00:00,85.435,120.47,65.55359342454372,67.68253625381747
2026-01-02 17:00:00+00:00,88.3425,116.9725,63.51229889187873,68.6818213314257
2026-01-02 18:00:00+00:00,88.5725,116.2625,58.71799217729513,70.72093252939656
2026-01-02 19:00:00+00:00,89.1525,113.725,52.699067466427124,59.843642149654166
2026-01-02 20:00:00+00:00,83.5175,111.5,50.340879357022985,65.37238031325924
2026-01-02 21:00:00+00:00,85.5925,108.255,49.60293841227258,73.63530085666822
2026-01-02 22:00:00+00:00,81.8325,99.3675,46.14309325327686,65.9666783600028
2026-01-02 23:00:00+00:00,80.165,96.69,32.670235280712845,38.86269462112494
2026-01-03 00:00:00+00:00,78.33,91.725,33.16464620658777,32.857976476501996
2026-01-03 01:00:00+00:00,75.82,84.7075,36.547488833187444,32.749995951812956
2026-01-03 02:00:00+00:00,74.82,82.7175,40.29505826654703,35.984876971743425
2026-01-03 03:00:00+00:00,73.02250000000001,83.9975,45.441763110536286,35.92971003101076
2026-01-03 04:00:00+00:00,74.99,83.17,54.625145341967475,41.377777582284985
2026-01-03 05:00:00+00:00,75.91,88.015,65.02429030010168,44.61071530449372
2026-01-03 06:00:00+00:00,79.3125,99.505,84.97580336473838,55.167645810035026
2026-01-03 07:00:00+00:00,90.69,102.32,98.72991088726877,55.66410915694974
2026-01-03 08:00:00+00:00,94.09,93.81,101.0815633003839,50.36413855917473
2026-01-03 09:00:00+00:00,93.31,80.0325,91.82433011714238,39.5350197829275
2026-01-03 10:00:00+00:00,88.7075,75.395,86.26223458928435,37.629737424080616
2026-01-03 11:00:00+00:00,87.4125,74.54,86.15011050596203,33.08178935677166
2026-01-03 12:00:00+00:00,86.60499999999999,76.7375,92.4084171185959,35.10149349620209
2026-01-03 13:00:00+00:00,89.6825,81.19999999999999,96.59649203704093,41.97340140754099
2026-01-03 14:00:00+00:00,94.6,94.5425,105.11911386459118,54.315513998561634
2026-01-03 15:00:00+00:00,99.88,103.0075,107.04733000527045,63.887554503541466
2026-01-03 16:00:00+00:00,109.715,105.925,104.39195612107885,75.1094181266134
2026-01-03 17:00:00+00:00,110.825,108.4275,98.68398557012546,71.04442275603378
2026-01-03 18:00:00+00:00,104.76,105.0,92.11943088042722,66.93385640273438
2026-01-03 19:00:00+00:00,97.625,102.5875,86.59723011480094,62.17628214169295
2026-01-03 20:00:00+00:00,91.1175,93.895,78.9407487556641,56.24831045918053
2026-01-03 21:00:00+00:00,90.7125,95.4175,76.84570948989268,62.64884191177228
2026-01-03 22:00:00+00:00,86.015,91.295,70.81105593169708,54.84196278138136
2026-01-03 23:00:00+00:00,88.8225,84.33500000000001,60.533915083410456,68.85609017184397
2026-01-04 00:00:00+00:00,85.33,83.37,56.87300600712442,64.9452873179862
2026-01-04 01:00:00+00:00,85.0425,79.96000000000001,56.218291454683744,65.61977261649729
2026-01-04 02:00:00+00:00,83.7375,78.8175,58.460199588152186,59.71550643845542
2026-01-04 03:00:00+00:00,82.5575,80.4475,62.97558167459368,59.18643466042806
2026-01-04 04:00:00+00:00,83.4075,83.61,70.41106341329314,64.6442747180045
2026-01-04 05:00:00+00:00,83.795,86.47749999999999,77.48032257601683,64.38620250158093
2026-01-04 06:00:00+00:00,86.4825,92.15,86.75903384509029,73.30399039473863
2026-01-04 07:00:00+00:00,88.1225,97.3625,97.97489360947655,81.98308037775462
2026-01-04 08:00:00+00:00,94.3,96.565,101.14307935546776,83.07297758023212
2026-01-04 09:00:00+00:00,94.755,88.2125,97.89532772769255,85.18410071547993
2026-01-04 10:00:00+00:00,90.8775,88.3675,92.98496289682286,85.11432876449575
2026-01-04 11:00:00+00:00,89.5425,80.0225,94.55357075424125,80.7759331558352
2026-01-04 12:00:00+00:00,86.7775,80.025,95.61809739085297,80.07465637816723
2026-01-04 13:00:00+00:00,92.675,86.6775,107.59998848975576,86.6602505549649
2026-01-04 14:00:00+00:00,93.1975,100.87,118.11750804507219,92.83076523665119
2026-01-04 15:00:00+00:00,100.5925,110.8825,127.19546055178431,100.61390454059644
2026-01-04 16:00:00+00:00,118.425,113.7025,131.57510009101878,109.623482411581
2026-01-04 17:00:00+00:00,121.18,114.455,128.04955895079266,110.92492683223944
2026-01-04 18:00:00+00:00,119.715,109.3325,120.35925675402284,106.22145641847082
2026-01-04 19:00:00+00:00,112.45,105.01,110.85416005411324,107.61883059009598
2026-01-04 20:00:00+00:00,99.7,99.0275,102.23798874849574,96.7629742006483
2026-01-04 21:00:00+00:00,95.765,98.2825,97.92156838538591,94.32680740535194
2026-01-04 22:00:00+00:00,89.21000000000001,88.44,92.35827039187853,93.25167451818764
2026-01-04 23:00:00+00:00,92.4525,89.88,125.06345410211775,104.42156084069617
2026-01-05 00:00:00+00:00,88.8475,84.98249999999999,122.76470236938354,100.71328066067616
2026-01-05 01:00:00+00:00,86.5075,84.1825,122.10409300800742,98.23351364952465
2026-01-05 02:00:00+00:00,86.3125,82.19,121.5583726266785,96.27701972645589
2026-01-05 03:00:00+00:00,87.495,83.6225,122.8874055105463,96.38487207841672
2026-01-05 04:00:00+00:00,90.8575,90.7925,127.21564141801983,99.94252046218311
2026-01-05 05:00:00+00:00,109.0225,96.3325,132.05708973088792,114.86092237565555
2026-01-05 06:00:00+00:00,129.3125,104.7175,138.9870614136815,129.0800944570978
2026-01-05 07:00:00+00:00,151.175,113.8775,145.22759298082374,138.92032395551175
2026-01-05 08:00:00+00:00,152.15,111.01,149.5866463853729,141.68175673023157
2026-01-05 09:00:00+00:00,145.6275,97.645,148.6076863302387,141.51527372635726
2026-01-05 10:00:00+00:00,136.57,90.345,149.83048148445664,138.8369690572755
2026-01-05 11:00:00+00:00,134.3025,87.6575,149.79894461412007,138.49614196581007
2026-01-05 12:00:00+00:00,134.3025,88.52250000000001,154.40623143863297,133.22850945426464
2026-01-05 13:00:00+00:00,140.15,96.1025,161.77848598323158,142.16508318579426
2026-01-05 14:00:00+00:00,148.99,103.5075,166.84650566063698,141.20008206455978
2026-01-05 15:00:00+00:00,180.7075,108.655,171.7206432004353,165.13645123765863
2026-01-05 16:00:00+00:00,223.425,107.0075,175.29950989220498,163.9510680485229
2026-01-05 17:00:00+00:00,213.585,103.3075,170.3976122428395,157.97150150019579
2026-01-05 18:00:00+00:00,182.8,95.1475,164.4158040544291,156.42819010693273
2026-01-05 19:00:00+00:00,147.0325,90.3725,157.29866145257114,145.69238351431136
2026-01-05 20:00:00+00:00,129.1025,83.245,147.90715769841876,120.63493953661836
2026-01-05 21:00:00+00:00,123.85,87.91499999999999,143.30329041444247,122.31823815008183
2026-01-05 22:00:00+00:00,111.3,83.3425,137.80649513419974,113.84778615829418
2026-01-05 23:00:00+00:00,104.695,77.8625,127.13861101068774,111.2013867645287
2026-01-06 00:00:00+00:00,104.6,73.215,125.67924141195506,105.13477526616127
2026-01-06 01:00:00+00:00,101.545,71.855,125.93186712410177,100.67957289305399
2026-01-06 02:00:00+00:00,100.0875,69.3575,128.9015811562383,101.50813062588377
2026-01-06 03:00:00+00:00,102.4525,68.5375,133.77904261014993,103.990879747896
2026-01-06 04:00:00+00:00,107.0,71.99,140.61808753578572,110.69710656139299
2026-01-06 05:00:00+00:00,121.2875,80.02,155.36092948192018,146.15145010953222
2026-01-06 06:00:00+00:00,138.4975,87.97,170.41169716470569,181.7390598811215
2026-01-06 07:00:00+00:00,164.185,94.8775,185.17763494194367,234.51549418980025
2026-01-06 08:00:00+00:00,168.82,94.3925,186.96734137999084,241.78719598165873
2026-01-06 09:00:00+00:00,154.8425,85.82,180.05651685925758,209.06012265662676
2026-01-06 10:00:00+00:00,147.265,79.38,172.03157591291185,175.54712215207456
2026-01-06 11:00:00+00:00,134.4325,76.155,168.23143019286675,172.34052131949375
2026-01-06 12:00:00+00:00,130.2025,76.7575,165.25668826202434,165.7871578245476
2026-01-06 13:00:00+00:00,130.7025,88.9675,170.69908825720105,163.58925509447113
2026-01-06 14:00:00+00:00,136.985,102.325,176.57406853306315,174.71881818165107
2026-01-06 15:00:00+00:00,145.0075,109.1,193.52058624649308,206.64874638798145
2026-01-06 16:00:00+00:00,152.9925,110.715,208.19347105927932,214.43927091335948
2026-01-06 17:00:00+00:00,148.26749999999998,109.12,197.55782042700912,188.84563601964243
2026-01-06 18:00:00+00:00,139.1175,105.6075,176.79628326065944,167.6925415021446
2026-01-06 19:00:00+00:00,121.6025,101.04,152.17700544495256,142.0387974097375
2026-01-06 20:00:00+00:00,108.5625,93.3225,135.28627671894435,125.8872224244752
2026-01-06 21:00:00+00:00,102.2225,92.045,124.73570790222675,124.69642264393393
2026-01-06 22:00:00+00:00,92.8175,85.8075,110.88466023979197,113.62779134779944
2026-01-06 23:00:00+00:00,93.9875,88.0825,91.94363781669176,104.35394782598624
2026-01-07 00:00:00+00:00,88.61,84.3375,85.70252789843407,95.66778954578598
2026-01-07 01:00:00+00:00,85.045,80.2125,80.42636898337197,91.63873798338925
2026-01-07 02:00:00+00:00,81.64750000000001,76.58,77.76559309260017,84.64866426508434
2026-01-07 03:00:00+00:00,80.7825,74.9325,78.20282684013105,86.63400485428303
2026-01-07 04:00:00+00:00,84.8825,77.3775,80.79291043696466,90.24458282847925
2026-01-07 05:00:00+00:00,92.77,81.86749999999999,87.09315552089342,96.9185978890939
2026-01-07 06:00:00+00:00,99.2,85.2825,96.3490114348657,115.5005231073516
2026-01-07 07:00:00+00:00,109.35,95.7925,109.8376755457351,132.22436544637537
2026-01-07 08:00:00+00:00,112.1275,95.335,109.91285880325582,118.60525249771041
2026-01-07 09:00:00+00:00,108.3125,89.26249999999999,99.18692060813838,102.19066670899215
2026-01-07 10:00:00+00:00,99.935,83.48,92.81262442095124,97.58439530225061
2026-01-07 11:00:00+00:00,96.34,83.0475,86.2449296258279,90.28341458721545
2026-01-07 12:00:00+00:00,93.155,85.17,86.7966352478656,97.59494293831476
2026-01-07 13:00:00+00:00,95.2275,85.17750000000001,94.54282957268914,97.07059915335776
2026-01-07 14:00:00+00:00,101.8375,90.8325,103.66747326654458,100.08855987724253
2026-01-07 15:00:00+00:00,106.385,100.705,110.49773938727243,106.86931919880745
2026-01-07 16:00:00+00:00,125.1875,110.1,112.94674740432168,116.48110940497307
2026-01-07 17:00:00+00:00,124.1,107.5275,107.99608083829189,117.27826875018465
2026-01-07 18:00:00+00:00,116.7325,95.99,100.55411391771894,110.19153716259254
2026-01-07 19:00:00+00:00,108.7275,86.8025,89.57219545699272,98.59373506444885
2026-01-07 20:00:00+00:00,98.455,79.7975,81.55793541754649,95.9681604649319
2026-01-07 21:00:00+00:00,93.96,81.39,79.83144291788948,95.7413328886735
2026-01-07 22:00:00+00:00,88.7625,76.4475,75.87667514945032,81.71314542294857
2026-01-07 23:00:00+00:00,84.08,58.2775,71.25217713263737,77.16780444228849
2026-01-08 00:00:00+00:00,83.08250000000001,42.395,71.6483810728578,77.00894826971772
2026-01-08 01:00:00+00:00,84.52250000000001,19.57,72.62959852883523,79.32296217452313
2026-01-08 02:00:00+00:00,82.4725,6.285,75.37325544797872,83.19056712698452
2026-01-08 03:00:00+00:00,85.265,3.0925,81.80958437585485,91.74483293617057
2026-01-08 04:00:00+00:00,87.8875,0.83,91.83567343047757,100.85451932322925
2026-01-08 05:00:00+00:00,97.88,0.0525,104.06289924632306,114.88656997319589
2026-01-08 06:00:00+00:00,126.7125,0.0249999999999999,117.24502731795411,128.80261340967135
2026-01-08 07:00:00+00:00,168.81,0.0575,132.37172755598397,145.39360235262555
2026-01-08 08:00:00+00:00,192.72,0.0,143.97703587747034,158.5229357985177
2026-01-08 09:00:00+00:00,207.9325,-0.0025,149.49883241371631,171.37800699881305
2026-01-08 10:00:00+00:00,213.1125,-0.0025,153.44266215312427,152.03342589422687
2026-01-08 11:00:00+00:00,220.27,-0.01,158.20670382483326,152.26750637328323
2026-01-08 12:00:00+00:00,236.215,-0.0075,163.24940669884734,151.7204358505902
2026-01-08 13:00:00+00:00,264.585,0.0175,168.94691140677716,158.81917397470093
2026-01-08 14:00:00+00:00,264.42,3.51,173.20853747338873,176.33499271634622
2026-01-08 15:00:00+00:00,259.49,10.345,172.42794038047975,169.96262422700352
2026-01-08 16:00:00+00:00,233.8525,21.795,176.4509494502318,174.9406657830889
2026-01-08 17:00:00+00:00,199.3975,23.1275,167.55095284155138,167.86760394576305
2026-01-08 18:00:00+00:00,139.2475,18.0925,153.51184847964063,163.60780035678656
2026-01-08 19:00:00+00:00,102.125,10.0425,136.60241050517746,139.19202035471255
2026-01-08 20:00:00+00:00,94.4825,8.95,116.27864546192963,120.87153896605226
2026-01-08 21:00:00+00:00,91.305,7.3725,96.67830553948518,102.81709243858757
2026-01-08 22:00:00+00:00,79.035,0.285,74.67988414104047,79.80481812625398
2026-01-08 23:00:00+00:00,78.9625,9.68,50.022552529142956,56.169343756371454
2026-01-09 00:00:00+00:00,70.69,3.01,37.65416224345542,41.12426784749138
2026-01-09 01:00:00+00:00,57.35,1.8075,30.023342791510004,21.563054808678523
2026-01-09 02:00:00+00:00,50.84,0.245,25.470811168860692,15.408389481647122
2026-01-09 03:00:00+00:00,47.845,1.725,26.275147150701784,16.26766139415804
2026-01-09 04:00:00+00:00,56.575,11.9975,28.547876722333292,16.793905795493714
2026-01-09 05:00:00+00:00,72.605,21.795,33.85031239293664,17.191434738285846
2026-01-09 06:00:00+00:00,84.3025,50.965,52.42329759882019,55.83934347083214
2026-01-09 07:00:00+00:00,89.7625,68.8675,75.48885928276339,81.87952313711791
2026-01-09 08:00:00+00:00,89.1475,71.1975,86.82224433454671,83.87260619119574
2026-01-09 09:00:00+00:00,93.93,57.8875,89.97163707973068,77.23534616602402
2026-01-09 10:00:00+00:00,85.795,55.9275,88.93910437085346,83.22290045883202
2026-01-09 11:00:00+00:00,83.015,58.0025,89.70514413849997,78.689161017629
2026-01-09 12:00:00+00:00,82.85,66.94749999999999,98.00672460540225,68.81161924899781
2026-01-09 13:00:00+00:00,82.83500000000001,70.12,114.76373474032906,74.31583348525788
2026-01-09 14:00:00+00:00,85.245,77.495,119.28390609826425,74.41340959713811
2026-01-09 15:00:00+00:00,87.5725,82.455,120.8695440795803,71.43979432667567
2026-01-09 16:00:00+00:00,92.52,85.435,111.75306694237452,74.72658629322146
2026-01-09 17:00:00+00:00,91.6625,88.3425,96.41452660664666,80.71598705377176
2026-01-09 18:00:00+00:00,87.28,88.5725,69.13278879110052,69.55385151600528
2026-01-09 19:00:00+00:00,82.80250000000001,89.1525,52.4060856964798,50.13976810190564
2026-01-09 20:00:00+00:00,80.36,83.5175,48.944612436412946,47.82107613203578
2026-01-09 21:00:00+00:00,80.35,85.5925,50.595262499305214,54.81736290409788
2026-01-09 22:00:00+00:00,74.51,81.8325,48.16453313074096,42.301155612208994
2026-01-09 23:00:00+00:00,72.78999999999999,80.165,32.0279501086937,36.51280736415408
2026-01-10 00:00:00+00:00,69.775,78.33,31.700059851303465,34.08890978604314
2026-01-10 01:00:00+00:00,66.2375,75.82,29.78094026209665,37.48731674026594
2026-01-10 02:00:00+00:00,66.535,74.82,30.625216505400687,43.08152165929877
2026-01-10 03:00:00+00:00,66.5125,73.02250000000001,32.77809221166986,41.903736415213146
2026-01-10 04:00:00+00:00,68.46000000000001,74.99,43.23296555998583,48.860581537177026
2026-01-10 05:00:00+00:00,69.96000000000001,75.91,57.81552921015559,56.8088607174586
2026-01-10 06:00:00+00:00,76.66499999999999,79.3125,72.77471186326373,68.79097085608134
2026-01-10 07:00:00+00:00,85.0275,90.69,85.88070680314482,68.71470674380564
2026-01-10 08:00:00+00:00,92.3625,94.09,96.06612455854442,77.80813051089548
2026-01-10 09:00:00+00:00,97.595,93.31,107.21354583308738,92.6741335091919
2026-01-10 10:00:00+00:00,101.5575,88.7075,109.93501823551046,99.32566022714286
2026-01-10 11:00:00+00:00,101.57,87.4125,116.53046081499852,104.33015627713607
2026-01-10 12:00:00+00:00,104.825,86.60499999999999,124.15724981391352,111.71545103109399
2026-01-10 13:00:00+00:00,111.4425,89.6825,130.46044285530064,116.73992088147786
2026-01-10 14:00:00+00:00,117.7175,94.6,136.46286217112998,126.21222828581604
2026-01-10 15:00:00+00:00,128.0075,99.88,141.43221200086748,130.7916767901655
2026-01-10 16:00:00+00:00,139.5275,109.715,144.5625861121126,143.47751528242375
2026-01-10 17:00:00+00:00,136.91,110.825,142.13105834678328,143.85245265221053
2026-01-10 18:00:00+00:00,128.305,104.76,137.8360624344064,148.1280491838351
2026-01-10 19:00:00+00:00,120.49,97.625,132.96539510842487,133.5573535759315
2026-01-10 20:00:00+00:00,113.21,91.1175,128.88858344436431,131.27490666831935
2026-01-10 21:00:00+00:00,107.68,90.7125,126.05268605882468,128.52453955226312
2026-01-10 22:00:00+00:00,98.1975,86.015,121.25338250562805,118.46426577924159
2026-01-10 23:00:00+00:00,96.9025,88.8225,114.01416236098116,104.32197465466211
2026-01-11 00:00:00+00:00,92.7475,85.33,111.6633960886832,100.25923788166253
2026-01-11 01:00:00+00:00,88.035,85.0425,110.31905479004823,96.29181601071394
2026-01-11 02:00:00+00:00,84.86,83.7375,112.0158556898758,96.05962236400296
2026-01-11 03:00:00+00:00,82.68,82.5575,115.90365117435547,97.27348167756695
2026-01-11 04:00:00+00:00,82.26,83.4075,120.33460862778809,101.82230607368608
2026-01-11 05:00:00+00:00,81.6025,83.795,124.58077933284824,107.07071258150579
2026-01-11 06:00:00+00:00,84.25999999999999,86.4825,131.15284801594038,116.64102154050748
2026-01-11 07:00:00+00:00,92.06,88.1225,136.60975483436619,131.6001886305757
2026-01-11 08:00:00+00:00,103.1025,94.3,135.90155700028612,123.23914532095674
2026-01-11 09:00:00+00:00,100.6825,94.755,127.43220675680303,112.91795339601573
2026-01-11 10:00:00+00:00,99.9175,90.8775,119.06379181922702,110.0274128103757
2026-01-11 11:00:00+00:00,97.0875,89.5425,113.37179314201573,107.85346071963465
2026-01-11 12:00:00+00:00,96.5175,86.7775,113.96234238695786,110.30442606949981
2026-01-11 13:00:00+00:00,98.8775,92.675,124.47332127851385,111.97288523120493
2026-01-11 14:00:00+00:00,101.275,93.1975,135.0594589865618,117.70007407743286
2026-01-11 15:00:00+00:00,111.755,100.5925,143.8093748032318,123.60357617673874
2026-01-11 16:00:00+00:00,116.25,118.425,145.79056401989547,124.76319724456948
2026-01-11 17:00:00+00:00,112.2475,121.18,136.41046257134937,123.95311979663371
2026-01-11 18:00:00+00:00,106.2075,119.715,123.41629822159962,116.0496556860253
2026-01-11 19:00:00+00:00,96.04,112.45,109.14209273920453,105.15020626494253
2026-01-11 20:00:00+00:00,95.005,99.7,94.37721105214662,97.85731248843753
2026-01-11 21:00:00+00:00,93.02,95.765,83.02901569387255,89.54313848760431
2026-01-11 22:00:00+00:00,85.22999999999999,89.21000000000001,70.52384827950146,77.06584105568544
2026-01-11 23:00:00+00:00,81.2575,92.4525,87.86716800183635,73.58057657596896
2026-01-12 00:00:00+00:00,81.1925,88.8475,81.58334323653919,71.84473289533834
2026-01-12 01:00:00+00:00,79.0425,86.5075,77.03094111270663,63.625805121672194
2026-01-12 02:00:00+00:00,77.31,86.3125,75.02909342110448,62.16343977261519
2026-01-12 03:00:00+00:00,76.58500000000001,87.495,75.18648863725308,61.90260018253364
2026-01-12 04:00:00+00:00,80.1625,90.8575,77.07388312495645,72.2996596347856
2026-01-12 05:00:00+00:00,86.9225,109.0225,80.4106649678303,85.8039917354677
2026-01-12 06:00:00+00:00,97.8725,129.3125,88.12768281471088,97.42680138961856
2026-01-12 07:00:00+00:00,115.6175,151.175,99.43373653020139,117.23910705984345
2026-01-12 08:00:00+00:00,129.8475,152.15,112.41734208575991,125.33667612424952
2026-01-12 09:00:00+00:00,124.3975,145.6275,119.38183645588836,119.2346161102793
2026-01-12 10:00:00+00:00,129.8675,136.57,124.95263064855826,118.19665035383186
2026-01-12 11:00:00+00:00,129.9625,134.3025,128.78805249433964,120.68273945665301
2026-01-12 12:00:00+00:00,132.76,134.3025,131.35040216938552,125.4413430800759
2026-01-12 13:00:00+00:00,128.37,140.15,134.36717427479704,121.14070180181353
2026-01-12 14:00:00+00:00,131.7125,148.99,135.50826532125035,127.05094532686505
2026-01-12 15:00:00+00:00,119.58,180.7075,139.88129201425372,131.10931855465947
2026-01-12 16:00:00+00:00,119.6,223.425,141.34864010431443,139.77585485867473
2026-01-12 17:00:00+00:00,116.5,213.585,132.67148300602923,133.43284758646334
2026-01-12 18:00:00+00:00,102.3375,182.8,122.33206951433928,123.13609819443188
2026-01-12 19:00:00+00:00,93.48,147.0325,110.41456839911605,108.3799761914256
2026-01-12 20:00:00+00:00,91.795,129.1025,104.86816943820608,107.52205622118765
2026-01-12 21:00:00+00:00,92.165,123.85,102.32234926304008,99.39782949000927
2026-01-12 22:00:00+00:00,86.0475,111.3,96.69325891973507,89.86274451416597
2026-01-12 23:00:00+00:00,84.30499999999999,104.695,85.38866754693998,83.19268759523555
2026-01-13 00:00:00+00:00,82.69,104.6,86.21615714835632,81.85549702678473
2026-01-13 01:00:00+00:00,82.685,101.545,87.23322282103273,81.06856897593688
2026-01-13 02:00:00+00:00,84.115,100.0875,90.55999147952423,83.1214056989707
2026-01-13 03:00:00+00:00,86.7475,102.4525,95.71494887185636,91.28193859609823
2026-01-13 04:00:00+00:00,88.725,107.0,105.73454683344886,91.24275681760787
2026-01-13 05:00:00+00:00,97.5525,121.2875,118.90196556314048,108.42469999083906
2026-01-13 06:00:00+00:00,116.03,138.4975,133.9220958164786,130.7298779841517
2026-01-13 07:00:00+00:00,129.805,164.185,151.74679223172177,158.54992532080726
2026-01-13 08:00:00+00:00,132.5175,168.82,162.53633970522253,168.65837010886892
2026-01-13 09:00:00+00:00,142.1975,154.8425,159.77894954387727,159.28681476690804
2026-01-13 10:00:00+00:00,123.8525,147.265,158.66924901788758,161.24679501624811
2026-01-13 11:00:00+00:00,117.675,134.4325,156.19587981918323,149.73938096032094
2026-01-13 12:00:00+00:00,112.9775,130.2025,156.63460374877303,150.21233455275922
2026-01-13 13:00:00+00:00,122.215,130.7025,157.92378345255196,146.65771958436852
2026-01-13 14:00:00+00:00,120.515,136.985,162.07488755263745,153.62328771263074
2026-01-13 15:00:00+00:00,122.15,145.0075,158.43096640207736,151.06509585246675
2026-01-13 16:00:00+00:00,122.33,152.9925,153.5810300961669,155.8869467150974
2026-01-13 17:00:00+00:00,113.3525,148.26749999999998,141.90676948679402,144.34054478137094
2026-01-13 18:00:00+00:00,98.735,139.1175,123.34171568787838,125.87849869275915
2026-01-13 19:00:00+00:00,90.95,121.6025,105.43851118339975,104.58925916573492
2026-01-13 20:00:00+00:00,92.2075,108.5625,92.53508390674551,89.4596792324524
2026-01-13 21:00:00+00:00,90.0,102.2225,83.4798853235269,81.51708212844721
2026-01-13 22:00:00+00:00,82.6725,92.8175,72.8820011032764,67.09625926629005
2026-01-13 23:00:00+00:00,85.5625,93.9875,64.58900634595103,59.52406380157477
2026-01-14 00:00:00+00:00,84.295,88.61,62.768938119734,55.90500688249234
2026-01-14 01:00:00+00:00,85.8775,85.045,63.92310402050701,55.14917653477064
2026-01-14 02:00:00+00:00,86.16250000000001,81.64750000000001,66.68999358375623,59.814491729537
2026-01-14 03:00:00+00:00,87.645,80.7825,70.6609289348568,61.43606603424954
2026-01-14 04:00:00+00:00,89.86,84.8825,74.91450795284824,68.40841108759845
2026-01-14 05:00:00+00:00,95.145,92.77,82.76002606530909,88.89782631863349
2026-01-14 06:00:00+00:00,105.14,99.2,96.44299716067606,110.82711284940976
2026-01-14 07:00:00+00:00,128.9575,109.35,109.11231619626001,124.62886021389033
2026-01-14 08:00:00+00:00,132.0325,112.1275,114.50680629656037,125.12135202769336
2026-01-14 09:00:00+00:00,116.4525,108.3125,120.53652883198868,127.69429473553487
2026-01-14 10:00:00+00:00,107.5325,99.935,114.12632188692939,120.88588316505898
2026-01-14 11:00:00+00:00,103.475,96.34,114.49897901045442,124.01724501761704
2026-01-14 12:00:00+00:00,103.6,93.155,119.1389704302204,122.09693225230103
2026-01-14 13:00:00+00:00,118.2175,95.2275,134.5374004923491,124.64116566665379
2026-01-14 14:00:00+00:00,144.63,101.8375,146.72796372141573,135.18044059816262
2026-01-14 15:00:00+00:00,152.85750000000002,106.385,159.17523863393353,145.5044925773173
2026-01-14 16:00:00+00:00,200.0225,125.1875,167.37544633670774,170.27766144755938
2026-01-14 17:00:00+00:00,182.355,124.1,166.18249789222094,166.46200802057064
2026-01-14 18:00:00+00:00,158.76749999999998,116.7325,160.3158007422973,156.5040704750027
2026-01-14 19:00:00+00:00,134.01,108.7275,155.57268076287772,150.86415048198913
2026-01-14 20:00:00+00:00,121.7875,98.455,152.68051572126922,143.66588907568752
2026-01-14 21:00:00+00:00,113.8625,93.96,146.91509709801156,141.5398593308537
2026-01-14 22:00:00+00:00,97.0875,88.7625,138.0082486812366,128.50487628203766
2026-01-14 23:00:00+00:00,100.615,84.08,122.53377395146045,116.93482668484744
2026-01-15 00:00:00+00:00,94.0475,83.08250000000001,113.72498333266981,106.15367776503108
2026-01-15 01:00:00+00:00,89.34,84.52250000000001,107.70549655640373,103.20115961485638
2026-01-15 02:00:00+00:00,84.8075,82.4725,102.63734905027053,102.48538733269244
2026-01-15 03:00:00+00:00,82.92999999999999,85.265,101.69334811836144,98.52263740210437
2026-01-15 04:00:00+00:00,86.0,87.8875,102.76226287426864,100.7645201294133
2026-01-15 05:00:00+00:00,98.2025,97.88,106.18337554232613,107.42103660709164
2026-01-15 06:00:00+00:00,105.115,126.7125,114.02189062818681,124.4652841973183
2026-01-15 07:00:00+00:00,104.975,168.81,128.50690929259017,140.8193182472298
2026-01-15 08:00:00+00:00,101.415,192.72,130.03113821131728,132.046125962756
2026-01-15 09:00:00+00:00,100.4,207.9325,120.90085314909554,119.6620864807858
2026-01-15 10:00:00+00:00,97.8625,213.1125,114.60698355835783,110.36554989858851
2026-01-15 11:00:00+00:00,95.2825,220.27,114.01284028398277,102.04298817049762
2026-01-15 12:00:00+00:00,100.615,236.215,118.69341198293532,101.06907309720783
2026-01-15 13:00:00+00:00,105.645,264.585,135.1865865358737,108.61319196557217
2026-01-15 14:00:00+00:00,123.095,264.42,156.93607135171146,126.58040048474602
2026-01-15 15:00:00+00:00,135.3725,259.49,163.25379997084647,135.84127403454193
2026-01-15 16:00:00+00:00,145.495,233.8525,175.33228134081543,149.98040131381143
2026-01-15 17:00:00+00:00,119.745,199.3975,152.00381274620736,144.3575258525337
2026-01-15 18:00:00+00:00,105.4925,139.2475,123.16861328080229,131.24747501723834
2026-01-15 19:00:00+00:00,98.16,102.125,96.57490056549197,107.59006811039092
2026-01-15 20:00:00+00:00,90.995,94.4825,79.46087713738797,100.44989402327451
2026-01-15 21:00:00+00:00,88.3925,91.305,67.8291364163527,86.59970087013122
2026-01-15 22:00:00+00:00,81.155,79.035,52.159242159565835,62.994386782623515
2026-01-15 23:00:00+00:00,81.05,78.9625,36.18696819458387,34.22511434583569
2026-01-16 00:00:00+00:00,75.0,70.69,31.31826603634717,28.76682414544884
2026-01-16 01:00:00+00:00,70.57249999999999,57.35,29.25887911267212,26.666440943875358
2026-01-16 02:00:00+00:00,67.23,50.84,29.811064554639728,25.574081648703874
2026-01-16 03:00:00+00:00,71.38,47.845,34.013730324866486,30.339138537008726
2026-01-16 04:00:00+00:00,82.05000000000001,56.575,42.61055936527261,34.63098586926845
2026-01-16 05:00:00+00:00,90.7225,72.605,56.5156467154594,60.81188698204009
2026-01-16 06:00:00+00:00,98.6,84.3025,71.64547046933531,83.28443105501947
2026-01-16 07:00:00+00:00,109.3075,89.7625,81.53783410746031,94.13463934155997
2026-01-16 08:00:00+00:00,108.9275,89.1475,82.77010215853582,86.28503276800805
2026-01-16 09:00:00+00:00,103.0275,93.93,82.9372929932256,86.82824867831927
2026-01-16 10:00:00+00:00,99.7875,85.795,83.89798338965258,81.50281687195567
2026-01-16 11:00:00+00:00,99.1975,83.015,90.3686854370608,87.83589848892113
2026-01-16 12:00:00+00:00,99.3125,82.85,105.02753668549433,96.23108298264219
2026-01-16 13:00:00+00:00,113.2,82.83500000000001,123.65509433490647,109.01326263768998
2026-01-16 14:00:00+00:00,141.0,85.245,147.28737455740577,131.84062526552336
2026-01-16 15:00:00+00:00,162.68,87.5725,161.45817342777852,146.3665914266266
2026-01-16 16:00:00+00:00,170.325,92.52,167.7377541901423,161.30624428752702
2026-01-16 17:00:00+00:00,162.4425,91.6625,153.97483639010892,139.23878477868885
2026-01-16 18:00:00+00:00,154.18,87.28,144.73988945870002,137.7879878809963
2026-01-16 19:00:00+00:00,134.0,82.80250000000001,138.8205074696234,129.30223785162121
2026-01-16 20:00:00+00:00,117.6125,80.36,133.25487789111114,121.72674918850649
2026-01-16 21:00:00+00:00,117.705,80.35,129.62700898165974,126.29301707714448
2026-01-16 22:00:00+00:00,104.17,74.51,124.26029868839409,119.83963475042026
2026-01-16 23:00:00+00:00,104.66,72.78999999999999,106.47063241942604,118.62678289157351
2026-01-17 00:00:00+00:00,101.2875,69.775,102.27892553655596,113.26861921518726
2026-01-17 01:00:00+00:00,98.235,66.2375,100.10500455541468,108.67461321987965
2026-01-17 02:00:00+00:00,96.1375,66.535,100.81445459551503,103.03712956756902
2026-01-17 03:00:00+00:00,95.1875,66.5125,104.87755797635283,104.77649955468318
2026-01-17 04:00:00+00:00,95.2425,68.46000000000001,111.713705036244,111.07409260739908
2026-01-17 05:00:00+00:00,95.8525,69.96000000000001,117.80371832437669,119.42285240608072
2026-01-17 06:00:00+00:00,99.1875,76.66499999999999,124.42454499535546,127.03532696657625
2026-01-17 07:00:00+00:00,105.97,85.0275,132.5192766994834,150.5836846159101
2026-01-17 08:00:00+00:00,116.655,92.3625,133.66618798024663,141.0760394053136
2026-01-17 09:00:00+00:00,115.1,97.595,129.5021545354502,121.86664509320559
2026-01-17 10:00:00+00:00,111.6075,101.5575,125.63750298837353,119.12985534277048
2026-01-17 11:00:00+00:00,111.9475,101.57,123.99645964341451,112.62936296001055
2026-01-17 12:00:00+00:00,108.64,104.825,123.31063652921662,112.1912901713835
2026-01-17 13:00:00+00:00,112.8175,111.4425,129.10885136719747,114.72894723742606
2026-01-17 14:00:00+00:00,122.77,117.7175,139.9452903093042,124.4371388642681
2026-01-17 15:00:00+00:00,135.775,128.0075,147.38107795079293,136.5300283233182
2026-01-17 16:00:00+00:00,140.9125,139.5275,145.8655279469381,149.68057166027899
2026-01-17 17:00:00+00:00,142.84750000000005,136.91,135.46485937581235,143.66045759612007
2026-01-17 18:00:00+00:00,138.5875,128.305,125.42037200119452,125.60916097950783
2026-01-17 19:00:00+00:00,120.79,120.49,111.30445761374114,116.13747204008932
2026-01-17 20:00:00+00:00,107.805,113.21,99.29677921428096,108.65473883031457
2026-01-17 21:00:00+00:00,109.15,107.68,95.01146328284665,108.98173520675319
2026-01-17 22:00:00+00:00,107.0225,98.1975,85.05642931497,98.74687342034119
2026-01-17 23:00:00+00:00,110.715,96.9025,80.14768484827584,101.27655289880876
2026-01-18 00:00:00+00:00,109.19,92.7475,75.66543815790266,96.25548817892856
2026-01-18 01:00:00+00:00,107.39,88.035,73.08691670437045,89.75250756985608
2026-01-18 02:00:00+00:00,102.54,84.86,73.26377120540334,88.47989170882056
2026-01-18 03:00:00+00:00,102.235,82.68,75.32762662340156,87.62353105191461
2026-01-18 04:00:00+00:00,102.08,82.26,78.64149236643068,87.2780685612
2026-01-18 05:00:00+00:00,101.05,81.6025,82.76931896104512,86.62457144334003
2026-01-18 06:00:00+00:00,100.605,84.25999999999999,89.71114528268131,85.78257021150384
2026-01-18 07:00:00+00:00,105.68,92.06,96.62722358015823,96.79493884179352
2026-01-18 08:00:00+00:00,107.4225,103.1025,100.55504582651363,99.66360122034072
2026-01-18 09:00:00+00:00,101.91,100.6825,96.06552890561183,94.69505829238662
2026-01-18 10:00:00+00:00,98.4825,99.9175,91.31223939298081,93.13087533343159
2026-01-18 11:00:00+00:00,96.855,97.0875,88.98810907673385,89.77947928637359
2026-01-18 12:00:00+00:00,96.9625,96.5175,88.14588197334801,87.9424669296281
2026-01-18 13:00:00+00:00,100.845,98.8775,95.50993826066811,92.769187692508
2026-01-18 14:00:00+00:00,105.55,101.275,108.4642944430011,111.36375038560824
2026-01-18 15:00:00+00:00,114.875,111.755,119.90141590569638,118.21015142380723
2026-01-18 16:00:00+00:00,129.9925,116.25,119.80185015449267,121.10163188079053
2026-01-18 17:00:00+00:00,142.195,112.2475,113.89658567722775,120.50460604087351
2026-01-18 18:00:00+00:00,136.6725,106.2075,106.39233018546663,114.67179952978825
2026-01-18 19:00:00+00:00,123.0525,96.04,93.32172127966948,103.99402260581445
2026-01-18 20:00:00+00:00,110.63,95.005,83.65419115365073,100.82721875576658
2026-01-18 21:00:00+00:00,114.28,93.02,81.29583295259657,101.8939221214005
2026-01-18 22:00:00+00:00,103.7325,85.22999999999999,76.78888194475364,95.30717231545195
2026-01-18 23:00:00+00:00,101.15,81.2575,105.98166086388345,105.68877432681185
2026-01-19 00:00:00+00:00,100.44,81.1925,105.41401375567288,104.16724427027562
2026-01-19 01:00:00+00:00,100.8325,79.0425,105.57717820016178,102.56991643889971
2026-01-19 02:00:00+00:00,100.4375,77.31,106.15327162965323,99.610627508476
2026-01-19 03:00:00+00:00,100.135,76.58500000000001,110.18813266060275,101.91602092973457
2026-01-19 04:00:00+00:00,102.53,80.1625,115.44547337231319,104.54688506759231
2026-01-19 05:00:00+00:00,126.38,86.9225,121.02890407032399,112.24677955519483
2026-01-19 06:00:00+00:00,161.08249999999998,97.8725,128.26491421557955,128.0119693351834
2026-01-19 07:00:00+00:00,175.98250000000002,115.6175,135.90332989129132,145.88043449288676
2026-01-19 08:00:00+00:00,161.9375,129.8475,132.19523443777229,123.385954548375
2026-01-19 09:00:00+00:00,135.9225,124.3975,119.71664867252495,110.96441083874072
2026-01-19 10:00:00+00:00,120.5275,129.8675,114.17515400949615,103.15271753802044
2026-01-19 11:00:00+00:00,117.56,129.9625,113.54420965305042,98.1053356907073
2026-01-19 12:00:00+00:00,125.0025,132.76,121.48801513289564,102.80268553382486
2026-01-19 13:00:00+00:00,144.35,128.37,132.92266385075027,113.73086504492142
2026-01-19 14:00:00+00:00,170.0425,131.7125,147.36477597075273,140.0163094873225
2026-01-19 15:00:00+00:00,194.89,119.58,160.14567277577868,183.26268350719533
2026-01-19 16:00:00+00:00,208.2275,119.6,168.94271185105123,190.05434285003753
2026-01-19 17:00:00+00:00,200.055,116.5,171.67843835701294,197.28638304630945
2026-01-19 18:00:00+00:00,180.9625,102.3375,165.4697069302105,170.57679745736525
2026-01-19 19:00:00+00:00,157.385,93.48,156.41713732449875,152.55287679144087
2026-01-19 20:00:00+00:00,135.17,91.795,148.9865669689483,144.51789912440788
2026-01-19 21:00:00+00:00,126.4025,92.165,148.48096571526042,141.4795926058311
2026-01-19 22:00:00+00:00,112.47,86.0475,141.71456742335585,127.67367197390942
2026-01-19 23:00:00+00:00,115.06,84.30499999999999,128.15847870594104,116.27723376831625
2026-01-20 00:00:00+00:00,114.335,82.69,127.69316938567056,111.33906784113509
2026-01-20 01:00:00+00:00,110.355,82.685,129.03267792523062,113.91650703948493
2026-01-20 02:00:00+00:00,109.8675,84.115,131.59353986575277,114.00359937802796
2026-01-20 03:00:00+00:00,113.1725,86.7475,135.01513815344143,115.22557362389975
2026-01-20 04:00:00+00:00,125.28,88.725,139.96356859395962,123.50841166670196
2026-01-20 05:00:00+00:00,190.105,97.5525,155.64381663345563,150.746331801482
2026-01-20 06:00:00+00:00,240.8775,116.03,177.10897694429087,201.59496665464783
2026-01-20 07:00:00+00:00,262.785,129.805,187.06039409141437,215.04416490210463
2026-01-20 08:00:00+00:00,179.535,132.5175,175.41065539982816,186.85850862628257
2026-01-20 09:00:00+00:00,132.17,142.1975,153.91776442265405,141.1156116953727
2026-01-20 10:00:00+00:00,107.9525,123.8525,137.14841245813426,122.18695739761746
2026-01-20 11:00:00+00:00,103.6225,117.675,131.32586168962544,136.65516775244961
2026-01-20 12:00:00+00:00,105.755,112.9775,138.41182950835804,149.65779152510163
2026-01-20 13:00:00+00:00,136.7225,122.215,158.6616843658245,179.21017307486997
2026-01-20 14:00:00+00:00,178.26,120.515,183.06827088562875,223.57395254795628
2026-01-20 15:00:00+00:00,276.735,122.15,202.95375723717444,259.7646306709056
2026-01-20 16:00:00+00:00,249.63,122.33,207.00811650903796,249.70605787200117
2026-01-20 17:00:00+00:00,193.925,113.3525,194.5282914228328,211.7040452145245
2026-01-20 18:00:00+00:00,181.9175,98.735,177.19816791136356,177.0473881895712
2026-01-20 19:00:00+00:00,155.10000000000002,90.95,160.25897896346783,147.31379917246863
2026-01-20 20:00:00+00:00,139.89,92.2075,146.89994170899166,128.5448615343528
2026-01-20 21:00:00+00:00,117.1925,90.0,139.90449234438682,124.45237674024204
2026-01-20 22:00:00+00:00,107.8375,82.6725,130.84420942944,116.66035553439566
2026-01-20 23:00:00+00:00,101.49,85.5625,121.61886166129301,112.1598262208528
2026-01-21 00:00:00+00:00,101.7175,84.295,118.81193852222428,109.74719969391379
2026-01-21 01:00:00+00:00,98.7575,85.8775,115.8397303318338,107.48605490633955
2026-01-21 02:00:00+00:00,100.91,86.16250000000001,115.0280748016682,108.40265012533918
2026-01-21 03:00:00+00:00,98.845,87.645,117.4002210257433,108.49311154056507
2026-01-21 04:00:00+00:00,98.6925,89.86,122.96298830884987,119.99794727812736
2026-01-21 05:00:00+00:00,107.8725,95.145,152.28173914015656,155.8840471360605
2026-01-21 06:00:00+00:00,160.0,105.14,178.1677422727298,164.35843034107504
2026-01-21 07:00:00+00:00,176.3975,128.9575,192.57825345394645,177.69424246699475
2026-01-21 08:00:00+00:00,142.89249999999998,132.0325,153.40318285734241,171.45960300195875
2026-01-21 09:00:00+00:00,118.3,116.4525,122.21885473588267,121.8453775233149
2026-01-21 10:00:00+00:00,100.9925,107.5325,103.89691241547624,105.54264778365047
2026-01-21 11:00:00+00:00,99.13,103.475,99.639882008708,104.24409838023183
2026-01-21 12:00:00+00:00,103.475,103.6,103.36987131301038,104.88829043318107
2026-01-21 13:00:00+00:00,108.6225,118.2175,125.93773340198095,126.20041117171907
2026-01-21 14:00:00+00:00,126.9275,144.63,156.20965994062487,152.21664802214644
2026-01-21 15:00:00+00:00,145.035,152.85750000000002,205.42570439624535,169.3088129373898
2026-01-21 16:00:00+00:00,139.11,200.0225,197.7739109437993,166.76968054499048
2026-01-21 17:00:00+00:00,138.9075,182.355,167.29709786479555,163.1920731119539
2026-01-21 18:00:00+00:00,127.83,158.76749999999998,154.35640385824058,159.12177087225544
2026-01-21 19:00:00+00:00,105.4475,134.01,135.11286135370185,131.40760073625694
2026-01-21 20:00:00+00:00,102.44,121.7875,121.3364705886169,122.54247853686375
2026-01-21 21:00:00+00:00,104.76,113.8625,105.42362038305372,108.45970335824434
2026-01-21 22:00:00+00:00,99.375,97.0875,94.54822076843921,105.40914312599818
2026-01-21 23:00:00+00:00,92.7975,100.615,79.43887574916388,96.88251368703509
2026-01-22 00:00:00+00:00,92.5275,94.0475,77.09348994380983,94.29111511200139
2026-01-22 01:00:00+00:00,91.45,89.34,75.73485925421325,88.53002068760647
2026-01-22 02:00:00+00:00,91.82,84.8075,78.91064612941507,87.7291791223051
2026-01-22 03:00:00+00:00,92.85,82.92999999999999,81.58396836070268,89.2604888114235
2026-01-22 04:00:00+00:00,93.1875,86.0,87.32770344750205,93.10622593423953
2026-01-22 05:00:00+00:00,100.6775,98.2025,97.83902917979157,105.86753249674776
2026-01-22 06:00:00+00:00,125.52,105.115,127.3619836045432,135.90677860508333
2026-01-22 07:00:00+00:00,137.1225,104.975,138.93291433657757,153.31260292082047
2026-01-22 08:00:00+00:00,114.4175,101.415,123.85722475770064,133.69496335298683
2026-01-22 09:00:00+00:00,95.2575,100.4,105.7617273097666,111.08332537921343
2026-01-22 10:00:00+00:00,89.075,97.8625,90.1085036801269,96.70207855581243
2026-01-22 11:00:00+00:00,83.8575,95.2825,83.4468125355239,93.80591679413291
2026-01-22 12:00:00+00:00,88.065,100.615,88.10958495952342,101.13205394847296
2026-01-22 13:00:00+00:00,94.91,105.645,102.08656991229198,106.072522350964
2026-01-22 14:00:00+00:00,107.78,123.095,124.3761871229226,128.12666404402347
2026-01-22 15:00:00+00:00,130.8975,135.3725,142.87380534420407,146.68120156150144
2026-01-22 16:00:00+00:00,136.365,145.495,143.16802593679432,140.3796187463363
2026-01-22 17:00:00+00:00,129.6675,119.745,137.66939308621787,139.3945038711562
2026-01-22 18:00:00+00:00,121.5675,105.4925,127.55914297305367,132.5998211000535
2026-01-22 19:00:00+00:00,109.35,98.16,113.7959705386931,116.26110520970522
2026-01-22 20:00:00+00:00,106.945,90.995,108.85587300191597,113.29006456664531
2026-01-22 21:00:00+00:00,103.3225,88.3925,106.93742682590944,115.16460954791528
2026-01-22 22:00:00+00:00,97.3075,81.155,101.47252654030623,108.34876303249591
2026-01-22 23:00:00+00:00,97.8875,81.05,87.40627270210591,102.48371509912498
2026-01-23 00:00:00+00:00,97.245,75.0,85.00422329917791,99.55374511791939
2026-01-23 01:00:00+00:00,95.9475,70.57249999999999,83.83701995986543,97.14255676248118
2026-01-23 02:00:00+00:00,95.0025,67.23,84.60178637775122,95.26777568788867
2026-01-23 03:00:00+00:00,95.6225,71.38,87.29567671552624,95.97112580523715
2026-01-23 04:00:00+00:00,96.9975,82.05000000000001,90.93826476199024,93.40285489462865
2026-01-23 05:00:00+00:00,108.1975,90.7225,98.40135406712389,99.92699159152455
2026-01-23 06:00:00+00:00,133.0,98.6,114.09192752003976,128.37613021864328
2026-01-23 07:00:00+00:00,152.9375,109.3075,123.50494965788396,141.19487195492178
2026-01-23 08:00:00+00:00,142.4875,108.9275,113.7253472339819,115.24089324233265
2026-01-23 09:00:00+00:00,115.3775,103.0275,100.50305612044113,107.0186528021317
2026-01-23 10:00:00+00:00,100.1275,99.7875,91.55701635353124,101.3305783090957
2026-01-23 11:00:00+00:00,96.2125,99.1975,86.89666225301109,96.75076128495185
2026-01-23 12:00:00+00:00,95.76,99.3125,90.2178708488652,98.59584435566755
2026-01-23 13:00:00+00:00,97.08,113.2,98.64332310963854,104.20227053786186
2026-01-23 14:00:00+00:00,108.7675,141.0,113.15945115725768,114.13166765969427
2026-01-23 15:00:00+00:00,124.0475,162.68,128.36837770747394,122.1253292599063
2026-01-23 16:00:00+00:00,136.08499999999998,170.325,129.74157327524847,125.02253277811282
2026-01-23 17:00:00+00:00,128.48250000000002,162.4425,121.88166759188792,121.45162201927555
2026-01-23 18:00:00+00:00,116.8025,154.18,113.51316366868313,114.4424428342381
2026-01-23 19:00:00+00:00,107.2225,134.0,102.8203911774089,98.61277550348822
2026-01-23 20:00:00+00:00,103.96,117.6125,97.03118058293553,95.7235884661328
2026-01-23 21:00:00+00:00,104.79,117.705,93.47434896674078,94.45479742762001
2026-01-23 22:00:00+00:00,96.995,104.17,88.27186939328952,91.46353636617047
2026-01-23 23:00:00+00:00,99.8,104.66,69.50642427357414,88.30093511650833
2026-01-24 00:00:00+00:00,99.035,101.2875,70.28856116717725,86.37602791658472
2026-01-24 01:00:00+00:00,98.315,98.235,71.65414923944189,87.22486519632926
2026-01-24 02:00:00+00:00,97.825,96.1375,74.6758526136878,85.32596835240979
2026-01-24 03:00:00+00:00,97.5475,95.1875,80.77015947202317,90.36085584271144
2026-01-24 04:00:00+00:00,98.91,95.2425,87.17357711720555,91.34418737355541
2026-01-24 05:00:00+00:00,100.3975,95.8525,97.48119067066357,94.80858073101211
2026-01-24 06:00:00+00:00,104.06,99.1875,114.76166943589075,98.18168217976246
2026-01-24 07:00:00+00:00,110.9975,105.97,129.64508058540252,115.11402159317194
2026-01-24 08:00:00+00:00,123.0925,116.655,130.86830878764107,114.33264248674428
2026-01-24 09:00:00+00:00,119.24,115.1,121.81476687796223,118.85576862908786
2026-01-24 10:00:00+00:00,110.2975,111.6075,113.2582532539187,107.92514516097734
2026-01-24 11:00:00+00:00,106.2175,111.9475,109.63446879909966,102.18536382177734
2026-01-24 12:00:00+00:00,101.8725,108.64,109.61579184002912,102.69518610526774
2026-01-24 13:00:00+00:00,105.12,112.8175,115.33158673871466,106.48389073765517
2026-01-24 14:00:00+00:00,118.2275,122.77,127.06174431362867,113.41180230133838
2026-01-24 15:00:00+00:00,131.905,135.775,141.8354965989936,135.43860022002843
2026-01-24 16:00:00+00:00,146.7225,140.9125,149.66919152425552,149.3161173490632
2026-01-24 17:00:00+00:00,141.7475,142.84750000000005,142.26102886811532,140.4051683500376
2026-01-24 18:00:00+00:00,131.9325,138.5875,131.18878179362366,131.7558988874823
2026-01-24 19:00:00+00:00,118.6725,120.79,121.46955092749333,117.19616914985748
2026-01-24 20:00:00+00:00,110.5375,107.805,114.85908894261667,113.14587349094091
2026-01-24 21:00:00+00:00,110.31,109.15,112.02042373231293,113.61648438405746
2026-01-24 22:00:00+00:00,104.15,107.0225,105.83492937541375,106.3111578297665
2026-01-24 23:00:00+00:00,101.4425,110.715,96.28033912900786,106.952030091629
2026-01-25 00:00:00+00:00,101.7575,109.19,93.56503748347458,104.85956921120619
2026-01-25 01:00:00+00:00,101.315,107.39,92.72153618683987,102.72661542454608
2026-01-25 02:00:00+00:00,101.77,102.54,93.48754997674233,101.09920576031712
2026-01-25 03:00:00+00:00,100.8625,102.235,96.04731244016632,99.80131292578665
2026-01-25 04:00:00+00:00,100.5125,102.08,100.25217510316978,98.64249785291474
2026-01-25 05:00:00+00:00,99.965,101.05,104.4794612650602,102.84956065393966
2026-01-25 06:00:00+00:00,102.06,100.605,109.93011334296605,104.59801419744085
2026-01-25 07:00:00+00:00,103.7575,105.68,117.54773956273726,108.8513190502228
2026-01-25 08:00:00+00:00,108.8875,107.4225,125.7324412745374,122.90104852606187
2026-01-25 09:00:00+00:00,113.1925,101.91,124.77009264661167,120.09474719413844
2026-01-25 10:00:00+00:00,116.0175,98.4825,121.05140807264581,109.94155822348995
2026-01-25 11:00:00+00:00,120.03,96.855,118.92724229267625,110.06052760764733
2026-01-25 12:00:00+00:00,116.1075,96.9625,119.0594380302297,107.62532469092696
2026-01-25 13:00:00+00:00,114.315,100.845,122.64265286290807,108.85925627859841
2026-01-25 14:00:00+00:00,111.7525,105.55,126.15655089240991,117.54283328335407
2026-01-25 15:00:00+00:00,116.9,114.875,127.46686419266288,114.63879312024146
2026-01-25 16:00:00+00:00,131.2125,129.9925,132.21291849854043,131.4993916175075
2026-01-25 17:00:00+00:00,137.375,142.195,127.23655629954834,128.2367585576492
2026-01-25 18:00:00+00:00,132.575,136.6725,119.01622633073976,120.06279642639052
2026-01-25 19:00:00+00:00,124.0175,123.0525,108.07252486141817,112.705667582042
2026-01-25 20:00:00+00:00,114.0225,110.63,99.33684741893768,111.00733647819742
2026-01-25 21:00:00+00:00,111.9425,114.28,95.34422702322657,111.9073624518665
2026-01-25 22:00:00+00:00,104.49,103.7325,86.81694657021659,102.24597327313502
2026-01-25 23:00:00+00:00,103.925,101.15,108.60486756399769,100.95514091763863
2026-01-26 00:00:00+00:00,101.1125,100.44,104.74403117189198,101.09031753258623
2026-01-26 01:00:00+00:00,98.7275,100.8325,101.87354460471255,99.5346795223808
2026-01-26 02:00:00+00:00,95.8525,100.4375,101.47918472774816,97.9539409090001
2026-01-26 03:00:00+00:00,95.0325,100.135,101.81534892858392,97.89644768855617
2026-01-26 04:00:00+00:00,97.1925,102.53,104.78480268079784,104.71007545491686
2026-01-26 05:00:00+00:00,114.2775,126.38,111.68497797418362,116.12162481436269
2026-01-26 06:00:00+00:00,153.1975,161.08249999999998,121.17058685257462,135.0753117870139
2026-01-26 07:00:00+00:00,175.1325,175.98250000000002,128.2850697070244,142.51872086006168
2026-01-26 08:00:00+00:00,177.9675,161.9375,133.25915844224753,141.30226255434874
2026-01-26 09:00:00+00:00,178.0125,135.9225,134.95135080867598,135.44618231997677
2026-01-26 10:00:00+00:00,170.3425,120.5275,136.48522661358902,140.22630460361435
2026-01-26 11:00:00+00:00,156.03,117.56,140.6406055874515,137.5304146938319
2026-01-26 12:00:00+00:00,149.39499999999998,125.0025,143.82397637741545,137.19548703928731
2026-01-26 13:00:00+00:00,147.78,144.35,147.8222484315448,137.06741888319442
2026-01-26 14:00:00+00:00,159.97,170.0425,152.3397423873372,137.82504540699114
2026-01-26 15:00:00+00:00,166.32999999999998,194.89,160.04166655256216,153.77179792438463
2026-01-26 16:00:00+00:00,178.6975,208.2275,168.2995477242248,186.1019392828876
2026-01-26 17:00:00+00:00,178.0225,200.055,169.28462545209368,176.4958891207129
2026-01-26 18:00:00+00:00,169.9725,180.9625,162.53894079391117,159.47982524389087
2026-01-26 19:00:00+00:00,154.16500000000002,157.385,153.97825453996649,143.5836574796504
2026-01-26 20:00:00+00:00,137.1125,135.17,144.2313332099327,122.43907920325798
2026-01-26 21:00:00+00:00,121.5,126.4025,138.82807597464793,120.64440952093054
2026-01-26 22:00:00+00:00,111.685,112.47,132.15927276939053,112.53123289475846
2026-01-26 23:00:00+00:00,118.7675,115.06,132.08539551413773,119.15529229899587
2026-01-27 00:00:00+00:00,113.7025,114.335,131.7549036923769,117.12501874730924
2026-01-27 01:00:00+00:00,112.1575,110.355,132.85778321672402,113.67848243330569
2026-01-27 02:00:00+00:00,111.4875,109.8675,133.80784514806956,116.86237036851368
2026-01-27 03:00:00+00:00,110.545,113.1725,136.6008213480223,118.42144046728706
2026-01-27 04:00:00+00:00,111.65,125.28,141.6181748467644,116.35449368478012
2026-01-27 05:00:00+00:00,133.61,190.105,157.6489257819323,151.17520086410167
2026-01-27 06:00:00+00:00,159.875,240.8775,182.30978093911506,196.50898021493833
2026-01-27 07:00:00+00:00,176.635,262.785,195.14308265049826,222.5913248306039
2026-01-27 08:00:00+00:00,171.195,179.535,185.3902204626312,226.2292748047527
2026-01-27 09:00:00+00:00,148.45749999999998,132.17,173.57761011956626,206.39191209802874
2026-01-27 10:00:00+00:00,133.29,107.9525,161.1069899842709,162.72088089385926
2026-01-27 11:00:00+00:00,123.03,103.6225,151.3522230106077,142.32882063698784
2026-01-27 12:00:00+00:00,112.4875,105.755,149.54052117899312,132.89333841241262
2026-01-27 13:00:00+00:00,131.0825,136.7225,152.6254797106869,134.80886568730998
2026-01-27 14:00:00+00:00,127.4475,178.26,161.9563483407441,143.1240163530647
2026-01-27 15:00:00+00:00,132.98,276.735,171.29562550465653,156.1015241736406
2026-01-27 16:00:00+00:00,152.62,249.63,171.48737801277986,154.14978117110564
2026-01-27 17:00:00+00:00,141.14,193.925,162.27183880161823,152.62298519480365
2026-01-27 18:00:00+00:00,138.8825,181.9175,152.915331324205,142.6415805744406
2026-01-27 19:00:00+00:00,121.5875,155.10000000000002,139.49310445352342,123.41392058939702
2026-01-27 20:00:00+00:00,119.3675,139.89,127.32196914024486,114.47137372085258
2026-01-27 21:00:00+00:00,120.7,117.1925,116.07565588833283,109.21752305624696
2026-01-27 22:00:00+00:00,111.85,107.8375,108.23813783222677,102.3876958048472
2026-01-27 23:00:00+00:00,105.475,101.49,96.35262901395458,100.85089030628815
2026-01-28 00:00:00+00:00,104.465,101.7175,91.7083904353787,95.85527516394721
2026-01-28 01:00:00+00:00,104.465,98.7575,89.25890532072931,94.70880338664242
2026-01-28 02:00:00+00:00,102.24,100.91,90.52627985868659,93.24177915540669
2026-01-28 03:00:00+00:00,104.7125,98.845,92.8382626670207,96.39001907106137
2026-01-28 04:00:00+00:00,106.6,98.6925,97.50204919090037,98.33167897408563
2026-01-28 05:00:00+00:00,113.6975,107.8725,112.66393525228267,113.39413571857479
2026-01-28 06:00:00+00:00,143.5975,160.0,134.4215861071372,129.4847080119779
2026-01-28 07:00:00+00:00,171.0025,176.3975,148.82734520473997,153.6983981746344
2026-01-28 08:00:00+00:00,173.64499999999998,142.89249999999998,148.63693132946736,151.84113811324215
2026-01-28 09:00:00+00:00,172.325,118.3,139.62600792086738,135.91154218174376
2026-01-28 10:00:00+00:00,166.24,100.9925,133.73414876069688,127.34846555372052
2026-01-28 11:00:00+00:00,157.0875,99.13,130.06118785107628,123.22391813298502
2026-01-28 12:00:00+00:00,147.9125,103.475,128.72744446482557,121.711602317564
2026-01-28 13:00:00+00:00,145.035,108.6225,139.8001363592715,124.41195939523176
2026-01-28 14:00:00+00:00,141.13750000000002,126.9275,141.83240392993378,126.87296210394669
2026-01-28 15:00:00+00:00,147.1275,145.035,146.09081931149984,127.71965075252317
2026-01-28 16:00:00+00:00,164.2225,139.11,151.5100454554989,140.21441380612674
2026-01-28 17:00:00+00:00,170.425,138.9075,142.1164062065641,140.3612269605758
2026-01-28 18:00:00+00:00,161.225,127.83,134.56885646527186,141.75199429568437
2026-01-28 19:00:00+00:00,134.265,105.4475,120.04928075171534,121.67969916009793
2026-01-28 20:00:00+00:00,119.01,102.44,113.79928546343328,113.85127429761663
2026-01-28 21:00:00+00:00,117.0,104.76,110.32234978900225,113.49048235489289
2026-01-28 22:00:00+00:00,110.9575,99.375,103.8087463844428,107.46612127181204
2026-01-28 23:00:00+00:00,104.55,92.7975,90.03018168136089,105.1852475124519
2026-01-29 00:00:00+00:00,104.0,92.5275,91.36321293217839,102.1918433354361
2026-01-29 01:00:00+00:00,101.88,91.45,93.82367929218826,101.40457034158975
2026-01-29 02:00:00+00:00,100.0225,91.82,96.00374770114476,103.59487441686184
2026-01-29 03:00:00+00:00,100.9325,92.85,100.49431734832558,100.74374435988831
2026-01-29 04:00:00+00:00,104.6375,93.1875,105.00671297187186,104.22132056088307
2026-01-29 05:00:00+00:00,116.12,100.6775,112.68251937243643,113.19698728753164
2026-01-29 06:00:00+00:00,149.595,125.52,133.2404598603768,135.50534834539098
2026-01-29 07:00:00+00:00,165.6825,137.1225,151.86497008594625,155.9219344235604
2026-01-29 08:00:00+00:00,168.035,114.4175,155.2591981316281,164.50591308483416
2026-01-29 09:00:00+00:00,160.675,95.2575,154.14390197101,158.66399458078402
2026-01-29 10:00:00+00:00,152.7925,89.075,152.4905329925191,158.7292202287121
2026-01-29 11:00:00+00:00,143.035,83.8575,150.90530736598294,158.2708718756826
2026-01-29 12:00:00+00:00,142.815,88.065,148.8856220146355,145.54178325980592
2026-01-29 13:00:00+00:00,142.9925,94.91,153.12819731019943,147.2512499495306
2026-01-29 14:00:00+00:00,147.6125,107.78,156.5883179094615,150.9519187690043
2026-01-29 15:00:00+00:00,153.1025,130.8975,164.06203401727865,155.57930428758524
2026-01-29 16:00:00+00:00,159.4775,136.365,171.11992008540665,171.13391820903465
2026-01-29 17:00:00+00:00,157.24,129.6675,168.9485431858116,168.25099651880774
2026-01-29 18:00:00+00:00,150.0375,121.5675,158.2147355960685,155.6062001261446
2026-01-29 19:00:00+00:00,126.5575,109.35,139.9114056027134,128.54683458840387
2026-01-29 20:00:00+00:00,113.57,106.945,127.18410228826158,119.2680723314055
2026-01-29 21:00:00+00:00,109.315,103.3225,120.22099129512043,119.37600316950791
2026-01-29 22:00:00+00:00,102.9775,97.3075,112.59635882796678,109.5628389499714
2026-01-29 23:00:00+00:00,111.065,97.8875,101.44119370660775,107.74073789289959
2026-01-30 00:00:00+00:00,103.3125,97.245,97.50147816673572,104.65135270990855
2026-01-30 01:00:00+00:00,100.8525,95.9475,94.8439555960045,103.81071579296916
2026-01-30 02:00:00+00:00,97.3875,95.0025,94.16333647607982,101.36266052274361
2026-01-30 03:00:00+00:00,97.3,95.6225,95.99408776026547,102.42569963191265
2026-01-30 04:00:00+00:00,96.2775,96.9975,100.47987150691827,103.31950773421389
2026-01-30 05:00:00+00:00,111.125,108.1975,109.21267472960167,111.56554512398527
2026-01-30 06:00:00+00:00,131.7775,133.0,129.13223173424103,138.3280859637825
2026-01-30 07:00:00+00:00,143.755,152.9375,140.35591002756735,147.20204736191886
2026-01-30 08:00:00+00:00,147.035,142.4875,140.4371807416827,148.97935805994757
2026-01-30 09:00:00+00:00,132.63,115.3775,133.17575521831614,139.87577424098623
2026-01-30 10:00:00+00:00,126.1,100.1275,124.53302124571209,133.85611936941572
2026-01-30 11:00:00+00:00,118.205,96.2125,118.44833274916047,123.70745568863906
2026-01-30 12:00:00+00:00,110.39,95.76,119.96010685486112,121.82775701531772
2026-01-30 13:00:00+00:00,110.3175,97.08,120.8163312601827,124.66821187721935
2026-01-30 14:00:00+00:00,111.195,108.7675,125.99266179596049,132.86977998243378
2026-01-30 15:00:00+00:00,114.9375,124.0475,129.1144716566427,134.89382799100665
2026-01-30 16:00:00+00:00,124.81,136.08499999999998,130.4570895534772,142.22884891271391
2026-01-30 17:00:00+00:00,122.8875,128.48250000000002,124.86100907701416,139.3577746848813
2026-01-30 18:00:00+00:00,113.0875,116.8025,115.3552729945336,131.8926329449374
2026-01-30 19:00:00+00:00,108.5975,107.2225,99.09554587427172,112.87314287774716
2026-01-30 20:00:00+00:00,101.6825,103.96,88.46623620311465,104.48281742104639
2026-01-30 21:00:00+00:00,101.09,104.79,83.98431946232225,103.48651193388913
2026-01-30 22:00:00+00:00,92.695,96.995,77.25300756594649,95.75367600244735
2026-01-30 23:00:00+00:00,96.9525,99.8,63.82467925879564,90.01400598849945
2026-01-31 00:00:00+00:00,97.3775,99.035,59.762261254045576,85.54995927954111
2026-01-31 01:00:00+00:00,94.5075,98.315,58.57665096831436,86.83744383460521
2026-01-31 02:00:00+00:00,94.08,97.825,57.83939641657109,80.29860030360196
2026-01-31 03:00:00+00:00,93.325,97.5475,60.785219405862506,79.46509482197678
2026-01-31 04:00:00+00:00,94.0575,98.91,64.55605744033684,77.17092136369386
2026-01-31 05:00:00+00:00,93.45,100.3975,75.52587249494236,82.995428452033
2026-01-31 06:00:00+00:00,92.9025,104.06,91.32515785218297,92.14106285725643
2026-01-31 07:00:00+00:00,103.955,110.9975,103.09664860607285,101.27886628820339
2026-01-31 08:00:00+00:00,109.0625,123.0925,109.4713685294279,105.22947924173332
2026-01-31 09:00:00+00:00,114.215,119.24,104.57852481151743,101.22954503637376
2026-01-31 10:00:00+00:00,113.47,110.2975,101.06377179266013,101.20570563341512
2026-01-31 11:00:00+00:00,111.2775,106.2175,98.85688440750803,104.80985547607942
2026-01-31 12:00:00+00:00,107.39,101.8725,98.34326465873858,103.00963007725464
2026-01-31 13:00:00+00:00,110.305,105.12,103.87457535033076,107.56011434742858
2026-01-31 14:00:00+00:00,113.1675,118.2275,108.97751182595914,109.85574101891274
2026-01-31 15:00:00+00:00,119.3575,131.905,119.7005126863979,114.43330857921964
2026-01-31 16:00:00+00:00,134.605,146.7225,127.22147792332086,130.41997812813213
2026-01-31 17:00:00+00:00,138.0375,141.7475,123.20185180694065,130.410040980916
2026-01-31 18:00:00+00:00,133.95,131.9325,114.50986986466086,114.77719565731464
2026-01-31 19:00:00+00:00,125.645,118.6725,107.46986368679032,108.8212096715383
2026-01-31 20:00:00+00:00,114.2075,110.5375,100.16192258057403,108.09794312282274
2026-01-31 21:00:00+00:00,114.145,110.31,98.00448483939783,110.45020821061618
2026-01-31 22:00:00+00:00,105.9,104.15,91.99917820507493,100.02819389717976
2026-01-31 23:00:00+00:00,96.09,101.4425,81.15176156770428,104.89443241146249
2026-02-01 00:00:00+00:00,94.0075,101.7575,80.73041068408794,103.51477014567187
2026-02-01 01:00:00+00:00,98.4025,101.315,80.31251421404913,102.63909806041679
2026-02-01 02:00:00+00:00,96.0575,101.77,82.87501339632993,97.95530418485502
2026-02-01 03:00:00+00:00,98.3125,100.8625,85.5482082354952,95.89776130811134
2026-02-01 04:00:00+00:00,98.2225,100.5125,90.21322349153397,95.63912515715573
2026-02-01 05:00:00+00:00,96.015,99.965,94.8561347817838,96.22886038580009
2026-02-01 06:00:00+00:00,99.5,102.06,99.52853794606564,99.97190138860238
2026-02-01 07:00:00+00:00,105.255,103.7575,108.20208353948045,104.24634131208225
2026-02-01 08:00:00+00:00,109.235,108.8875,111.53848028109752,107.34247321186537
2026-02-01 09:00:00+00:00,109.845,113.1925,112.5293946493809,112.91228200699193
2026-02-01 10:00:00+00:00,108.1575,116.0175,109.06867029640341,111.09672465091266
2026-02-01 11:00:00+00:00,107.125,120.03,107.02494063915759,106.0431297239051
2026-02-01 12:00:00+00:00,100.3875,116.1075,104.7338431712156,103.76500514303544
2026-02-01 13:00:00+00:00,102.235,114.315,107.15994589207722,103.91429863702476
2026-02-01 14:00:00+00:00,108.9575,111.7525,111.47393925853694,108.92405531001195
2026-02-01 15:00:00+00:00,114.6675,116.9,116.69850977337748,118.04462194103552
2026-02-01 16:00:00+00:00,129.4875,131.2125,122.76008009637309,127.74649391969766
2026-02-01 17:00:00+00:00,136.8425,137.375,119.60823696180333,127.14713941433796
2026-02-01 18:00:00+00:00,137.39,132.575,111.98033995373802,124.34358496799543
2026-02-01 19:00:00+00:00,125.5925,124.0175,102.45647424194455,116.13738756392782
2026-02-01 20:00:00+00:00,113.8575,114.0225,91.32111982945806,109.90319149614886
2026-02-01 21:00:00+00:00,113.885,111.9425,85.30208172040903,107.82085026644191
2026-02-01 22:00:00+00:00,106.5525,104.49,75.45126016302063,101.17351482560382
2026-02-01 23:00:00+00:00,99.5925,103.925,86.87240612333427,85.3958549336909
2026-02-02 00:00:00+00:00,97.9925,101.1125,81.91405849309282,83.4340517434778
2026-02-02 01:00:00+00:00,95.0925,98.7275,81.8662779333894,83.57642947086185
2026-02-02 02:00:00+00:00,91.0,95.8525,80.53456893923314,83.12339556294413
2026-02-02 03:00:00+00:00,91.7325,95.0325,83.20469212111207,81.44727039679226
2026-02-02 04:00:00+00:00,94.7225,97.1925,86.72455822482935,87.4786033224592
2026-02-02 05:00:00+00:00,106.575,114.2775,90.86141910462328,102.48507747205929
2026-02-02 06:00:00+00:00,122.885,153.1975,101.70855610075257,124.37039093593494
2026-02-02 07:00:00+00:00,136.8675,175.1325,110.10376432898306,134.56567786991934
2026-02-02 08:00:00+00:00,140.155,177.9675,111.60772607607056,130.91396705840225
2026-02-02 09:00:00+00:00,124.54,178.0125,108.14920760796254,124.7104551974037
2026-02-02 10:00:00+00:00,114.6675,170.3425,100.20187227205508,103.15052970045146
2026-02-02 11:00:00+00:00,109.2125,156.03,93.46652163840498,95.94670355269507
2026-02-02 12:00:00+00:00,104.0,149.39499999999998,91.500547428245,88.69392183835993
2026-02-02 13:00:00+00:00,102.9025,147.78,98.79371491739646,93.25065402794971
2026-02-02 14:00:00+00:00,105.0775,159.97,108.48442706929676,108.19659349024525
2026-02-02 15:00:00+00:00,109.7775,166.32999999999998,117.94428764372586,115.71070831575217
2026-02-02 16:00:00+00:00,118.1975,178.6975,126.36925445273715,117.60626871120587
2026-02-02 17:00:00+00:00,118.9675,178.0225,124.60605098096876,114.99780145253938
2026-02-02 18:00:00+00:00,105.0,169.9725,118.38930317559766,109.49865873688397
2026-02-02 19:00:00+00:00,102.255,154.16500000000002,106.36308296858083,98.52524299523327
2026-02-02 20:00:00+00:00,102.015,137.1125,95.32528879897012,91.83436233160425
2026-02-02 21:00:00+00:00,101.2275,121.5,90.75364796153829,89.22820063389503
2026-02-02 22:00:00+00:00,91.385,111.685,83.96754431496086,79.68832907310976
2026-02-02 23:00:00+00:00,91.7175,118.7675,76.79885384175138,76.14433991161569
2026-02-03 00:00:00+00:00,89.36500000000001,113.7025,73.88706135061062,78.35957649445685
2026-02-03 01:00:00+00:00,84.0075,112.1575,71.44381270923122,75.38351354781857
2026-02-03 02:00:00+00:00,79.9375,111.4875,69.71606928487148,74.3282358758015
2026-02-03 03:00:00+00:00,76.84,110.545,70.27854716825982,71.5481556305121
2026-02-03 04:00:00+00:00,82.16,111.65,73.03993263389148,66.82798822620825
2026-02-03 05:00:00+00:00,91.16,133.61,83.03562533906779,67.81308943992939
2026-02-03 06:00:00+00:00,97.6925,159.875,97.27515770514509,92.90479288143761
2026-02-03 07:00:00+00:00,106.2725,176.635,108.36437911314137,95.63597082993364
2026-02-03 08:00:00+00:00,108.225,171.195,109.66370469174741,96.01408310666253
2026-02-03 09:00:00+00:00,99.94,148.45749999999998,100.16790952475873,92.64755767749195
2026-02-03 10:00:00+00:00,90.83,133.29,95.44671421701588,91.4677482130332
2026-02-03 11:00:00+00:00,87.94749999999999,123.03,94.24613753360717,83.86390592342696
2026-02-03 12:00:00+00:00,89.905,112.4875,93.26588455348231,76.93304917627624
2026-02-03 13:00:00+00:00,93.1525,131.0825,101.96749875726759,90.84691499886192
2026-02-03 14:00:00+00:00,100.41,127.4475,107.21016882174811,92.31133056142625
2026-02-03 15:00:00+00:00,106.615,132.98,112.91646412012435,107.88099521056898
2026-02-03 16:00:00+00:00,125.7725,152.62,122.3521535166433,120.98061694644184
2026-02-03 17:00:00+00:00,126.3475,141.14,121.85388506548225,126.00055219751646
2026-02-03 18:00:00+00:00,123.2275,138.8825,113.31407572478608,106.31494145389776
2026-02-03 19:00:00+00:00,112.9,121.5875,107.62037734165544,100.51581714482298
2026-02-03 20:00:00+00:00,103.2925,119.3675,105.02093404311977,95.31904578215709
2026-02-03 21:00:00+00:00,100.895,120.7,104.0951026373012,91.17049536082284
2026-02-03 22:00:00+00:00,94.8125,111.85,97.86859368393952,86.46314945917375
2026-02-03 23:00:00+00:00,95.0025,105.475,93.04443230839055,92.32339295713476
2026-02-04 00:00:00+00:00,92.7875,104.465,94.19752190148483,92.42726469770774
2026-02-04 01:00:00+00:00,92.9625,104.465,95.42514980072039,90.09198492003767
2026-02-04 02:00:00+00:00,94.6225,102.24,98.80332595292397,90.2096879031865
2026-02-04 03:00:00+00:00,93.9575,104.7125,104.56226290210375,96.90878139053974
2026-02-04 04:00:00+00:00,96.585,106.6,113.33485210318985,105.51251367584229
2026-02-04 05:00:00+00:00,105.285,113.6975,123.68203227781787,131.52998697267168
2026-02-04 06:00:00+00:00,122.935,143.5975,135.0006239021211,139.54013873841257
2026-02-04 07:00:00+00:00,131.605,171.0025,144.70672835709192,150.2638414000282
2026-02-04 08:00:00+00:00,122.6725,173.64499999999998,144.43229701724923,131.97912406743922
2026-02-04 09:00:00+00:00,110.0,172.325,134.8248301322728,119.4845685390241
2026-02-04 10:00:00+00:00,98.7075,166.24,126.12216412191566,105.44355488708389
2026-02-04 11:00:00+00:00,91.915,157.0875,123.23285302931286,100.46843601840939
2026-02-04 12:00:00+00:00,91.3825,147.9125,125.30201257051687,105.0407167236131
2026-02-04 13:00:00+00:00,96.0775,145.035,132.5506790520061,119.10631776698003
2026-02-04 14:00:00+00:00,102.875,141.13750000000002,140.57336520838822,127.29989376032599
2026-02-04 15:00:00+00:00,114.185,147.1275,145.92978357412107,142.9814502181117
2026-02-04 16:00:00+00:00,124.6175,164.2225,151.80158260860964,147.16900650514546
2026-02-04 17:00:00+00:00,117.04,170.425,145.47953125532325,138.54360666701777
2026-02-04 18:00:00+00:00,104.52,161.225,135.93759510089788,124.4655760030161
2026-02-04 19:00:00+00:00,96.2875,134.265,123.0365457887192,103.79105789840354
2026-02-04 20:00:00+00:00,94.7525,119.01,112.53743904617795,97.89012482523543
2026-02-04 21:00:00+00:00,93.8225,117.0,107.46425089709442,91.3380666730518
2026-02-04 22:00:00+00:00,86.3075,110.9575,101.7818801714931,88.09492428845085
2026-02-04 23:00:00+00:00,90.3025,104.55,87.25128613273074,88.60253215537207
2026-02-05 00:00:00+00:00,88.4375,104.0,85.05807719793911,87.73263731111679
2026-02-05 01:00:00+00:00,87.4325,101.88,85.91444806959629,88.63779853705478
2026-02-05 02:00:00+00:00,87.795,100.0225,89.7897461409874,88.4440813525156
2026-02-05 03:00:00+00:00,89.565,100.9325,94.2655906663438,92.83928671595358
2026-02-05 04:00:00+00:00,91.51,104.6375,101.84946643003268,94.44345111700486
2026-02-05 05:00:00+00:00,102.845,116.12,112.30582070620478,108.53638036543357
2026-02-05 06:00:00+00:00,113.32,149.595,130.02529368570794,122.58953662383544
2026-02-05 07:00:00+00:00,125.365,165.6825,141.42272444092765,132.57044565482929
2026-02-05 08:00:00+00:00,121.52,168.035,142.11130807256822,131.40117613715438
2026-02-05 09:00:00+00:00,118.1925,160.675,138.05483301444417,121.78021182249658
2026-02-05 10:00:00+00:00,121.0675,152.7925,131.31883289524467,124.62873411488998
2026-02-05 11:00:00+00:00,108.2525,143.035,126.9556875637574,117.20725412216525
2026-02-05 12:00:00+00:00,109.7575,142.815,125.83266611405135,111.74761700114834
2026-02-05 13:00:00+00:00,110.1025,142.9925,128.68088584601873,113.4176305699868
2026-02-05 14:00:00+00:00,116.98,147.6125,137.43607496380147,115.36003072523447
2026-02-05 15:00:00+00:00,126.0,153.1025,150.76576649019867,136.8953383620477
2026-02-05 16:00:00+00:00,140.5,159.4775,161.3057716694534,154.59714749527944
2026-02-05 17:00:00+00:00,136.64499999999998,157.24,156.19313085063845,154.39878820783647
2026-02-05 18:00:00+00:00,132.9075,150.0375,146.32976555080785,134.60939487160388
2026-02-05 19:00:00+00:00,120.81,126.5575,135.79838574783372,121.86701321562778
2026-02-05 20:00:00+00:00,107.7825,113.57,129.50028164937007,112.64548985320161
2026-02-05 21:00:00+00:00,105.88,109.315,124.95235391017701,109.26281199131272
2026-02-05 22:00:00+00:00,100.0375,102.9775,118.19919007238809,99.21467772367214
2026-02-05 23:00:00+00:00,99.31,111.065,109.95786722479812,104.01750145302893
2026-02-06 00:00:00+00:00,99.1275,103.3125,108.21397906778932,98.9025963605962
2026-02-06 01:00:00+00:00,98.0875,100.8525,108.82967543528413,95.37704539975536
2026-02-06 02:00:00+00:00,98.2275,97.3875,111.30609669403353,95.1673823064294
2026-02-06 03:00:00+00:00,98.7425,97.3,115.43126957577324,96.70173350760761
2026-02-06 04:00:00+00:00,102.3325,96.2775,120.02253000970441,98.20601162654185
2026-02-06 05:00:00+00:00,115.4225,111.125,130.60840175328644,114.04193355982744
2026-02-06 06:00:00+00:00,139.4625,131.7775,139.98256769159838,138.79296754860061
2026-02-06 07:00:00+00:00,144.74,143.755,149.9221176171235,147.69222567852907
2026-02-06 08:00:00+00:00,144.2025,147.035,150.26628753822135,142.98401948040606
2026-02-06 09:00:00+00:00,142.0925,132.63,148.57913757755463,135.5754127140692
2026-02-06 10:00:00+00:00,138.91,126.1,150.73944278575377,137.3135358142333
2026-02-06 11:00:00+00:00,136.21,118.205,146.62983154744654,127.97244063696101
2026-02-06 12:00:00+00:00,135.89249999999998,110.39,146.47143713403113,127.48597840082772
2026-02-06 13:00:00+00:00,135.66750000000002,110.3175,151.47275021829586,131.49970404665487
2026-02-06 14:00:00+00:00,139.4725,111.195,156.5776975852212,145.98806166678148
2026-02-06 15:00:00+00:00,133.9625,114.9375,158.59064560543035,149.2762309159128
2026-02-06 16:00:00+00:00,137.1875,124.81,162.3467417733154,158.53643021918964
2026-02-06 17:00:00+00:00,132.19,122.8875,155.81550083589624,154.33509086041798
2026-02-06 18:00:00+00:00,125.6275,113.0875,147.87855189383987,140.33801624672765
2026-02-06 19:00:00+00:00,110.9825,108.5975,136.86968602278384,121.23200988699169
2026-02-06 20:00:00+00:00,108.85,101.6825,126.02902628909209,112.11233428638897
2026-02-06 21:00:00+00:00,106.2625,101.09,121.0915128747688,110.52108640891895
2026-02-06 22:00:00+00:00,102.2375,92.695,114.4418577396161,103.09135018510338
2026-02-06 23:00:00+00:00,101.4925,96.9525,94.9355612629913,102.48213600600336
2026-02-07 00:00:00+00:00,100.0,97.3775,92.99631533320806,101.22183633926872
2026-02-07 01:00:00+00:00,98.0425,94.5075,91.81399565303836,100.53847178903874
2026-02-07 02:00:00+00:00,96.885,94.08,93.28058597569472,98.3981752144934
2026-02-07 03:00:00+00:00,96.395,93.325,96.72110950552911,97.62683720067285
2026-02-07 04:00:00+00:00,96.725,94.0575,102.98818165243357,104.92799246080345
2026-02-07 05:00:00+00:00,97.095,93.45,114.21557227486431,106.84071234738671
2026-02-07 06:00:00+00:00,105.5475,92.9025,130.807938795895,120.25076484654475
2026-02-07 07:00:00+00:00,114.08,103.955,139.4528390945118,124.99355154110067
2026-02-07 08:00:00+00:00,117.975,109.0625,140.2479360585413,122.44545757192054
2026-02-07 09:00:00+00:00,110.0625,114.215,136.17932492884168,125.28386053125676
2026-02-07 10:00:00+00:00,104.5325,113.47,130.55314520852318,127.12718773536544
2026-02-07 11:00:00+00:00,100.1175,111.2775,125.98450974743294,120.5763072886527
2026-02-07 12:00:00+00:00,97.3875,107.39,126.41235976689163,119.74928610434387
2026-02-07 13:00:00+00:00,99.9275,110.305,132.8537084739176,120.27589385586565
2026-02-07 14:00:00+00:00,106.3325,113.1675,140.4507421509627,124.21517251715542
2026-02-07 15:00:00+00:00,120.29,119.3575,143.91294704889685,128.25653715968096
2026-02-07 16:00:00+00:00,134.03750000000002,134.605,149.08227686568807,148.7197053587009
2026-02-07 17:00:00+00:00,135.33249999999998,138.0375,144.87052431801914,144.64462956074522
2026-02-07 18:00:00+00:00,127.4975,133.95,136.3607286467193,132.28124931491814
2026-02-07 19:00:00+00:00,113.395,125.645,123.43434351545514,117.50406954497637
2026-02-07 20:00:00+00:00,104.39,114.2075,115.62166931049349,112.47458225948027
2026-02-07 21:00:00+00:00,104.0725,114.145,109.01804786027023,110.06937129417338
2026-02-07 22:00:00+00:00,98.76,105.9,102.63156135619309,104.50828877223915
2026-02-07 23:00:00+00:00,102.035,96.09,88.11304793188332,98.43617847081072
2026-02-08 00:00:00+00:00,99.045,94.0075,85.36144221274367,94.95355205799152
2026-02-08 01:00:00+00:00,97.5675,98.4025,84.2751534517798,91.95550065683378
2026-02-08 02:00:00+00:00,96.425,96.0575,84.0871210710725,90.53603691108691
2026-02-08 03:00:00+00:00,94.86,98.3125,85.57396843022352,89.45293949469422
2026-02-08 04:00:00+00:00,95.75,98.2225,88.1074639844934,89.28781775059272
2026-02-08 05:00:00+00:00,95.0,96.015,91.31535689488084,88.1214668844378
2026-02-08 06:00:00+00:00,95.805,99.5,99.34845096755187,96.57717888136222
2026-02-08 07:00:00+00:00,100.3475,105.255,107.1514081893731,100.22016924715676
2026-02-08 08:00:00+00:00,101.9875,109.235,110.73690367477566,108.85144954401798
2026-02-08 09:00:00+00:00,102.645,109.845,106.88040483727052,114.07810811122836
2026-02-08 10:00:00+00:00,99.6,108.1575,101.76643085915656,102.82350487189268
2026-02-08 11:00:00+00:00,96.5725,107.125,98.27494276416915,100.93638732921092
2026-02-08 12:00:00+00:00,95.45,100.3875,93.8119748453506,96.63205920845418
2026-02-08 13:00:00+00:00,97.22,102.235,97.41943740094366,97.3076817549557
2026-02-08 14:00:00+00:00,103.3225,108.9575,105.8726488212618,103.25822045448797
2026-02-08 15:00:00+00:00,111.785,114.6675,117.71131621659971,109.76314160448852
2026-02-08 16:00:00+00:00,127.6325,129.4875,126.94664335154201,125.5404042711574
2026-02-08 17:00:00+00:00,131.26749999999998,136.8425,126.16370419906798,127.69774264209364
2026-02-08 18:00:00+00:00,126.9075,137.39,118.42014141475742,124.51608164031131
2026-02-08 19:00:00+00:00,113.2825,125.5925,107.77000643369337,113.79823439310209
2026-02-08 20:00:00+00:00,107.6275,113.8575,99.91004807168669,105.2004288193009
2026-02-08 21:00:00+00:00,105.14,113.885,98.02636870027492,103.94196250830197
2026-02-08 22:00:00+00:00,99.9825,106.5525,93.56793387711284,96.85945820303793
2026-02-08 23:00:00+00:00,96.745,99.5925,121.92954045527651,103.06062966824848
2026-02-09 00:00:00+00:00,95.4525,97.9925,120.44605746127576,99.1790964284534
2026-02-09 01:00:00+00:00,95.7025,95.0925,120.93793447363721,98.18031745924526
2026-02-09 02:00:00+00:00,95.4675,91.0,122.44423099639457,100.54577225536806
2026-02-09 03:00:00+00:00,96.565,91.7325,125.96750492716697,101.82297830655483
2026-02-09 04:00:00+00:00,104.735,94.7225,130.95820637328544,108.3750821110228
2026-02-09 05:00:00+00:00,132.235,106.575,135.94645982205327,118.94468010076275
2026-02-09 06:00:00+00:00,158.595,122.885,142.50580679390472,158.30989565061319
2026-02-09 07:00:00+00:00,182.71,136.8675,148.65842248114797,181.2490293114723
2026-02-09 08:00:00+00:00,169.2075,140.155,149.59542745442016,171.0669722370669
2026-02-09 09:00:00+00:00,157.29,124.54,146.7992400983118,149.2177710210468
2026-02-09 10:00:00+00:00,144.38,114.6675,142.12070044743862,137.03913114050314
2026-02-09 11:00:00+00:00,137.0725,109.2125,142.02857729855936,135.78413884477234
2026-02-09 12:00:00+00:00,135.025,104.0,144.23640006966318,129.1433272901497
2026-02-09 13:00:00+00:00,137.6575,102.9025,149.14794674345183,130.7230804447576
2026-02-09 14:00:00+00:00,149.0775,105.0775,155.57667662207422,153.27560742477326
2026-02-09 15:00:00+00:00,168.9825,109.7775,164.95886189369898,184.13235424908908
2026-02-09 16:00:00+00:00,227.2125,118.1975,172.37775242031802,197.71740900009408
2026-02-09 17:00:00+00:00,182.225,118.9675,168.73149469976647,178.66327713824396
2026-02-09 18:00:00+00:00,165.81,105.0,159.15451169920067,156.41895567669783
2026-02-09 19:00:00+00:00,144.1275,102.255,148.08013267789204,131.84222199935323
2026-02-09 20:00:00+00:00,134.6,102.015,141.39336208476112,119.31671331739138
2026-02-09 21:00:00+00:00,122.895,101.2275,136.74003385929825,111.88685920809581
2026-02-09 22:00:00+00:00,108.9225,91.385,130.20385587372908,104.18030658605997
2026-02-09 23:00:00+00:00,104.6425,91.7175,116.41748145934292,104.21649849271233
2026-02-10 00:00:00+00:00,103.745,89.36500000000001,114.0602267115072,101.96618976037107
2026-02-10 01:00:00+00:00,102.7475,84.0075,112.98239467248499,99.99530004759546
2026-02-10 02:00:00+00:00,102.435,79.9375,112.87418550750121,100.13050444457535
2026-02-10 03:00:00+00:00,102.435,76.84,114.3058206731305,100.46775589167937
2026-02-10 04:00:00+00:00,105.4275,82.16,120.10600023407869,106.11079844525028
2026-02-10 05:00:00+00:00,119.9175,91.16,134.93836286836492,119.26978991859293
2026-02-10 06:00:00+00:00,134.89,97.6925,150.3557360535125,143.88852687637646
2026-02-10 07:00:00+00:00,143.8275,106.2725,161.98393426579182,168.60884694403165
2026-02-10 08:00:00+00:00,132.08249999999998,108.225,151.6562555850199,147.66874549406998
2026-02-10 09:00:00+00:00,129.0875,99.94,141.07701489826033,132.14693354194543
2026-02-10 10:00:00+00:00,119.4425,90.83,129.19571200867887,121.41618595926523
2026-02-10 11:00:00+00:00,109.2225,87.94749999999999,122.39006926131616,116.8040711843009
2026-02-10 12:00:00+00:00,109.47,89.905,126.00854971308303,112.54320518717022
2026-02-10 13:00:00+00:00,116.2225,93.1525,131.50247585702093,115.5644062379575
2026-02-10 14:00:00+00:00,128.115,100.41,148.52146095745695,126.24659822150466
2026-02-10 15:00:00+00:00,127.6625,106.615,160.25833924910148,141.41586763424655
2026-02-10 16:00:00+00:00,135.2425,125.7725,184.76039227930636,144.96502711266908
2026-02-10 17:00:00+00:00,131.7125,126.3475,160.47434840811064,143.64706217939568
2026-02-10 18:00:00+00:00,120.3275,123.2275,146.5237705947897,136.0033858041826
2026-02-10 19:00:00+00:00,111.2525,112.9,130.3662064985154,117.5204510408904
2026-02-10 20:00:00+00:00,107.1575,103.2925,120.88216178895183,109.84670182421331
2026-02-10 21:00:00+00:00,106.69,100.895,112.80583928743658,103.84345560044703
2026-02-10 22:00:00+00:00,100.5275,94.8125,103.47384477752954,97.1917132060991
2026-02-10 23:00:00+00:00,96.7825,95.0025,91.37000271223086,95.89670764362201
2026-02-11 00:00:00+00:00,96.63,92.7875,90.37539911486411,94.83663002783106
2026-02-11 01:00:00+00:00,95.605,92.9625,90.49625125805471,94.51471306036429
2026-02-11 02:00:00+00:00,94.68,94.6225,91.75684301227437,95.62200626170248
2026-02-11 03:00:00+00:00,94.845,93.9575,94.19543202537783,94.44822331852333
2026-02-11 04:00:00+00:00,99.1425,96.585,98.23232447818829,96.99637608986383
2026-02-11 05:00:00+00:00,110.4775,105.285,108.74393633732555,110.44607610828167
2026-02-11 06:00:00+00:00,129.0,122.935,122.58269755797758,130.14171333898514
2026-02-11 07:00:00+00:00,137.0675,131.605,133.19710424135394,148.13457276197718
2026-02-11 08:00:00+00:00,131.4375,122.6725,131.10513078446846,143.48855449562842
2026-02-11 09:00:00+00:00,127.5,110.0,129.90615598077517,140.56477059281303
2026-02-11 10:00:00+00:00,125.94,98.7075,127.0309731487168,128.0784299921098
2026-02-11 11:00:00+00:00,115.8625,91.915,124.8320859080891,117.10914999929186
2026-02-11 12:00:00+00:00,116.7,91.3825,126.43723793585185,113.84275121556473
2026-02-11 13:00:00+00:00,116.7,96.0775,126.44223332622303,116.91795755354025
2026-02-11 14:00:00+00:00,118.185,102.875,134.3255473570864,126.11563360556708
2026-02-11 15:00:00+00:00,122.315,114.185,137.88068485569426,132.0327475926315
2026-02-11 16:00:00+00:00,127.9,124.6175,140.7315001581639,132.60263618005735
2026-02-11 17:00:00+00:00,125.465,117.04,135.24076446230595,135.46362030077862
2026-02-11 18:00:00+00:00,112.02,104.52,123.12530348452572,124.82109062931157
2026-02-11 19:00:00+00:00,104.9275,96.2875,111.56735879259011,111.6217881140719
2026-02-11 20:00:00+00:00,104.38,94.7525,102.58088826475765,105.51930196874127
2026-02-11 21:00:00+00:00,101.9975,93.8225,96.37612480583851,99.21285431299884
2026-02-11 22:00:00+00:00,95.3075,86.3075,88.87268334507507,89.68577752773653
2026-02-11 23:00:00+00:00,88.1925,90.3025,78.89227380249359,90.0028270345894
2026-02-12 00:00:00+00:00,87.58,88.4375,78.54658578453753,89.93490961358187
2026-02-12 01:00:00+00:00,86.2025,87.4325,78.7071973123847,90.77669901120514
2026-02-12 02:00:00+00:00,84.8925,87.795,79.54482047494116,90.31523923998633
2026-02-12 03:00:00+00:00,86.0125,89.565,82.54766732509992,90.33574577003854
2026-02-12 04:00:00+00:00,89.43,91.51,89.54321432571473,92.40631455291981
2026-02-12 05:00:00+00:00,99.8625,102.845,100.3189394871464,102.76444364091144
2026-02-12 06:00:00+00:00,116.0075,113.32,114.5640755616905,122.56750257499365
2026-02-12 07:00:00+00:00,123.0725,125.365,123.91467951358203,131.37576997281477
2026-02-12 08:00:00+00:00,121.205,121.52,122.87706459296652,122.15120544141617
2026-02-12 09:00:00+00:00,117.52,118.1925,121.24549964445437,119.8531030662449
2026-02-12 10:00:00+00:00,111.1525,121.0675,120.6921288662414,115.95085723524123
2026-02-12 11:00:00+00:00,105.515,108.2525,117.48867677489973,110.95329326546774
2026-02-12 12:00:00+00:00,103.555,109.7575,122.14391057378704,110.62078871867378
2026-02-12 13:00:00+00:00,105.2125,110.1025,125.44033687961036,110.75502139849604
2026-02-12 14:00:00+00:00,107.98,116.98,126.84280445528961,115.80132352675241
2026-02-12 15:00:00+00:00,110.785,126.0,132.06835744787736,122.0473707867715
2026-02-12 16:00:00+00:00,123.05,140.5,135.21110430881546,126.77694238742639
2026-02-12 17:00:00+00:00,125.6625,136.64499999999998,130.02897676714267,128.86484803365653
2026-02-12 18:00:00+00:00,120.8725,132.9075,117.93104924396218,118.09834534263679
2026-02-12 19:00:00+00:00,109.1025,120.81,107.75141637506704,108.92920991536676
2026-02-12 20:00:00+00:00,99.6925,107.7825,100.52286193879482,100.33494837367773
2026-02-12 21:00:00+00:00,97.175,105.88,94.23661454829863,99.27231479240457
2026-02-12 22:00:00+00:00,89.33250000000001,100.0375,86.03555964676539,89.06367942222202
2026-02-12 23:00:00+00:00,83.8575,99.31,62.34897143383178,81.56011639601093
2026-02-13 00:00:00+00:00,83.66,99.1275,61.39530055322196,78.64945469521331
2026-02-13 01:00:00+00:00,82.2175,98.0875,61.349376825230664,78.3823195282154
2026-02-13 02:00:00+00:00,81.855,98.2275,63.92430965291064,78.27127985817513
2026-02-13 03:00:00+00:00,83.35,98.7425,69.2597344197974,78.51063944596032
2026-02-13 04:00:00+00:00,87.1875,102.3325,77.70267705865396,81.4028318852718
2026-02-13 05:00:00+00:00,98.7275,115.4225,91.63253108473864,95.34007599049762
2026-02-13 06:00:00+00:00,117.7275,139.4625,111.61522055876249,120.54491058716984
2026-02-13 07:00:00+00:00,123.85,144.74,122.55529201941746,129.89779988348494
2026-02-13 08:00:00+00:00,119.15,144.2025,123.44357578491767,127.88576721209397
2026-02-13 09:00:00+00:00,106.3925,142.0925,120.57831802478685,119.69003045920537
2026-02-13 10:00:00+00:00,101.03,138.91,119.95817564993825,113.2751464430214
2026-02-13 11:00:00+00:00,97.3,136.21,118.99415170227601,113.89115645746259
2026-02-13 12:00:00+00:00,97.495,135.89249999999998,125.86777098873611,110.94274452870428
2026-02-13 13:00:00+00:00,102.09,135.66750000000002,137.90507144138994,117.43569410025096
2026-02-13 14:00:00+00:00,118.0975,139.4725,148.38701636164274,126.87373302550095
2026-02-13 15:00:00+00:00,125.905,133.9625,159.14136985292618,133.94148065885852
2026-02-13 16:00:00+00:00,131.985,137.1875,168.07165252076373,150.29433373410097
2026-02-13 17:00:00+00:00,136.02249999999998,132.19,167.9020190159378,152.90792577871528
2026-02-13 18:00:00+00:00,131.89249999999998,125.6275,161.39782451522325,140.68061197424592
2026-02-13 19:00:00+00:00,126.0,110.9825,151.2467041388942,118.75668683623651
2026-02-13 20:00:00+00:00,117.58,108.85,143.1885729815462,120.36772039685343
2026-02-13 21:00:00+00:00,109.9475,106.2625,138.05746763598282,111.80751415970076
2026-02-13 22:00:00+00:00,100.8575,102.2375,130.90853908558853,105.52955290135085
2026-02-13 23:00:00+00:00,96.9925,101.4925,106.10978559190656,101.65565362488636
2026-02-14 00:00:00+00:00,91.83,100.0,101.87951602857385,96.31115410149934
2026-02-14 01:00:00+00:00,89.09,98.0425,99.12918426491612,94.949479983509
2026-02-14 02:00:00+00:00,88.6725,96.885,99.02804814457203,94.4201279329369
2026-02-14 03:00:00+00:00,87.5075,96.395,101.20933720046762,93.96311235091055
2026-02-14 04:00:00+00:00,88.75,96.725,105.02597700788024,94.53089354649238
2026-02-14 05:00:00+00:00,90.2175,97.095,113.32583380476274,95.72416100299333
2026-02-14 06:00:00+00:00,93.1175,105.5475,125.5698572088431,106.17472143279127
2026-02-14 07:00:00+00:00,101.8325,114.08,131.94443535378758,114.92453349242722
2026-02-14 08:00:00+00:00,107.49,117.975,130.62034405801563,120.92310074196902
2026-02-14 09:00:00+00:00,103.97,110.0625,122.1936764670084,115.17845674912834
2026-02-14 10:00:00+00:00,98.1625,104.5325,118.96753125074723,106.43280134822207
2026-02-14 11:00:00+00:00,95.16,100.1175,117.11461538406306,104.16777725321167
2026-02-14 12:00:00+00:00,93.9725,97.3875,119.317556141572,103.72937190125705
2026-02-14 13:00:00+00:00,97.1125,99.9275,124.05740835185763,106.73085431758444
2026-02-14 14:00:00+00:00,104.9525,106.3325,130.28558217607906,109.54923877676464
2026-02-14 15:00:00+00:00,116.8875,120.29,137.8666613475052,125.50615911391239
2026-02-14 16:00:00+00:00,126.1,134.03750000000002,142.7988042420777,131.5743841851805
2026-02-14 17:00:00+00:00,131.9275,135.33249999999998,144.10851289706966,137.8593062331337
2026-02-14 18:00:00+00:00,128.72,127.4975,139.16687324932522,132.31450596665002
2026-02-14 19:00:00+00:00,123.1925,113.395,132.54979992591439,127.44361547459218
2026-02-14 20:00:00+00:00,116.98,104.39,125.60103598615986,120.00757401136916
2026-02-14 21:00:00+00:00,111.2025,104.0725,119.9510912404258,113.08743662353766
2026-02-14 22:00:00+00:00,101.1,98.76,113.6486751569906,105.31095223878545
2026-02-14 23:00:00+00:00,101.7775,102.035,106.47759311453929,103.60104674113859
2026-02-15 00:00:00+00:00,99.9475,99.045,103.74108689851637,99.46459791181456
2026-02-15 01:00:00+00:00,100.755,97.5675,102.85443505188294,97.10773143619824
2026-02-15 02:00:00+00:00,98.025,96.425,103.47057884374824,97.23828474223208
2026-02-15 03:00:00+00:00,96.52,94.86,104.9049328307428,95.01590207273141
2026-02-15 04:00:00+00:00,94.355,95.75,108.42420324588672,96.61668740012003
2026-02-15 05:00:00+00:00,94.1675,95.0,111.76014953478007,96.1171820808262
2026-02-15 06:00:00+00:00,96.115,95.805,114.50845468742585,96.06149820635105
2026-02-15 07:00:00+00:00,96.8,100.3475,112.07043694115735,95.46824482590334
2026-02-15 08:00:00+00:00,93.065,101.9875,98.40452982734564,97.08773150192073
2026-02-15 09:00:00+00:00,83.0175,102.645,78.4479581073073,88.21223257825372
2026-02-15 10:00:00+00:00,74.7225,99.6,60.51942533658452,86.5680430115969
2026-02-15 11:00:00+00:00,67.37,96.5725,50.2437194231093,74.64052156273574
2026-02-15 12:00:00+00:00,64.4075,95.45,50.2241687991737,69.39026617932907
2026-02-15 13:00:00+00:00,64.4225,97.22,53.908409103944294,74.63808879046019
2026-02-15 14:00:00+00:00,71.9525,103.3225,68.04495147521496,82.60735945391318
2026-02-15 15:00:00+00:00,84.205,111.785,84.53637240529838,89.4964938495173
2026-02-15 16:00:00+00:00,96.385,127.6325,88.35928130874767,95.4899356725323
2026-02-15 17:00:00+00:00,98.2025,131.26749999999998,79.26829935795323,95.64164184804294
2026-02-15 18:00:00+00:00,83.6125,126.9075,63.54245664193553,84.13322524596953
2026-02-15 19:00:00+00:00,71.0025,113.2825,47.7026600176504,70.68064095216408
2026-02-15 20:00:00+00:00,67.2625,107.6275,35.269373772619176,60.62826003857461
2026-02-15 21:00:00+00:00,65.61500000000001,105.14,28.134648199041777,71.38348808813596
2026-02-15 22:00:00+00:00,58.04,99.9825,18.15883863540411,52.46660600793488
2026-02-15 23:00:00+00:00,68.93,96.745,42.227402255489054,62.98300403499069
2026-02-16 00:00:00+00:00,65.375,95.4525,39.64236742165092,59.98563445919079
2026-02-16 01:00:00+00:00,64.41,95.7025,40.25911680960521,56.4555960100582
2026-02-16 02:00:00+00:00,64.4125,95.4675,40.572576262171296,55.36222576226085
2026-02-16 03:00:00+00:00,66.0525,96.565,43.67510001867841,58.964234882267434
2026-02-16 04:00:00+00:00,69.985,104.735,49.13029023524399,63.73716682329915
2026-02-16 05:00:00+00:00,79.3275,132.235,56.90402905800897,78.86732885773637
2026-02-16 06:00:00+00:00,94.0725,158.595,70.86398658653269,95.73931309651476
2026-02-16 07:00:00+00:00,101.0325,182.71,84.11312165559994,114.14062756829152
2026-02-16 08:00:00+00:00,104.425,169.2075,89.67518215681216,113.19668915838494
2026-02-16 09:00:00+00:00,101.54,157.29,89.95241980298769,102.24093258996642
2026-02-16 10:00:00+00:00,94.86,144.38,90.09465403383734,99.76722466275015
2026-02-16 11:00:00+00:00,92.0025,137.0725,91.68715228389348,94.7196120231771
2026-02-16 12:00:00+00:00,94.4025,135.025,97.88009315468793,99.04026919057829
2026-02-16 13:00:00+00:00,96.0125,137.6575,110.18103977309801,111.11443218617785
2026-02-16 14:00:00+00:00,104.075,149.0775,121.73472646454721,128.51235595620045
2026-02-16 15:00:00+00:00,115.3025,168.9825,136.80055505328062,142.0797984925869
2026-02-16 16:00:00+00:00,130.355,227.2125,152.51825739711387,146.7095730392267
2026-02-16 17:00:00+00:00,129.1175,182.225,152.8608849745973,155.1092585147318
2026-02-16 18:00:00+00:00,126.355,165.81,144.37941268329095,150.09334947818886
2026-02-16 19:00:00+00:00,115.6325,144.1275,134.684196194431,130.65004565087392
2026-02-16 20:00:00+00:00,103.8975,134.6,129.28323658435136,124.82596286981426
2026-02-16 21:00:00+00:00,101.92,122.895,124.0932079856138,117.5627706240033
2026-02-16 22:00:00+00:00,92.755,108.9225,117.67434097243272,102.78292167040247
2026-02-16 23:00:00+00:00,87.02000000000001,104.6425,120.97926417596794,99.2315766205755
2026-02-17 00:00:00+00:00,85.105,103.745,118.09989066541756,94.76391499063492
2026-02-17 01:00:00+00:00,84.78,102.7475,117.09535670136259,92.62926200090591
2026-02-17 02:00:00+00:00,85.65,102.435,117.09009755388809,92.03201368363791
2026-02-17 03:00:00+00:00,84.8175,102.435,119.67477100324241,93.20733607376738
2026-02-17 04:00:00+00:00,88.8425,105.4275,124.57080418941888,99.762598793042
2026-02-17 05:00:00+00:00,102.7225,119.9175,134.08700568454614,129.74647138283862
2026-02-17 06:00:00+00:00,114.3275,134.89,144.4636116649642,143.51465352803177
2026-02-17 07:00:00+00:00,114.855,143.8275,149.39436413028824,138.3473444067444
2026-02-17 08:00:00+00:00,110.8375,132.08249999999998,146.6006923261832,132.50364202280548
2026-02-17 09:00:00+00:00,102.4,129.0875,140.80781100679718,128.38322231048383
2026-02-17 10:00:00+00:00,93.055,119.4425,131.478056742248,113.63685920510062
2026-02-17 11:00:00+00:00,83.94,109.2225,125.66273989788218,109.69666521505381
2026-02-17 12:00:00+00:00,82.2925,109.47,123.20504543752489,102.96537130651537
2026-02-17 13:00:00+00:00,82.4175,116.2225,122.76151548332429,102.30413385854612
2026-02-17 14:00:00+00:00,86.3775,128.115,130.8086602669802,113.53470757503106
2026-02-17 15:00:00+00:00,94.0825,127.6625,140.14521559390326,125.88992526876082
2026-02-17 16:00:00+00:00,110.805,135.2425,147.3746979330755,135.15192090359866
2026-02-17 17:00:00+00:00,126.975,131.7125,142.300689624662,132.85283006531895
2026-02-17 18:00:00+00:00,126.6,120.3275,132.5367874515129,124.25576988445226
2026-02-17 19:00:00+00:00,111.2275,111.2525,119.4315090586469,111.98583194360528
2026-02-17 20:00:00+00:00,99.9525,107.1575,108.05714248080821,99.01091417482944
2026-02-17 21:00:00+00:00,93.225,106.69,103.69112358549877,99.67532461567423
2026-02-17 22:00:00+00:00,89.61,100.5275,97.60386034901943,91.6633181807141
2026-02-17 23:00:00+00:00,95.63,96.7825,92.66424136283489,91.22872754320233
2026-02-18 00:00:00+00:00,93.5625,96.63,95.34603631604396,91.38931602386954
2026-02-18 01:00:00+00:00,93.2925,95.605,100.82924046583359,92.57878718820841
2026-02-18 02:00:00+00:00,92.675,94.68,108.55551615124537,93.46817828534894
2026-02-18 03:00:00+00:00,93.4175,94.845,117.17950901337838,97.09847116854162
2026-02-18 04:00:00+00:00,101.1975,99.1425,129.22214526219628,107.48591792308113
2026-02-18 05:00:00+00:00,122.5125,110.4775,146.03470406977664,134.28488980841502
2026-02-18 06:00:00+00:00,175.6875,129.0,161.46571444943746,182.10691655130987
2026-02-18 07:00:00+00:00,186.0925,137.0675,167.157764129783,212.11012784122877
2026-02-18 08:00:00+00:00,135.64249999999998,131.4375,164.1291017934764,188.90216169543612
2026-02-18 09:00:00+00:00,115.88,127.5,155.0887954057667,141.11704142426484
2026-02-18 10:00:00+00:00,106.2225,125.94,143.98963244947285,130.1729717067827
2026-02-18 11:00:00+00:00,101.3325,115.8625,133.869820288436,132.92740783249164
2026-02-18 12:00:00+00:00,100.5025,116.7,131.65652749741957,118.13553119804922
2026-02-18 13:00:00+00:00,103.6425,116.7,137.66593609886695,113.48841527871646
2026-02-18 14:00:00+00:00,114.09,118.185,143.13093920867425,124.68745497017966
2026-02-18 15:00:00+00:00,122.0825,122.315,151.13417801947998,152.87493251462865
2026-02-18 16:00:00+00:00,140.405,127.9,159.53488365689762,176.44479292224256
2026-02-18 17:00:00+00:00,142.5975,125.465,161.2473235688675,169.04139710819356
2026-02-18 18:00:00+00:00,119.8425,112.02,150.76490809968686,148.13567127161485
2026-02-18 19:00:00+00:00,102.67,104.9275,133.29129150070352,117.27045907353886
2026-02-18 20:00:00+00:00,96.14,104.38,119.2119103139809,105.05517549326635
2026-02-18 21:00:00+00:00,95.0975,101.9975,108.88641485013696,102.9270496545928
2026-02-18 22:00:00+00:00,89.465,95.3075,99.72345875557251,96.114350311655
2026-02-18 23:00:00+00:00,83.775,88.1925,75.49841298765129,88.74489266872993
2026-02-19 00:00:00+00:00,81.85,87.58,69.13556632602969,87.23842972558626
2026-02-19 01:00:00+00:00,81.93,86.2025,64.92958365368628,86.9914629487044
2026-02-19 02:00:00+00:00,81.45,84.8925,62.15000951774387,83.72125274251083
2026-02-19 03:00:00+00:00,77.655,86.0125,61.67602580912454,83.45686014879702
2026-02-19 04:00:00+00:00,84.15,89.43,65.83023137952185,86.83098468884432
2026-02-19 05:00:00+00:00,87.11250000000001,99.8625,77.1033790080018,99.606523918381
2026-02-19 06:00:00+00:00,89.2375,116.0075,104.8959012592028,124.16515066060619
2026-02-19 07:00:00+00:00,96.945,123.0725,112.28108925618639,132.85136725560724
2026-02-19 08:00:00+00:00,103.61,121.205,92.53606993278481,114.55549084390618
2026-02-19 09:00:00+00:00,100.995,117.52,85.18853295625738,104.05332148652847
2026-02-19 10:00:00+00:00,95.1075,111.1525,80.99348414310757,101.85410562213141
2026-02-19 11:00:00+00:00,91.0,105.515,77.96119249178902,97.36132596784385
2026-02-19 12:00:00+00:00,90.1,103.555,76.55492220242552,93.08825615530677
2026-02-19 13:00:00+00:00,90.16,105.2125,81.867914260198,93.62240025077594
2026-02-19 14:00:00+00:00,92.5875,107.98,88.74486649369102,97.64507374737543
2026-02-19 15:00:00+00:00,96.3925,110.785,98.40046078666096,106.83379514170807
2026-02-19 16:00:00+00:00,105.6925,123.05,112.01369215247902,116.26485505164976
2026-02-19 17:00:00+00:00,113.5175,125.6625,113.61177008834076,119.769936438074
2026-02-19 18:00:00+00:00,111.385,120.8725,101.81283753206867,111.14462555010711
2026-02-19 19:00:00+00:00,100.485,109.1025,92.4906188084892,105.96659400530376
2026-02-19 20:00:00+00:00,98.115,99.6925,88.01308266883748,98.67407860243017
2026-02-19 21:00:00+00:00,92.1,97.175,87.06552753587114,96.37889502574151
2026-02-19 22:00:00+00:00,85.185,89.33250000000001,83.94066521522652,89.84330621596303
2026-02-19 23:00:00+00:00,86.06,83.8575,81.08127169794773,88.98074861254567
2026-02-20 00:00:00+00:00,85.9275,83.66,83.04936209844806,90.43263082758813
2026-02-20 01:00:00+00:00,85.4375,82.2175,88.26693252505909,92.07736168493578
2026-02-20 02:00:00+00:00,84.88,81.855,94.13513039336195,95.73869424185165
2026-02-20 03:00:00+00:00,84.4175,83.35,97.75345150110465,97.04128764941696
2026-02-20 04:00:00+00:00,90.27,87.1875,104.4606016688898,98.09230380782874
2026-02-20 05:00:00+00:00,104.8325,98.7275,110.4157708436296,106.8964075623777
2026-02-20 06:00:00+00:00,113.7825,117.7275,115.25092156638941,121.74465869089123
2026-02-20 07:00:00+00:00,116.1425,123.85,114.16914554107427,118.6775316406242
2026-02-20 08:00:00+00:00,109.1825,119.15,103.39439036338239,113.46713392126915
2026-02-20 09:00:00+00:00,91.1,106.3925,90.00887542345173,97.49439980204832
2026-02-20 10:00:00+00:00,83.6825,101.03,78.85001816974064,83.52002418796481
2026-02-20 11:00:00+00:00,81.0125,97.3,75.91437841590178,80.56706936380017
2026-02-20 12:00:00+00:00,79.6,97.495,80.59506443327066,87.29437130508413
2026-02-20 13:00:00+00:00,79.95750000000001,102.09,91.07023215966149,89.10974905606805
2026-02-20 14:00:00+00:00,83.465,118.0975,102.97178112469263,96.47196396541987
2026-02-20 15:00:00+00:00,91.8575,125.905,114.232422372445,104.46563995815139
2026-02-20 16:00:00+00:00,101.4375,131.985,117.74182486986277,109.40936642809535
2026-02-20 17:00:00+00:00,93.7825,136.02249999999998,112.07449982433536,110.58004502912875
2026-02-20 18:00:00+00:00,82.9875,131.89249999999998,98.99596706571916,102.06638779129831
2026-02-20 19:00:00+00:00,78.715,126.0,80.708958997576,81.35015444763565
2026-02-20 20:00:00+00:00,67.9975,117.58,67.41064116675098,69.73141271213636
2026-02-20 21:00:00+00:00,64.64,109.9475,56.07302879593067,62.14258995815292
2026-02-20 22:00:00+00:00,46.805,100.8575,44.92631199391805,38.8612018809978
2026-02-20 23:00:00+00:00,52.44,96.9925,25.068730569588354,28.873975050338416
2026-02-21 00:00:00+00:00,46.645,91.83,19.315905012149926,18.65995895632811
2026-02-21 01:00:00+00:00,43.4575,89.09,15.711444565000832,8.9438886952155
2026-02-21 02:00:00+00:00,41.6575,88.6725,13.61251836570085,8.393456237928712
2026-02-21 03:00:00+00:00,38.975,87.5075,14.429461408943695,7.302720224145156
2026-02-21 04:00:00+00:00,39.4775,88.75,20.032387661540184,9.016777936026642
2026-02-21 05:00:00+00:00,35.86,90.2175,29.21235931382264,9.877668614402232
2026-02-21 06:00:00+00:00,46.99,93.1175,41.015861958596176,25.203255571923265
2026-02-21 07:00:00+00:00,56.05,101.8325,51.58979825740226,27.816909101777277
2026-02-21 08:00:00+00:00,58.035,107.49,55.57144138526826,32.27609378114954
2026-02-21 09:00:00+00:00,59.525,103.97,49.956122595425434,24.198717378346952
2026-02-21 10:00:00+00:00,55.385000000000005,98.1625,45.66977243071814,21.442349646720196
2026-02-21 11:00:00+00:00,50.5275,95.16,44.72640666463616,19.900426135602288
2026-02-21 12:00:00+00:00,45.1625,93.9725,46.477254548275056,14.928279082228995
2026-02-21 13:00:00+00:00,56.005,97.1125,51.73288073857933,14.402616545175919
2026-02-21 14:00:00+00:00,68.88499999999999,104.9525,64.93556789212803,27.47624096252975
2026-02-21 15:00:00+00:00,81.94,116.8875,81.38352600128702,55.83779809495326
2026-02-21 16:00:00+00:00,98.635,126.1,96.73228330341212,90.36760198358355
2026-02-21 17:00:00+00:00,108.3125,131.9275,99.23104838352496,98.51705373940388
2026-02-21 18:00:00+00:00,101.1725,128.72,94.92249823939807,100.16213827933709
2026-02-21 19:00:00+00:00,89.0975,123.1925,90.32091340600397,91.94923516176276
2026-02-21 20:00:00+00:00,82.8125,116.98,81.82793765203986,82.55806296271398
2026-02-21 21:00:00+00:00,76.5925,111.2025,74.24420799768109,81.28784509093511
2026-02-21 22:00:00+00:00,66.71000000000001,101.1,59.4399639720851,60.45858779868271
2026-02-21 23:00:00+00:00,56.675,101.7775,44.80285644180904,60.03913562233558
2026-02-22 00:00:00+00:00,52.51,99.9475,40.758128901798806,55.47649025139173
2026-02-22 01:00:00+00:00,44.0575,100.755,39.17594489532842,54.550743824050585
2026-02-22 02:00:00+00:00,40.9575,98.025,38.02871522380446,44.35638455805596
2026-02-22 03:00:00+00:00,39.0175,96.52,38.45223268183862,40.349134276181175
2026-02-22 04:00:00+00:00,38.2875,94.355,40.20531729755629,31.11464591565209
2026-02-22 05:00:00+00:00,34.875,94.1675,39.74447392961911,22.021241902994554
2026-02-22 06:00:00+00:00,41.5025,96.115,46.67143377799072,23.255352499290503
2026-02-22 07:00:00+00:00,47.355,96.8,51.09898240129696,25.512903628722103
2026-02-22 08:00:00+00:00,55.462500000000006,93.065,51.7586461296727,24.570659759386977
2026-02-22 09:00:00+00:00,55.1025,83.0175,52.02646604429826,26.36230458006406
2026-02-22 10:00:00+00:00,53.962500000000006,74.7225,47.990020711738374,26.750208602533668
2026-02-22 11:00:00+00:00,50.585,67.37,45.01413098727427,20.097888009943084
2026-02-22 12:00:00+00:00,45.08,64.4075,40.14676634502482,19.169999581910346
2026-02-22 13:00:00+00:00,43.307500000000005,64.4225,41.24501704372065,15.323351309701302
2026-02-22 14:00:00+00:00,47.9425,71.9525,47.2203134083675,20.0292370399321
2026-02-22 15:00:00+00:00,56.9275,84.205,49.46252393269102,30.26834351362661
2026-02-22 16:00:00+00:00,75.95,96.385,53.2009855189429,33.91822013133821
2026-02-22 17:00:00+00:00,79.4425,98.2025,54.79154825806557,47.15531067366831
2026-02-22 18:00:00+00:00,75.12,83.6125,45.99288564923827,36.40451238913667
2026-02-22 19:00:00+00:00,68.5175,71.0025,34.49821465200487,28.815795432589066
2026-02-22 20:00:00+00:00,67.69,67.2625,27.580709012584435,22.50103279658955
2026-02-22 21:00:00+00:00,70.41,65.61500000000001,24.088213482701306,18.04533712082531
2026-02-22 22:00:00+00:00,51.9475,58.04,19.117697218975806,5.765049312922439
2026-02-22 23:00:00+00:00,45.35,68.93,41.9165849060784,17.695101064172032
2026-02-23 00:00:00+00:00,45.5125,65.375,41.291576883202104,25.69468775441376
2026-02-23 01:00:00+00:00,43.975,64.41,40.25701196302181,26.72336824465718
2026-02-23 02:00:00+00:00,44.915,64.4125,42.186265268705625,26.132009141115674
2026-02-23 03:00:00+00:00,45.145,66.0525,44.25628289077454,29.545754873905267
2026-02-23 04:00:00+00:00,56.07,69.985,48.78497192937141,41.32318929138605
2026-02-23 05:00:00+00:00,77.7625,79.3275,52.11970081060853,64.8713611406987
2026-02-23 06:00:00+00:00,95.9575,94.0725,59.968230456256464,81.82982901869376
2026-02-23 07:00:00+00:00,99.0425,101.0325,61.77025572163426,75.17785559180014
2026-02-23 08:00:00+00:00,87.4675,104.425,56.236830474080485,50.16448393198689
2026-02-23 09:00:00+00:00,67.015,101.54,45.29109375623922,32.50965756253306
2026-02-23 10:00:00+00:00,48.85,94.86,33.82668819157522,26.49021179236968
2026-02-23 11:00:00+00:00,7.88,92.0025,29.868453241473276,24.19421091884713
2026-02-23 12:00:00+00:00,2.9025,94.4025,29.23917734717245,20.564700577139078
2026-02-23 13:00:00+00:00,34.8925,96.0125,37.1474805150099,21.363844829089423
2026-02-23 14:00:00+00:00,58.5075,104.075,52.27230434349231,30.69535448876162
2026-02-23 15:00:00+00:00,79.5075,115.3025,70.17056483986967,54.07413426736359
2026-02-23 16:00:00+00:00,96.09,130.355,90.3479128672697,74.30356472719816
2026-02-23 17:00:00+00:00,107.27,129.1175,95.20595320246446,92.4047562390229
2026-02-23 18:00:00+00:00,110.8975,126.355,92.43309163827163,92.69320422454382
2026-02-23 19:00:00+00:00,98.025,115.6325,86.11551833203248,78.45684257608417
2026-02-23 20:00:00+00:00,97.235,103.8975,82.62819817479874,78.13165538797834
2026-02-23 21:00:00+00:00,95.855,101.92,83.23327798609171,76.22232051958837
2026-02-23 22:00:00+00:00,87.2875,92.755,75.94433288286257,68.94179697472737
2026-02-23 23:00:00+00:00,82.3575,87.02000000000001,68.56149131227156,70.82794801672614
2026-02-24 00:00:00+00:00,83.9625,85.105,74.70722646969703,80.59071760262884
2026-02-24 01:00:00+00:00,85.975,84.78,82.32981823609758,86.46454089487777
2026-02-24 02:00:00+00:00,86.45,85.65,93.38520218789492,86.68656727090999
2026-02-24 03:00:00+00:00,88.205,84.8175,104.96778582394207,90.14152572190484
2026-02-24 04:00:00+00:00,94.17,88.8425,121.94054433103688,94.63544317622842
2026-02-24 05:00:00+00:00,111.1225,102.7225,144.7500493298084,125.78092035450615
2026-02-24 06:00:00+00:00,133.0975,114.3275,164.93346936735978,167.9636756201703
2026-02-24 07:00:00+00:00,147.475,114.855,175.42029898021443,179.7282657864885
2026-02-24 08:00:00+00:00,140.72,110.8375,176.39243790234445,156.67166012157605
2026-02-24 09:00:00+00:00,128.7675,102.4,171.278478283327,133.8711210731791
2026-02-24 10:00:00+00:00,111.395,93.055,164.3171980362563,125.96570877679238
2026-02-24 11:00:00+00:00,100.19,83.94,145.92851184912345,118.71834740979926
2026-02-24 12:00:00+00:00,99.3,82.2925,142.27497667504184,114.55385790108348
2026-02-24 13:00:00+00:00,95.005,82.4175,155.96845469668813,115.95712714298095
2026-02-24 14:00:00+00:00,107.0725,86.3775,169.11700544870922,127.0184887798939
2026-02-24 15:00:00+00:00,125.8075,94.0825,181.88874157476334,157.82314218998187
2026-02-24 16:00:00+00:00,182.22,110.805,192.92341777728376,189.40349468384372
2026-02-24 17:00:00+00:00,184.0475,126.975,195.7755724742346,213.5258774356141
2026-02-24 18:00:00+00:00,144.4175,126.6,190.21785990057413,180.89425333340964
2026-02-24 19:00:00+00:00,118.9575,111.2275,175.1535101915532,159.06992018706873
2026-02-24 20:00:00+00:00,108.725,99.9525,166.00870473792264,133.47051010986587
2026-02-24 21:00:00+00:00,101.705,93.225,156.12575554281318,128.78996001599205
2026-02-24 22:00:00+00:00,93.9025,89.61,144.94098449821058,113.71392979305713
2026-02-24 23:00:00+00:00,92.1425,95.63,134.67278570238008,111.93790278032006
2026-02-25 00:00:00+00:00,87.4025,93.5625,130.46375761183526,109.56210758536197
2026-02-25 01:00:00+00:00,84.83250000000001,93.2925,127.23369110187949,105.58867954402395
2026-02-25 02:00:00+00:00,88.095,92.675,125.86490226901472,103.59859820645693
2026-02-25 03:00:00+00:00,88.61,93.4175,125.32734000257929,104.29822186019777
2026-02-25 04:00:00+00:00,93.1725,101.1975,127.4300775507918,103.40176414442736
2026-02-25 05:00:00+00:00,113.8175,122.5125,135.70576493042893,112.68418592551198
2026-02-25 06:00:00+00:00,130.7325,175.6875,148.07899161043235,132.77009122932918
2026-02-25 07:00:00+00:00,119.8525,186.0925,147.16261269103353,133.0814610726761
2026-02-25 08:00:00+00:00,107.175,135.64249999999998,124.90656642841493,112.44389198258175
2026-02-25 09:00:00+00:00,90.83,115.88,100.42265466351671,102.7175091169391
2026-02-25 10:00:00+00:00,79.8475,106.2225,77.24228462837604,88.83476410278436
2026-02-25 11:00:00+00:00,65.80250000000001,101.3325,60.60327121501119,78.5683008702393
2026-02-25 12:00:00+00:00,60.1975,100.5025,55.45868789766789,68.26829156010719
2026-02-25 13:00:00+00:00,67.8475,103.6425,59.7929529756136,64.68581356154087
2026-02-25 14:00:00+00:00,80.9825,114.09,83.10210572832275,84.13411237127711
2026-02-25 15:00:00+00:00,101.37,122.0825,113.39821176645779,105.99952551478948
2026-02-25 16:00:00+00:00,118.6425,140.405,150.339556769114,141.20613211710273
2026-02-25 17:00:00+00:00,121.77,142.5975,147.70034824854355,134.6762786233374
2026-02-25 18:00:00+00:00,107.1525,119.8425,117.3861650627284,115.39624059789475
2026-02-25 19:00:00+00:00,94.255,102.67,95.00722824645325,93.7288786288022
2026-02-25 20:00:00+00:00,87.28,96.14,83.53915161273457,90.44417358820228
2026-02-25 21:00:00+00:00,86.8275,95.0975,77.03379034595525,85.61916050077137
2026-02-25 22:00:00+00:00,79.12,89.465,69.80451687024738,74.24229719237675
2026-02-25 23:00:00+00:00,76.4225,83.775,57.69769375658687,67.75771541436907
2026-02-26 00:00:00+00:00,72.39,81.85,54.04360275679372,70.38113702870473
2026-02-26 01:00:00+00:00,68.74249999999999,81.93,52.30332623710888,70.26594982044341
2026-02-26 02:00:00+00:00,67.9325,81.45,54.760048993692095,70.58101790111317
2026-02-26 03:00:00+00:00,67.3775,77.655,57.42966611060851,72.3557455319622
2026-02-26 04:00:00+00:00,75.855,84.15,63.75708128837667,75.36393479388614
2026-02-26 05:00:00+00:00,100.8175,87.11250000000001,77.03592875888572,85.88574476422569
2026-02-26 06:00:00+00:00,110.1,89.2375,88.5214538783269,102.83288117793697
2026-02-26 07:00:00+00:00,97.4475,96.945,81.00676827408127,100.92810359122097
2026-02-26 08:00:00+00:00,80.42500000000001,103.61,68.79291219017335,85.15752604361731
2026-02-26 09:00:00+00:00,67.85,100.995,56.27705049258634,60.63582120647902
2026-02-26 10:00:00+00:00,53.345,95.1075,45.868038866121736,42.36440436993688
2026-02-26 11:00:00+00:00,20.0375,91.0,36.05432429230895,22.73676879967154
2026-02-26 12:00:00+00:00,14.0525,90.1,34.90275683133506,22.29717501213575
2026-02-26 13:00:00+00:00,44.6375,90.16,47.52403146141266,36.17276113945067
2026-02-26 14:00:00+00:00,71.3075,92.5875,68.49097655703217,82.71349802190925
2026-02-26 15:00:00+00:00,94.7325,96.3925,93.9064041315386,99.22698852302916
2026-02-26 16:00:00+00:00,111.1375,105.6925,113.81722663808362,117.54668113796991
2026-02-26 17:00:00+00:00,113.095,113.5175,117.54334869730185,117.50416974342657
2026-02-26 18:00:00+00:00,107.985,111.385,106.64736663415006,109.51481859900012
2026-02-26 19:00:00+00:00,93.4475,100.485,93.9197402285129,96.08910544199519
2026-02-26 20:00:00+00:00,84.0775,98.115,85.64902545818316,85.44843511022275
2026-02-26 21:00:00+00:00,80.45750000000001,92.1,81.31179714029287,83.33660391281597
2026-02-26 22:00:00+00:00,71.575,85.185,73.53114392736923,72.20814628772386
2026-02-26 23:00:00+00:00,55.1475,86.06,52.971947711134106,58.77619303168143
2026-02-27 00:00:00+00:00,56.0075,85.9275,52.35691238818607,55.22675166557034
2026-02-27 01:00:00+00:00,57.3025,85.4375,52.26182896569796,54.332387102980185
2026-02-27 02:00:00+00:00,60.0,84.88,55.121263260847,52.844455385646945
2026-02-27 03:00:00+00:00,61.795,84.4175,58.037805801926865,54.21599417975918
2026-02-27 04:00:00+00:00,65.9925,90.27,65.25344859712085,64.02750272775663
2026-02-27 05:00:00+00:00,76.565,104.8325,79.63925288462892,88.70283535933535
2026-02-27 06:00:00+00:00,88.525,113.7825,86.3124412456415,101.34304841876042
2026-02-27 07:00:00+00:00,79.33,116.1425,73.84828557499472,86.29501488647082
2026-02-27 08:00:00+00:00,64.415,109.1825,50.21672306092533,59.0699473880879
2026-02-27 09:00:00+00:00,31.5475,91.1,26.951616195948404,26.096675134458774
2026-02-27 10:00:00+00:00,0.97,83.6825,7.470044331201436,11.46314756919135
2026-02-27 11:00:00+00:00,-0.0125,81.0125,-14.98188785638348,1.821803391576407
2026-02-27 12:00:00+00:00,-0.01,79.6,-14.235800951909695,0.052384183421202254
2026-02-27 13:00:00+00:00,7.7375,79.95750000000001,10.737933881521087,7.895353977920293
2026-02-27 14:00:00+00:00,59.755,83.465,45.107143026464925,40.413109770397604
2026-02-27 15:00:00+00:00,92.0,91.8575,83.75571501819368,90.4744508375582
2026-02-27 16:00:00+00:00,115.195,101.4375,112.21294342671679,100.81319482185783
2026-02-27 17:00:00+00:00,118.1,93.7825,114.8281258534537,115.44876410937422
2026-02-27 18:00:00+00:00,109.2525,82.9875,107.39064794327562,106.38569268506552
2026-02-27 19:00:00+00:00,100.03,78.715,95.71739079408546,91.54382664449743
2026-02-27 20:00:00+00:00,90.9625,67.9975,85.68906865254215,86.20044357264563
2026-02-27 21:00:00+00:00,87.51,64.64,82.42822078323793,87.30810970774907
2026-02-27 22:00:00+00:00,80.0025,46.805,76.03676437640969,86.01340993271565
2026-02-27 23:00:00+00:00,80.02,52.44,60.49283432068343,83.39015955381473
2026-02-28 00:00:00+00:00,76.305,46.645,60.677297516871036,81.76641975884587
2026-02-28 01:00:00+00:00,74.7275,43.4575,60.73408721104147,82.36020933827608
2026-02-28 02:00:00+00:00,71.775,41.6575,62.69414113034129,79.48117737315475
2026-02-28 03:00:00+00:00,71.8925,38.975,64.48875189177086,78.38268485754793
2026-02-28 04:00:00+00:00,72.25,39.4775,67.11953149156085,75.21046023986759
2026-02-28 05:00:00+00:00,72.9225,35.86,73.4633126029772,74.17327758996338
2026-02-28 06:00:00+00:00,76.29,46.99,80.12116872737192,71.06842700448675
2026-02-28 07:00:00+00:00,57.115,56.05,69.6774088708853,44.04182965216914
2026-02-28 08:00:00+00:00,17.7975,58.035,50.313715765221026,27.875855397355494
2026-02-28 09:00:00+00:00,-0.01,59.525,24.153162203925447,16.43528668795889
2026-02-28 10:00:00+00:00,-0.0275,55.385000000000005,0.46111467353590285,9.788438806368697
2026-02-28 11:00:00+00:00,-0.2525,50.5275,-4.547217576112189,11.114736618491731
2026-02-28 12:00:00+00:00,-0.2225,45.1625,-5.924877842851188,8.018652494693876
2026-02-28 13:00:00+00:00,-0.0075,56.005,7.007825745766439,9.736127244193188
2026-02-28 14:00:00+00:00,14.8625,68.88499999999999,33.7990075449018,17.51958724633982
2026-02-28 15:00:00+00:00,65.6475,81.94,56.937488739246554,32.14417422999771
2026-02-28 16:00:00+00:00,89.935,98.635,73.11261329873142,57.59443709073121
2026-02-28 17:00:00+00:00,95.1925,108.3125,76.54591188269652,63.848708632113585
2026-02-28 18:00:00+00:00,85.1675,101.1725,66.67921485278744,47.28463701863463
2026-02-28 19:00:00+00:00,69.1175,89.0975,56.31283166905634,40.00671001848315
2026-02-28 20:00:00+00:00,64.6675,82.8125,47.74974711291094,36.53243782284123
2026-02-28 21:00:00+00:00,64.6625,76.5925,42.90760383612041,32.921944372703564
2026-02-28 22:00:00+00:00,60.6725,66.71000000000001,36.26746074929889,21.804093185374533
2026-02-28 23:00:00+00:00,47.6475,56.675,22.97936005672527,19.79789725709815
2026-03-01 00:00:00+00:00,51.55,52.51,25.706277495560855,23.151264216387666
2026-03-01 01:00:00+00:00,54.2475,44.0575,32.800082060259115,22.380536280094123
2026-03-01 02:00:00+00:00,57.072500000000005,40.9575,41.65489917350396,33.37045382263544
2026-03-01 03:00:00+00:00,61.085,39.0175,52.07420381994861,53.15050964861228
2026-03-01 04:00:00+00:00,65.18,38.2875,62.72070573466691,66.38290276626701
2026-03-01 05:00:00+00:00,66.00750000000001,34.875,73.2750666177917,78.88011767860964
2026-03-01 06:00:00+00:00,64.9975,41.5025,84.16524728255834,93.66273652210589
2026-03-01 07:00:00+00:00,52.535,47.355,77.45074223294344,78.21604470201561
2026-03-01 08:00:00+00:00,19.98,55.462500000000006,52.71562428482585,42.34271203147924
2026-03-01 09:00:00+00:00,0.0,55.1025,31.46479382349338,11.980289238290636
2026-03-01 10:00:00+00:00,-0.025,53.962500000000006,17.993819109287628,6.488848351297184
2026-03-01 11:00:00+00:00,-0.365,50.585,14.085580501038095,-0.6731050774033751
2026-03-01 12:00:00+00:00,-0.7875,45.08,16.049016766972073,-5.420774073615791
2026-03-01 13:00:00+00:00,-0.005,43.307500000000005,25.930047198257043,-1.1128265557597639
2026-03-01 14:00:00+00:00,25.9525,47.9425,48.328993783177026,27.97958909133614
2026-03-01 15:00:00+00:00,74.84,56.9275,85.28350814890068,83.51491771146138
2026-03-01 16:00:00+00:00,103.76,75.95,112.72716192349434,121.56197911052364
2026-03-01 17:00:00+00:00,110.2025,79.4425,120.79644340991437,136.45795626362505
2026-03-01 18:00:00+00:00,101.685,75.12,110.01451934017699,122.84432412377696
2026-03-01 19:00:00+00:00,90.735,68.5175,92.08462936835332,102.01182174262732
2026-03-01 20:00:00+00:00,81.315,67.69,81.2324946023634,92.55836283647359
2026-03-01 21:00:00+00:00,74.66499999999999,70.41,75.37875165701311,89.84710002089325
2026-03-01 22:00:00+00:00,68.1475,51.9475,68.69351714206027,83.65895975677584
2026-03-01 23:00:00+00:00,65.13,45.35,83.83846749372094,72.49776306052443
2026-03-02 00:00:00+00:00,66.94500000000001,45.5125,83.3281786048342,69.8492779147162
2026-03-02 01:00:00+00:00,69.0075,43.975,83.75740366762065,72.41439936861136
2026-03-02 02:00:00+00:00,69.5675,44.915,86.64058067716327,75.90600829631714
2026-03-02 03:00:00+00:00,74.03,45.145,92.20281566503057,79.42141366364262
2026-03-02 04:00:00+00:00,85.03,56.07,99.21337773578217,88.91601399715788
2026-03-02 05:00:00+00:00,100.1675,77.7625,105.39001229606576,100.6970988088514
2026-03-02 06:00:00+00:00,138.6525,95.9575,107.04476857897697,120.93978873818138
2026-03-02 07:00:00+00:00,124.8625,99.0425,90.67400496109606,106.27327431174197
2026-03-02 08:00:00+00:00,89.4625,87.4675,58.68857034621461,80.14438594855356
2026-03-02 09:00:00+00:00,69.9,67.015,37.532153275348236,59.01486462411459
2026-03-02 10:00:00+00:00,53.5625,48.85,25.393777903631133,39.301882323401536
2026-03-02 11:00:00+00:00,29.067500000000003,7.88,14.16270516215009,28.06582625860902
2026-03-02 12:00:00+00:00,40.2525,2.9025,14.452333924358086,18.97474764421731
2026-03-02 13:00:00+00:00,64.03,34.8925,29.9067618878302,34.41031689991682
2026-03-02 14:00:00+00:00,84.9875,58.5075,64.91394511786797,77.13307776004534
2026-03-02 15:00:00+00:00,109.1525,79.5075,112.92077774466193,104.1470633789892
2026-03-02 16:00:00+00:00,173.5,96.09,143.45873074517357,145.4829281308603
2026-03-02 17:00:00+00:00,187.995,107.27,149.7251157167243,175.19919709312674
2026-03-02 18:00:00+00:00,143.61,110.8975,140.0829403417505,137.6839755852092
2026-03-02 19:00:00+00:00,107.685,98.025,127.29188705895908,111.35454564293757
2026-03-02 20:00:00+00:00,96.4675,97.235,117.25466015914832,99.98722325862344
2026-03-02 21:00:00+00:00,96.8,95.855,110.4032334383588,96.05560556656175
2026-03-02 22:00:00+00:00,88.89500000000001,87.2875,104.52745263256624,90.78187519814244
2026-03-02 23:00:00+00:00,89.0625,82.3575,94.93845617177647,85.95841792659196
2026-03-03 00:00:00+00:00,90.1225,83.9625,97.48620612562128,84.79647565645419
2026-03-03 01:00:00+00:00,89.425,85.975,101.34779764947537,86.86826860150748
2026-03-03 02:00:00+00:00,92.815,86.45,106.08241737720824,87.15390171916984
2026-03-03 03:00:00+00:00,95.7225,88.205,112.90802371469158,89.28930516592548
2026-03-03 04:00:00+00:00,103.32,94.17,123.43683846624862,94.67151322802987
2026-03-03 05:00:00+00:00,136.0475,111.1225,137.66998944711156,112.16942564204753
2026-03-03 06:00:00+00:00,156.3975,133.0975,159.3449209702187,148.77500524922917
2026-03-03 07:00:00+00:00,136.78,147.475,148.0686121757269,137.93594978810503
2026-03-03 08:00:00+00:00,99.52,140.72,116.67751124101049,105.91079745266416
2026-03-03 09:00:00+00:00,78.17,128.7675,89.5123196624151,81.5697380113287
2026-03-03 10:00:00+00:00,55.9225,111.395,67.04219485047005,51.361128378901135
2026-03-03 11:00:00+00:00,32.365,100.19,49.39484660974067,33.275185027718955
2026-03-03 12:00:00+00:00,35.6625,99.3,55.324411782596144,33.868487844238444
2026-03-03 13:00:00+00:00,64.14500000000001,95.005,73.15128708425058,55.90744200531293
2026-03-03 14:00:00+00:00,86.7675,107.0725,96.98484404943426,88.01515812515427
2026-03-03 15:00:00+00:00,114.18,125.8075,128.81478648846715,106.70348553919767
2026-03-03 16:00:00+00:00,158.615,182.22,178.27990435790798,142.13262125630365
2026-03-03 17:00:00+00:00,204.2575,184.0475,191.93519217161543,220.70915597070936
2026-03-03 18:00:00+00:00,173.37,144.4175,169.53454165925274,147.16570004842453
2026-03-03 19:00:00+00:00,131.725,118.9575,148.98260638555846,126.23467925652886
2026-03-03 20:00:00+00:00,116.18,108.725,140.0551086031396,109.27609867720476
2026-03-03 21:00:00+00:00,111.32,101.705,137.4612464265856,104.26815838941388
2026-03-03 22:00:00+00:00,104.695,93.9025,131.00277355442734,98.90130625549001
2026-03-03 23:00:00+00:00,129.01,92.1425,123.22650472502004,95.55141830747479
2026-03-04 00:00:00+00:00,127.8225,87.4025,121.89376442925663,96.50593844365915
2026-03-04 01:00:00+00:00,125.3225,84.83250000000001,121.18399695334745,96.39409230138719
2026-03-04 02:00:00+00:00,124.735,88.095,124.10581587423802,97.24926677462467
2026-03-04 03:00:00+00:00,128.2025,88.61,127.51721848243827,98.58821850546806
2026-03-04 04:00:00+00:00,141.16,93.1725,134.2732623988963,105.53067329842105
2026-03-04 05:00:00+00:00,200.2975,113.8175,154.20725502801258,152.2621904501479
2026-03-04 06:00:00+00:00,267.485,130.7325,166.46163598181488,192.4970801330182
2026-03-04 07:00:00+00:00,193.3475,119.8525,151.96727802695023,141.01440362343965
2026-03-04 08:00:00+00:00,150.76,107.175,122.71128393717642,95.96701604957101
2026-03-04 09:00:00+00:00,110.4175,90.83,94.0363416819725,78.78219301660263
2026-03-04 10:00:00+00:00,78.2975,79.8475,67.44633160064924,56.79903187270353
2026-03-04 11:00:00+00:00,42.495,65.80250000000001,46.22748936409468,34.44200248790898
2026-03-04 12:00:00+00:00,32.975,60.1975,43.01399646609647,32.686496677116516
2026-03-04 13:00:00+00:00,65.405,67.8475,62.14858416265007,44.39841081142958
2026-03-04 14:00:00+00:00,99.1125,80.9825,88.14795621170708,78.34265943682568
2026-03-04 15:00:00+00:00,137.21,101.37,123.89701049553584,95.53356737331332
2026-03-04 16:00:00+00:00,244.265,118.6425,162.86934826952,140.26059535838124
2026-03-04 17:00:00+00:00,310.86,121.77,188.74857223468086,209.51460393512136
2026-03-04 18:00:00+00:00,239.6275,107.1525,171.01120115169005,152.23685226562355
2026-03-04 19:00:00+00:00,169.86,94.255,145.48519042704189,123.56208754154899
2026-03-04 20:00:00+00:00,151.8775,87.28,131.389791546886,107.75446049004171
2026-03-04 21:00:00+00:00,142.24,86.8275,123.80421666106075,102.35802523098076
2026-03-04 22:00:00+00:00,124.8075,79.12,116.22722841687599,98.93776175647018
2026-03-04 23:00:00+00:00,116.485,76.4225,113.22529292666914,110.60528346959914
2026-03-05 00:00:00+00:00,109.9325,72.39,110.45313693806271,110.36274982738082
2026-03-05 01:00:00+00:00,109.2625,68.74249999999999,108.71086213026467,109.448025788694
2026-03-05 02:00:00+00:00,108.785,67.9325,109.23360052177621,105.78691697669481
2026-03-05 03:00:00+00:00,111.0625,67.3775,112.78337093463581,107.43936445782555
2026-03-05 04:00:00+00:00,126.9325,75.855,121.77237560854016,116.37649661715231
2026-03-05 05:00:00+00:00,154.3875,100.8175,151.33026526458755,141.61666600094998
2026-03-05 06:00:00+00:00,175.54500000000002,110.1,179.1460985216449,143.27572582136307
2026-03-05 07:00:00+00:00,139.32999999999998,97.4475,133.58131478914868,125.07508963354141
2026-03-05 08:00:00+00:00,97.0925,80.42500000000001,96.30112722098346,91.47358232756015
2026-03-05 09:00:00+00:00,64.145,67.85,64.0476281402936,70.20643333339078
2026-03-05 10:00:00+00:00,22.955,53.345,35.928731681044425,26.002446423751426
2026-03-05 11:00:00+00:00,2.1225,20.0375,9.669505329850296,-7.152863578812733
2026-03-05 12:00:00+00:00,2.825,14.0525,6.665164736881096,-6.707069678837546
2026-03-05 13:00:00+00:00,38.835,44.6375,33.71928728885112,21.952608108810956
2026-03-05 14:00:00+00:00,90.0025,71.3075,69.37902195505423,72.42757169243338
2026-03-05 15:00:00+00:00,137.75,94.7325,110.63556757590158,107.86633861323996
2026-03-05 16:00:00+00:00,180.375,111.1375,172.63257249849167,139.76354537779085
2026-03-05 17:00:00+00:00,192.02,113.095,199.61595214960838,132.3920849049285
2026-03-05 18:00:00+00:00,165.0,107.985,158.9903269885161,130.72201613069723
2026-03-05 19:00:00+00:00,135.245,93.4475,120.25390344456986,117.7444977613171
2026-03-05 20:00:00+00:00,130.59,84.0775,108.53959993029494,111.101490404137
2026-03-05 21:00:00+00:00,130.1425,80.45750000000001,105.51908036742154,109.76571329636222
2026-03-05 22:00:00+00:00,119.7,71.575,99.96865865755632,98.94581415245216
2026-03-05 23:00:00+00:00,104.125,55.1475,85.37984770864429,100.55570023443512
2026-03-06 00:00:00+00:00,106.0,56.0075,88.57176990297447,101.9910001929141
2026-03-06 01:00:00+00:00,108.5225,57.3025,94.88916562196088,95.32375920117856
2026-03-06 02:00:00+00:00,109.525,60.0,101.60998174581239,95.71393951936413
2026-03-06 03:00:00+00:00,115.5,61.795,109.02500684986427,101.95807959289378
2026-03-06 04:00:00+00:00,129.6575,65.9925,121.79096339045446,120.66801585734015
2026-03-06 05:00:00+00:00,157.285,76.565,140.81961094711207,145.39924797456203
2026-03-06 06:00:00+00:00,177.025,88.525,152.0161041309334,165.74325980793898
2026-03-06 07:00:00+00:00,138.2875,79.33,125.15075310709767,134.69002685550714
2026-03-06 08:00:00+00:00,111.9625,64.415,88.20233302939556,86.489745453016
2026-03-06 09:00:00+00:00,96.5,31.5475,56.534287058125315,67.76746046169606
2026-03-06 10:00:00+00:00,66.7125,0.97,27.034238860033966,39.58676626917453
2026-03-06 11:00:00+00:00,52.64,-0.0125,14.09952767737154,23.427142058488197
2026-03-06 12:00:00+00:00,48.6525,-0.01,16.880666172235223,21.350818054064938
2026-03-06 13:00:00+00:00,73.9375,7.7375,41.18859662964081,39.024038732589894
2026-03-06 14:00:00+00:00,107.0675,59.755,85.49662023600317,88.08063752076578
2026-03-06 15:00:00+00:00,130.39749999999998,92.0,131.17920894896974,138.53618693582186
2026-03-06 16:00:00+00:00,177.4375,115.195,170.75279760820223,180.86699577162454
2026-03-06 17:00:00+00:00,229.5525,118.1,185.7148266443471,200.57028718270377
2026-03-06 18:00:00+00:00,189.765,109.2525,175.36901140471596,178.33229221516007
2026-03-06 19:00:00+00:00,153.11,100.03,158.59544862967812,146.87524339872695
2026-03-06 20:00:00+00:00,134.1925,90.9625,151.27729885320252,133.5293561407507
2026-03-06 21:00:00+00:00,127.245,87.51,145.81989914870144,138.38240107602115
2026-03-06 22:00:00+00:00,126.075,80.0025,136.82083272759954,124.9170868898754
2026-03-06 23:00:00+00:00,135.1625,80.02,111.8230793661607,113.66850001503434
2026-03-07 00:00:00+00:00,130.6775,76.305,109.92871399280381,111.1645204781869
2026-03-07 01:00:00+00:00,125.6725,74.7275,109.90641846241618,110.07501977506072
2026-03-07 02:00:00+00:00,124.39,71.775,111.02192609261668,107.04959759865488
2026-03-07 03:00:00+00:00,124.7475,71.8925,116.30964087878485,106.26314697128194
2026-03-07 04:00:00+00:00,129.575,72.25,126.37796096671363,117.76405871792105
2026-03-07 05:00:00+00:00,135.62,72.9225,142.47024915080752,157.76443277595132
2026-03-07 06:00:00+00:00,129.5575,76.29,150.77397429576058,126.2974142518892
2026-03-07 07:00:00+00:00,112.9025,57.115,121.87408836874081,107.45658480238734
2026-03-07 08:00:00+00:00,102.7875,17.7975,89.07263545308335,83.63564009766364
2026-03-07 09:00:00+00:00,74.445,-0.01,60.04810158628392,38.110876821168844
2026-03-07 10:00:00+00:00,30.5425,-0.0275,32.76123599855319,-9.432222939913753
2026-03-07 11:00:00+00:00,13.03,-0.2525,21.125902652215558,-13.562359102282093
2026-03-07 12:00:00+00:00,1.4175,-0.2225,20.110918538309974,-7.786496685575928
2026-03-07 13:00:00+00:00,18.1775,-0.0075,39.63802553256822,7.977160506280294
2026-03-07 14:00:00+00:00,83.285,14.8625,72.06928717996266,80.68444457284163
2026-03-07 15:00:00+00:00,126.315,65.6475,107.51526445926409,111.40013055617528
2026-03-07 16:00:00+00:00,147.37,89.935,148.46034583395124,134.94223405128102
2026-03-07 17:00:00+00:00,180.8725,95.1925,175.70472034330146,193.13520409878132
2026-03-07 18:00:00+00:00,166.725,85.1675,156.5950814395365,168.15811150812232
2026-03-07 19:00:00+00:00,148.1975,69.1175,135.61848192958473,136.54335404536968
2026-03-07 20:00:00+00:00,137.61,64.6675,123.11682290129926,132.3931308334161
2026-03-07 21:00:00+00:00,134.1975,64.6625,116.37634257036271,128.10124581802617
2026-03-07 22:00:00+00:00,130.645,60.6725,112.16781550935914,124.92495425421563
2026-03-07 23:00:00+00:00,135.9925,47.6475,106.19234868025148,135.58033023335756
2026-03-08 00:00:00+00:00,132.7325,51.55,103.36764455787898,124.46783452582255
2026-03-08 01:00:00+00:00,131.1925,54.2475,102.52062703896789,122.8982381167183
2026-03-08 02:00:00+00:00,130.0925,57.072500000000005,103.73713287437637,120.6224849373814
2026-03-08 03:00:00+00:00,129.335,61.085,106.66175834734764,116.29971064325514
2026-03-08 04:00:00+00:00,129.635,65.18,111.99090245681334,122.72234887020593
2026-03-08 05:00:00+00:00,131.0975,66.00750000000001,118.18660800323887,119.08108017860286
2026-03-08 06:00:00+00:00,116.985,64.9975,115.76179738587084,116.66405546608179
2026-03-08 07:00:00+00:00,108.5625,52.535,98.78109214281254,100.07515650265461
2026-03-08 08:00:00+00:00,90.7175,19.98,74.8598473283171,87.37113679154646
2026-03-08 09:00:00+00:00,62.94,0.0,45.98342656324473,45.5491807038037
2026-03-08 10:00:00+00:00,18.0275,-0.025,15.07968295640596,15.66593411294391
2026-03-08 11:00:00+00:00,8.3325,-0.365,1.5924444116393914,7.777724957433377
2026-03-08 12:00:00+00:00,-0.005,-0.7875,-2.062785017223163,8.116762784738407
2026-03-08 13:00:00+00:00,6.48,-0.005,10.828672221168574,7.20703832429163
2026-03-08 14:00:00+00:00,64.25999999999999,25.9525,55.89888317630053,55.16865803421392
2026-03-08 15:00:00+00:00,117.2025,74.84,96.23509248932943,109.01121631758613
2026-03-08 16:00:00+00:00,146.3125,103.76,119.76224479905021,125.95526657077315
2026-03-08 17:00:00+00:00,160.26,110.2025,134.10662088722535,144.14113461587291
2026-03-08 18:00:00+00:00,154.0525,101.685,120.17822754490474,138.1784839692405
2026-03-08 19:00:00+00:00,138.7925,90.735,103.26956406269763,122.38591480907805
2026-03-08 20:00:00+00:00,127.435,81.315,92.22190060290028,110.08504302505436
2026-03-08 21:00:00+00:00,121.115,74.66499999999999,88.03105454964447,108.31929465486866
2026-03-08 22:00:00+00:00,113.5725,68.1475,85.77064380614573,100.58760239547577
2026-03-08 23:00:00+00:00,114.0875,65.13,113.6713427595673,119.23106897998389
2026-03-09 00:00:00+00:00,109.2725,66.94500000000001,114.51380734322699,113.69464387337817
2026-03-09 01:00:00+00:00,109.12,69.0075,117.4979221184179,117.32842276923657
2026-03-09 02:00:00+00:00,110.48,69.5675,121.5170558566015,119.32709659118456
2026-03-09 03:00:00+00:00,116.39,74.03,126.85451880764992,120.5903947677505
2026-03-09 04:00:00+00:00,136.9975,85.03,133.38624560548777,129.17888249464468
2026-03-09 05:00:00+00:00,163.925,100.1675,141.03961552643932,147.5448012926108
2026-03-09 06:00:00+00:00,191.58,138.6525,139.5948141594545,150.23808411884605
2026-03-09 07:00:00+00:00,162.605,124.8625,124.44642604694097,140.8119408915935
2026-03-09 08:00:00+00:00,127.0725,89.4625,97.33798883341666,99.29697560078172
2026-03-09 09:00:00+00:00,101.1175,69.9,67.64310526392894,80.17990758535002
2026-03-09 10:00:00+00:00,81.0475,53.5625,38.02103602964232,52.81122394706356
2026-03-09 11:00:00+00:00,67.69,29.067500000000003,28.77836665132194,40.79982893641108
2026-03-09 12:00:00+00:00,67.2925,40.2525,30.749836398445908,39.36566301991512
2026-03-09 13:00:00+00:00,81.375,64.03,46.496419240392115,64.85325615880912
2026-03-09 14:00:00+00:00,112.9925,84.9875,91.3571585463591,94.74546295679191
2026-03-09 15:00:00+00:00,143.4375,109.1525,136.346740228242,142.10461246669044
2026-03-09 16:00:00+00:00,187.025,173.5,171.92529170008112,249.44633663519167
2026-03-09 17:00:00+00:00,243.9725,187.995,187.66185051201893,325.5796444421902
2026-03-09 18:00:00+00:00,222.405,143.61,183.4098002783277,302.7603748292392
2026-03-09 19:00:00+00:00,180.89,107.685,171.34490728465994,227.524020102562
2026-03-09 20:00:00+00:00,152.1575,96.4675,162.5445160302724,174.97893036969245
2026-03-09 21:00:00+00:00,143.27,96.8,155.675643444539,155.73601024718013
2026-03-09 22:00:00+00:00,132.695,88.89500000000001,147.1222489542443,141.44961340353382
2026-03-09 23:00:00+00:00,138.58,89.0625,136.13736945369337,140.16527089246685
2026-03-10 00:00:00+00:00,130.44,90.1225,131.97636061496343,127.03091191139916
2026-03-10 01:00:00+00:00,127.6125,89.425,130.52817622049233,126.19283044396896
2026-03-10 02:00:00+00:00,126.9,92.815,131.79249062904282,125.44812809859201
2026-03-10 03:00:00+00:00,128.48250000000002,95.7225,136.88377180373976,133.78789263934834
2026-03-10 04:00:00+00:00,140.70999999999998,103.32,149.1680237058727,166.1029349011632
2026-03-10 05:00:00+00:00,168.1025,136.0475,167.51356201964532,211.92150477173476
2026-03-10 06:00:00+00:00,180.17,156.3975,180.81777927520008,211.77734397552035
2026-03-10 07:00:00+00:00,173.32,136.78,156.85853747919185,179.37653431287805
2026-03-10 08:00:00+00:00,140.53750000000002,99.52,119.94743034288219,125.92391559048394
2026-03-10 09:00:00+00:00,118.25,78.17,88.98192012308422,85.97334968989044
2026-03-10 10:00:00+00:00,103.7925,55.9225,68.9923397337346,67.2584328445258
2026-03-10 11:00:00+00:00,91.44,32.365,57.31157720538406,57.57137735514427
2026-03-10 12:00:00+00:00,97.0375,35.6625,56.220396167264454,51.70314415860671
2026-03-10 13:00:00+00:00,107.165,64.14500000000001,73.80490829112354,75.26557058553036
2026-03-10 14:00:00+00:00,121.4925,86.7675,106.32305520704995,97.90376510011569
2026-03-10 15:00:00+00:00,144.3925,114.18,135.17197647043886,120.03854112107022
2026-03-10 16:00:00+00:00,179.0025,158.615,173.13960716458791,188.95177787150865
2026-03-10 17:00:00+00:00,218.2275,204.2575,204.7948673144326,210.64941684955576
2026-03-10 18:00:00+00:00,201.13,173.37,188.37585748688082,185.59890467885685
2026-03-10 19:00:00+00:00,159.5475,131.725,158.14963389720884,155.56208917719835
2026-03-10 20:00:00+00:00,139.9675,116.18,134.9790615035218,132.63660038317073
2026-03-10 21:00:00+00:00,123.255,111.32,122.03103058589866,122.12178597629465
2026-03-10 22:00:00+00:00,98.5825,104.695,108.6975903996125,108.1243965798781
2026-03-10 23:00:00+00:00,83.9575,129.01,92.57397451372626,110.84719237002531
2026-03-11 00:00:00+00:00,70.805,127.8225,82.81988273152928,97.81081959110767
2026-03-11 01:00:00+00:00,65.425,125.3225,76.1001183933711,94.70294439395062
2026-03-11 02:00:00+00:00,63.5725,124.735,73.47597106181075,90.75325634730494
2026-03-11 03:00:00+00:00,56.0725,128.2025,72.6835747710408,85.61398486660013
2026-03-11 04:00:00+00:00,64.535,141.16,77.94112282362407,85.59139818161432
2026-03-11 05:00:00+00:00,70.8675,200.2975,92.73433734508664,99.25986661870304
2026-03-11 06:00:00+00:00,80.87,267.485,101.42262459522198,99.93061683340675
2026-03-11 07:00:00+00:00,75.5025,193.3475,84.70210573122002,91.30108742076848
2026-03-11 08:00:00+00:00,57.945,150.76,57.05889979223657,68.5175381164491
2026-03-11 09:00:00+00:00,26.2275,110.4175,36.167998595025495,44.85157371502949
2026-03-11 10:00:00+00:00,12.1975,78.2975,23.98323096824825,32.621531262107574
2026-03-11 11:00:00+00:00,9.9125,42.495,16.416091191716603,21.855294245570505
2026-03-11 12:00:00+00:00,16.1375,32.975,29.27576207983526,22.129559619681466
2026-03-11 13:00:00+00:00,47.2725,65.405,47.87621445645131,38.15312095237917
2026-03-11 14:00:00+00:00,79.33,99.1125,71.0086696977117,62.10299291190757
2026-03-11 15:00:00+00:00,104.105,137.21,96.21713918862265,89.09858247563359
2026-03-11 16:00:00+00:00,128.7775,244.265,128.51336446497052,115.94421550043144
2026-03-11 17:00:00+00:00,153.13750000000002,310.86,156.3914924092702,130.62607806954432
2026-03-11 18:00:00+00:00,156.72,239.6275,144.67527771260757,142.73883014616376
2026-03-11 19:00:00+00:00,132.19,169.86,119.17042672858722,128.2053991914025
2026-03-11 20:00:00+00:00,123.0275,151.8775,109.42955570478503,110.69039211345564
2026-03-11 21:00:00+00:00,119.3025,142.24,102.29383543727783,107.31631835176167
2026-03-11 22:00:00+00:00,104.0025,124.8075,90.39070754897189,100.20946912564969
2026-03-11 23:00:00+00:00,100.185,116.485,79.86147215708311,89.42468826394294
2026-03-12 00:00:00+00:00,92.0425,109.9325,75.1066988351771,91.6019527088238
2026-03-12 01:00:00+00:00,88.8125,109.2625,75.3726081559368,91.76492147565486
2026-03-12 02:00:00+00:00,88.61,108.785,78.06196475544284,88.1476587628698
2026-03-12 03:00:00+00:00,89.6625,111.0625,79.45969385830308,94.3400553182821
2026-03-12 04:00:00+00:00,99.8225,126.9325,89.81029918606288,93.26083010057332
2026-03-12 05:00:00+00:00,130.6675,154.3875,100.49167540081201,118.28140530876745
2026-03-12 06:00:00+00:00,137.14,175.54500000000002,108.11119983124411,112.18663656479053
2026-03-12 07:00:00+00:00,104.805,139.32999999999998,95.47156455691398,107.36600665463278
2026-03-12 08:00:00+00:00,79.9975,97.0925,69.92028488936492,76.63909403753698
2026-03-12 09:00:00+00:00,28.475,64.145,34.33302731432978,38.17009437526297
2026-03-12 10:00:00+00:00,0.3425,22.955,9.764023540480963,20.115228237693323
2026-03-12 11:00:00+00:00,-1.0925,2.1225,-1.9529927116115147,13.618499480063258
2026-03-12 12:00:00+00:00,-2.4925,2.825,-6.633146082180659,3.756183441899216
2026-03-12 13:00:00+00:00,-0.9025,38.835,11.832554085757053,6.008277926414866
2026-03-12 14:00:00+00:00,3.6,90.0025,39.74989632213485,25.590469825148254
2026-03-12 15:00:00+00:00,51.165,137.75,71.42733599502898,73.3504669304777
2026-03-12 16:00:00+00:00,108.5775,180.375,102.09612300619095,87.30748432172892
2026-03-12 17:00:00+00:00,114.865,192.02,118.67895079429985,100.68977105220772
2026-03-12 18:00:00+00:00,105.9975,165.0,110.8587266668745,91.5248543724429
2026-03-12 19:00:00+00:00,86.57,135.245,86.66248852910242,81.49982737655284
2026-03-12 20:00:00+00:00,69.79,130.59,72.76241337162519,72.20435065256247
2026-03-12 21:00:00+00:00,62.555,130.1425,65.3883573482581,65.8255073825207
2026-03-12 22:00:00+00:00,17.9025,119.7,52.82879036480051,48.53212562093797
2026-03-12 23:00:00+00:00,6.29,104.125,40.999712685148566,34.84571044701717
2026-03-13 00:00:00+00:00,4.1025,106.0,36.67821486356226,37.79336749207151
2026-03-13 01:00:00+00:00,2.8875,108.5225,34.77929501963722,36.62929331883472
2026-03-13 02:00:00+00:00,1.1475,109.525,35.42048647137642,30.157784979144985
2026-03-13 03:00:00+00:00,1.46,115.5,37.2983231486882,30.84853100276997
2026-03-13 04:00:00+00:00,2.9075,129.6575,44.46679292277709,33.57871883928745
2026-03-13 05:00:00+00:00,8.46,157.285,60.20123219703896,46.663993237383934
2026-03-13 06:00:00+00:00,19.9375,177.025,59.64766074981691,58.65033614697507
2026-03-13 07:00:00+00:00,6.415,138.2875,29.24463205560584,34.29924106241046
2026-03-13 08:00:00+00:00,-0.24,111.9625,1.7570485485483545,10.24781004575664
2026-03-13 09:00:00+00:00,-4.9975,96.5,-25.159363052385572,3.855211909885022
2026-03-13 10:00:00+00:00,-9.0,66.7125,-36.97787048693094,-2.760201066570162
2026-03-13 11:00:00+00:00,-8.3475,52.64,-27.98545301578902,-7.617798783660179
2026-03-13 12:00:00+00:00,-2.5525,48.6525,-9.788537889536556,-8.761678050004743
2026-03-13 13:00:00+00:00,1.1725,73.9375,11.874137875758052,-0.23568314452025818
2026-03-13 14:00:00+00:00,47.07,107.0675,37.34239218543629,46.91446284246047
2026-03-13 15:00:00+00:00,101.31,130.39749999999998,80.42001243101258,77.83923087745647
2026-03-13 16:00:00+00:00,141.93,177.4375,127.8872949416147,110.96021720602208
2026-03-13 17:00:00+00:00,161.4925,229.5525,145.55816608298764,132.1824443466866
2026-03-13 18:00:00+00:00,165.745,189.765,142.3640075159375,128.32538111803035
2026-03-13 19:00:00+00:00,145.7225,153.11,130.9532018687153,132.58654761462734
2026-03-13 20:00:00+00:00,130.335,134.1925,121.6081638995004,121.16821568611384
2026-03-13 21:00:00+00:00,123.4225,127.245,116.70865672372767,115.44503575905911
2026-03-13 22:00:00+00:00,115.8075,126.075,96.9836991927576,107.4664338426332
2026-03-13 23:00:00+00:00,112.945,135.1625,73.38100507500724,108.97321352084809
2026-03-14 00:00:00+00:00,109.07,130.6775,73.44473050714348,109.83735694903137
2026-03-14 01:00:00+00:00,103.99,125.6725,75.32298928870094,101.59081692608775
2026-03-14 02:00:00+00:00,101.8625,124.39,77.99305642934408,98.8248392666509
2026-03-14 03:00:00+00:00,105.115,124.7475,82.21038165511392,98.91058326646503
2026-03-14 04:00:00+00:00,109.0675,129.575,88.48874148469997,108.15105193598312
2026-03-14 05:00:00+00:00,111.52,135.62,97.90335756647994,111.46803911397625
2026-03-14 06:00:00+00:00,116.7075,129.5575,109.96779309070016,107.93760633859787
2026-03-14 07:00:00+00:00,121.88,112.9025,108.8680675732285,101.65804692002773
2026-03-14 08:00:00+00:00,116.14,102.7875,105.55594003611412,86.54474878970495
2026-03-14 09:00:00+00:00,107.5225,74.445,97.10624715685653,77.25149141954677
2026-03-14 10:00:00+00:00,103.525,30.5425,91.50468442195667,70.34548852529763
2026-03-14 11:00:00+00:00,104.195,13.03,91.69347136832485,71.87976818082115
2026-03-14 12:00:00+00:00,103.43,1.4175,91.06066023483093,77.3339347334495
2026-03-14 13:00:00+00:00,105.6775,18.1775,96.11180210023774,83.11890611639562
2026-03-14 14:00:00+00:00,114.22,83.285,124.80373567126065,96.72761619997277
2026-03-14 15:00:00+00:00,130.0,126.315,150.76532567048434,133.9476094695839
2026-03-14 16:00:00+00:00,138.65,147.37,168.10588490037088,152.8756206635115
2026-03-14 17:00:00+00:00,161.1,180.8725,174.99089396948222,146.85651021706582
2026-03-14 18:00:00+00:00,169.83499999999998,166.725,171.59005890358134,150.24998865710216
2026-03-14 19:00:00+00:00,150.265,148.1975,155.88446853372292,145.89022826542654
2026-03-14 20:00:00+00:00,137.4525,137.61,142.43601948119604,136.3565208827674
2026-03-14 21:00:00+00:00,135.2375,134.1975,133.76141109838335,135.8837530614142
2026-03-14 22:00:00+00:00,128.04500000000002,130.645,126.00711685969338,133.6160243158754
2026-03-14 23:00:00+00:00,137.3425,135.9925,117.80368198541848,131.63028253436318
2026-03-15 00:00:00+00:00,133.73000000000002,132.7325,113.70891344554681,130.27377438362385
2026-03-15 01:00:00+00:00,124.96,131.1925,110.894717618558,125.20219028648009
2026-03-15 02:00:00+00:00,123.5275,130.0925,111.17727899932203,121.83602901421794
2026-03-15 03:00:00+00:00,122.1775,129.335,115.60143323414711,117.71657196164222
2026-03-15 04:00:00+00:00,124.12,129.635,122.27035888037857,119.73258454299778
2026-03-15 05:00:00+00:00,124.3875,131.0975,128.45327144409157,120.63592662718945
2026-03-15 06:00:00+00:00,118.46,116.985,131.0967600871971,119.64491400114487
2026-03-15 07:00:00+00:00,109.095,108.5625,127.44002981333252,111.53965823823624
2026-03-15 08:00:00+00:00,94.77,90.7175,115.28010887830798,109.08260905346704
2026-03-15 09:00:00+00:00,87.305,62.94,99.58326699512241,101.12028495572207
2026-03-15 10:00:00+00:00,72.21,18.0275,83.08946499802164,90.86229468475611
2026-03-15 11:00:00+00:00,52.9675,8.3325,72.47608918761479,73.94712877399986
2026-03-15 12:00:00+00:00,36.4575,-0.005,74.69421770434482,56.744264794262364
2026-03-15 13:00:00+00:00,37.1975,6.48,74.82468387915488,58.86867501826676
2026-03-15 14:00:00+00:00,63.0775,64.25999999999999,88.20417198415929,76.22940178433655
2026-03-15 15:00:00+00:00,89.245,117.2025,108.55008870918063,99.77989129349031
2026-03-15 16:00:00+00:00,127.9125,146.3125,123.81344370633994,122.44363723280334
2026-03-15 17:00:00+00:00,149.115,160.26,133.96413851384753,134.5984115508178
2026-03-15 18:00:00+00:00,131.87,154.0525,126.55665587503857,134.46782630704615
2026-03-15 19:00:00+00:00,108.4825,138.7925,101.65576480128966,117.22495594559308
2026-03-15 20:00:00+00:00,91.875,127.435,81.55163874749009,104.27852335504251
2026-03-15 21:00:00+00:00,82.8625,121.115,69.11805142439766,93.0982501741164
2026-03-15 22:00:00+00:00,64.015,113.5725,54.12117557439408,69.01199744285255
2026-03-15 23:00:00+00:00,34.165,114.0875,70.69597476932782,55.508915505530936
2026-03-16 00:00:00+00:00,23.3275,109.2725,61.53319060293167,44.76342400241267
2026-03-16 01:00:00+00:00,17.59,109.12,53.327984751999836,33.43551353127484
2026-03-16 02:00:00+00:00,14.1375,110.48,50.61806741991916,33.14448982391315
2026-03-16 03:00:00+00:00,20.0575,116.39,50.683183205524585,27.030054311820237
2026-03-16 04:00:00+00:00,37.4275,136.9975,57.18403129017742,36.21972860940705
2026-03-16 05:00:00+00:00,66.19,163.925,63.979874706961795,60.7755243885992
2026-03-16 06:00:00+00:00,95.5675,191.58,66.94648476583984,67.11377671709516
2026-03-16 07:00:00+00:00,95.9775,162.605,56.99893554812881,63.76952841226006
2026-03-16 08:00:00+00:00,73.105,127.0725,39.61607670409523,49.076744894880605
2026-03-16 09:00:00+00:00,42.595,101.1175,27.911881849558526,33.44099061740123
2026-03-16 10:00:00+00:00,17.365000000000002,81.0475,22.075500573787167,20.872186713074196
2026-03-16 11:00:00+00:00,12.035,67.69,14.886802017401592,10.361215570231462
2026-03-16 12:00:00+00:00,15.88,67.2925,7.503687294947724,1.4719740608071912
2026-03-16 13:00:00+00:00,42.1725,81.375,14.067547498202117,-1.653006044538989
2026-03-16 14:00:00+00:00,64.445,112.9925,39.86818172241698,22.026209336935565
2026-03-16 15:00:00+00:00,106.21,143.4375,78.8190399319698,78.73811162186121
2026-03-16 16:00:00+00:00,138.6025,187.025,123.41480453628795,117.96188168443925
2026-03-16 17:00:00+00:00,165.035,243.9725,155.56596684584392,154.36542292536535
2026-03-16 18:00:00+00:00,179.8875,222.405,155.83261313316214,150.99483128462586
2026-03-16 19:00:00+00:00,154.785,180.89,142.06132414926498,155.12528705619826
2026-03-16 20:00:00+00:00,125.7125,152.1575,131.08228909177697,135.618830570064
2026-03-16 21:00:00+00:00,121.9125,143.27,125.26413858870347,130.56884483772313
2026-03-16 22:00:00+00:00,99.765,132.695,115.98019732444045,118.94970287537986
2026-03-16 23:00:00+00:00,113.665,138.58,105.83428691181021,112.7428118387803
2026-03-17 00:00:00+00:00,105.585,130.44,102.4522418633122,112.58034654460776
2026-03-17 01:00:00+00:00,106.4225,127.6125,103.3442362244255,113.85176110595017
2026-03-17 02:00:00+00:00,106.5225,126.9,106.68375487367628,115.18295601560925
2026-03-17 03:00:00+00:00,110.03,128.48250000000002,114.94497465388523,118.68188940763969
2026-03-17 04:00:00+00:00,119.915,140.70999999999998,128.3849684445667,123.65139720542057
2026-03-17 05:00:00+00:00,147.965,168.1025,147.73077641711743,140.7182717001
2026-03-17 06:00:00+00:00,167.98,180.17,160.4285958105486,150.25488060772253
2026-03-17 07:00:00+00:00,152.5125,173.32,152.45420392676434,143.70001028869234
2026-03-17 08:00:00+00:00,124.0725,140.53750000000002,132.72238262244855,122.59900942750156
2026-03-17 09:00:00+00:00,108.64,118.25,112.88184873399572,96.12501764592194
2026-03-17 10:00:00+00:00,100.65,103.7925,95.68585078876347,84.57136486225303
2026-03-17 11:00:00+00:00,95.2275,91.44,90.52059145651778,79.87569228419606
2026-03-17 12:00:00+00:00,96.765,97.0375,94.89772949068448,79.01015102153953
2026-03-17 13:00:00+00:00,99.325,107.165,111.8307109105688,83.54336800546224
2026-03-17 14:00:00+00:00,112.1075,121.4925,131.687533860727,98.4169454975592
2026-03-17 15:00:00+00:00,131.7775,144.3925,157.26455956281802,133.7126994451507
2026-03-17 16:00:00+00:00,162.2025,179.0025,177.40811343670362,161.52153757872043
2026-03-17 17:00:00+00:00,207.2975,218.2275,188.09651758556814,201.27843301425304
2026-03-17 18:00:00+00:00,170.3825,201.13,181.3837776352596,178.62515690683108
2026-03-17 19:00:00+00:00,144.2375,159.5475,154.68169299011103,131.74237618768424
2026-03-17 20:00:00+00:00,129.79000000000002,139.9675,128.9170026561109,112.62511779156641
2026-03-17 21:00:00+00:00,114.24,123.255,116.63464050356866,105.99980298106857
2026-03-17 22:00:00+00:00,100.4575,98.5825,97.83010390802725,87.86486704277952
2026-03-17 23:00:00+00:00,89.8,83.9575,86.85951917759833,84.17697253577724
2026-03-18 00:00:00+00:00,86.72749999999999,70.805,79.59341370281261,81.22818504727732
2026-03-18 01:00:00+00:00,85.685,65.425,78.74523705299889,78.89392940427388
2026-03-18 02:00:00+00:00,86.8675,63.5725,80.26948267536922,78.6926120636317
2026-03-18 03:00:00+00:00,88.83500000000001,56.0725,84.32400346950817,84.98830307161533
2026-03-18 04:00:00+00:00,100.055,64.535,92.72058651960978,92.18514191705952
2026-03-18 05:00:00+00:00,130.74,70.8675,108.7814050829882,115.77047986547247
2026-03-18 06:00:00+00:00,133.5925,80.87,112.04787240578932,119.44991553128972
2026-03-18 07:00:00+00:00,99.9375,75.5025,86.60007110870104,81.10210756320461
2026-03-18 08:00:00+00:00,62.95,57.945,53.24787854852624,47.17870900703343
2026-03-18 09:00:00+00:00,9.9975,26.2275,26.100808733167227,12.388652474291996
2026-03-18 10:00:00+00:00,-1.62,12.1975,10.889477231210762,-5.899683999285175
2026-03-18 11:00:00+00:00,-2.31,9.9125,4.981834434710791,-2.2554019697181884
2026-03-18 12:00:00+00:00,-2.7125,16.1375,9.084769598871674,1.5465579202116082
2026-03-18 13:00:00+00:00,0.2224999999999999,47.2725,25.40883052105967,9.67277772375753
2026-03-18 14:00:00+00:00,47.19499999999999,79.33,52.005579592478824,60.12492031660861
2026-03-18 15:00:00+00:00,107.0325,104.105,90.35134290355144,95.62895641252601
2026-03-18 16:00:00+00:00,145.2125,128.7775,133.56781167018642,129.66386799517005
2026-03-18 17:00:00+00:00,177.6225,153.13750000000002,168.95872586415072,158.16619559233322
2026-03-18 18:00:00+00:00,170.1975,156.72,154.10845879346263,151.66851588824517
2026-03-18 19:00:00+00:00,148.49,132.19,136.80600212125967,133.5257822601842
2026-03-18 20:00:00+00:00,132.0575,123.0275,127.78199928199302,122.78958121671592
2026-03-18 21:00:00+00:00,123.775,119.3025,120.7158784219564,113.74537641936739
2026-03-18 22:00:00+00:00,113.375,104.0025,114.80488214955146,102.57939076540882
2026-03-18 23:00:00+00:00,109.25,100.185,106.40290470842062,101.39685522108192
2026-03-19 00:00:00+00:00,112.64,92.0425,108.43229098445457,100.24730100818361
2026-03-19 01:00:00+00:00,113.9925,88.8125,112.23456185018537,98.9562644241938
2026-03-19 02:00:00+00:00,115.525,88.61,117.86784598958744,102.96484071612848
2026-03-19 03:00:00+00:00,123.275,89.6625,124.34260586751562,106.34876319622063
2026-03-19 04:00:00+00:00,132.78,99.8225,135.8128573884568,114.74892536814872
2026-03-19 05:00:00+00:00,160.1275,130.6675,157.52520636967546,161.09403146567183
2026-03-19 06:00:00+00:00,158.2425,137.14,156.51911455458102,150.73744089209143
2026-03-19 07:00:00+00:00,138.6025,104.805,121.98814833935015,131.8747659374862
2026-03-19 08:00:00+00:00,90.9025,79.9975,82.4188609248358,88.42403153451438
2026-03-19 09:00:00+00:00,55.3,28.475,36.591370264022395,50.334671729864596
2026-03-19 10:00:00+00:00,7.869999999999999,0.3425,16.511805967009764,18.444513427428575
2026-03-19 11:00:00+00:00,0.0,-1.0925,9.545190453836426,10.49710881777076
2026-03-19 12:00:00+00:00,2.53,-2.4925,8.984938441494549,3.710661631217057
2026-03-19 13:00:00+00:00,43.715,-0.9025,18.58421421836755,18.381395995966866
2026-03-19 14:00:00+00:00,85.9475,3.6,53.70257241893185,68.75823521198835
2026-03-19 15:00:00+00:00,120.3475,51.165,106.04906896718532,116.45409437013656
2026-03-19 16:00:00+00:00,152.175,108.5775,148.7421468565255,152.8618280928665
2026-03-19 17:00:00+00:00,209.2675,114.865,174.90501684271067,209.8656226007032
2026-03-19 18:00:00+00:00,214.3825,105.9975,173.3788268033756,191.49778692449536
2026-03-19 19:00:00+00:00,163.37,86.57,159.32010445445997,158.1725308529664
2026-03-19 20:00:00+00:00,149.04000000000002,69.79,147.03892419331783,133.43315240516475
2026-03-19 21:00:00+00:00,139.55,62.555,139.33093048938125,126.9067906976189
2026-03-19 22:00:00+00:00,132.2375,17.9025,127.55344839048078,115.16240962847951
2026-03-19 23:00:00+00:00,143.5625,6.29,111.03442375765941,114.09781270515793
2026-03-20 00:00:00+00:00,137.96,4.1025,111.98642386177613,112.57708332815886
2026-03-20 01:00:00+00:00,135.6425,2.8875,112.73744690897547,112.07154593646639
2026-03-20 02:00:00+00:00,137.475,1.1475,114.46519062557289,121.09217226261757
2026-03-20 03:00:00+00:00,138.905,1.46,119.52109278218023,126.00519964806657
2026-03-20 04:00:00+00:00,154.59,2.9075,126.26033588034772,127.45546421687649
2026-03-20 05:00:00+00:00,192.295,8.46,142.22565728768495,157.7202239696104
2026-03-20 06:00:00+00:00,197.6425,19.9375,141.6099653680755,157.36190061581613
2026-03-20 07:00:00+00:00,161.3025,6.415,121.76277683638514,142.54323520990658
2026-03-20 08:00:00+00:00,132.0075,-0.24,88.1226084978339,95.56507003182564
2026-03-20 09:00:00+00:00,101.085,-4.9975,56.923166329358004,78.25830043061721
2026-03-20 10:00:00+00:00,78.4725,-9.0,28.042488282870607,44.74236664966496
2026-03-20 11:00:00+00:00,65.61,-8.3475,23.34611428949782,34.95178471147176
2026-03-20 12:00:00+00:00,65.61,-2.5525,28.710111626589594,40.23430272372605
2026-03-20 13:00:00+00:00,87.4,1.1725,52.52551051378721,72.52267454169369
2026-03-20 14:00:00+00:00,117.155,47.07,86.50954451651276,96.62892879334264
2026-03-20 15:00:00+00:00,144.675,101.31,120.3192748298445,116.17026968476078
2026-03-20 16:00:00+00:00,174.8175,141.93,151.09815788147026,130.4251060721388
2026-03-20 17:00:00+00:00,211.005,161.4925,183.92451277755652,185.86257343401445
2026-03-20 18:00:00+00:00,212.31,165.745,185.98830300306076,191.33534087503938
2026-03-20 19:00:00+00:00,180.035,145.7225,158.16479121516505,153.2895319810351
2026-03-20 20:00:00+00:00,163.05,130.335,146.53746235644036,141.6017055749894
2026-03-20 21:00:00+00:00,151.8525,123.4225,138.1355383828154,135.8908434589387
2026-03-20 22:00:00+00:00,148.125,115.8075,131.6283768519717,125.63895033507457
2026-03-20 23:00:00+00:00,142.3975,112.945,118.96423706851976,129.72632552397405
2026-03-21 00:00:00+00:00,138.3425,109.07,115.05770315507614,128.72875334284248
2026-03-21 01:00:00+00:00,136.085,103.99,113.94167570982356,124.90821026002205
2026-03-21 02:00:00+00:00,132.0575,101.8625,116.45526223670362,130.03471905576723
2026-03-21 03:00:00+00:00,131.1925,105.115,121.03421064869252,125.23539410185597
2026-03-21 04:00:00+00:00,137.665,109.0675,131.55854782008447,125.83061429763076
2026-03-21 05:00:00+00:00,142.34,111.52,151.49814097412664,150.60689199613842
2026-03-21 06:00:00+00:00,139.6625,116.7075,154.0433027769987,145.05863310767836
2026-03-21 07:00:00+00:00,127.265,121.88,131.51571598609533,115.36826472995374
2026-03-21 08:00:00+00:00,100.5775,116.14,105.61781919548086,108.50312796429643
2026-03-21 09:00:00+00:00,76.4725,107.5225,77.74654338770061,88.22770872069275
2026-03-21 10:00:00+00:00,45.9,103.525,61.14769287990592,63.50573889775121
2026-03-21 11:00:00+00:00,23.49,104.195,51.11043406581301,41.18258016861808
2026-03-21 12:00:00+00:00,24.27,103.43,55.95809947792514,42.77011002593029
2026-03-21 13:00:00+00:00,62.9275,105.6775,73.59855531467566,70.50013090736523
2026-03-21 14:00:00+00:00,90.0,114.22,99.14221854913923,100.52855714078451
2026-03-21 15:00:00+00:00,115.665,130.0,119.05079596476321,118.93383106011568
2026-03-21 16:00:00+00:00,146.025,138.65,141.1275641160158,144.0508097106512
2026-03-21 17:00:00+00:00,171.6175,161.1,161.43611399566527,164.952744512929
2026-03-21 18:00:00+00:00,163.10500000000002,169.83499999999998,157.02338151893048,157.919469977827
2026-03-21 19:00:00+00:00,141.8275,150.265,132.4648592342359,141.9985133358166
2026-03-21 20:00:00+00:00,126.875,137.4525,116.90153647600587,137.17909999781392
2026-03-21 21:00:00+00:00,120.2425,135.2375,106.61388809031854,123.5172211884673
2026-03-21 22:00:00+00:00,108.0,128.04500000000002,100.92491255647913,121.14931736258946
2026-03-21 23:00:00+00:00,100.4125,137.3425,84.92690444014283,104.2909071595309
2026-03-22 00:00:00+00:00,95.755,133.73000000000002,82.18301390914262,100.32169752218321
2026-03-22 01:00:00+00:00,94.2025,124.96,81.1078652238223,99.05504321107439
2026-03-22 02:00:00+00:00,95.26,123.5275,81.37250401647447,94.25439758581099
2026-03-22 03:00:00+00:00,98.5975,122.1775,84.06259673081237,94.5472097812407
2026-03-22 04:00:00+00:00,101.6625,124.12,91.04374609726653,100.42943345934093
2026-03-22 05:00:00+00:00,100.105,124.3875,95.90735327989613,101.11950530133083
2026-03-22 06:00:00+00:00,84.71,118.46,87.38156157550806,91.61485157914912
2026-03-22 07:00:00+00:00,41.33,109.095,63.97762358431471,53.43991782229261
2026-03-22 08:00:00+00:00,6.7725,94.77,34.4611328696016,30.907174819149983
2026-03-22 09:00:00+00:00,-0.43,87.305,7.764880430901499,-9.374012252000078
2026-03-22 10:00:00+00:00,-4.3625,72.21,-18.261415099986607,-32.70541488867057
2026-03-22 11:00:00+00:00,-11.76,52.9675,-35.96527549495052,-44.0239532851459
2026-03-22 12:00:00+00:00,-10.31,36.4575,-34.53410949848741,-47.18770346988397
2026-03-22 13:00:00+00:00,-2.1775,37.1975,-5.974577687704382,-16.802600329490943
2026-03-22 14:00:00+00:00,11.25,63.0775,31.531928177581946,19.912381119153313
2026-03-22 15:00:00+00:00,93.1525,89.245,73.99202613581988,91.3471494915675
2026-03-22 16:00:00+00:00,145.635,127.9125,118.71376009401048,128.11646832663408
2026-03-22 17:00:00+00:00,174.19,149.115,147.28551709903195,154.29227141981315
2026-03-22 18:00:00+00:00,173.3825,131.87,145.43587297187844,155.4736590150022
2026-03-22 19:00:00+00:00,164.7325,108.4825,132.28557750415416,146.52759704451586
2026-03-22 20:00:00+00:00,155.3775,91.875,122.72844438272983,134.70905434572168
2026-03-22 21:00:00+00:00,146.7975,82.8625,118.15080529849146,128.8500290118644
2026-03-22 22:00:00+00:00,143.505,64.015,110.62068096789028,120.27566469034221
2026-03-22 23:00:00+00:00,131.13750000000002,34.165,132.96785186610157,133.58428403523985
2026-03-23 00:00:00+00:00,125.9,23.3275,131.61992761715305,117.28781785189278
2026-03-23 01:00:00+00:00,125.16,17.59,132.02334475759918,111.95614745973432
2026-03-23 02:00:00+00:00,128.5875,14.1375,134.88198291477508,110.52837233667688
2026-03-23 03:00:00+00:00,138.26749999999998,20.0575,140.14919204103282,123.02968098151503
2026-03-23 04:00:00+00:00,155.72,37.4275,146.5797282377921,140.03377253766433
2026-03-23 05:00:00+00:00,182.29,66.19,151.13611532698468,172.05635279330477
2026-03-23 06:00:00+00:00,186.185,95.5675,139.27290268587123,149.60151661047553
2026-03-23 07:00:00+00:00,147.60500000000002,95.9775,98.7038826882643,116.32132854264543
2026-03-23 08:00:00+00:00,108.0,73.105,57.72592453547962,90.38788978591694
2026-03-23 09:00:00+00:00,81.4325,42.595,31.608009081864964,38.00127698387452
2026-03-23 10:00:00+00:00,48.0825,17.365000000000002,18.84667063064046,17.08370656786306
2026-03-23 11:00:00+00:00,49.255,12.035,14.818264630785862,10.520749468454381
2026-03-23 12:00:00+00:00,74.875,15.88,23.44239922605864,23.989638783964967
2026-03-23 13:00:00+00:00,94.98,42.1725,42.5380308802423,53.192929099592206
2026-03-23 14:00:00+00:00,114.4525,64.445,66.33389206431086,87.0514923065819
2026-03-23 15:00:00+00:00,138.5425,106.21,123.10321732163311,124.62087738352011
2026-03-23 16:00:00+00:00,190.775,138.6025,162.74237507089936,175.69082648553686
2026-03-23 17:00:00+00:00,263.01,165.035,187.9522062268025,232.52888551560105
2026-03-23 18:00:00+00:00,241.56,179.8875,192.27430463910466,244.20579218393823
2026-03-23 19:00:00+00:00,206.5875,154.785,184.41326427543888,270.8363136744469
2026-03-23 20:00:00+00:00,177.32,125.7125,174.30737811639045,232.6033848673613
2026-03-23 21:00:00+00:00,155.74,121.9125,165.66093773009248,199.82443001174968
2026-03-23 22:00:00+00:00,140.45,99.765,157.14488180225985,192.5163545527463
2026-03-23 23:00:00+00:00,141.0625,113.665,132.87080969067094,128.00348522625094
2026-03-24 00:00:00+00:00,124.3175,105.585,121.74301266659685,120.1970133978372
2026-03-24 01:00:00+00:00,109.9975,106.4225,113.5423169565182,110.9935770465819
2026-03-24 02:00:00+00:00,101.64,106.5225,108.40434869630798,105.70025218040678
2026-03-24 03:00:00+00:00,100.375,110.03,108.01569070021922,111.51176247083653
2026-03-24 04:00:00+00:00,100.9725,119.915,112.64277513396544,105.25077972263425
2026-03-24 05:00:00+00:00,110.8175,147.965,122.75065875207791,116.590162218655
2026-03-24 06:00:00+00:00,113.0475,167.98,121.68381632569216,112.93749824253179
2026-03-24 07:00:00+00:00,97.4575,152.5125,93.4121361799208,83.45781582865118
2026-03-24 08:00:00+00:00,70.905,124.0725,61.7773241727144,51.41605323566338
2026-03-24 09:00:00+00:00,23.7275,108.64,35.89041260786793,15.642236750472968
2026-03-24 10:00:00+00:00,1.195,100.65,9.46017866216107,-6.220401410112245
2026-03-24 11:00:00+00:00,-0.01,95.2275,3.085700945097642,-11.707000134997438
2026-03-24 12:00:00+00:00,-0.02,96.765,15.462294065892294,-2.8863076040473463
2026-03-24 13:00:00+00:00,-0.0025,99.325,26.21289637822207,5.379321718429242
2026-03-24 14:00:00+00:00,19.9975,112.1075,41.790412229412354,28.853116162230346
2026-03-24 15:00:00+00:00,77.4325,131.7775,67.43333168251208,60.72153290685979
2026-03-24 16:00:00+00:00,112.84,162.2025,102.49023219939146,91.47408363905275
2026-03-24 17:00:00+00:00,135.8425,207.2975,139.66390865670428,107.34338508762968
2026-03-24 18:00:00+00:00,137.9925,170.3825,120.57548448305043,88.24367327600513
2026-03-24 19:00:00+00:00,101.1,144.2375,90.66891406399054,66.67614136841661
2026-03-24 20:00:00+00:00,74.4975,129.79000000000002,65.06674902628757,48.28519458611947
2026-03-24 21:00:00+00:00,66.1025,114.24,47.89594933542303,48.33780285562985
2026-03-24 22:00:00+00:00,22.0975,100.4575,34.166709753993786,43.57908193256014
2026-03-24 23:00:00+00:00,1.81,89.8,23.965793431774543,28.885577586990728
2026-03-25 00:00:00+00:00,0.3675,86.72749999999999,15.968055501043096,16.436821180939347
2026-03-25 01:00:00+00:00,-0.0025,85.685,10.821906661276174,10.236459630564367
2026-03-25 02:00:00+00:00,-0.01,86.8675,10.247281953975502,2.1064452994024183
2026-03-25 03:00:00+00:00,-0.005,88.83500000000001,12.433115379046328,4.582176857063771
2026-03-25 04:00:00+00:00,0.365,100.055,18.36953471504384,12.290122429387802
2026-03-25 05:00:00+00:00,3.6425,130.74,27.844461112108846,29.826985344950952
2026-03-25 06:00:00+00:00,8.9025,133.5925,32.15012238695937,37.336726995175304
2026-03-25 07:00:00+00:00,0.9075,99.9375,20.38977918584044,23.09452316863899
2026-03-25 08:00:00+00:00,-0.03,62.95,9.28072958694986,10.385400928864593
2026-03-25 09:00:00+00:00,-0.0275,9.9975,-7.713748407473034,7.100360132343207
2026-03-25 10:00:00+00:00,-0.01,-1.62,-3.1615766137453534,22.282012798678277
2026-03-25 11:00:00+00:00,-0.01,-2.31,0.9166053074120413,21.56083463969099
2026-03-25 12:00:00+00:00,-0.01,-2.7125,2.243689624697325,8.713647863039276
2026-03-25 13:00:00+00:00,0.0075,0.2224999999999999,12.296783995682574,23.923265061495158
2026-03-25 14:00:00+00:00,4.775,47.19499999999999,27.912535629501193,27.563567737823536
2026-03-25 15:00:00+00:00,41.9025,107.0325,66.80113009768166,68.07611115030713
2026-03-25 16:00:00+00:00,98.8375,145.2125,95.40966698461455,84.10558718442768
2026-03-25 17:00:00+00:00,134.82999999999998,177.6225,117.24580807156354,110.28220339597492
2026-03-25 18:00:00+00:00,161.925,170.1975,124.20786367279294,116.8042982803312
2026-03-25 19:00:00+00:00,134.9075,148.49,108.27494185850539,99.33908800965472
2026-03-25 20:00:00+00:00,114.46,132.0575,94.3047188274091,91.73468997017783
2026-03-25 21:00:00+00:00,108.1,123.775,88.98817280352694,86.09429969167266
2026-03-25 22:00:00+00:00,88.80250000000001,113.375,68.21490462902084,71.10987194965848
2026-03-25 23:00:00+00:00,99.6375,109.25,59.40001914924423,72.15604643824258
2026-03-26 00:00:00+00:00,95.0725,112.64,57.33520330725703,69.35270116231132
2026-03-26 01:00:00+00:00,91.605,113.9925,57.732815452913044,62.64508571896131
2026-03-26 02:00:00+00:00,94.87,115.525,59.478453761096425,62.36229150120043
2026-03-26 03:00:00+00:00,97.5775,123.275,64.22676773893112,67.14906173803611
2026-03-26 04:00:00+00:00,105.2675,132.78,69.7858849804241,79.4486005442619
2026-03-26 05:00:00+00:00,120.28,160.1275,77.37423364224728,93.0746757076222
2026-03-26 06:00:00+00:00,137.345,158.2425,78.27065171491873,102.5635020281405
2026-03-26 07:00:00+00:00,125.79,138.6025,61.70745044796644,87.60034086356728
2026-03-26 08:00:00+00:00,87.41499999999999,90.9025,40.87043975001172,64.55378481112812
2026-03-26 09:00:00+00:00,41.8525,55.3,23.697367362014788,25.97218197929002
2026-03-26 10:00:00+00:00,13.74,7.869999999999999,12.16564207194213,11.022253152106945
2026-03-26 11:00:00+00:00,3.12,0.0,5.600228768895121,6.1892003008799765
2026-03-26 12:00:00+00:00,0.6300000000000001,2.53,2.810565767758604,0.21858883964632528
2026-03-26 13:00:00+00:00,5.9025,43.715,3.1482617059836997,0.17964681455844447
2026-03-26 14:00:00+00:00,37.435,85.9475,21.214747653839765,19.839335769128308
2026-03-26 15:00:00+00:00,75.8175,120.3475,57.305520921988915,65.87553061049262
2026-03-26 16:00:00+00:00,115.9225,152.175,105.12566099112009,91.13502514699348
2026-03-26 17:00:00+00:00,155.4175,209.2675,139.46840595826754,142.7278045294286
2026-03-26 18:00:00+00:00,167.22,214.3825,158.70192039033338,149.21727952792156
2026-03-26 19:00:00+00:00,153.745,163.37,139.3670661784704,136.3074397504936
2026-03-26 20:00:00+00:00,130.505,149.04000000000002,125.20132978913513,120.8066017947215
2026-03-26 21:00:00+00:00,124.3725,139.55,118.22428393458102,114.19817791407925
2026-03-26 22:00:00+00:00,115.025,132.2375,107.81373557891374,105.81543957148436
2026-03-26 23:00:00+00:00,119.3925,143.5625,109.70963672755181,112.57953232185618
2026-03-27 00:00:00+00:00,119.5,137.96,111.25149090722297,109.24851489809828
2026-03-27 01:00:00+00:00,117.3425,135.6425,114.70766345656338,111.42168062326114
2026-03-27 02:00:00+00:00,117.8325,137.475,122.04630286372307,112.27511830190484
2026-03-27 03:00:00+00:00,120.2475,138.905,130.1340872146402,117.11879678503301
2026-03-27 04:00:00+00:00,136.4625,154.59,142.24359568641216,154.89132068190574
2026-03-27 05:00:00+00:00,172.63,192.295,157.34802495869877,173.4799934330431
2026-03-27 06:00:00+00:00,176.395,197.6425,158.7409079669772,166.44124269460775
2026-03-27 07:00:00+00:00,147.5575,161.3025,135.33488016738644,140.26218153347406
2026-03-27 08:00:00+00:00,114.0025,132.0075,101.15328544152602,91.1964618596653
2026-03-27 09:00:00+00:00,87.25999999999999,101.085,59.68625382701482,59.70152397452254
2026-03-27 10:00:00+00:00,72.81,78.4725,37.4033154802422,31.131856001030616
2026-03-27 11:00:00+00:00,63.31999999999999,65.61,31.396158758065994,26.13364579615767
2026-03-27 12:00:00+00:00,59.6,65.61,34.74129941652425,22.0906040984383
2026-03-27 13:00:00+00:00,74.075,87.4,47.17601625343856,39.679275832707226
2026-03-27 14:00:00+00:00,92.3225,117.155,74.0409928352863,65.92544284558981
2026-03-27 15:00:00+00:00,103.0825,144.675,109.7264175258877,111.92561147636954
2026-03-27 16:00:00+00:00,139.05,174.8175,144.84912613498216,131.78992787129846
2026-03-27 17:00:00+00:00,158.9325,211.005,171.37539476554076,168.76882322172023
2026-03-27 18:00:00+00:00,168.245,212.31,173.92463739598742,169.60133173264663
2026-03-27 19:00:00+00:00,142.89,180.035,155.98958885377533,149.99466145483052
2026-03-27 20:00:00+00:00,118.995,163.05,134.5773985284556,127.46197132365741
2026-03-27 21:00:00+00:00,116.66,151.8525,123.3099060244341,122.31563160434345
2026-03-27 22:00:00+00:00,106.0125,148.125,112.41514493828022,103.18115119223857
2026-03-27 23:00:00+00:00,95.135,142.3975,81.72888323263479,95.25428437839814
2026-03-28 00:00:00+00:00,92.665,138.3425,77.02001003484258,94.30195283414255
2026-03-28 01:00:00+00:00,89.5475,136.085,73.7138191567739,86.2028312328953
2026-03-28 02:00:00+00:00,87.2625,132.0575,73.8074032294281,83.29316396013421
2026-03-28 03:00:00+00:00,88.1175,131.1925,77.25071083529504,83.43857881038217
2026-03-28 04:00:00+00:00,91.6125,137.665,88.90530790270445,89.73560352847922
2026-03-28 05:00:00+00:00,87.92,142.34,108.7413908424536,107.04608485378017
2026-03-28 06:00:00+00:00,79.185,139.6625,110.92729964350039,113.66541341762009
2026-03-28 07:00:00+00:00,68.3,127.265,95.17689166141214,92.01190909890781
2026-03-28 08:00:00+00:00,44.9075,100.5775,78.21047291832602,53.77889307023921
2026-03-28 09:00:00+00:00,17.5825,76.4725,65.21722920693784,46.90546628294336
2026-03-28 10:00:00+00:00,7.6425,45.9,58.588578831523336,34.67060154128244
2026-03-28 11:00:00+00:00,6.695,23.49,58.743691268554315,29.90001706996155
2026-03-28 12:00:00+00:00,7.8475,24.27,62.99839138315151,41.29923036884204
2026-03-28 13:00:00+00:00,20.475,62.9275,78.86905611853126,61.608612432775544
2026-03-28 14:00:00+00:00,54.2425,90.0,94.2242414132093,83.99191023675695
2026-03-28 15:00:00+00:00,81.05250000000001,115.665,108.70424448636032,97.19732532342567
2026-03-28 16:00:00+00:00,110.34,146.025,130.83828783987136,122.15850489851042
2026-03-28 17:00:00+00:00,138.925,171.6175,144.38142252634117,148.34130863509387
2026-03-28 18:00:00+00:00,154.07,163.10500000000002,150.25504731610607,148.41501383565247
2026-03-28 19:00:00+00:00,143.9525,141.8275,134.04301766648757,136.03276061574402
2026-03-28 20:00:00+00:00,131.595,126.875,118.45092419965317,124.21801245606886
2026-03-28 21:00:00+00:00,125.33,120.2425,111.71095511451688,119.38332553644295
2026-03-28 22:00:00+00:00,119.58,108.0,101.81640489140813,107.33939421450957
2026-03-28 23:00:00+00:00,114.56,100.4125,90.70312913829605,100.5047166331108
2026-03-29 00:00:00+00:00,107.6975,95.755,89.35325776112298,98.21412204055669
2026-03-29 01:00:00+00:00,101.165,94.2025,89.73172715446623,94.92512902848192
2026-03-29 02:00:00+00:00,105.225,95.26,91.80937355483269,90.0494511490662
2026-03-29 03:00:00+00:00,104.605,98.5975,96.24426990135913,90.8679668952484
2026-03-29 04:00:00+00:00,109.755,101.6625,102.53888523846231,91.00319165680601
2026-03-29 05:00:00+00:00,115.03,100.105,105.36556557713712,93.89504838691869
2026-03-29 06:00:00+00:00,114.8425,84.71,100.64844179327422,93.40102364822043
2026-03-29 07:00:00+00:00,94.3975,41.33,83.98366884748422,80.78133809039265
2026-03-29 08:00:00+00:00,74.8075,6.7725,57.43490837933248,55.84873026337751
2026-03-29 09:00:00+00:00,44.6975,-0.43,33.12724680023926,24.166654685359827
2026-03-29 10:00:00+00:00,9.73,-4.3625,9.220960901650514,2.914918628689257
2026-03-29 11:00:00+00:00,-0.005,-11.76,-3.63529329592302,-11.830559118121728
2026-03-29 12:00:00+00:00,-1.785,-10.31,-16.803363378495717,-19.04518445948587
2026-03-29 13:00:00+00:00,-2.1,-2.1775,-13.83263134144292,-20.29633982132064
2026-03-29 14:00:00+00:00,0.8724999999999999,11.25,7.0681409171592975,-11.717626071233566
2026-03-29 15:00:00+00:00,33.31,93.1525,39.190478932651864,30.424887830720035
2026-03-29 16:00:00+00:00,89.25999999999999,145.635,74.21793688309273,81.9403286225021
2026-03-29 17:00:00+00:00,105.6775,174.19,95.54518334546671,108.01655605034682
2026-03-29 18:00:00+00:00,95.18,173.3825,93.94019596659797,105.02807038372079
2026-03-29 19:00:00+00:00,74.8125,164.7325,72.8407967864028,74.87395605352472
2026-03-29 20:00:00+00:00,66.85,155.3775,53.21112650941795,45.89601298524475
2026-03-29 21:00:00+00:00,25.635,146.7975,38.63634052568499,28.92829412823952
2026-03-29 22:00:00+00:00,9.1975,143.505,53.66202155477167,11.04678687533932
2026-03-29 23:00:00+00:00,2.3000000000000003,131.13750000000002,46.656351586608906,5.251065092880948
2026-03-30 00:00:00+00:00,5.02,125.9,41.40799267292712,6.6621918815374865
2026-03-30 01:00:00+00:00,3.825,125.16,39.8473979568449,1.019959243082169
2026-03-30 02:00:00+00:00,4.3575,128.5875,44.70201650852418,4.937660344442957
2026-03-30 03:00:00+00:00,18.4225,138.26749999999998,48.7295962913427,10.321134169877
2026-03-30 04:00:00+00:00,66.87,155.72,58.244939383196325,29.222397305162087
2026-03-30 05:00:00+00:00,90.3125,182.29,72.3287605293935,58.821862393440966
2026-03-30 06:00:00+00:00,109.2225,186.185,81.00801980769954,72.84706506119294
2026-03-30 07:00:00+00:00,96.8375,147.60500000000002,70.68905204024357,64.09481711625796
2026-03-30 08:00:00+00:00,73.8475,108.0,57.2184788966384,46.3717842987304
2026-03-30 09:00:00+00:00,45.9975,81.4325,36.46647559277531,22.849690892852287
2026-03-30 10:00:00+00:00,23.5875,48.0825,17.488923550345604,11.466588329758212
2026-03-30 11:00:00+00:00,11.4,49.255,17.14070865682899,4.137296227660823
2026-03-30 12:00:00+00:00,7.5425,74.875,11.79737010873292,1.7653662887519894
2026-03-30 13:00:00+00:00,12.9375,94.98,15.490052214168927,5.97302929838486
2026-03-30 14:00:00+00:00,35.145,114.4525,33.53072180209685,47.87760424306548
2026-03-30 15:00:00+00:00,77.45,138.5425,56.79862589541989,67.7599258488258
2026-03-30 16:00:00+00:00,104.8275,190.775,95.27463256214727,95.75906151339481
2026-03-30 17:00:00+00:00,121.6525,263.01,120.17570091992476,114.48126326201488
2026-03-30 18:00:00+00:00,125.6075,241.56,120.6472896936943,115.23341714382619
2026-03-30 19:00:00+00:00,126.165,206.5875,110.07819848082536,105.65424195307534
2026-03-30 20:00:00+00:00,121.175,177.32,104.96719458604292,103.25784087598981
2026-03-30 21:00:00+00:00,108.88,155.74,85.73614667972186,100.16925096962495
2026-03-30 22:00:00+00:00,109.245,140.45,75.46767615473871,101.84611150916132
2026-03-30 23:00:00+00:00,102.68,141.0625,73.02140535175484,103.81000760916349
2026-03-31 00:00:00+00:00,101.26,124.3175,73.60489583875082,92.54805034818877
2026-03-31 01:00:00+00:00,100.535,109.9975,73.03374314582508,89.36192789186094
2026-03-31 02:00:00+00:00,101.68,101.64,74.72205818703702,87.62881234155545
2026-03-31 03:00:00+00:00,108.0425,100.375,83.6100637181677,86.42817096518593
2026-03-31 04:00:00+00:00,137.1975,100.9725,108.37231611461758,96.6862273009215
2026-03-31 05:00:00+00:00,152.125,110.8175,122.45092247682089,126.44818537784842
2026-03-31 06:00:00+00:00,163.79,113.0475,126.86770855218758,126.43201008998992
2026-03-31 07:00:00+00:00,135.555,97.4575,108.71587090046177,102.72772059288116
2026-03-31 08:00:00+00:00,104.255,70.905,83.84281273170748,80.71920735604886
2026-03-31 09:00:00+00:00,87.35,23.7275,57.76509293256865,62.554725332224756
2026-03-31 10:00:00+00:00,78.67,1.195,34.4018049849722,29.41856826584099
2026-03-31 11:00:00+00:00,55.225,-0.01,23.018170607674577,27.71090372911873
2026-03-31 12:00:00+00:00,53.4875,-0.02,19.5653564460397,23.33036018704374
2026-03-31 13:00:00+00:00,63.0525,-0.0025,29.460913205848897,27.57356661632998
2026-03-31 14:00:00+00:00,82.2175,19.9975,52.27484497456314,60.94774598403393
2026-03-31 15:00:00+00:00,110.9675,77.4325,84.91166458622814,83.9140667148367
2026-03-31 16:00:00+00:00,151.0,112.84,118.7874221398182,113.29225288843638
2026-03-31 17:00:00+00:00,175.0025,135.8425,142.7860660160598,141.10565277111127
2026-03-31 18:00:00+00:00,176.005,137.9925,151.2519399130904,143.62314200738842
2026-03-31 19:00:00+00:00,171.725,101.1,148.15694390224596,145.46616904271917
2026-03-31 20:00:00+00:00,158.32999999999998,74.4975,143.16806335087168,141.6313521573283
2026-03-31 21:00:00+00:00,148.475,66.1025,138.1146935659792,128.07908692262708
2026-03-31 22:00:00+00:00,145.51,22.0975,131.36211382344067,129.25780550365417
2026-03-31 23:00:00+00:00,129.48749999999998,1.81,128.69957841638347,122.53672224176361
2026-04-01 00:00:00+00:00,125.345,0.3675,130.94629707115612,129.40478442613548
2026-04-01 01:00:00+00:00,129.4275,-0.0025,134.5145336205745,126.67801546864179
2026-04-01 02:00:00+00:00,136.025,-0.01,140.483458077848,138.88960639323724
2026-04-01 03:00:00+00:00,149.115,-0.005,149.32730243978392,161.0966883658486
2026-04-01 04:00:00+00:00,180.835,0.365,168.33257726051315,206.6258466809529
2026-04-01 05:00:00+00:00,226.9475,3.6425,177.44258191108173,238.28270684409512
2026-04-01 06:00:00+00:00,199.9775,8.9025,176.52635642741996,241.70516512975337
2026-04-01 07:00:00+00:00,171.515,0.9075,149.30165891929025,190.67242279741558
2026-04-01 08:00:00+00:00,139.8,-0.03,123.29593635789215,132.09272874235978
2026-04-01 09:00:00+00:00,128.0775,-0.0275,99.03707377901286,97.34042693783128
2026-04-01 10:00:00+00:00,115.0525,-0.01,81.5066407315964,79.13524343866573
2026-04-01 11:00:00+00:00,93.835,-0.01,61.84784282580664,64.29055543484004
2026-04-01 12:00:00+00:00,86.3325,-0.01,61.16745674101824,59.75360405543818
2026-04-01 13:00:00+00:00,93.8375,0.0075,66.65948089597045,64.77810516620366
2026-04-01 14:00:00+00:00,105.515,4.775,90.99617098407187,82.80257243831365
2026-04-01 15:00:00+00:00,130.12,41.9025,121.38088337302818,121.79177640365278
2026-04-01 16:00:00+00:00,152.095,98.8375,160.64859471312468,168.5705070684493
2026-04-01 17:00:00+00:00,188.665,134.82999999999998,183.6989863535,217.21042946579288
2026-04-01 18:00:00+00:00,181.1925,161.925,186.73976304614672,207.94630948992472
2026-04-01 19:00:00+00:00,165.8225,134.9075,176.6607364372333,176.31641797196255
2026-04-01 20:00:00+00:00,152.8225,114.46,161.62422818687452,169.20811020199915
2026-04-01 21:00:00+00:00,133.7825,108.1,150.6246350372831,147.98859280789046
2026-04-01 22:00:00+00:00,127.1725,88.80250000000001,134.4677193026028,133.37343009084555
2026-04-01 23:00:00+00:00,118.995,99.6375,124.44874317777735,117.9604149559307
2026-04-02 00:00:00+00:00,114.13,95.0725,119.72822664784104,115.00747097295893
2026-04-02 01:00:00+00:00,109.185,91.605,120.5513407156713,115.00108144073467
2026-04-02 02:00:00+00:00,107.41,94.87,124.23610303180273,117.05060698091278
2026-04-02 03:00:00+00:00,119.2925,97.5775,132.12363157755976,129.27025103158957
2026-04-02 04:00:00+00:00,152.0525,105.2675,149.66422567662173,154.12734625545784
2026-04-02 05:00:00+00:00,160.0075,120.28,169.90478621236375,168.89362997329238
2026-04-02 06:00:00+00:00,157.6575,137.345,146.00105194179042,132.75437130127986
2026-04-02 07:00:00+00:00,114.2775,125.79,109.47317127358556,102.23843745051589
2026-04-02 08:00:00+00:00,90.6625,87.41499999999999,74.76025754147481,60.68140554171742
2026-04-02 09:00:00+00:00,74.25,41.8525,50.512041663166926,35.47686943048432
2026-04-02 10:00:00+00:00,59.745000000000005,13.74,41.58532640335791,19.750633588196195
2026-04-02 11:00:00+00:00,42.455,3.12,34.70058826536743,30.81268390346188
2026-04-02 12:00:00+00:00,52.86,0.6300000000000001,38.2361983204078,39.24219299691033
2026-04-02 13:00:00+00:00,73.77,5.9025,56.74864667223409,60.8407328917215
2026-04-02 14:00:00+00:00,92.7575,37.435,79.23644520570905,85.73411690581725
2026-04-02 15:00:00+00:00,108.81,75.8175,100.83776265275552,101.49292836122305
2026-04-02 16:00:00+00:00,134.385,115.9225,124.91496827403364,119.72571189519493
2026-04-02 17:00:00+00:00,161.84,155.4175,148.63237201547204,145.99564612886357
2026-04-02 18:00:00+00:00,159.635,167.22,146.94454704111655,140.70751116089224
2026-04-02 19:00:00+00:00,146.5225,153.745,135.88140764945564,134.4891536020877
2026-04-02 20:00:00+00:00,134.9975,130.505,125.30798044419535,127.10471447916993
2026-04-02 21:00:00+00:00,123.97,124.3725,114.52065477720011,112.30129945734997
2026-04-02 22:00:00+00:00,133.6,115.025,82.10028311248163,113.74399911727166
2026-04-02 23:00:00+00:00,121.985,119.3925,78.83864833676883,106.2105115393185
2026-04-03 00:00:00+00:00,119.515,119.5,77.90599746281843,103.29781784957075
2026-04-03 01:00:00+00:00,117.6675,117.3425,78.82370997040518,102.88706809886419
2026-04-03 02:00:00+00:00,120.1825,117.8325,82.94127110416703,101.84671674996082
2026-04-03 03:00:00+00:00,123.4025,120.2475,93.08926187426468,110.46183855740996
2026-04-03 04:00:00+00:00,133.125,136.4625,113.44959179698074,122.85264382324378
2026-04-03 05:00:00+00:00,135.8625,172.63,123.5942403847589,148.43745346767986
2026-04-03 06:00:00+00:00,131.04250000000002,176.395,120.56611784871654,134.4610554912067
2026-04-03 07:00:00+00:00,113.18,147.5575,89.67563445240633,98.15044943420759
2026-04-03 08:00:00+00:00,85.585,114.0025,63.63886609083927,62.964212860606004
2026-04-03 09:00:00+00:00,52.9575,87.25999999999999,37.6420075592106,36.67247523001609
2026-04-03 10:00:00+00:00,27.01,72.81,17.795030380877975,23.725911789544494
2026-04-03 11:00:00+00:00,9.945,63.31999999999999,-0.004817581234860313,7.4833776648711545
2026-04-03 12:00:00+00:00,1.6525,59.6,-4.125793311159143,-4.047610842241608
2026-04-03 13:00:00+00:00,3.05,74.075,2.417979939903219,0.02419683738602713
2026-04-03 14:00:00+00:00,23.942500000000003,92.3225,18.129158568492116,34.886132305883855
2026-04-03 15:00:00+00:00,66.7975,103.0825,35.547661843925134,54.39562354376384
2026-04-03 16:00:00+00:00,88.9725,139.05,61.455558642803645,77.99321826487645
2026-04-03 17:00:00+00:00,99.39,158.9325,82.82001767478084,94.14992462546716
2026-04-03 18:00:00+00:00,96.3375,168.245,78.23393090539139,85.31724393794111
2026-04-03 19:00:00+00:00,84.2025,142.89,58.34115007268081,66.335204123299
2026-04-03 20:00:00+00:00,81.28,118.995,41.71333929172318,55.56791267631417
2026-04-03 21:00:00+00:00,60.5875,116.66,28.16799436581576,40.68311600852977
2026-04-03 22:00:00+00:00,9.7275,106.0125,18.15886468613205,17.99777932070649
2026-04-03 23:00:00+00:00,8.955,95.135,8.473187815405325,11.661141514660091
2026-04-04 00:00:00+00:00,6.4325,92.665,7.127980270176224,12.208094826930123
2026-04-04 01:00:00+00:00,1.9875,89.5475,8.65521111651924,12.411821403324021
2026-04-04 02:00:00+00:00,6.4025,87.2625,14.40567671332532,13.946556453250398
2026-04-04 03:00:00+00:00,11.735,88.1175,22.257216124070496,11.39228243738784
2026-04-04 04:00:00+00:00,13.3625,91.6125,32.65240760507814,13.641041014264335
2026-04-04 05:00:00+00:00,19.2675,87.92,42.51073706957399,18.17291634685786
2026-04-04 06:00:00+00:00,16.695,79.185,48.38902698971407,28.762059702045892
2026-04-04 07:00:00+00:00,6.6,68.3,41.50904706972141,27.822336261192632
2026-04-04 08:00:00+00:00,1.81,44.9075,24.570607468568696,15.272457230415348
2026-04-04 09:00:00+00:00,-0.01,17.5825,7.933816114892778,-1.563800244417629
2026-04-04 10:00:00+00:00,-0.2475,7.6425,-4.3033543540834245,-3.5525028595683255
2026-04-04 11:00:00+00:00,-0.035,6.695,-10.815621821820514,-6.743822273427252
2026-04-04 12:00:00+00:00,-0.0175,7.8475,-3.571268393605962,-7.70631762413746
2026-04-04 13:00:00+00:00,0.025,20.475,1.4147000239419754,-7.288902469696786
2026-04-04 14:00:00+00:00,10.69,54.2425,25.717537165560714,6.826621851910863
2026-04-04 15:00:00+00:00,62.735,81.05250000000001,64.75896108526752,48.80943613645601
2026-04-04 16:00:00+00:00,109.595,110.34,97.40342836484945,102.7635355967419
2026-04-04 17:00:00+00:00,149.8725,138.925,115.60548242907338,124.26499109766978
2026-04-04 18:00:00+00:00,135.74,154.07,114.30203519636265,131.23692420498222
2026-04-04 19:00:00+00:00,103.8375,143.9525,95.74808252762432,113.44962767782988
2026-04-04 20:00:00+00:00,76.8075,131.595,79.8625153410344,98.06846614740891
2026-04-04 21:00:00+00:00,41.8325,125.33,59.52443801298257,63.16835085100045
2026-04-04 22:00:00+00:00,1.0575,119.58,23.728447022155663,33.33615722245659
2026-04-04 23:00:00+00:00,-0.005,114.56,15.100907365152011,18.682064164087826
2026-04-05 00:00:00+00:00,-0.3625,107.6975,6.934762674055662,12.675491614383857
2026-04-05 01:00:00+00:00,-1.2075,101.165,-0.24047636461247635,5.2017054713719535
2026-04-05 02:00:00+00:00,-1.6175,105.225,0.4513099647362111,4.980233839728509
2026-04-05 03:00:00+00:00,-2.0425,104.605,2.903080437256122,6.175838937948104
2026-04-05 04:00:00+00:00,-2.995,109.755,4.858867439936873,-0.1277609133397291
2026-04-05 05:00:00+00:00,-1.29,115.03,5.3896182988083865,-0.7867051928389726
2026-04-05 06:00:00+00:00,-2.43,114.8425,-10.003823405095787,-2.210909799171836
2026-04-05 07:00:00+00:00,-10.5575,94.3975,-32.59853857286504,-3.6726006196925716
2026-04-05 08:00:00+00:00,-39.9675,74.8075,-51.46188477015842,-4.917042339546907
2026-04-05 09:00:00+00:00,-71.3425,44.6975,-67.15821840066899,-10.454132780687079
2026-04-05 10:00:00+00:00,-84.9525,9.73,-81.56023199973775,-17.122706286637687
2026-04-05 11:00:00+00:00,-105.175,-0.005,-79.5123891305635,-18.542281206567758
2026-04-05 12:00:00+00:00,-98.705,-1.785,-68.81373643257207,-19.222615235074038
2026-04-05 13:00:00+00:00,-66.9075,-2.1,-60.804579325762816,-15.767602423331974
2026-04-05 14:00:00+00:00,-29.98,0.8724999999999999,-44.76899224519421,-13.920593078568759
2026-04-05 15:00:00+00:00,-6.5875,33.31,-7.006938062636252,0.4576279816969401
2026-04-05 16:00:00+00:00,-0.1025,89.25999999999999,26.604222752484617,28.539696289944512
2026-04-05 17:00:00+00:00,20.0425,105.6775,52.43764257964422,51.221215282417695
2026-04-05 18:00:00+00:00,33.35,95.18,53.91577617201249,50.158710481967304
2026-04-05 19:00:00+00:00,30.205,74.8125,42.87096378599612,47.045871955425355
2026-04-05 20:00:00+00:00,30.3775,66.85,33.457118606512836,34.61671531721775
2026-04-05 21:00:00+00:00,19.0225,25.635,15.068711049714722,10.935808280425004
2026-04-05 22:00:00+00:00,3.24,9.1975,2.7950688674090856,30.00404247919804
2026-04-05 23:00:00+00:00,1.985,2.3000000000000003,3.314473714490134,27.55794063440883
2026-04-06 00:00:00+00:00,1.04,5.02,6.908824306728377,27.580997041464098
2026-04-06 01:00:00+00:00,1.36,3.825,11.836476208271364,29.21562870832315
2026-04-06 02:00:00+00:00,1.06,4.3575,18.353127251759673,26.782257822192793
2026-04-06 03:00:00+00:00,2.11,18.4225,26.796949484821766,26.46683865320132
2026-04-06 04:00:00+00:00,1.985,66.87,37.59136216874004,40.13903452922797
2026-04-06 05:00:00+00:00,1.3325,90.3125,43.026765607137136,57.799835477012564
2026-04-06 06:00:00+00:00,-0.9425,109.2225,35.512243207107836,51.76644371387433
2026-04-06 07:00:00+00:00,-11.105,96.8375,13.09565035873895,34.56368057642908
2026-04-06 08:00:00+00:00,-26.0025,73.8475,-19.658371946966497,5.865170913575952
2026-04-06 09:00:00+00:00,-59.760000000000005,45.9975,-46.293962505655216,-6.075518277999338
2026-04-06 10:00:00+00:00,-79.515,23.5875,-64.42137925679931,-10.686035770392069
2026-04-06 11:00:00+00:00,-125.6375,11.4,-78.63026711323,-21.133382263888205
2026-04-06 12:00:00+00:00,-123.535,7.5425,-74.98661859689754,-25.804451938924228
2026-04-06 13:00:00+00:00,-84.6175,12.9375,-54.791838242524065,-20.264220470678172
2026-04-06 14:00:00+00:00,-28.72,35.145,-23.019638404474847,-17.179930868769496
2026-04-06 15:00:00+00:00,-5.609999999999999,77.45,9.664310035102403,6.017702181700451
2026-04-06 16:00:00+00:00,48.625,104.8275,39.85042992614842,60.613818765916974
2026-04-06 17:00:00+00:00,107.6875,121.6525,73.19039084758575,109.48681893194312
2026-04-06 18:00:00+00:00,116.005,125.6075,89.23088049522637,113.86395139890317
2026-04-06 19:00:00+00:00,109.2225,126.165,87.89269508918171,104.21826330559334
2026-04-06 20:00:00+00:00,113.8475,121.175,85.19543131217377,94.82322746091319
2026-04-06 21:00:00+00:00,108.805,108.88,77.8775357476173,92.68138640946826
2026-04-06 22:00:00+00:00,106.4,109.245,88.07105520575598,89.16706689987315
2026-04-06 23:00:00+00:00,101.295,102.68,87.03769093757762,83.66858095440799
2026-04-07 00:00:00+00:00,101.6475,101.26,87.96932757438458,82.94531429027478
2026-04-07 01:00:00+00:00,102.28,100.535,90.1914662330731,81.97165395995597
2026-04-07 02:00:00+00:00,105.135,101.68,92.66113551768767,83.05420230012169
2026-04-07 03:00:00+00:00,117.7675,108.0425,97.73379769176822,92.99528524634297
2026-04-07 04:00:00+00:00,143.9125,137.1975,105.16133972802758,122.07337059956612
2026-04-07 05:00:00+00:00,178.2625,152.125,106.57209228139281,134.62709927275554
2026-04-07 06:00:00+00:00,127.8575,163.79,92.8172214861136,132.4607695441927
2026-04-07 07:00:00+00:00,81.8025,135.555,65.24918552358127,86.0640851384635
2026-04-07 08:00:00+00:00,24.8875,104.255,33.03988135606624,54.42433275960156
2026-04-07 09:00:00+00:00,-0.0074999999999999,87.35,-0.6002718609947948,20.89158364859825
2026-04-07 10:00:00+00:00,-3.01,78.67,-21.6383983025665,11.71295410992996
2026-04-07 11:00:00+00:00,-11.2875,55.225,-50.94619741028602,-0.321049138760246
2026-04-07 12:00:00+00:00,-11.23,53.4875,-48.85673159144274,-5.582262769039469
2026-04-07 13:00:00+00:00,-4.205,63.0525,-24.6773331803045,0.3252873989183881
2026-04-07 14:00:00+00:00,3.8,82.2175,15.327528687646577,28.202522271333624
2026-04-07 15:00:00+00:00,79.9025,110.9675,51.64758465397246,67.19142910271135
2026-04-07 16:00:00+00:00,137.995,151.0,101.20164802236964,117.91719623233384
2026-04-07 17:00:00+00:00,194.0275,175.0025,141.19828048118114,152.56567729250577
2026-04-07 18:00:00+00:00,188.8825,176.005,145.07694795804457,150.32332325516214
2026-04-07 19:00:00+00:00,144.0025,171.725,135.0233848079995,129.08352314347363
2026-04-07 20:00:00+00:00,129.01,158.32999999999998,129.43597735295182,120.54240486714698
2026-04-07 21:00:00+00:00,118.2,148.475,122.69463503343248,109.21048908005592
2026-04-07 22:00:00+00:00,107.17,145.51,108.88548656677176,102.88852592977098
2026-04-07 23:00:00+00:00,102.21,129.48749999999998,104.0624587657164,94.04359974746755
2026-04-08 00:00:00+00:00,100.82,125.345,104.93932709076493,91.6451155638976
2026-04-08 01:00:00+00:00,103.4975,129.4275,108.81324217078122,92.05711969770836
2026-04-08 02:00:00+00:00,107.5125,136.025,116.30936500100816,97.26385388434502
2026-04-08 03:00:00+00:00,116.9275,149.115,129.50294869102447,108.63311195759917
2026-04-08 04:00:00+00:00,149.79500000000002,180.835,149.42797106609137,110.66257732905257
2026-04-08 05:00:00+00:00,168.7975,226.9475,167.54084577729486,140.70565647920412
2026-04-08 06:00:00+00:00,138.5075,199.9775,128.48099802578395,122.22693147322033
2026-04-08 07:00:00+00:00,97.45,171.515,84.94963624942432,75.174180568874
2026-04-08 08:00:00+00:00,51.12,139.8,38.17297008730065,31.0078539506402
2026-04-08 09:00:00+00:00,-0.0499999999999998,128.0775,7.625008121505687,-12.987648350760809
2026-04-08 10:00:00+00:00,-18.8275,115.0525,-6.673116109095631,-23.59924560014646
2026-04-08 11:00:00+00:00,-32.78,93.835,-17.19901939545663,-31.57900984178974
2026-04-08 12:00:00+00:00,-29.735,86.3325,-16.57737528240088,-32.240988713827505
2026-04-08 13:00:00+00:00,-13.155,93.8375,-5.484300806097693,-14.617341486928439
2026-04-08 14:00:00+00:00,13.3525,105.515,13.43763758535593,5.759150216548106
2026-04-08 15:00:00+00:00,91.875,130.12,68.15659692202712,72.53188341031223
2026-04-08 16:00:00+00:00,134.2475,152.095,113.41174821441265,122.62800014329595
2026-04-08 17:00:00+00:00,170.0075,188.665,150.96475529210676,133.22110501634265
2026-04-08 18:00:00+00:00,160.5525,181.1925,146.96189947664882,138.18813047556912
2026-04-08 19:00:00+00:00,137.10250000000002,165.8225,118.29948913245738,115.31743233160817
2026-04-08 20:00:00+00:00,121.3925,152.8225,103.66896102725109,107.91928876744498
2026-04-08 21:00:00+00:00,109.475,133.7825,93.46639818722444,100.33504031333699
2026-04-08 22:00:00+00:00,104.8975,127.1725,84.65301066853424,94.02897705221872
2026-04-08 23:00:00+00:00,101.1025,118.995,82.76707930721636,94.41250625866738
2026-04-09 00:00:00+00:00,101.095,114.13,83.74742693676264,93.87152606105644
2026-04-09 01:00:00+00:00,101.8625,109.185,87.30555718917566,95.09568946099061
2026-04-09 02:00:00+00:00,105.1,107.41,92.1823716105649,95.26113954601246
2026-04-09 03:00:00+00:00,115.8725,119.2925,100.798881406999,102.40983436078203
2026-04-09 04:00:00+00:00,135.29500000000002,152.0525,120.57765599130383,126.11409248197371
2026-04-09 05:00:00+00:00,146.6,160.0075,131.93951239264197,142.435342353455
2026-04-09 06:00:00+00:00,128.09,157.6575,115.70087834729293,126.93275567292667
2026-04-09 07:00:00+00:00,99.675,114.2775,84.13060127891846,95.0811783838031
2026-04-09 08:00:00+00:00,54.9975,90.6625,48.76968905952161,59.73895218956289
2026-04-09 09:00:00+00:00,1.2075,74.25,8.864777219544862,7.564488071253635
2026-04-09 10:00:00+00:00,-1.03,59.745000000000005,-11.410888876303673,-2.7872954470218585
2026-04-09 11:00:00+00:00,-7.865,42.455,-24.07465057960694,-21.938381072831323
2026-04-09 12:00:00+00:00,-8.1375,52.86,-24.205062185896963,-15.472639953243636
2026-04-09 13:00:00+00:00,-1.3025,73.77,-10.31345687868749,-19.30642779529402
2026-04-09 14:00:00+00:00,27.08,92.7575,13.900448485620728,-0.5685606197289882
2026-04-09 15:00:00+00:00,82.5275,108.81,67.12284679907668,65.95132472616932
2026-04-09 16:00:00+00:00,115.355,134.385,105.13868912399379,120.71724757344913
2026-04-09 17:00:00+00:00,137.1675,161.84,133.5091160317709,135.17750971094853
2026-04-09 18:00:00+00:00,127.325,159.635,130.8321111559045,141.01048732282368
2026-04-09 19:00:00+00:00,110.95,146.5225,113.80631100235823,129.1994779196965
2026-04-09 20:00:00+00:00,100.23,134.9975,100.25139324997849,118.73416652111912
2026-04-09 21:00:00+00:00,81.05250000000001,123.97,88.38255431476837,105.17254076531661
2026-04-09 22:00:00+00:00,81.88,133.6,75.15097394767764,96.65650955104581
2026-04-09 23:00:00+00:00,79.32,121.985,70.61472449004627,87.19869752721011
2026-04-10 00:00:00+00:00,78.83,119.515,68.821168185936,86.91445093505234
2026-04-10 01:00:00+00:00,78.5525,117.6675,68.70396017381339,85.15765908861442
2026-04-10 02:00:00+00:00,81.1225,120.1825,72.74817890272433,87.62923135151462
2026-04-10 03:00:00+00:00,88.7675,123.4025,82.17253235046478,93.24849414856115
2026-04-10 04:00:00+00:00,112.1575,133.125,98.88873394315794,113.23396219017177
2026-04-10 05:00:00+00:00,126.4375,135.8625,114.33316474795453,134.4866122541993
2026-04-10 06:00:00+00:00,123.16,131.04250000000002,116.55565367283886,138.33624206765356
2026-04-10 07:00:00+00:00,119.265,113.18,109.03346869267565,120.35506572761618
2026-04-10 08:00:00+00:00,109.84,85.585,90.25604044482628,100.18697052768894
2026-04-10 09:00:00+00:00,102.99,52.9575,58.327806924002225,83.97709305194746
2026-04-10 10:00:00+00:00,92.09,27.01,56.61815377523082,64.71239331911416
2026-04-10 11:00:00+00:00,88.9375,9.945,52.40684758624462,58.88295708393977
2026-04-10 12:00:00+00:00,87.4,1.6525,49.10075567748538,57.357046339453255
2026-04-10 13:00:00+00:00,94.0175,3.05,51.46968957339348,57.08900206462918
2026-04-10 14:00:00+00:00,108.78,23.942500000000003,72.55871585890135,80.27559079562079
2026-04-10 15:00:00+00:00,130.1025,66.7975,110.7792010572962,97.18598666078996
2026-04-10 16:00:00+00:00,155.29,88.9725,139.16437962425445,144.17208634482603
2026-04-10 17:00:00+00:00,227.7675,99.39,159.39558319797663,172.13053593872004
2026-04-10 18:00:00+00:00,245.115,96.3375,162.1584687644805,162.06325058304552
2026-04-10 19:00:00+00:00,176.4775,84.2025,155.86772052903353,154.49443617026282
2026-04-10 20:00:00+00:00,149.305,81.28,148.55167762673398,123.79329961757024
2026-04-10 21:00:00+00:00,131.96,60.5875,135.94753569507296,109.36499431951137
2026-04-10 22:00:00+00:00,134.015,9.7275,108.65413834347358,111.26838334005359
2026-04-10 23:00:00+00:00,120.6325,8.955,102.698502745484,108.37436820633637
2026-04-11 00:00:00+00:00,114.3825,6.4325,98.11713444087115,103.3299870027017
2026-04-11 01:00:00+00:00,112.35,1.9875,93.34937124854189,99.44702184656119
2026-04-11 02:00:00+00:00,110.8375,6.4025,92.0920302359157,97.89115706531219
2026-04-11 03:00:00+00:00,108.36,11.735,93.35392573516744,101.07288612481582
2026-04-11 04:00:00+00:00,106.605,13.3625,101.60730080310287,106.37074348899186
2026-04-11 05:00:00+00:00,93.2375,19.2675,99.20295575598705,86.78199075946287
2026-04-11 06:00:00+00:00,69.61,16.695,74.51890147771722,56.10215936084904
2026-04-11 07:00:00+00:00,21.57,6.6,42.781368384664376,13.822479471488187
2026-04-11 08:00:00+00:00,-0.1574999999999997,1.81,14.38895146349708,8.646743246519884
2026-04-11 09:00:00+00:00,-8.307500000000001,-0.01,-11.375759621098638,-4.231944696410729
2026-04-11 10:00:00+00:00,-40.2525,-0.2475,-31.352194485026374,-19.210953745377804
2026-04-11 11:00:00+00:00,-79.965,-0.035,-38.64929339207983,-24.604198524668448
2026-04-11 12:00:00+00:00,-77.635,-0.0175,-39.581129104200656,-40.634825328358716
2026-04-11 13:00:00+00:00,-45.8275,0.025,-23.21486031743983,-13.769619331440124
2026-04-11 14:00:00+00:00,-15.7975,10.69,-5.515249535007342,1.4285419182639703
2026-04-11 15:00:00+00:00,-0.7149999999999999,62.735,22.018933516375753,14.06830070191299
2026-04-11 16:00:00+00:00,43.697500000000005,109.595,52.61318144414729,42.12370021482992
2026-04-11 17:00:00+00:00,73.8175,149.8725,94.34368501980603,70.74527832036885
2026-04-11 18:00:00+00:00,74.7875,135.74,98.96048112017324,64.87879115200435
2026-04-11 19:00:00+00:00,65.2325,103.8375,58.101515421849385,40.01694416804496
2026-04-11 20:00:00+00:00,68.6275,76.8075,44.74722045011231,49.725992908284745
2026-04-11 21:00:00+00:00,68.625,41.8325,39.41518126329501,50.1178445151098
2026-04-11 22:00:00+00:00,72.52250000000001,1.0575,39.233766141999034,43.54943901010929
2026-04-11 23:00:00+00:00,76.57249999999999,-0.005,41.77253922599738,53.26191586062917
2026-04-12 00:00:00+00:00,80.4225,-0.3625,47.474512743006436,55.7122904262482
2026-04-12 01:00:00+00:00,85.26,-1.2075,55.88438977275438,65.74241896751876
2026-04-12 02:00:00+00:00,95.1025,-1.6175,65.34689861569571,81.34052225053358
2026-04-12 03:00:00+00:00,98.05,-2.0425,73.79845779815267,87.45612194152324
2026-04-12 04:00:00+00:00,98.7,-2.995,82.39698009824428,88.11080948034277
2026-04-12 05:00:00+00:00,94.3175,-1.29,86.0478021289431,85.69644029855007
2026-04-12 06:00:00+00:00,76.10249999999999,-2.43,83.0969967918731,88.0663814178144
2026-04-12 07:00:00+00:00,53.3225,-10.5575,65.15316875890488,83.2300753523069
2026-04-12 08:00:00+00:00,30.2325,-39.9675,53.4742145705024,65.66388069275393
2026-04-12 09:00:00+00:00,22.415,-71.3425,49.5048878663506,47.54699969957657
2026-04-12 10:00:00+00:00,14.975,-84.9525,33.09751060992121,15.811682100513513
2026-04-12 11:00:00+00:00,1.97,-105.175,17.746494136609925,9.454956906267869
2026-04-12 12:00:00+00:00,4.625,-98.705,20.14439731671453,15.69849800578075
2026-04-12 13:00:00+00:00,15.905,-66.9075,41.59077196417857,48.22609688031717
2026-04-12 14:00:00+00:00,67.55,-29.98,67.60538470161137,87.59360857818693
2026-04-12 15:00:00+00:00,110.1775,-6.5875,84.82379064136498,103.16982606247299
2026-04-12 16:00:00+00:00,135.3875,-0.1025,110.98659950990233,110.44963681713172
2026-04-12 17:00:00+00:00,144.765,20.0425,127.44981976735245,128.98140183808653
2026-04-12 18:00:00+00:00,146.8025,33.35,129.77399881951504,131.94034727790907
2026-04-12 19:00:00+00:00,136.73250000000002,30.205,122.54561577163447,130.19913169067956
2026-04-12 20:00:00+00:00,130.6075,30.3775,114.68796811352152,125.97954848886091
2026-04-12 21:00:00+00:00,121.0175,19.0225,104.19070678854945,103.38010704848378
2026-04-12 22:00:00+00:00,116.5425,3.24,123.42350976528957,111.87103506846786
2026-04-12 23:00:00+00:00,109.795,1.985,118.1466957946912,99.60986651030059
2026-04-13 00:00:00+00:00,107.315,1.04,115.68598851793286,99.94601386468773
2026-04-13 01:00:00+00:00,107.59,1.36,115.95650497612228,99.38268645550052
2026-04-13 02:00:00+00:00,110.02,1.06,119.90085392737299,108.49776436421223
2026-04-13 03:00:00+00:00,119.0725,2.11,121.82016200269166,113.60246836096607
2026-04-13 04:00:00+00:00,136.115,1.985,123.35722139795031,131.91559095618652
2026-04-13 05:00:00+00:00,145.12,1.3325,121.6840792627431,138.34299865265987
2026-04-13 06:00:00+00:00,173.88,-0.9425,110.11738743066488,119.1083965696061
2026-04-13 07:00:00+00:00,160.965,-11.105,92.85448352137038,109.91061505932693
2026-04-13 08:00:00+00:00,138.63,-26.0025,75.95213916679671,104.58468290680467
2026-04-13 09:00:00+00:00,116.0,-59.760000000000005,63.2607817811256,97.31282172081242
2026-04-13 10:00:00+00:00,104.735,-79.515,52.925151130892864,89.64688342939958
2026-04-13 11:00:00+00:00,97.3925,-125.6375,44.60062766440763,83.64980500381242
2026-04-13 12:00:00+00:00,101.695,-123.535,46.85931094694359,82.28853283492953
2026-04-13 13:00:00+00:00,104.6375,-84.6175,58.30329881822155,83.168843150832
2026-04-13 14:00:00+00:00,114.5975,-28.72,87.36030662032236,78.38674558414938
2026-04-13 15:00:00+00:00,130.3775,-5.609999999999999,109.88559416680528,100.84155723466783
2026-04-13 16:00:00+00:00,148.2,48.625,129.52603022059466,123.3687264812473
2026-04-13 17:00:00+00:00,164.5225,107.6875,138.03648116839412,122.83966817664947
2026-04-13 18:00:00+00:00,156.61,116.005,136.47404929361136,115.25198446023178
2026-04-13 19:00:00+00:00,139.0475,109.2225,127.91535124558172,111.87992968476179
2026-04-13 20:00:00+00:00,129.76,113.8475,123.01732561353857,104.89435589863167
2026-04-13 21:00:00+00:00,122.6275,108.805,117.64325200174198,101.87839031970925
2026-04-13 22:00:00+00:00,116.0625,106.4,107.29858682255167,104.51774591802698
2026-04-13 23:00:00+00:00,113.665,101.295,104.92749809124622,99.70139176732849
2026-04-14 00:00:00+00:00,114.99,101.6475,105.95487126223856,98.5651142189985
2026-04-14 01:00:00+00:00,113.385,102.28,109.49493438667615,99.6637482381226
2026-04-14 02:00:00+00:00,114.68,105.135,115.3353440572145,105.49874953117798
2026-04-14 03:00:00+00:00,118.1475,117.7675,125.350274060712,115.71764456378412
2026-04-14 04:00:00+00:00,138.72,143.9125,141.16288799576364,124.12331580127626
2026-04-14 05:00:00+00:00,163.0225,178.2625,153.36931625969927,137.49539683446258
2026-04-14 06:00:00+00:00,164.495,127.8575,160.94832150508987,154.65213362214143
2026-04-14 07:00:00+00:00,144.32999999999998,81.8025,144.06063290952736,150.07444183521383
2026-04-14 08:00:00+00:00,128.82999999999998,24.8875,121.7434644210492,125.7692915858982
2026-04-14 09:00:00+00:00,117.3325,-0.0074999999999999,100.42746550525418,105.02884818580907
2026-04-14 10:00:00+00:00,109.5075,-3.01,88.91359681220708,93.16784300019829
2026-04-14 11:00:00+00:00,104.7,-11.2875,80.4491938512682,86.00521539234599
2026-04-14 12:00:00+00:00,108.91,-11.23,83.20404181464095,90.9294887896037
2026-04-14 13:00:00+00:00,115.5675,-4.205,87.7562693584471,93.51226306967185
2026-04-14 14:00:00+00:00,121.695,3.8,101.02267790399048,109.38470383531639
2026-04-14 15:00:00+00:00,137.4375,79.9025,127.10675747116903,123.97081102435668
2026-04-14 16:00:00+00:00,160.015,137.995,152.63971220996515,161.0087509044761
2026-04-14 17:00:00+00:00,224.7525,194.0275,176.68456747377738,244.2145999314517
2026-04-14 18:00:00+00:00,234.2775,188.8825,178.50772012776767,211.7696695317071
2026-04-14 19:00:00+00:00,165.9475,144.0025,165.93347616698162,173.20035094790595
2026-04-14 20:00:00+00:00,148.2575,129.01,156.4809147917108,145.10379874306923
2026-04-14 21:00:00+00:00,135.37,118.2,148.649658167117,133.46655498698797
2026-04-14 22:00:00+00:00,121.6,107.17,136.6091289148165,133.08186887263315
2026-04-14 23:00:00+00:00,116.4575,102.21,132.77589189398566,123.50167375844507
2026-04-15 00:00:00+00:00,111.7675,100.82,131.63207853149427,113.96264523824622
2026-04-15 01:00:00+00:00,110.0175,103.4975,131.0707223902541,112.9072739028032
2026-04-15 02:00:00+00:00,110.8425,107.5125,133.2876737778866,111.50067736346686
2026-04-15 03:00:00+00:00,123.18,116.9275,138.85354233963054,115.38040368252004
2026-04-15 04:00:00+00:00,148.44,149.79500000000002,153.16252314549547,141.13283650516684
2026-04-15 05:00:00+00:00,159.5525,168.7975,160.61256390260897,152.2284206443439
2026-04-15 06:00:00+00:00,140.1,138.5075,140.41350641958235,138.47136281282113
2026-04-15 07:00:00+00:00,116.32,97.45,105.03792741516996,116.58382231692251
2026-04-15 08:00:00+00:00,100.8025,51.12,74.1275590029855,85.835376176813
2026-04-15 09:00:00+00:00,78.94,-0.0499999999999998,48.022296465634255,65.74680458371616
2026-04-15 10:00:00+00:00,58.3175,-18.8275,37.924298496777986,54.61150018262245
2026-04-15 11:00:00+00:00,50.2325,-32.78,37.41342793112968,48.27061673683373
2026-04-15 12:00:00+00:00,67.25750000000001,-29.735,47.436196301633665,53.64936179153958
2026-04-15 13:00:00+00:00,81.4925,-13.155,64.94923616267212,84.46009106775666
2026-04-15 14:00:00+00:00,99.255,13.3525,87.3716825514589,107.30502518988972
2026-04-15 15:00:00+00:00,124.84,91.875,119.27536399663097,130.86905222237323
2026-04-15 16:00:00+00:00,141.9,134.2475,148.8849527115718,149.72097822138713
2026-04-15 17:00:00+00:00,180.07999999999998,170.0075,187.83696330652606,235.54959207263244
2026-04-15 18:00:00+00:00,180.8,160.5525,191.9379733528413,210.0714332240766
2026-04-15 19:00:00+00:00,148.07999999999998,137.10250000000002,154.85125155637547,147.95467327869676
2026-04-15 20:00:00+00:00,132.685,121.3925,138.0546955582036,129.2929248451337
2026-04-15 21:00:00+00:00,117.77,109.475,124.64981598685375,122.66718532876742
2026-04-15 22:00:00+00:00,106.215,104.8975,105.81515528466834,114.37148175644434
2026-04-15 23:00:00+00:00,101.3975,101.1025,102.61611755025254,107.97038680598061
2026-04-16 00:00:00+00:00,99.595,101.095,100.57300314760792,103.63564164939436
2026-04-16 01:00:00+00:00,98.365,101.8625,101.96845161464037,103.16349145507425
2026-04-16 02:00:00+00:00,100.9025,105.1,105.91135837701455,105.03065649655308
2026-04-16 03:00:00+00:00,110.605,115.8725,117.5957105874673,117.34632198667154
2026-04-16 04:00:00+00:00,139.475,135.29500000000002,136.5259698643904,128.03791238301096
2026-04-16 05:00:00+00:00,145.02249999999998,146.6,145.2845082443649,149.14577198998137
2026-04-16 06:00:00+00:00,133.635,128.09,133.3464710559437,143.1999069892392
2026-04-16 07:00:00+00:00,110.195,99.675,111.29873885704285,119.96222872409824
2026-04-16 08:00:00+00:00,96.3525,54.9975,87.29353240211026,97.01323522435153
2026-04-16 09:00:00+00:00,75.6725,1.2075,60.50333982292542,69.54578270253081
2026-04-16 10:00:00+00:00,60.5125,-1.03,41.3350466901369,49.34190085622413
2026-04-16 11:00:00+00:00,45.7675,-7.865,36.07714800203747,47.93726792606672
2026-04-16 12:00:00+00:00,53.9725,-8.1375,38.01554847623789,41.5794893680085
2026-04-16 13:00:00+00:00,70.87,-1.3025,44.723916837665726,59.51041066960571
2026-04-16 14:00:00+00:00,89.7575,27.08,69.85635370544763,83.40719545554082
2026-04-16 15:00:00+00:00,111.555,82.5275,98.01555973301137,116.31523685205205
2026-04-16 16:00:00+00:00,131.145,115.355,129.864503188836,137.63816455834285
2026-04-16 17:00:00+00:00,166.9275,137.1675,162.70256375333568,152.64410115735646
2026-04-16 18:00:00+00:00,187.3175,127.325,168.711016068532,183.0285401601473
2026-04-16 19:00:00+00:00,155.01,110.95,152.94395077720844,127.19675633848179
2026-04-16 20:00:00+00:00,138.76,100.23,143.86874646938716,119.22841734168675
2026-04-16 21:00:00+00:00,127.3625,81.05250000000001,134.5602164023806,132.08507138195563
2026-04-16 22:00:00+00:00,121.7725,81.88,121.67107894713155,114.58819369611452
2026-04-16 23:00:00+00:00,115.5225,79.32,118.98805187596051,113.10815964850613
2026-04-17 00:00:00+00:00,112.5325,78.83,118.7364292221342,112.7392023386808
2026-04-17 01:00:00+00:00,108.5125,78.5525,119.1756924872444,107.62872097205543
2026-04-17 02:00:00+00:00,111.4675,81.1225,122.86141447937833,116.53205372093957
2026-04-17 03:00:00+00:00,120.1925,88.7675,131.02332605332427,123.6817054785343
2026-04-17 04:00:00+00:00,146.5675,112.1575,148.18964540367824,149.15966179946452
2026-04-17 05:00:00+00:00,148.555,126.4375,147.5344120006161,124.39015063067762
2026-04-17 06:00:00+00:00,127.1575,123.16,123.59054050284819,122.08668359976033
2026-04-17 07:00:00+00:00,101.9025,119.265,89.32959440306871,90.87438086248696
2026-04-17 08:00:00+00:00,90.7825,109.84,63.07600572854656,63.96073209050919
2026-04-17 09:00:00+00:00,57.88,102.99,40.57691598902619,37.039930068707136
2026-04-17 10:00:00+00:00,30.87,92.09,29.21329033568839,16.590549923956043
2026-04-17 11:00:00+00:00,26.445,88.9375,27.578407009653347,24.511600112237886
2026-04-17 12:00:00+00:00,31.3725,87.4,42.73824672160429,34.316535539619025
2026-04-17 13:00:00+00:00,59.9975,94.0175,64.03309832275795,72.76437335903033
2026-04-17 14:00:00+00:00,81.82,108.78,86.75592787111125,86.69847197313011
2026-04-17 15:00:00+00:00,102.31,130.1025,115.49280016420234,112.6668128129208
2026-04-17 16:00:00+00:00,126.755,155.29,136.34929767675322,139.9409296729082
2026-04-17 17:00:00+00:00,157.405,227.7675,164.72588635442082,185.78108651424947
2026-04-17 18:00:00+00:00,157.1125,245.115,174.06831635361783,183.9244501441529
2026-04-17 19:00:00+00:00,138.0075,176.4775,146.45833781842094,141.08709704994237
2026-04-17 20:00:00+00:00,123.93,149.305,128.83876655683434,132.64634201619344
2026-04-17 21:00:00+00:00,112.71,131.96,117.40001700667959,120.0638262424054
2026-04-17 22:00:00+00:00,116.245,134.015,93.17196876832277,117.81511526752851
2026-04-17 23:00:00+00:00,110.8775,120.6325,88.83569826829252,110.75495428486107
2026-04-18 00:00:00+00:00,109.6625,114.3825,88.36854799391378,105.65588688463367
2026-04-18 01:00:00+00:00,107.695,112.35,90.07464312189303,106.03045154944338
2026-04-18 02:00:00+00:00,108.8725,110.8375,95.42033412867843,106.00637172552962
2026-04-18 03:00:00+00:00,110.905,108.36,104.4133063216435,110.011351090198
2026-04-18 04:00:00+00:00,110.83,106.605,120.89208535013759,120.95631632123937
2026-04-18 05:00:00+00:00,105.7425,93.2375,121.05305473604909,118.19586988283389
2026-04-18 06:00:00+00:00,92.2875,69.61,99.99168210027366,106.36435778521233
2026-04-18 07:00:00+00:00,75.1275,21.57,70.20387562848725,76.21477186159964
2026-04-18 08:00:00+00:00,39.5675,-0.1574999999999997,49.566649108622336,30.676260534740983
2026-04-18 09:00:00+00:00,3.94,-8.307500000000001,21.032134417795703,5.043507349785824
2026-04-18 10:00:00+00:00,-3.3825000000000003,-40.2525,2.4234646217030615,-1.2997094906758115
2026-04-18 11:00:00+00:00,-4.08,-79.965,5.79642507372273,-2.7824545780753653
2026-04-18 12:00:00+00:00,-0.1,-77.635,11.5151576888301,3.663487505696791
2026-04-18 13:00:00+00:00,18.8975,-45.8275,37.129384255804524,27.80996522577025
2026-04-18 14:00:00+00:00,44.8875,-15.7975,64.4975667284063,70.7147561633577
2026-04-18 15:00:00+00:00,90.805,-0.7149999999999999,83.8699793191607,88.2617179932244
2026-04-18 16:00:00+00:00,119.595,43.697500000000005,107.92236418503825,121.84051035465693
2026-04-18 17:00:00+00:00,131.54,73.8175,127.26500373288738,147.12541509188955
2026-04-18 18:00:00+00:00,144.89,74.7875,132.09132800975541,155.60466014246919
2026-04-18 19:00:00+00:00,140.29500000000002,65.2325,119.84646853608129,147.6108748103875
2026-04-18 20:00:00+00:00,129.9925,68.6275,109.28485486122253,128.71523446088597
2026-04-18 21:00:00+00:00,125.0,68.625,102.4057067602287,118.58854692657613
2026-04-18 22:00:00+00:00,116.56,72.52250000000001,96.84123807838296,121.6081625399429
2026-04-18 23:00:00+00:00,109.95,76.57249999999999,92.92342193931714,113.01997509024186
2026-04-19 00:00:00+00:00,109.205,80.4225,92.49900252086822,110.73897049366897
2026-04-19 01:00:00+00:00,106.3225,85.26,92.6408765972159,105.97582878288928
2026-04-19 02:00:00+00:00,105.415,95.1025,94.90023934234756,105.55596350555871
2026-04-19 03:00:00+00:00,106.55,98.05,98.12056604780764,105.76813052503954
2026-04-19 04:00:00+00:00,104.7825,98.7,100.05530040674196,100.65635948477758
2026-04-19 05:00:00+00:00,100.0325,94.3175,98.69964172935155,91.18890929737015
2026-04-19 06:00:00+00:00,96.63,76.10249999999999,92.48489329069287,94.6627051009923
2026-04-19 07:00:00+00:00,93.8425,53.3225,81.91765127192598,89.44861090012255
2026-04-19 08:00:00+00:00,71.385,30.2325,58.00936750344803,65.99284425828348
2026-04-19 09:00:00+00:00,31.985,22.415,33.382046995639826,29.533418609893495
2026-04-19 10:00:00+00:00,5.735,14.975,16.56064463948283,10.346960725787351
2026-04-19 11:00:00+00:00,-0.8475,1.97,1.6624108487207252,0.7932962808576208
2026-04-19 12:00:00+00:00,-3.005,4.625,-2.8010953916142256,-7.8122206523563005
2026-04-19 13:00:00+00:00,-2.255,15.905,3.5956910335108034,-6.993186732126869
2026-04-19 14:00:00+00:00,16.02,67.55,20.618428173930255,4.771593010773007
2026-04-19 15:00:00+00:00,73.7575,110.1775,43.6806167637088,39.128544172928294
2026-04-19 16:00:00+00:00,103.855,135.3875,68.29834372110801,84.03930769259725
2026-04-19 17:00:00+00:00,117.3525,144.765,86.5325242758774,106.38664256092598
2026-04-19 18:00:00+00:00,124.1125,146.8025,99.0533768087864,120.42074319404145
2026-04-19 19:00:00+00:00,121.5475,136.73250000000002,97.03531586069322,114.71521218940745
2026-04-19 20:00:00+00:00,119.3625,130.6075,89.39067836644469,104.9223622487327
2026-04-19 21:00:00+00:00,111.2325,121.0175,83.63329350591351,99.05244663498583
2026-04-19 22:00:00+00:00,106.3075,116.5425,94.21540541776506,91.56509724069208
2026-04-19 23:00:00+00:00,101.1125,109.795,89.93750222448386,82.5495547419381
2026-04-20 00:00:00+00:00,99.0125,107.315,90.0026415557449,81.51271760197686
2026-04-20 01:00:00+00:00,99.04,107.59,90.34210033231736,77.68211990040037
2026-04-20 02:00:00+00:00,102.3025,110.02,93.49394547117313,82.08559820367813
2026-04-20 03:00:00+00:00,111.6,119.0725,99.61932109818304,91.69721610474403
2026-04-20 04:00:00+00:00,129.385,136.115,105.34404894337555,110.01046665338527
2026-04-20 05:00:00+00:00,142.2075,145.12,105.38460923283134,124.72855767282769
2026-04-20 06:00:00+00:00,134.32,173.88,96.91420922660063,108.81939397968264
2026-04-20 07:00:00+00:00,110.015,160.965,78.34967379741151,83.2157535114936
2026-04-20 08:00:00+00:00,90.1975,138.63,57.35525198814844,59.061355353694395
2026-04-20 09:00:00+00:00,75.88749999999999,116.0,25.092708839825463,30.887429625939973
2026-04-20 10:00:00+00:00,51.182500000000005,104.735,6.993549935330904,10.580596888281919
2026-04-20 11:00:00+00:00,32.595,97.3925,0.27077395269185445,-0.6306200580656959
2026-04-20 12:00:00+00:00,29.57,101.695,3.7945464434850322,2.472795101645324
2026-04-20 13:00:00+00:00,46.475,104.6375,12.584973904707965,4.782242513377604
2026-04-20 14:00:00+00:00,78.325,114.5975,31.8504582692928,33.104385843068705
2026-04-20 15:00:00+00:00,97.245,130.3775,69.00107417848645,80.29658413444285
2026-04-20 16:00:00+00:00,112.91,148.2,93.2956821864532,104.53691797782183
2026-04-20 17:00:00+00:00,123.4075,164.5225,109.84217931852521,126.33474327115366
2026-04-20 18:00:00+00:00,127.18,156.61,115.9133767694294,133.71205499882905
2026-04-20 19:00:00+00:00,121.94,139.0475,110.81908527925343,110.70256175510674
2026-04-20 20:00:00+00:00,115.9725,129.76,106.30386673997482,103.86152327578996
2026-04-20 21:00:00+00:00,106.7925,122.6275,100.1010911611242,93.47106673558427
2026-04-20 22:00:00+00:00,99.0,116.0625,95.38098777342077,97.40319546031445
2026-04-20 23:00:00+00:00,98.6425,113.665,94.71226125638793,90.9280032929702
2026-04-21 00:00:00+00:00,98.3725,114.99,97.39631795076937,88.31494622534599
2026-04-21 01:00:00+00:00,99.075,113.385,101.50498120440145,91.76686824633556
2026-04-21 02:00:00+00:00,100.19,114.68,107.75176713152136,96.26713263568523
2026-04-21 03:00:00+00:00,108.4475,118.1475,117.21496205363226,104.51993823518808
2026-04-21 04:00:00+00:00,127.085,138.72,130.77312452079298,124.42409316591322
2026-04-21 05:00:00+00:00,135.3275,163.0225,137.10079222090258,133.06498620819607
2026-04-21 06:00:00+00:00,118.9475,164.495,123.92096030289542,126.18717585957145
2026-04-21 07:00:00+00:00,97.305,144.32999999999998,94.15014343850427,98.03014259702488
2026-04-21 08:00:00+00:00,59.895,128.82999999999998,65.3032571869166,49.8265317475879
2026-04-21 09:00:00+00:00,19.602500000000003,117.3325,43.169892289135305,23.77366689721866
2026-04-21 10:00:00+00:00,-0.0974999999999999,109.5075,21.541579954325826,2.8877222891492407
2026-04-21 11:00:00+00:00,-1.7525,104.7,17.076229887239464,-0.8572758190092685
2026-04-21 12:00:00+00:00,-3.7,108.91,11.624531203851873,-16.484518977407227
2026-04-21 13:00:00+00:00,-1.8625,115.5675,35.583376637908515,12.85342562857144
2026-04-21 14:00:00+00:00,14.535,121.695,55.39506003426497,46.558762731097424
2026-04-21 15:00:00+00:00,69.83,137.4375,82.36927881997309,85.72845073137864
2026-04-21 16:00:00+00:00,102.645,160.015,112.61363083288043,117.17802843468478
2026-04-21 17:00:00+00:00,134.11,224.7525,140.63458577495837,153.29988883985135
2026-04-21 18:00:00+00:00,144.775,234.2775,149.6783661104081,155.48730397303567
2026-04-21 19:00:00+00:00,129.62,165.9475,138.81983743874372,140.87876314520003
2026-04-21 20:00:00+00:00,119.845,148.2575,129.83184092661423,123.28326865811675
2026-04-21 21:00:00+00:00,111.8725,135.37,123.45028323106729,112.33246964904002
2026-04-21 22:00:00+00:00,107.095,121.6,113.44717533755238,107.7513534352232
2026-04-21 23:00:00+00:00,104.11,116.4575,114.90101441203052,105.75999686232885
2026-04-22 00:00:00+00:00,104.2,111.7675,116.62390962508356,106.95206777871691
2026-04-22 01:00:00+00:00,104.8475,110.0175,119.4171725210964,108.07475858263444
2026-04-22 02:00:00+00:00,109.6925,110.8425,123.53587222235743,112.50583027002564
2026-04-22 03:00:00+00:00,121.2325,123.18,132.5739779500547,131.19167313728448
2026-04-22 04:00:00+00:00,139.8425,148.44,145.45449306619386,143.20569269521218
2026-04-22 05:00:00+00:00,134.7975,159.5525,141.76152196010776,147.2150153008299
2026-04-22 06:00:00+00:00,113.865,140.1,110.39690633052118,110.72109020815559
2026-04-22 07:00:00+00:00,79.555,116.32,73.04378924249797,80.21198075781842
2026-04-22 08:00:00+00:00,20.155,100.8025,31.042839178105638,8.633136786765485
2026-04-22 09:00:00+00:00,-2.42,78.94,-7.12089588347996,-11.447486797613998
2026-04-22 10:00:00+00:00,-8.8325,58.3175,-28.026440932193935,-38.3296308602343
2026-04-22 11:00:00+00:00,-20.985,50.2325,-34.55641424198029,-45.65954357339452
2026-04-22 12:00:00+00:00,-19.0,67.25750000000001,-31.64953783855333,-51.33312339170422
2026-04-22 13:00:00+00:00,-4.92,81.4925,-20.873309121669237,-45.31367661652879
2026-04-22 14:00:00+00:00,-0.0099999999999998,99.255,3.3097951223246156,-11.154182071176837
2026-04-22 15:00:00+00:00,57.405,124.84,51.62518447151496,57.737932277966635
2026-04-22 16:00:00+00:00,105.2975,141.9,92.42832060298986,105.25283319339019
2026-04-22 17:00:00+00:00,140.1175,180.07999999999998,127.32641563071343,131.81211287849587
2026-04-22 18:00:00+00:00,153.91,180.8,139.283377324294,135.4911864853005
2026-04-22 19:00:00+00:00,128.51,148.07999999999998,128.17938206622057,124.68153279958877
2026-04-22 20:00:00+00:00,114.45,132.685,116.98968654834204,112.23289420255509
2026-04-22 21:00:00+00:00,105.0775,117.77,107.30352160963048,101.15486205509272
2026-04-22 22:00:00+00:00,100.14,106.215,92.64004850983116,95.11730382291086
2026-04-22 23:00:00+00:00,97.625,101.3975,89.30026910231928,91.37532656589143
2026-04-23 00:00:00+00:00,96.735,99.595,87.6019543832321,87.82090620002214
2026-04-23 01:00:00+00:00,96.2075,98.365,87.35562694163573,84.78273499037198
2026-04-23 02:00:00+00:00,95.85,100.9025,90.87448910028304,89.28422633807676
2026-04-23 03:00:00+00:00,104.16,110.605,99.28272867799289,98.0945893962891
2026-04-23 04:00:00+00:00,119.0,139.475,111.67375863738837,112.67359662473581
2026-04-23 05:00:00+00:00,119.4,145.02249999999998,107.52394169113332,113.08726674180991
2026-04-23 06:00:00+00:00,109.6975,133.635,83.591065561399,89.93938377716547
2026-04-23 07:00:00+00:00,63.2925,110.195,47.80591024520604,48.76696887863558
2026-04-23 08:00:00+00:00,-0.5625,96.3525,12.639209673425754,5.846779726271154
2026-04-23 09:00:00+00:00,-6.175,75.6725,-13.251279442151215,-20.005133669645225
2026-04-23 10:00:00+00:00,-29.0075,60.5125,-26.101207851695023,-34.14537155267441
2026-04-23 11:00:00+00:00,-49.56,45.7675,-36.95289946789734,-63.44429336555158
2026-04-23 12:00:00+00:00,-48.8625,53.9725,-36.31868533331766,-53.30427922825441
2026-04-23 13:00:00+00:00,-22.89,70.87,-25.046203825829153,-59.913415336337124
2026-04-23 14:00:00+00:00,-1.93,89.7575,-14.0673837807215,-18.53062029685563
2026-04-23 15:00:00+00:00,21.9675,111.555,20.754869370758684,10.036287538737518
2026-04-23 16:00:00+00:00,93.5725,131.145,63.69003879328561,82.60932541432736
2026-04-23 17:00:00+00:00,121.5,166.9275,99.50526632552274,120.93094457364636
2026-04-23 18:00:00+00:00,136.955,187.3175,115.34945813747929,126.99931743173592
2026-04-23 19:00:00+00:00,116.2875,155.01,102.70873795283269,112.48588116919059
2026-04-23 20:00:00+00:00,108.235,138.76,93.61854373891647,105.72366875962274
2026-04-23 21:00:00+00:00,99.4575,127.3625,87.66141683792628,95.7000946822841
2026-04-23 22:00:00+00:00,102.455,121.7725,75.48631566245824,83.68125132866855
2026-04-23 23:00:00+00:00,100.13,115.5225,75.08603278402208,84.84908880932343
2026-04-24 00:00:00+00:00,100.71,112.5325,77.28313711379303,85.9916640899301
2026-04-24 01:00:00+00:00,101.69,108.5125,81.4767388072248,84.94755088085309
2026-04-24 02:00:00+00:00,105.3575,111.4675,88.08037738815614,88.43302561205115
2026-04-24 03:00:00+00:00,116.305,120.1925,99.87778981275332,100.96152111572694
2026-04-24 04:00:00+00:00,131.8725,146.5675,114.61225876859808,113.73877989785387
2026-04-24 05:00:00+00:00,137.9875,148.555,115.25138291482264,117.40343402569755
2026-04-24 06:00:00+00:00,117.685,127.1575,99.95818103526399,106.65158538972503
2026-04-24 07:00:00+00:00,80.905,101.9025,65.3137487412752,78.1872328329773
2026-04-24 08:00:00+00:00,19.5725,90.7825,18.495473541522202,17.569573481448202
2026-04-24 09:00:00+00:00,-0.035,57.88,2.8491970773259965,-1.9225179580138196
2026-04-24 10:00:00+00:00,-6.9075,30.87,-17.46600668996294,-13.592307947589669
2026-04-24 11:00:00+00:00,-26.14,26.445,-33.53070303145276,-35.873206458462676
2026-04-24 12:00:00+00:00,-30.0025,31.3725,-36.209796732217484,-43.843011109327115
2026-04-24 13:00:00+00:00,-16.555,59.9975,-19.959595045640057,-27.625937705688127
2026-04-24 14:00:00+00:00,-1.6124999999999998,81.82,0.4305663932290855,-14.77702626584468
2026-04-24 15:00:00+00:00,50.9075,102.31,27.225425176784142,19.28252186893724
2026-04-24 16:00:00+00:00,104.8175,126.755,80.51801987976519,87.8411578047371
2026-04-24 17:00:00+00:00,133.81,157.405,112.47612370353986,118.4466066017741
2026-04-24 18:00:00+00:00,137.34,157.1125,126.19392280716649,145.28133377747847
2026-04-24 19:00:00+00:00,131.025,138.0075,115.27762129611934,114.95498124562023
2026-04-24 20:00:00+00:00,121.8775,123.93,106.21128618861388,107.91454182833654
2026-04-24 21:00:00+00:00,113.4425,112.71,97.12038818931374,98.72457530644448
2026-04-24 22:00:00+00:00,100.625,116.245,79.23728705487237,92.69092832104333
2026-04-24 23:00:00+00:00,95.54,110.8775,76.40042644284748,90.38063319769871
2026-04-25 00:00:00+00:00,95.12,109.6625,75.61755205204324,89.00881117259387
2026-04-25 01:00:00+00:00,95.1575,107.695,75.44462514438305,84.09875463879153
2026-04-25 02:00:00+00:00,88.4575,108.8725,78.0759415669061,81.58014717991749
2026-04-25 03:00:00+00:00,88.03,110.905,84.76903340418143,81.0472285256363
2026-04-25 04:00:00+00:00,83.1825,110.83,91.83063654748736,83.88474307237844
2026-04-25 05:00:00+00:00,71.3625,105.7425,89.2804077286578,70.25179431959764
2026-04-25 06:00:00+00:00,20.035,92.2875,65.0535125376719,34.27148187920825
2026-04-25 07:00:00+00:00,-0.0424999999999999,75.1275,31.74196178109593,15.096645072597827
2026-04-25 08:00:00+00:00,-7.27,39.5675,-12.24792013593553,-12.351898958183055
2026-04-25 09:00:00+00:00,-42.1425,3.94,-36.406922105888015,-44.942382132222264
2026-04-25 10:00:00+00:00,-100.5125,-3.3825000000000003,-45.75781516904169,-52.43176911259174
2026-04-25 11:00:00+00:00,-176.4425,-4.08,-58.96170380541133,-89.35066923779762
2026-04-25 12:00:00+00:00,-190.865,-0.1,-59.75460394743192,-109.84882236590866
2026-04-25 13:00:00+00:00,-133.8025,18.8975,-44.3111499686444,-70.41947582044689
2026-04-25 14:00:00+00:00,-53.975,44.8875,-27.133343229867307,-20.358228271449793
2026-04-25 15:00:00+00:00,-5.245,90.805,3.7312082141496177,-2.5398470136432962
2026-04-25 16:00:00+00:00,4.615,119.595,29.330987061645274,20.95621757282407
2026-04-25 17:00:00+00:00,65.19749999999999,131.54,54.43904463921576,45.692550668827394
2026-04-25 18:00:00+00:00,75.42,144.89,64.423665426566,56.495477198399115
2026-04-25 19:00:00+00:00,72.005,140.29500000000002,62.224536475411256,54.02644782150262
2026-04-25 20:00:00+00:00,72.6775,129.9925,57.33859136626653,59.68750658593615
2026-04-25 21:00:00+00:00,69.97999999999999,125.0,53.61331124096307,55.629425952329385
2026-04-25 22:00:00+00:00,79.44,116.56,49.92589681161101,69.93489602761794
2026-04-25 23:00:00+00:00,83.595,109.95,54.462157780239565,78.03945113153425
2026-04-26 00:00:00+00:00,87.1,109.205,62.9906498087267,79.5215193982459
2026-04-26 01:00:00+00:00,90.4875,106.3225,72.2313584797918,84.55774625927873
2026-04-26 02:00:00+00:00,94.1525,105.415,80.22659379984364,88.9549612513493
2026-04-26 03:00:00+00:00,98.64,106.55,91.7645058772664,89.92826283523327
2026-04-26 04:00:00+00:00,94.185,104.7825,99.2266602103188,89.89335582250774
2026-04-26 05:00:00+00:00,83.1525,100.0325,93.58836164513235,90.32579616831762
2026-04-26 06:00:00+00:00,54.3125,96.63,56.39312849920963,56.18117751362066
2026-04-26 07:00:00+00:00,-0.01,93.8425,25.271228146318876,11.367163600828443
2026-04-26 08:00:00+00:00,-28.185,71.385,0.7240561828543832,-38.74101059240066
2026-04-26 09:00:00+00:00,-127.365,31.985,-30.129106297156312,-49.056963887501425
2026-04-26 10:00:00+00:00,-259.96000000000004,5.735,-64.41170467315898,-99.69686412187005
2026-04-26 11:00:00+00:00,-413.77,-0.8475,-99.3198361506794,-109.37002281989716
2026-04-26 12:00:00+00:00,-413.245,-3.005,-100.4055623500745,-95.56881797370863
2026-04-26 13:00:00+00:00,-235.8925,-2.255,-66.76628406148016,-87.18924357263622
2026-04-26 14:00:00+00:00,-37.305,16.02,-14.532760552086074,-25.238467567943214
2026-04-26 15:00:00+00:00,11.177499999999998,73.7575,36.39624065118984,28.750457736639582
2026-04-26 16:00:00+00:00,113.0975,103.855,71.93995609748069,102.4388834019056
2026-04-26 17:00:00+00:00,150.2875,117.3525,117.79967950520937,121.30068158071545
2026-04-26 18:00:00+00:00,157.815,124.1125,132.19427599953343,134.02431948634643
2026-04-26 19:00:00+00:00,140.6525,121.5475,130.4965568037384,131.33949351315326
2026-04-26 20:00:00+00:00,126.4075,119.3625,125.09890965442497,121.49661370589632
2026-04-26 21:00:00+00:00,122.875,111.2325,118.64737269200477,110.8919854654415
2026-04-26 22:00:00+00:00,118.4475,106.3075,139.60990801591237,94.07922125375346
2026-04-26 23:00:00+00:00,113.03,101.1125,137.13610047900067,85.26598760921075
2026-04-27 00:00:00+00:00,112.71,99.0125,137.00689901437303,86.10040231383536
2026-04-27 01:00:00+00:00,112.825,99.04,138.3012308068354,90.66467292647295
2026-04-27 02:00:00+00:00,116.74,102.3025,141.45280968001742,89.62648174869261
2026-04-27 03:00:00+00:00,125.6675,111.6,146.83921082110015,107.83236612914015
2026-04-27 04:00:00+00:00,165.5675,129.385,147.18249817887875,127.17259811199479
2026-04-27 05:00:00+00:00,153.69,142.2075,134.63938089182375,138.5674920284695
2026-04-27 06:00:00+00:00,126.5475,134.32,101.33198781876558,119.86378069613696
2026-04-27 07:00:00+00:00,92.5275,110.015,54.67750190173186,82.39695132399429
2026-04-27 08:00:00+00:00,59.1425,90.1975,23.13398551434379,48.306097817905105
2026-04-27 09:00:00+00:00,4.14,75.88749999999999,-34.284468868873546,8.999295956381962
2026-04-27 10:00:00+00:00,-0.0975,51.182500000000005,-95.79822199188301,3.2195396055143095
2026-04-27 11:00:00+00:00,-0.83,32.595,-161.31993219665264,-15.82039472549409
2026-04-27 12:00:00+00:00,-0.1625,29.57,-153.09088268127795,-14.047220037588222
2026-04-27 13:00:00+00:00,5.1425,46.475,-69.45719310463149,12.574858794921733
2026-04-27 14:00:00+00:00,68.66499999999999,78.325,29.243863721512923,55.63598001050904
2026-04-27 15:00:00+00:00,107.185,97.245,67.54793318537921,76.80263718916707
2026-04-27 16:00:00+00:00,129.8525,112.91,127.11220214633236,110.25042117253386
2026-04-27 17:00:00+00:00,172.3,123.4075,151.2472624655009,142.70289439601817
2026-04-27 18:00:00+00:00,188.1175,127.18,155.92183841763767,160.86699869272624
2026-04-27 19:00:00+00:00,148.46,121.94,142.92289912567782,120.50892498972325
2026-04-27 20:00:00+00:00,125.6475,115.9725,128.1616520390458,105.74117704370103
2026-04-27 21:00:00+00:00,115.2025,106.7925,119.61695887734538,98.5133647497869
2026-04-27 22:00:00+00:00,112.66,99.0,101.52537292386866,85.9208568125303
2026-04-27 23:00:00+00:00,106.9025,98.6425,97.10563348941514,82.2528235012742
2026-04-28 00:00:00+00:00,102.98,98.3725,96.48053767479966,78.541259199288
2026-04-28 01:00:00+00:00,102.83,99.075,97.55514546820444,79.0173527458543
2026-04-28 02:00:00+00:00,105.2775,100.19,101.67471075951966,79.48099953287934
2026-04-28 03:00:00+00:00,111.835,108.4475,108.26723617391633,82.89817855686682
2026-04-28 04:00:00+00:00,122.1,127.085,127.6764856950713,97.4381867934744
2026-04-28 05:00:00+00:00,121.43,135.3275,121.12828142562815,91.75339829820352
2026-04-28 06:00:00+00:00,112.315,118.9475,100.87073913480332,92.18892881704762
2026-04-28 07:00:00+00:00,79.7775,97.305,68.87217309125487,68.57781201414502
2026-04-28 08:00:00+00:00,21.815,59.895,31.62983660965031,9.152192316814672
2026-04-28 09:00:00+00:00,-1.085,19.602500000000003,-11.79707043665428,-14.257797592493707
2026-04-28 10:00:00+00:00,-14.0425,-0.0974999999999999,-29.237999638029876,-34.354225014806026
2026-04-28 11:00:00+00:00,-29.0,-1.7525,-36.85884847575433,-51.84772768028085
2026-04-28 12:00:00+00:00,-29.0075,-3.7,-36.165385676448224,-34.93755102862042
2026-04-28 13:00:00+00:00,-17.33,-1.8625,-29.452608409570004,-20.2970564335166
2026-04-28 14:00:00+00:00,-4.655,14.535,7.4208629968765365,-2.6578273144641833
2026-04-28 15:00:00+00:00,33.315,69.83,38.13463603211294,44.842948599835715
2026-04-28 16:00:00+00:00,90.1,102.645,69.06273312004063,82.14078664549125
2026-04-28 17:00:00+00:00,117.4,134.11,106.12634736623708,111.62227708917234
2026-04-28 18:00:00+00:00,120.9725,144.775,122.659309050438,124.96418213062117
2026-04-28 19:00:00+00:00,115.8275,129.62,104.96135993608064,114.11019131241599
2026-04-28 20:00:00+00:00,111.295,119.845,94.8311300386313,106.86670364679892
2026-04-28 21:00:00+00:00,101.77,111.8725,90.66779835741889,101.69670679701404
2026-04-28 22:00:00+00:00,98.2075,107.095,86.5296877778681,100.07711093180416
2026-04-28 23:00:00+00:00,96.725,104.11,87.17053891570949,100.56916104587799
2026-04-29 00:00:00+00:00,97.9175,104.2,90.28244644419014,101.1446153739074
2026-04-29 01:00:00+00:00,98.5275,104.8475,95.78726830201668,102.06479858693257
2026-04-29 02:00:00+00:00,100.65,109.6925,103.22658906777457,107.34408863453464
2026-04-29 03:00:00+00:00,107.905,121.2325,113.76281420395756,115.39570159215826
2026-04-29 04:00:00+00:00,139.7975,139.8425,124.40332099242485,142.4585130212291
2026-04-29 05:00:00+00:00,126.8475,134.7975,118.34692615216404,135.59954584010023
2026-04-29 06:00:00+00:00,112.365,113.865,95.20040577304792,109.32042955902102
2026-04-29 07:00:00+00:00,66.42,79.555,56.79413634026753,63.90829797045776
2026-04-29 08:00:00+00:00,-1.0775,20.155,6.699005730594223,3.9240301447059367
2026-04-29 09:00:00+00:00,-11.5675,-2.42,-22.06358506128987,-17.1331407324561
2026-04-29 10:00:00+00:00,-33.765,-8.8325,-38.07172198897264,-42.82049516565485
2026-04-29 11:00:00+00:00,-60.3625,-20.985,-48.4552942883888,-52.71873027341504
2026-04-29 12:00:00+00:00,-55.4325,-19.0,-46.29070186624271,-52.4931057767252
2026-04-29 13:00:00+00:00,-36.22,-4.92,-32.059269087982145,-37.613728533363755
2026-04-29 14:00:00+00:00,-11.25,-0.0099999999999998,-13.52140619351718,-16.459899148159618
2026-04-29 15:00:00+00:00,19.645,57.405,24.245333910432336,21.60172214390182
2026-04-29 16:00:00+00:00,91.145,105.2975,76.56533254669542,91.35987888018798
2026-04-29 17:00:00+00:00,125.81,140.1175,110.52738094358254,127.94321480818247
2026-04-29 18:00:00+00:00,145.5925,153.91,124.47851397837564,144.9170912030266
2026-04-29 19:00:00+00:00,129.95,128.51,121.13002245554847,130.7803641671129
2026-04-29 20:00:00+00:00,115.6575,114.45,113.75383817235404,112.16597738496496
2026-04-29 21:00:00+00:00,105.0975,105.0775,105.4569667235599,104.88470525339336
2026-04-29 22:00:00+00:00,100.32,100.14,94.34365843076226,101.49964286341164
2026-04-29 23:00:00+00:00,100.11,97.625,94.95814633042865,97.17273249722328
2026-04-30 00:00:00+00:00,98.57,96.735,98.04081585993745,96.73513393778907
2026-04-30 01:00:00+00:00,99.4775,96.2075,101.44972173043249,95.50334599175166
2026-04-30 02:00:00+00:00,104.09,95.85,106.52601582856691,98.95275179368954
2026-04-30 03:00:00+00:00,114.1025,104.16,115.32665092148707,107.69417809392736
2026-04-30 04:00:00+00:00,139.12,119.0,131.1118339552926,130.3606489647448
2026-04-30 05:00:00+00:00,122.285,119.4,117.0968690740991,122.9463776322671
2026-04-30 06:00:00+00:00,96.2175,109.6975,87.64732707044851,100.35343517849502
2026-04-30 07:00:00+00:00,45.555,63.2925,40.8096856039156,46.058354123352764
2026-04-30 08:00:00+00:00,-0.0375,-0.5625,-11.906750397816396,-2.7766453154513604
2026-04-30 09:00:00+00:00,-3.875,-6.175,-30.74284065936925,-36.72750268691945
2026-04-30 10:00:00+00:00,-16.2525,-29.0075,-50.86674976942747,-57.430694065055576
2026-04-30 11:00:00+00:00,-32.02,-49.56,-66.73520300719075,-58.43228036969903
2026-04-30 12:00:00+00:00,-28.93,-48.8625,-60.73836125973351,-55.71412664371887
2026-04-30 13:00:00+00:00,-12.05,-22.89,-41.38216606453712,-42.12608653433247
2026-04-30 14:00:00+00:00,-2.2925,-1.93,-15.774486119618487,-20.52960441375327
2026-04-30 15:00:00+00:00,20.58,21.9675,17.39289835929293,22.54179574392921
2026-04-30 16:00:00+00:00,92.43,93.5725,75.95186985336528,90.3970591659552
2026-04-30 17:00:00+00:00,139.0875,121.5,113.17901831688266,121.27769826670257
2026-04-30 18:00:00+00:00,178.62,136.955,133.06784145505867,145.0201473880352
2026-04-30 19:00:00+00:00,145.84,116.2875,123.40661034176196,135.79473776792867
2026-04-30 20:00:00+00:00,118.92,108.235,111.40779141846927,117.53661708557128
2026-04-30 21:00:00+00:00,109.6075,99.4575,102.30919514300766,103.91832503042929
2026-04-30 22:00:00+00:00,107.2275,102.455,65.61925885492366,96.23734774132612
2026-04-30 23:00:00+00:00,103.085,100.13,65.2065663732154,92.77089900138022
2026-05-01 00:00:00+00:00,101.385,100.71,66.88978673619542,87.130348420735
2026-05-01 01:00:00+00:00,99.245,101.69,70.08545165522939,86.6932539104562
2026-05-01 02:00:00+00:00,97.98,105.3575,75.98831889063986,88.68236164445376
2026-05-01 03:00:00+00:00,97.495,116.305,85.70059633108245,84.00954051531903
2026-05-01 04:00:00+00:00,103.7675,131.8725,98.77822608938988,106.92287439255728
2026-05-01 05:00:00+00:00,80.34,137.9875,83.41148808214798,89.81154161119257
2026-05-01 06:00:00+00:00,35.3325,117.685,52.37253214066478,54.317742593124564
2026-05-01 07:00:00+00:00,-0.0275,80.905,12.374486871750108,2.291211144509385
2026-05-01 08:00:00+00:00,-21.18,19.5725,-29.58527271797655,-36.5026951330549
2026-05-01 09:00:00+00:00,-108.6175,-0.035,-45.56712371012573,-52.33604085162893
2026-05-01 10:00:00+00:00,-318.58,-6.9075,-55.89454074450548,-64.21310575437565
2026-05-01 11:00:00+00:00,-499.0,-26.14,-64.2539400477627,-71.48030980305317
2026-05-01 12:00:00+00:00,-474.9675,-30.0025,-58.56516706692851,-65.05013061165128
2026-05-01 13:00:00+00:00,-205.8775,-16.555,-40.09419699396544,-55.85371657725957
2026-05-01 14:00:00+00:00,-26.2475,-1.6124999999999998,-21.79376861625795,-52.62670712012413
2026-05-01 15:00:00+00:00,5.555,50.9075,8.552267922024086,-8.105595869739568
2026-05-01 16:00:00+00:00,92.53,104.8175,64.6900710380921,68.51907107888988
2026-05-01 17:00:00+00:00,154.19,133.81,103.52738925578993,112.4487936546548
2026-05-01 18:00:00+00:00,173.325,137.34,125.37222428895637,130.74268790209015
2026-05-01 19:00:00+00:00,142.95,131.025,103.72540074377866,119.0685714937388
2026-05-01 20:00:00+00:00,113.2225,121.8775,79.82214761305423,95.72672709139806
2026-05-01 21:00:00+00:00,96.9825,113.4425,64.65760767254906,81.96376458083373
2026-05-01 22:00:00+00:00,117.425,100.625,65.57731927367134,89.40756900377498
2026-05-01 23:00:00+00:00,103.7125,95.54,60.73222675516594,84.3289305348647
2026-05-02 00:00:00+00:00,99.4775,95.12,59.13851377633494,78.80250440616899
2026-05-02 01:00:00+00:00,93.335,95.1575,58.46276225593533,72.70190573444413
2026-05-02 02:00:00+00:00,93.545,88.4575,59.16116759811928,67.00276913991817
2026-05-02 03:00:00+00:00,93.6975,88.03,62.25633588946832,64.38779074105078
2026-05-02 04:00:00+00:00,91.78,83.1825,65.89493117646387,53.253465591515926
2026-05-02 05:00:00+00:00,78.0125,71.3625,49.54264720915016,26.60499090513045
2026-05-02 06:00:00+00:00,18.27,20.035,15.425505021174757,-0.15030389580357845
2026-05-02 07:00:00+00:00,1.27,-0.0424999999999999,-12.31255881987245,-13.504254320521571
2026-05-02 08:00:00+00:00,-2.3875,-7.27,-30.56266259187933,-44.0657955242307
2026-05-02 09:00:00+00:00,-21.9125,-42.1425,-75.09127187663786,-63.24447103806478
2026-05-02 10:00:00+00:00,-83.6075,-100.5125,-164.51428500267258,-75.27749891491277
2026-05-02 11:00:00+00:00,-130.0275,-176.4425,-244.8313793591543,-100.16460400291116
2026-05-02 12:00:00+00:00,-86.8425,-190.865,-229.69216758691834,-95.20494756355039
2026-05-02 13:00:00+00:00,-14.0375,-133.8025,-102.27301966406328,-73.58799000727653
2026-05-02 14:00:00+00:00,0.0325,-53.975,-10.585069246170022,-29.49042389950308
2026-05-02 15:00:00+00:00,54.945,-5.245,30.49783751892535,11.632644729883618
2026-05-02 16:00:00+00:00,127.14,4.615,81.05627607476755,81.30242033097286
2026-05-02 17:00:00+00:00,165.0,65.19749999999999,131.3672890495791,128.9886505428735
2026-05-02 18:00:00+00:00,195.45,75.42,150.48487669963487,155.7764804568908
2026-05-02 19:00:00+00:00,154.32,72.005,132.3995117225227,143.876397932024
2026-05-02 20:00:00+00:00,139.96,72.6775,114.5598550383305,116.71907855898195
2026-05-02 21:00:00+00:00,123.865,69.97999999999999,103.53843010361683,102.04024753166678
2026-05-02 22:00:00+00:00,121.195,79.44,106.12334709983458,137.81576233891087
2026-05-02 23:00:00+00:00,116.0325,83.595,99.74213093732209,119.00696823896165
2026-05-03 00:00:00+00:00,110.1625,87.1,98.94469228298493,121.0223555180007
2026-05-03 01:00:00+00:00,108.4775,90.4875,99.76992199098247,119.96647120645528
2026-05-03 02:00:00+00:00,106.2925,94.1525,103.64379942293118,120.73192809623049
2026-05-03 03:00:00+00:00,107.0725,98.64,108.47681508887925,121.3472811808006
2026-05-03 04:00:00+00:00,101.7,94.185,109.10763841301502,119.52602508045777
2026-05-03 05:00:00+00:00,85.3375,83.1525,95.57948332811313,110.29972106276759
2026-05-03 06:00:00+00:00,71.7375,54.3125,54.980051008028354,68.42258740696329
2026-05-03 07:00:00+00:00,32.6575,-0.01,25.54030584046164,27.862401075909176
2026-05-03 08:00:00+00:00,1.2875,-28.185,7.403650742238753,13.355560069838976
2026-05-03 09:00:00+00:00,-1.4275,-127.365,-15.924868217382311,-34.84393569319864
2026-05-03 10:00:00+00:00,-6.79,-259.96000000000004,-57.86787953975586,-57.002129787542884
2026-05-03 11:00:00+00:00,-14.435,-413.77,-92.04046326518947,-65.52038712788436
2026-05-03 12:00:00+00:00,-10.8825,-413.245,-75.37247957395626,-82.86861378034786
2026-05-03 13:00:00+00:00,-3.9675,-235.8925,-15.119386224179124,-28.213918859187316
2026-05-03 14:00:00+00:00,9.1325,-37.305,23.690239076221857,-14.222970426938378
2026-05-03 15:00:00+00:00,80.7075,11.177499999999998,59.493518501276725,52.15853645656801
2026-05-03 16:00:00+00:00,120.5725,113.0975,104.30825491791566,113.29682267605581
2026-05-03 17:00:00+00:00,134.795,150.2875,129.9881023382093,139.73929932039565
2026-05-03 18:00:00+00:00,140.87,157.815,143.83142386514123,140.99627045541607
2026-05-03 19:00:00+00:00,137.31,140.6525,120.14341238808915,132.2630054326598
2026-05-03 20:00:00+00:00,130.3775,126.4075,106.77744187424601,122.28615289102528
2026-05-03 21:00:00+00:00,121.115,122.875,95.2978098641291,115.31436432532092
2026-05-03 22:00:00+00:00,117.355,118.4475,112.53128378470964,115.97309974764973
2026-05-03 23:00:00+00:00,108.41,113.03,109.21734672771306,111.74446726169873
2026-05-04 00:00:00+00:00,110.5575,112.71,107.78320779462364,104.25384484714631
2026-05-04 01:00:00+00:00,106.3475,112.825,111.17158538886103,102.37243368716102
2026-05-04 02:00:00+00:00,109.9075,116.74,116.69150950616262,101.68792409423563
2026-05-04 03:00:00+00:00,128.8825,125.6675,124.70540969109783,122.84678187222643
2026-05-04 04:00:00+00:00,149.5475,165.5675,133.03925337481508,151.59109466982318
2026-05-04 05:00:00+00:00,151.26749999999998,153.69,125.82009535013938,143.1547964212572
2026-05-04 06:00:00+00:00,134.6025,126.5475,106.70671197910826,119.39010240299882
2026-05-04 07:00:00+00:00,113.625,92.5275,68.15055351390399,91.4520965573204
2026-05-04 08:00:00+00:00,99.99,59.1425,41.51038433882559,70.31171539401727
2026-05-04 09:00:00+00:00,93.095,4.14,19.869075658117723,33.307741360547666
2026-05-04 10:00:00+00:00,75.065,-0.0975,13.094380585303512,25.732071057396684
2026-05-04 11:00:00+00:00,69.4075,-0.83,16.235075450383704,-1.2205120902690656
2026-05-04 12:00:00+00:00,81.0775,-0.1625,28.35382626219092,37.25606875777848
2026-05-04 13:00:00+00:00,94.0025,5.1425,48.470872434738396,65.03186067412808
2026-05-04 14:00:00+00:00,107.9675,68.66499999999999,77.22982411889286,90.5788359831788
2026-05-04 15:00:00+00:00,128.9925,107.185,128.68676938133848,122.01307893308251
2026-05-04 16:00:00+00:00,169.0,129.8525,151.88847650894604,176.719394408566
2026-05-04 17:00:00+00:00,245.03,172.3,167.39783779444585,224.39974986439628
2026-05-04 18:00:00+00:00,266.83500000000004,188.1175,173.2624442696072,247.329038022081
2026-05-04 19:00:00+00:00,194.3,148.46,165.79919545548228,222.9196380730084
2026-05-04 20:00:00+00:00,153.04500000000002,125.6475,156.23425160160144,157.0623392698824
2026-05-04 21:00:00+00:00,137.2,115.2025,146.14927308509021,137.45051670789888
2026-05-04 22:00:00+00:00,131.36,112.66,138.59603305925958,135.94024593758246
2026-05-04 23:00:00+00:00,126.2,106.9025,132.73152723050447,125.93224394603637
2026-05-05 00:00:00+00:00,122.11,102.98,132.63845411764362,122.57672458723842
2026-05-05 01:00:00+00:00,122.045,102.83,130.70187100555955,117.45358133302797
2026-05-05 02:00:00+00:00,123.9,105.2775,134.5714879955754,115.63193555316774
2026-05-05 03:00:00+00:00,133.9025,111.835,145.32667499877638,142.16739713044842
2026-05-05 04:00:00+00:00,160.1125,122.1,156.49514240606868,183.95007103186413
2026-05-05 05:00:00+00:00,160.765,121.43,155.0721995451934,188.16466659525645
2026-05-05 06:00:00+00:00,147.23250000000002,112.315,140.6076886580049,147.9824783510314
2026-05-05 07:00:00+00:00,129.61,79.7775,119.74275093905305,119.40687228564919
2026-05-05 08:00:00+00:00,114.12,21.815,100.87209765795767,113.60380984547432
2026-05-05 09:00:00+00:00,108.2575,-1.085,85.58139030993777,100.90671696159835
2026-05-05 10:00:00+00:00,99.0925,-14.0425,73.67889945546189,87.85479562393809
2026-05-05 11:00:00+00:00,98.055,-29.0,77.7562316141005,80.88006021672228
2026-05-05 12:00:00+00:00,97.745,-29.0075,91.98084851741815,81.77389217128349
2026-05-05 13:00:00+00:00,105.99,-17.33,99.67162103044949,91.55852965099274
2026-05-05 14:00:00+00:00,111.9775,-4.655,110.04372897527605,104.84607955275106
2026-05-05 15:00:00+00:00,128.67000000000002,33.315,126.25052701844146,123.80885461296315
2026-05-05 16:00:00+00:00,145.7625,90.1,145.90656192998995,145.4823794582377
2026-05-05 17:00:00+00:00,163.685,117.4,177.97157806842029,161.321796493758
2026-05-05 18:00:00+00:00,163.9025,120.9725,185.60816857788308,163.5315861123554
2026-05-05 19:00:00+00:00,146.9975,115.8275,152.78168202309615,146.1045859580018
2026-05-05 20:00:00+00:00,132.745,111.295,129.64647518458094,131.31093514493548
2026-05-05 21:00:00+00:00,115.2925,101.77,116.83027317442786,118.80755167116567
2026-05-05 22:00:00+00:00,120.035,98.2075,101.2361948157994,109.5955294590463
2026-05-05 23:00:00+00:00,114.23,96.725,95.3195962494605,104.19751904269933
2026-05-06 00:00:00+00:00,113.165,97.9175,91.04354796137594,98.00642879133316
2026-05-06 01:00:00+00:00,112.995,98.5275,90.42830467092753,96.27970126862692
2026-05-06 02:00:00+00:00,113.34,100.65,91.98131308152776,98.00153562900833
2026-05-06 03:00:00+00:00,118.225,107.905,98.8805209230745,106.02643067711432
2026-05-06 04:00:00+00:00,131.14,139.7975,115.16772288919074,112.48260727017146
2026-05-06 05:00:00+00:00,142.45,126.8475,115.799735583954,113.7541145404413
2026-05-06 06:00:00+00:00,141.55,112.365,107.00368097734798,113.65894321884575
2026-05-06 07:00:00+00:00,121.305,66.42,92.37433815078413,100.91623049750689
2026-05-06 08:00:00+00:00,108.8,-1.0775,79.7407799097761,94.04743924434182
2026-05-06 09:00:00+00:00,104.12,-11.5675,71.07897849244443,90.2899599281942
2026-05-06 10:00:00+00:00,100.0925,-33.765,69.06523559295653,82.2496938508771
2026-05-06 11:00:00+00:00,89.34,-60.3625,63.425442179454876,88.3959240989122
2026-05-06 12:00:00+00:00,91.33,-55.4325,65.02788937060065,89.09642688805455
2026-05-06 13:00:00+00:00,103.125,-36.22,77.20292093143937,85.39053824611563
2026-05-06 14:00:00+00:00,112.6625,-11.25,86.80984479925435,97.15281933322886
2026-05-06 15:00:00+00:00,125.0525,19.645,105.33173810803775,116.54356584450206
2026-05-06 16:00:00+00:00,137.91,91.145,130.79767182757027,136.1172944647282
2026-05-06 17:00:00+00:00,154.605,125.81,145.7399160586758,146.43048286537302
2026-05-06 18:00:00+00:00,156.915,145.5925,151.31807094342838,154.78081470709424
2026-05-06 19:00:00+00:00,154.61,129.95,141.46566108999804,149.01527045664545
2026-05-06 20:00:00+00:00,143.4125,115.6575,132.21194981724352,138.75960948041634
2026-05-06 21:00:00+00:00,128.26,105.0975,122.4710005616084,121.24004835416089
2026-05-06 22:00:00+00:00,125.1525,100.32,111.5562324701705,121.14391401228802
2026-05-06 23:00:00+00:00,116.485,100.11,110.96611155941987,109.7026049289625
2026-05-07 00:00:00+00:00,115.2575,98.57,112.53207089180711,111.85724780997056
2026-05-07 01:00:00+00:00,116.49,99.4775,115.8526979715108,112.80726887902698
2026-05-07 02:00:00+00:00,119.1375,104.09,121.15933518682981,115.94030510799695
2026-05-07 03:00:00+00:00,126.875,114.1025,129.6737509995638,129.40335306843426
2026-05-07 04:00:00+00:00,151.0,139.12,142.668869325345,142.23169493477096
2026-05-07 05:00:00+00:00,167.29250000000002,122.285,147.20081983269344,154.6478556351372
2026-05-07 06:00:00+00:00,155.5925,96.2175,140.10924184473487,158.57293826787236
2026-05-07 07:00:00+00:00,136.41,45.555,118.93648895194417,138.11152623037137
2026-05-07 08:00:00+00:00,120.1325,-0.0375,105.3553254407596,117.01002779946835
2026-05-07 09:00:00+00:00,113.525,-3.875,99.01665183258199,109.8646407169487
2026-05-07 10:00:00+00:00,103.9225,-16.2525,86.68792927058153,106.683840719772
2026-05-07 11:00:00+00:00,101.915,-32.02,75.8835849792849,89.91687421065919
2026-05-07 12:00:00+00:00,101.73,-28.93,71.15867543313969,85.0168953347938
2026-05-07 13:00:00+00:00,107.445,-12.05,79.1778966173338,99.01538553590615
2026-05-07 14:00:00+00:00,117.9975,-2.2925,90.97871269713227,109.62320018300247
2026-05-07 15:00:00+00:00,132.56,20.58,110.33658859655827,131.65049863297068
2026-05-07 16:00:00+00:00,148.70499999999998,92.43,128.7245923868232,141.42060877413968
2026-05-07 17:00:00+00:00,185.655,139.0875,154.30741247832222,152.61359100913015
2026-05-07 18:00:00+00:00,221.4775,178.62,165.1642738173648,173.16903745835634
2026-05-07 19:00:00+00:00,182.715,145.84,159.9829221405025,159.99067530833094
2026-05-07 20:00:00+00:00,154.435,118.92,148.04112058446782,139.53696050707768
2026-05-07 21:00:00+00:00,142.7575,109.6075,136.0245964684077,121.66063860198757
2026-05-07 22:00:00+00:00,130.3425,107.2275,125.54331252174877,123.02092454326858
2026-05-07 23:00:00+00:00,120.66,103.085,119.0026354113042,113.78880782337062
2026-05-08 00:00:00+00:00,118.215,101.385,117.71436713027069,112.04714912118605
2026-05-08 01:00:00+00:00,116.9775,99.245,119.0124801449302,111.60815767498192
2026-05-08 02:00:00+00:00,118.565,97.98,122.54944778526341,111.78338313965031
2026-05-08 03:00:00+00:00,126.185,97.495,128.91991916533303,123.70847818084891
2026-05-08 04:00:00+00:00,143.6,103.7675,138.86161394386374,136.16047206962574
2026-05-08 05:00:00+00:00,147.0275,80.34,133.8656281151193,137.40964458107382
2026-05-08 06:00:00+00:00,137.4,35.3325,107.13810846532144,119.51558033818628
2026-05-08 07:00:00+00:00,115.2475,-0.0275,68.71847360085047,93.88616544778581
2026-05-08 08:00:00+00:00,97.7475,-21.18,38.11296330993751,60.17661253253682
2026-05-08 09:00:00+00:00,75.81,-108.6175,17.268225711904122,59.959872177853086
2026-05-08 10:00:00+00:00,65.37,-318.58,-11.005661771897948,43.939601988252434
2026-05-08 11:00:00+00:00,58.7075,-499.0,-21.593642691204494,44.8314467573686
2026-05-08 12:00:00+00:00,64.34,-474.9675,-15.573418548940225,38.395923148086
2026-05-08 13:00:00+00:00,81.8925,-205.8775,21.205571823079197,65.44929429672227
2026-05-08 14:00:00+00:00,94.0625,-26.2475,52.096568819304494,77.62865309944354
2026-05-08 15:00:00+00:00,109.5,5.555,77.17768336477617,102.00840307375265
2026-05-08 16:00:00+00:00,127.815,92.53,105.49795224097538,122.02275180055835
2026-05-08 17:00:00+00:00,143.54250000000002,154.19,142.30555924807578,141.10255288277259
2026-05-08 18:00:00+00:00,152.9775,173.325,161.5511111514245,155.12643802302168
2026-05-08 19:00:00+00:00,138.9,142.95,138.7524970104079,143.83269668911453
2026-05-08 20:00:00+00:00,127.5025,113.2225,119.16502756418716,128.94349372754093
2026-05-08 21:00:00+00:00,119.14,96.9825,109.21625096290974,118.9208872133216
2026-05-08 22:00:00+00:00,127.6925,117.425,88.57735754446614,113.44113452063023
2026-05-08 23:00:00+00:00,123.4075,103.7125,85.15320484920159,108.86079714533248
2026-05-09 00:00:00+00:00,123.48,99.4775,87.16552641347343,109.08276763063317
2026-05-09 01:00:00+00:00,124.3525,93.335,90.14922056381468,108.86749915838651
2026-05-09 02:00:00+00:00,125.7375,93.545,95.9060596397804,107.53168927555191
2026-05-09 03:00:00+00:00,126.4525,93.6975,104.70610436662056,110.36442032271427
2026-05-09 04:00:00+00:00,127.5225,91.78,113.89093374001189,109.93982145113948
2026-05-09 05:00:00+00:00,118.67,78.0125,107.65904360638004,104.67256012472116
2026-05-09 06:00:00+00:00,107.6725,18.27,82.99651631881183,91.52215849316546
2026-05-09 07:00:00+00:00,68.3075,1.27,52.278779618974724,51.7433044765973
2026-05-09 08:00:00+00:00,9.9275,-2.3875,24.737264880092127,33.31098186093353
2026-05-09 09:00:00+00:00,-0.015,-21.9125,1.6925642258900382,-8.305571624944
2026-05-09 10:00:00+00:00,-0.0625,-83.6075,-8.128734315136015,-16.10576091926195
2026-05-09 11:00:00+00:00,-0.09,-130.0275,-8.84334454281695,-11.720593070533637
2026-05-09 12:00:00+00:00,-0.0125,-86.8425,8.968495349606826,10.086397050714067
2026-05-09 13:00:00+00:00,0.0025,-14.0375,30.68910808700967,31.39217716485439
2026-05-09 14:00:00+00:00,27.715000000000003,0.0325,48.196684307092696,59.978647584381875
2026-05-09 15:00:00+00:00,93.69,54.945,70.31425760324117,90.79429494366664
2026-05-09 16:00:00+00:00,123.19,127.14,100.58961244823637,119.3567587125269
2026-05-09 17:00:00+00:00,138.5075,165.0,123.17633629210538,137.46510879917363
2026-05-09 18:00:00+00:00,146.965,195.45,136.608015380599,154.48925254235039
2026-05-09 19:00:00+00:00,143.485,154.32,124.92122580659375,145.03506817509742
2026-05-09 20:00:00+00:00,136.3,139.96,112.3439406361841,132.1951070809341
2026-05-09 21:00:00+00:00,127.0875,123.865,103.8113795340268,118.43329816868831
2026-05-09 22:00:00+00:00,128.0925,121.195,100.04874886430274,126.42633234850948
2026-05-09 23:00:00+00:00,125.4475,116.0325,97.94331026031476,123.65723848840234
2026-05-10 00:00:00+00:00,125.4325,110.1625,98.91425872858183,123.38080461628272
2026-05-10 01:00:00+00:00,123.4825,108.4775,101.41645131173067,117.69222759151054
2026-05-10 02:00:00+00:00,124.1975,106.2925,105.68585442158736,115.74077602808848
2026-05-10 03:00:00+00:00,123.94,107.0725,109.92468598865668,114.33054352727996
2026-05-10 04:00:00+00:00,115.14,101.7,109.70068677307364,112.00696980261282
2026-05-10 05:00:00+00:00,101.1675,85.3375,93.85262407395147,97.14597660938621
2026-05-10 06:00:00+00:00,70.835,71.7375,71.32450811868064,73.1134316306699
2026-05-10 07:00:00+00:00,11.18,32.6575,34.237328312573545,19.58640577346411
2026-05-10 08:00:00+00:00,0.0025,1.2875,-9.799123163777836,0.7273102109610238
2026-05-10 09:00:00+00:00,-0.6699999999999999,-1.4275,-26.482079402925407,-18.84391130160602
2026-05-10 10:00:00+00:00,-1.88,-6.79,-29.831547117855152,-55.3860729278849
2026-05-10 11:00:00+00:00,-2.165,-14.435,-27.15787645796543,-36.1904182599701
2026-05-10 12:00:00+00:00,-1.4,-10.8825,-20.91208551117397,-28.801242073260845
2026-05-10 13:00:00+00:00,-0.255,-3.9675,-9.407021895077136,-8.670427204037464
2026-05-10 14:00:00+00:00,1.8825,9.1325,18.785595482371605,6.411726851120837
2026-05-10 15:00:00+00:00,71.005,80.7075,62.43658762397019,56.0191387151643
2026-05-10 16:00:00+00:00,110.9425,120.5725,87.14875139769346,103.75834360746425
2026-05-10 17:00:00+00:00,122.0,134.795,101.45553618977343,125.49090905645294
2026-05-10 18:00:00+00:00,129.3175,140.87,110.61067901895288,127.47305330905236
2026-05-10 19:00:00+00:00,128.515,137.31,106.8161890782514,123.5335119234346
2026-05-10 20:00:00+00:00,124.14,130.3775,100.56420351808859,121.03110961584399
2026-05-10 21:00:00+00:00,119.8375,121.115,93.6835574927609,115.55932391880715
2026-05-10 22:00:00+00:00,118.785,117.355,122.70697755278806,114.65815198595512
2026-05-10 23:00:00+00:00,112.335,108.41,120.78906404942482,119.16276599481255
2026-05-11 00:00:00+00:00,110.4275,110.5575,120.7904167056171,119.05511825167146
2026-05-11 01:00:00+00:00,112.6575,106.3475,119.78957224390012,114.80583512018994
2026-05-11 02:00:00+00:00,113.0925,109.9075,122.14702729999216,116.60978025408502
2026-05-11 03:00:00+00:00,122.1375,128.8825,127.15400203571454,131.40134728890263
2026-05-11 04:00:00+00:00,136.475,149.5475,129.3968017409298,144.07240559741933
2026-05-11 05:00:00+00:00,154.0475,151.26749999999998,127.55800248327361,142.95751465420847
2026-05-11 06:00:00+00:00,150.0125,134.6025,117.83351981336762,141.42378252021166
2026-05-11 07:00:00+00:00,136.79999999999998,113.625,90.74556888939625,131.80044596469054
2026-05-11 08:00:00+00:00,126.3075,99.99,83.09755488087873,114.66933350567047
2026-05-11 09:00:00+00:00,113.4325,93.095,79.48730413115287,96.18365725993219
2026-05-11 10:00:00+00:00,105.485,75.065,69.81761595139206,84.50704577647319
2026-05-11 11:00:00+00:00,98.78,69.4075,65.35270089405626,72.55430099962244
2026-05-11 12:00:00+00:00,95.98,81.0775,59.49094151603001,59.831859946504515
2026-05-11 13:00:00+00:00,96.2,94.0025,48.25165982898858,55.875794871737085
2026-05-11 14:00:00+00:00,100.49,107.9675,43.87049050892321,70.62958339403845
2026-05-11 15:00:00+00:00,116.3025,128.9925,74.56488657548698,86.53496037515221
2026-05-11 16:00:00+00:00,122.98,169.0,100.08517661122951,107.55693806292918
2026-05-11 17:00:00+00:00,130.7175,245.03,112.25033773783777,115.41560970369821
2026-05-11 18:00:00+00:00,131.12,266.83500000000004,120.84750436551593,132.20072769315144
2026-05-11 19:00:00+00:00,127.8725,194.3,113.99805431693235,129.1416135985016
2026-05-11 20:00:00+00:00,120.765,153.04500000000002,104.74901401049023,106.8138906459834
2026-05-11 21:00:00+00:00,108.9525,137.2,94.05704231380884,96.90665309954835
2026-05-11 22:00:00+00:00,99.065,131.36,81.06746143116568,84.14377195313818
2026-05-11 23:00:00+00:00,95.275,126.2,74.51830296553682,73.74463342387756
2026-05-12 00:00:00+00:00,91.73,122.11,72.47444706481633,70.80769221629035
2026-05-12 01:00:00+00:00,89.8975,122.045,74.12898037232881,70.69851589686674
2026-05-12 02:00:00+00:00,91.375,123.9,77.3174799884495,70.83746400650186
2026-05-12 03:00:00+00:00,94.0025,133.9025,85.91050559974123,76.94517191048298
2026-05-12 04:00:00+00:00,111.2625,160.1125,95.23225281393056,86.5489772671776
2026-05-12 05:00:00+00:00,122.575,160.765,95.69872925533551,88.86119353979576
2026-05-12 06:00:00+00:00,112.145,147.23250000000002,78.2771814554073,86.41304648827042
2026-05-12 07:00:00+00:00,94.075,129.61,60.03906731430366,48.97375146350373
2026-05-12 08:00:00+00:00,79.5575,114.12,43.24342063988901,11.99086697888859
2026-05-12 09:00:00+00:00,63.535,108.2575,35.410266678910155,11.485424075988787
2026-05-12 10:00:00+00:00,45.91,99.0925,40.41140290678935,14.185568608150737
2026-05-12 11:00:00+00:00,27.33,98.055,45.68344462175029,14.89900516552291
2026-05-12 12:00:00+00:00,19.9725,97.745,37.96858435881135,16.360545610019027
2026-05-12 13:00:00+00:00,44.760000000000005,105.99,34.56049135279932,17.891230223244822
2026-05-12 14:00:00+00:00,74.405,111.9775,50.26932881282105,40.97499454996831
2026-05-12 15:00:00+00:00,96.0,128.67000000000002,75.19779327070333,82.20850230417882
2026-05-12 16:00:00+00:00,114.88,145.7625,94.70738117922511,101.8986325689726
2026-05-12 17:00:00+00:00,136.2775,163.685,120.34964952313864,126.235201852334
2026-05-12 18:00:00+00:00,142.985,163.9025,134.02567183801037,128.3454892542751
2026-05-12 19:00:00+00:00,142.7425,146.9975,133.30888985346496,133.0158743497767
2026-05-12 20:00:00+00:00,131.225,132.745,124.61535235183139,118.12490470118871
2026-05-12 21:00:00+00:00,118.345,115.2925,112.80459835487883,109.64512711655087
2026-05-12 22:00:00+00:00,114.33,120.035,97.44061762175296,99.90081805750388
2026-05-12 23:00:00+00:00,106.2175,114.23,92.05507651801621,96.12647538259634
2026-05-13 00:00:00+00:00,104.3575,113.165,90.02799925858957,90.96971122509434
2026-05-13 01:00:00+00:00,107.435,112.995,91.77469405906965,91.46021170485577
2026-05-13 02:00:00+00:00,111.195,113.34,96.97361980267755,92.02404916449832
2026-05-13 03:00:00+00:00,120.0,118.225,104.42785499087542,101.75941936608294
2026-05-13 04:00:00+00:00,137.1825,131.14,116.18901832273173,124.4510411981931
2026-05-13 05:00:00+00:00,141.1225,142.45,119.32503956064446,143.69000767405512
2026-05-13 06:00:00+00:00,126.7,141.55,105.47147618719144,113.54133194481177
2026-05-13 07:00:00+00:00,102.525,121.305,81.55694550859508,83.81490385522643
2026-05-13 08:00:00+00:00,86.44,108.8,61.251767605921756,52.46590994865196
2026-05-13 09:00:00+00:00,83.7775,104.12,55.29707232612316,47.83376740458806
2026-05-13 10:00:00+00:00,74.10249999999999,100.0925,50.50632242342606,39.72572537971509
2026-05-13 11:00:00+00:00,71.77250000000001,89.34,41.625895621936614,36.867558229964644
2026-05-13 12:00:00+00:00,70.2025,91.33,32.634634321751285,25.56280555596839
2026-05-13 13:00:00+00:00,82.2675,103.125,55.121766998392914,47.380392065116936
2026-05-13 14:00:00+00:00,92.375,112.6625,78.00681024742269,70.5039654335542
2026-05-13 15:00:00+00:00,112.6025,125.0525,108.54097698966453,99.72815660324558
2026-05-13 16:00:00+00:00,132.355,137.91,120.5400690214949,130.4712947040787
2026-05-13 17:00:00+00:00,151.4925,154.605,140.3897661459616,155.77133749187496
2026-05-13 18:00:00+00:00,171.26749999999998,156.915,148.08507118207964,161.30204712876517
2026-05-13 19:00:00+00:00,160.04500000000002,154.61,146.03535079992082,148.65476879131708
2026-05-13 20:00:00+00:00,142.20499999999998,143.4125,135.36834048223312,129.46966792118883
2026-05-13 21:00:00+00:00,123.095,128.26,124.02794050886592,116.37404895992476
2026-05-13 22:00:00+00:00,130.54,125.1525,83.51307894436665,115.7660417452712
2026-05-13 23:00:00+00:00,121.75,116.485,78.48503961018301,110.52937467674961
2026-05-14 00:00:00+00:00,119.225,115.2575,77.37363555408575,109.21071841772688
2026-05-14 01:00:00+00:00,115.6375,116.49,79.3066455964834,108.032377383298
2026-05-14 02:00:00+00:00,112.9175,119.1375,82.36581393120655,106.05203246522991
2026-05-14 03:00:00+00:00,112.045,126.875,89.76054468907887,102.8522895459393
2026-05-14 04:00:00+00:00,111.405,151.0,99.83772609030274,110.56158483548141
2026-05-14 05:00:00+00:00,108.09,167.29250000000002,97.85936808240753,108.10064234645233
2026-05-14 06:00:00+00:00,99.2575,155.5925,81.2977970739019,95.9914088770402
2026-05-14 07:00:00+00:00,85.15,136.41,65.26371910706757,74.65819705429466
2026-05-14 08:00:00+00:00,58.6425,120.1325,54.21323143061811,62.47467691947037
2026-05-14 09:00:00+00:00,35.5675,113.525,43.44994830233069,39.62717191078757
2026-05-14 10:00:00+00:00,16.055,103.9225,35.01250075487219,33.832784625102654
2026-05-14 11:00:00+00:00,7.5525,101.915,29.56042646628442,31.739941090363313
2026-05-14 12:00:00+00:00,4.6025,101.73,26.513565181411465,26.51160693410306
2026-05-14 13:00:00+00:00,17.8475,107.445,39.48369876191444,43.10065487547124
2026-05-14 14:00:00+00:00,66.9125,117.9975,43.3752861276332,52.64274929346461
2026-05-14 15:00:00+00:00,94.76,132.56,64.58865478493973,90.121868662402
2026-05-14 16:00:00+00:00,126.0,148.70499999999998,90.65161146466752,121.79151518453772
2026-05-14 17:00:00+00:00,142.5825,185.655,116.43331428382294,146.22041465353203
2026-05-14 18:00:00+00:00,150.4475,221.4775,140.65964312153795,185.85356449963493
2026-05-14 19:00:00+00:00,152.2025,182.715,137.81373479791083,171.56056709146657
2026-05-14 20:00:00+00:00,150.91,154.435,126.37663532265847,160.48070746698255
2026-05-14 21:00:00+00:00,136.32,142.7575,115.51682357723077,134.0287826509527
2026-05-14 22:00:00+00:00,137.9725,130.3425,139.1577704176481,132.947267683133
2026-05-14 23:00:00+00:00,131.3725,120.66,132.1795800393495,126.72891792073219
2026-05-15 00:00:00+00:00,126.3125,118.215,129.98185800514693,124.54616786282028
2026-05-15 01:00:00+00:00,121.9375,116.9775,128.4588171962548,125.16759738959207
2026-05-15 02:00:00+00:00,123.7125,118.565,129.38035752663313,120.28916376028577
2026-05-15 03:00:00+00:00,127.16,126.185,132.948627638162,121.15600228119786
2026-05-15 04:00:00+00:00,136.1,143.6,135.15171682727978,124.15548298001828
2026-05-15 05:00:00+00:00,132.515,147.0275,125.98364549346915,118.2236461706067
2026-05-15 06:00:00+00:00,123.995,137.4,104.91823070402711,103.25350685505282
2026-05-15 07:00:00+00:00,104.54,115.2475,76.91871271373306,84.70142372198242
2026-05-15 08:00:00+00:00,81.7825,97.7475,51.84262508319443,62.66936267856507
2026-05-15 09:00:00+00:00,66.8175,75.81,33.714719586783325,49.31759997001291
2026-05-15 10:00:00+00:00,54.3025,65.37,19.378920811797116,30.71386277012461
2026-05-15 11:00:00+00:00,40.3225,58.7075,10.99014115007104,17.004947939535928
2026-05-15 12:00:00+00:00,40.1475,64.34,10.583863778245117,14.42893340062644
2026-05-15 13:00:00+00:00,51.0025,81.8925,22.171569786926653,20.909719003884067
2026-05-15 14:00:00+00:00,77.32,94.0625,54.60995314944873,60.69829506210466
2026-05-15 15:00:00+00:00,105.0475,109.5,80.55059672543129,90.34231947808281
2026-05-15 16:00:00+00:00,125.0425,127.815,105.48276256890198,112.05133129017759
2026-05-15 17:00:00+00:00,143.31,143.54250000000002,122.87952196189515,130.42362979210748
2026-05-15 18:00:00+00:00,153.455,152.9775,135.1056236349853,141.75281363955085
2026-05-15 19:00:00+00:00,151.14499999999998,138.9,135.59280118694124,132.48472646961153
2026-05-15 20:00:00+00:00,144.685,127.5025,129.93254753575093,126.80031189074006
2026-05-15 21:00:00+00:00,135.5125,119.14,118.3508436054995,113.4572995993506
2026-05-15 22:00:00+00:00,130.0,127.6925,92.67940683000047,112.12645706131165
2026-05-15 23:00:00+00:00,121.7875,123.4075,85.76040595789397,102.02605866697836
2026-05-16 00:00:00+00:00,117.5625,123.48,81.72967136235425,102.67066011448006
2026-05-16 01:00:00+00:00,116.0025,124.3525,79.90052017931829,98.13546743257498
2026-05-16 02:00:00+00:00,114.02,125.7375,81.90699753572275,94.23010955649615
2026-05-16 03:00:00+00:00,109.3425,126.4525,86.47880146891701,91.37942255178172
2026-05-16 04:00:00+00:00,105.7075,127.5225,90.48483539531998,84.4160962097962
2026-05-16 05:00:00+00:00,100.045,118.67,84.33008116193906,83.54598201222474
2026-05-16 06:00:00+00:00,86.9525,107.6725,68.46171488341561,47.92054354082931
2026-05-16 07:00:00+00:00,43.9525,68.3075,42.47851000975661,11.388314361573972
2026-05-16 08:00:00+00:00,4.2025,9.9275,12.398569902942896,-3.408314954938259
2026-05-16 09:00:00+00:00,-0.03,-0.015,3.3735083391189704,-2.59523605569446
2026-05-16 10:00:00+00:00,-1.195,-0.0625,-11.091397764163844,-6.6748964813829215
2026-05-16 11:00:00+00:00,-2.2,-0.09,-15.1026308758059,-6.971161762952939
2026-05-16 12:00:00+00:00,-1.9325,-0.0125,-12.76803924771248,-11.367011768134606
2026-05-16 13:00:00+00:00,-0.9975,0.0025,-15.443251321864608,-15.983795498974754
2026-05-16 14:00:00+00:00,4.779999999999999,27.715000000000003,13.586073306902279,-5.159686848836353
2026-05-16 15:00:00+00:00,60.0925,93.69,38.39251740927379,32.64180024267277
2026-05-16 16:00:00+00:00,100.2225,123.19,72.59493459993007,93.73992837370781
2026-05-16 17:00:00+00:00,126.47,138.5075,103.62780978350457,123.47089277791349
2026-05-16 18:00:00+00:00,139.9975,146.965,125.17533013527392,138.20862546043958
2026-05-16 19:00:00+00:00,140.6875,143.485,128.30743644755063,143.22893267573338
2026-05-16 20:00:00+00:00,135.99,136.3,123.07240324266856,137.37045439000656
2026-05-16 21:00:00+00:00,127.7,127.0875,114.7798160975637,125.87575298658206
2026-05-16 22:00:00+00:00,127.7175,128.0925,105.87357912202614,129.01026714331914
2026-05-16 23:00:00+00:00,119.0625,125.4475,101.37944648204282,125.99745695676692
2026-05-17 00:00:00+00:00,115.565,125.4325,100.56995011876157,123.66494904597425
2026-05-17 01:00:00+00:00,113.8975,123.4825,102.41450946360166,121.51186491226036
2026-05-17 02:00:00+00:00,109.17,124.1975,105.5479633929459,116.40238477439428
2026-05-17 03:00:00+00:00,105.445,123.94,107.1310272099288,112.80887858226838
2026-05-17 04:00:00+00:00,98.7925,115.14,103.02289400001747,104.70815106957112
2026-05-17 05:00:00+00:00,80.795,101.1675,85.80222953008648,88.69224495679444
2026-05-17 06:00:00+00:00,53.8425,70.835,59.89803909537504,52.546216852263086
2026-05-17 07:00:00+00:00,18.97,11.18,20.232347103345816,13.98803322533331
2026-05-17 08:00:00+00:00,3.49,0.0025,-9.254355755815396,9.892805932169129
2026-05-17 09:00:00+00:00,0.56,-0.6699999999999999,-13.65259467356087,1.4283945950771915
2026-05-17 10:00:00+00:00,0.8225,-1.88,-7.5952329410589385,1.289054134572813
2026-05-17 11:00:00+00:00,0.0,-2.165,-1.936892329284845,0.5445532686751272
2026-05-17 12:00:00+00:00,0.98,-1.4,6.274917984935598,3.978574079180119
2026-05-17 13:00:00+00:00,11.31,-0.255,12.526616486927821,9.082618825692595
2026-05-17 14:00:00+00:00,52.4375,1.8825,34.336956189305695,31.60312165447291
2026-05-17 15:00:00+00:00,100.315,71.005,76.1588968733569,72.96551278565234
2026-05-17 16:00:00+00:00,129.3875,110.9425,102.86883414240248,112.35268126607694
2026-05-17 17:00:00+00:00,143.0675,122.0,119.47572475737493,131.73415728453642
2026-05-17 18:00:00+00:00,155.8,129.3175,130.67240410144387,152.38632522174214
2026-05-17 19:00:00+00:00,156.70499999999998,128.515,128.53273710680938,142.66353197364845
2026-05-17 20:00:00+00:00,151.3675,124.14,120.86914405192644,137.86101386058138
2026-05-17 21:00:00+00:00,142.575,119.8375,112.36255480544543,129.0104263033164
2026-05-17 22:00:00+00:00,134.6575,118.785,131.19477126569393,124.59433133627411
2026-05-17 23:00:00+00:00,125.9725,112.335,125.73072301386824,116.15658647736447
2026-05-18 00:00:00+00:00,125.9975,110.4275,123.99991838754828,115.29841788001788
2026-05-18 01:00:00+00:00,126.3925,112.6575,124.89717238494552,109.8415973524718
2026-05-18 02:00:00+00:00,129.36,113.0925,126.93283281839595,113.09218998482763
2026-05-18 03:00:00+00:00,137.0225,122.1375,131.24095234334774,117.91014313408893
2026-05-18 04:00:00+00:00,152.51749999999998,136.475,130.79789039444205,142.00647484524598
2026-05-18 05:00:00+00:00,160.075,154.0475,120.41020339740682,146.4798613907207
2026-05-18 06:00:00+00:00,152.105,150.0125,100.34993983244723,129.30179857700813
2026-05-18 07:00:00+00:00,125.88,136.79999999999998,72.74838481829892,96.03174227539427
2026-05-18 08:00:00+00:00,107.85,126.3075,54.4256951334275,76.05331339167212
2026-05-18 09:00:00+00:00,100.0525,113.4325,43.39902945796316,52.953044322466056
2026-05-18 10:00:00+00:00,94.895,105.485,39.938944738965496,41.784040967840106
2026-05-18 11:00:00+00:00,94.9775,98.78,44.790514848625335,46.849021130662344
2026-05-18 12:00:00+00:00,96.77,95.98,49.56072052987122,60.150989628299136
2026-05-18 13:00:00+00:00,102.405,96.2,56.24702202218158,69.15399256143526
2026-05-18 14:00:00+00:00,113.965,100.49,76.82963775773877,88.75310474980414
2026-05-18 15:00:00+00:00,134.065,116.3025,106.992261309509,112.51798635701962
2026-05-18 16:00:00+00:00,152.1375,122.98,132.01847761907015,143.7817513405109
2026-05-18 17:00:00+00:00,192.8525,130.7175,148.3475246657988,166.97128228395025
2026-05-18 18:00:00+00:00,250.8975,131.12,161.258907418638,215.1215991800864
2026-05-18 19:00:00+00:00,214.3375,127.8725,162.24978130307372,207.03516428889944
2026-05-18 20:00:00+00:00,160.6475,120.765,157.18504704152082,165.449099305601
2026-05-18 21:00:00+00:00,148.89499999999998,108.9525,149.82210454345622,142.4213702551223
2026-05-18 22:00:00+00:00,148.2525,99.065,140.27932152946462,143.84792239658782
2026-05-18 23:00:00+00:00,141.9425,95.275,135.95388160485192,138.3098601160376
2026-05-19 00:00:00+00:00,139.3225,91.73,136.77139715490244,136.9100775092978
2026-05-19 01:00:00+00:00,138.54000000000002,89.8975,138.68219343821775,138.44097697904235
2026-05-19 02:00:00+00:00,141.5675,91.375,142.76678604034663,137.34925276004617
2026-05-19 03:00:00+00:00,146.92000000000002,94.0025,150.48019708247526,151.96089472804132
2026-05-19 04:00:00+00:00,164.46,111.2625,158.40426423964738,172.42656490789085
2026-05-19 05:00:00+00:00,153.7725,122.575,153.69197509110842,168.3824532760049
2026-05-19 06:00:00+00:00,131.855,112.145,131.25822918268472,145.18102904994595
2026-05-19 07:00:00+00:00,108.7425,94.075,95.13563292133993,116.48377846156623
2026-05-19 08:00:00+00:00,94.265,79.5575,73.93593829145816,91.61023722838468
2026-05-19 09:00:00+00:00,82.08500000000001,63.535,61.83777372540542,69.3646559946638
2026-05-19 10:00:00+00:00,73.145,45.91,58.969143567521975,71.20837252889577
2026-05-19 11:00:00+00:00,73.7375,27.33,56.22720200617351,66.76036047579102
2026-05-19 12:00:00+00:00,79.81,19.9725,60.08214613529795,70.52766846924538
2026-05-19 13:00:00+00:00,87.57,44.760000000000005,72.82535024172047,85.72033210123995
2026-05-19 14:00:00+00:00,102.25,74.405,86.83176819889388,99.65886530334572
2026-05-19 15:00:00+00:00,127.2925,96.0,111.81471844193703,124.4192203803231
2026-05-19 16:00:00+00:00,144.95,114.88,133.03564637520847,132.7134624856117
2026-05-19 17:00:00+00:00,172.485,136.2775,162.21394827010016,158.92081680614513
2026-05-19 18:00:00+00:00,180.9025,142.985,188.82722435536596,176.0627493904035
2026-05-19 19:00:00+00:00,163.63,142.7425,169.16717415274888,167.0271734035234
2026-05-19 20:00:00+00:00,145.545,131.225,137.50817751471772,151.38654970073563
2026-05-19 21:00:00+00:00,131.8025,118.345,124.12203591057138,138.95882038984445
2026-05-19 22:00:00+00:00,123.73,114.33,108.68740265461815,125.420958069355
2026-05-19 23:00:00+00:00,114.635,106.2175,101.33251511890096,112.5853070032194
2026-05-20 00:00:00+00:00,109.7525,104.3575,97.78259949449615,110.50373227249143
2026-05-20 01:00:00+00:00,109.9725,107.435,97.9870070472656,108.47677822977151
2026-05-20 02:00:00+00:00,110.41,111.195,101.4375454535224,115.47799075240799
2026-05-20 03:00:00+00:00,119.05,120.0,108.47604244974268,123.50275231168823
2026-05-20 04:00:00+00:00,134.9875,137.1825,121.61328045664389,130.59996040389842
2026-05-20 05:00:00+00:00,136.975,141.1225,120.87230439350671,127.22788973207697
2026-05-20 06:00:00+00:00,125.5125,126.7,111.88009577391661,125.44007759661105
2026-05-20 07:00:00+00:00,109.06,102.525,93.43001111261104,103.15309514293988
2026-05-20 08:00:00+00:00,89.7,86.44,82.25536815092114,92.64139317976674
2026-05-20 09:00:00+00:00,75.46249999999999,83.7775,77.19274391157225,86.81204305664134
2026-05-20 10:00:00+00:00,64.005,74.10249999999999,64.74145242017288,76.45150175986895
2026-05-20 11:00:00+00:00,44.9975,71.77250000000001,63.81384699511347,71.89698165195507
2026-05-20 12:00:00+00:00,33.5125,70.2025,55.00350813306115,59.26878960849401
2026-05-20 13:00:00+00:00,45.66,82.2675,55.59011146104764,57.76790072322229
2026-05-20 14:00:00+00:00,65.01,92.375,64.95474812990355,77.73920200845139
2026-05-20 15:00:00+00:00,99.3975,112.6025,83.49593841310553,98.527920495164
2026-05-20 16:00:00+00:00,130.2125,132.355,116.85258956891215,126.27594873232594
2026-05-20 17:00:00+00:00,149.5675,151.4925,139.7929333951688,147.26800241584854
2026-05-20 18:00:00+00:00,167.9225,171.26749999999998,157.1956618010563,160.44225247084046
2026-05-20 19:00:00+00:00,165.0,160.04500000000002,152.48266102823416,164.94842709018954
2026-05-20 20:00:00+00:00,150.02,142.20499999999998,140.9860539261421,148.2402281332637
2026-05-20 21:00:00+00:00,139.0025,123.095,128.25179436535413,133.5712215389374
2026-05-20 22:00:00+00:00,133.0275,130.54,114.02432165660653,132.4955510227728
2026-05-20 23:00:00+00:00,121.66,121.75,106.8501172995747,119.5877898672458
2026-05-21 00:00:00+00:00,116.0225,119.225,103.76666170179385,114.3834481611975
2026-05-21 01:00:00+00:00,113.55,115.6375,105.2674544930633,114.02782156995043
2026-05-21 02:00:00+00:00,116.01,112.9175,109.35349854026816,118.11339845030676
2026-05-21 03:00:00+00:00,128.405,112.045,118.81610192113841,126.62286768163618
2026-05-21 04:00:00+00:00,142.815,111.405,127.44514017342979,138.80169770804787
2026-05-21 05:00:00+00:00,143.6175,108.09,119.98522155393259,132.17799920660048
2026-05-21 06:00:00+00:00,131.3875,99.2575,97.99631528239718,119.85337620369924
2026-05-21 07:00:00+00:00,104.14,85.15,70.3394893692148,98.10844310069511
2026-05-21 08:00:00+00:00,81.1975,58.6425,54.34367788815143,75.40106065674198
2026-05-21 09:00:00+00:00,42.752500000000005,35.5675,35.97395148303563,50.35309295851056
2026-05-21 10:00:00+00:00,12.1375,16.055,23.040247418014147,35.915994829861035
2026-05-21 11:00:00+00:00,7.369999999999999,7.5525,18.323879168313283,25.068578155961035
2026-05-21 12:00:00+00:00,8.8125,4.6025,16.201009382642397,26.574246833898478
2026-05-21 13:00:00+00:00,35.2,17.8475,40.512231059928425,41.34617694604822
2026-05-21 14:00:00+00:00,71.7075,66.9125,63.515368010752496,68.9319393327893
2026-05-21 15:00:00+00:00,104.995,94.76,94.19232262486125,97.80575895680276
2026-05-21 16:00:00+00:00,135.8875,126.0,122.4537200624464,130.3521007997287
2026-05-21 17:00:00+00:00,163.35500000000002,142.5825,145.6092215988454,155.57443651095903
2026-05-21 18:00:00+00:00,204.695,150.4475,160.80200270315467,169.44546690839064
2026-05-21 19:00:00+00:00,188.4175,152.2025,162.62400029278638,177.86131501387877
2026-05-21 20:00:00+00:00,166.035,150.91,153.95740166133783,163.74287394652242
2026-05-21 21:00:00+00:00,146.39249999999998,136.32,144.40095489106795,136.25972361907046
2026-05-21 22:00:00+00:00,144.315,137.9725,133.06300913916127,134.75944111763312
2026-05-21 23:00:00+00:00,136.9,131.3725,128.56613917635383,131.56443537457977
2026-05-22 00:00:00+00:00,131.6375,126.3125,128.11929363624589,126.78092008147993
2026-05-22 01:00:00+00:00,128.95000000000002,121.9375,128.81657611489595,123.10737174983895
2026-05-22 02:00:00+00:00,131.4975,123.7125,131.93352549457217,124.87101081989674
2026-05-22 03:00:00+00:00,135.7175,127.16,139.36777395214483,144.41532274089647
2026-05-22 04:00:00+00:00,144.35500000000002,136.1,142.37120330597867,148.00282723391746
2026-05-22 05:00:00+00:00,138.1775,132.515,128.16845559671157,135.76882165049452
2026-05-22 06:00:00+00:00,123.135,123.995,101.63830023336374,123.29184906914742
2026-05-22 07:00:00+00:00,91.8825,104.54,66.21593766233983,84.4238107147451
2026-05-22 08:00:00+00:00,42.48,81.7825,38.68672717328087,45.3331454652186
2026-05-22 09:00:00+00:00,3.94,66.8175,12.924819141635751,27.77875405481709
2026-05-22 10:00:00+00:00,0.005,54.3025,-2.8276007262739,-2.2533541203017835
2026-05-22 11:00:00+00:00,0.0,40.3225,-1.703984973881603,1.7450539273633872
2026-05-22 12:00:00+00:00,1.0,40.1475,3.7296198545710553,-7.941487085381956
2026-05-22 13:00:00+00:00,20.305,51.0025,28.32466250799267,32.366210216350666
2026-05-22 14:00:00+00:00,70.24,77.32,58.25143251308198,58.61061166603608
2026-05-22 15:00:00+00:00,104.195,105.0475,93.1374039902674,99.11888244556793
2026-05-22 16:00:00+00:00,134.95,125.0425,128.068281424225,133.30400369839344
2026-05-22 17:00:00+00:00,161.2225,143.31,157.12734538349304,157.58199827326186
2026-05-22 18:00:00+00:00,218.4275,153.455,183.14373080997152,194.81104388279223
2026-05-22 19:00:00+00:00,193.6625,151.14499999999998,176.15967367093918,171.93667172931825
2026-05-22 20:00:00+00:00,154.635,144.685,157.5579220856473,152.40897523374196
2026-05-22 21:00:00+00:00,140.735,135.5125,139.14222775516333,132.4561001305777
2026-05-22 22:00:00+00:00,136.76,130.0,111.57290500808851,135.20009911815538
2026-05-22 23:00:00+00:00,130.0,121.7875,103.1881451648826,127.40681431460915
2026-05-23 00:00:00+00:00,125.8675,117.5625,97.18007504437148,124.13255584274377
2026-05-23 01:00:00+00:00,125.3675,116.0025,94.93193942489866,122.16735476415965
2026-05-23 02:00:00+00:00,121.7325,114.02,97.5522930480292,118.25817639113535
2026-05-23 03:00:00+00:00,119.26,109.3425,101.42631651206372,112.69826795001633
2026-05-23 04:00:00+00:00,116.3675,105.7075,103.09588399637845,109.87107320423476
2026-05-23 05:00:00+00:00,97.085,100.045,87.94764969310322,90.90903102874897
2026-05-23 06:00:00+00:00,49.8625,86.9525,62.4302473430765,64.55378156475118
2026-05-23 07:00:00+00:00,1.6,43.9525,31.669757147883082,18.580117653850774
2026-05-23 08:00:00+00:00,-0.3325,4.2025,0.5182505193020859,-7.3992470706984985
2026-05-23 09:00:00+00:00,-3.9,-0.03,-18.59797597061059,-34.945240298258554
2026-05-23 10:00:00+00:00,-12.392499999999998,-1.195,-20.921556927755503,-64.00124113387557
2026-05-23 11:00:00+00:00,-31.8175,-2.2,-20.233760669952957,-66.06563533250161
2026-05-23 12:00:00+00:00,-18.42,-1.9325,-15.48094099401689,-46.17536789152598
2026-05-23 13:00:00+00:00,-4.0,-0.9975,1.8352676442168558,-34.314619569855445
2026-05-23 14:00:00+00:00,-0.2875,4.779999999999999,36.453142092682825,14.628491821168064
2026-05-23 15:00:00+00:00,44.4475,60.0925,71.33683480412884,67.3475638646719
2026-05-23 16:00:00+00:00,120.7625,100.2225,108.44542248738563,124.86089235307495
2026-05-23 17:00:00+00:00,149.6575,126.47,140.70480465347129,153.00754849316584
2026-05-23 18:00:00+00:00,174.52,139.9975,176.57109562699912,158.2605287910171
2026-05-23 19:00:00+00:00,171.065,140.6875,167.90189061120753,152.08202355159145
2026-05-23 20:00:00+00:00,156.915,135.99,145.1978020917415,157.77641792130964
2026-05-23 21:00:00+00:00,144.6525,127.7,129.98348410086396,140.52311565425717
2026-05-23 22:00:00+00:00,143.8025,127.7175,118.32703411538479,137.43239214779422
2026-05-23 23:00:00+00:00,133.3775,119.0625,110.67062989529964,130.18605757491804
2026-05-24 00:00:00+00:00,136.885,115.565,106.43760402903241,130.43973685452855
2026-05-24 01:00:00+00:00,125.44,113.8975,106.0991330493393,125.47853391081964
2026-05-24 02:00:00+00:00,122.89,109.17,106.49970401476767,118.98222461376822
2026-05-24 03:00:00+00:00,117.7225,105.445,108.74096849941989,113.17295615640924
2026-05-24 04:00:00+00:00,108.795,98.7925,106.9607366574144,105.66172351106725
2026-05-24 05:00:00+00:00,88.4625,80.795,89.13707401863199,95.38063602061588
2026-05-24 06:00:00+00:00,16.3675,53.8425,52.26801356425234,55.817320063241965
2026-05-24 07:00:00+00:00,-0.0275,18.97,9.499986719105081,14.40011933222641
2026-05-24 08:00:00+00:00,-2.5025,3.49,-7.8239755131099145,-17.3739731805969
2026-05-24 09:00:00+00:00,-13.8325,0.56,-16.73575823903414,-30.987853369708084
2026-05-24 10:00:00+00:00,-37.6125,0.8225,-24.328878128878756,-78.71246743893087
2026-05-24 11:00:00+00:00,-75.9375,0.0,-31.673201923493153,-121.22205024726469
2026-05-24 12:00:00+00:00,-61.7525,0.98,-22.331037351070933,-93.92567140340064
2026-05-24 13:00:00+00:00,-23.4925,11.31,-10.004338327622435,-35.075704662805194
2026-05-24 14:00:00+00:00,-1.9575,52.4375,7.699284411998391,-12.492218930549651
2026-05-24 15:00:00+00:00,14.375,100.315,45.28408255809128,20.20967928977472
2026-05-24 16:00:00+00:00,96.3775,129.3875,94.65093711037541,103.53825026828595
2026-05-24 17:00:00+00:00,133.2175,143.0675,124.35941859876175,128.42780209082565
2026-05-24 18:00:00+00:00,151.0175,155.8,144.78875974683098,163.61614711664308
2026-05-24 19:00:00+00:00,153.2275,156.70499999999998,141.5538766883033,159.269451741233
2026-05-24 20:00:00+00:00,144.42000000000002,151.3675,128.77256982308867,149.2566359783556
2026-05-24 21:00:00+00:00,132.1,142.575,115.79317261353535,138.56798184122522
2026-05-24 22:00:00+00:00,130.8675,134.6575,109.25040464859308,128.62247954877654
2026-05-24 23:00:00+00:00,125.9825,125.9725,105.33464080302824,120.40948022963224
2026-05-25 00:00:00+00:00,125.24,125.9975,108.84454007202454,127.4596481073075
2026-05-25 01:00:00+00:00,126.0125,126.3925,106.60452406318913,117.96214656598559
2026-05-25 02:00:00+00:00,129.3125,129.36,109.5176870797203,115.65246295668501
2026-05-25 03:00:00+00:00,131.995,137.0225,111.34696469182643,111.22931872095396
2026-05-25 04:00:00+00:00,130.195,152.51749999999998,107.29897801807303,120.89078943867642
2026-05-25 05:00:00+00:00,117.8775,160.075,86.26118435015933,109.60788791775204
2026-05-25 06:00:00+00:00,77.68,152.105,35.69586697604997,51.22363117779615
2026-05-25 07:00:00+00:00,5.0,125.88,5.789884123844672,15.317513060790278
2026-05-25 08:00:00+00:00,-0.1674999999999999,107.85,-9.851208498691946,-31.20531977405015
2026-05-25 09:00:00+00:00,-5.2625,100.0525,-20.412636808009296,-75.65415996387414
2026-05-25 10:00:00+00:00,-12.7125,94.895,-32.79638565756096,-112.2326398833692
2026-05-25 11:00:00+00:00,-29.295,94.9775,-46.9197863256414,-126.48116126877387
2026-05-25 12:00:00+00:00,-27.1825,96.77,-36.635328692283835,-97.89170969167726
2026-05-25 13:00:00+00:00,-10.05,102.405,-11.646736003470167,-77.17311638045963
2026-05-25 14:00:00+00:00,-2.915,113.965,9.371570710135956,-40.46841529236431
2026-05-25 15:00:00+00:00,31.95,134.065,33.65163269363657,10.161086666768329
2026-05-25 16:00:00+00:00,118.8225,152.1375,93.16730181619008,102.1935845111839
2026-05-25 17:00:00+00:00,150.575,192.8525,131.89630144576105,184.24858909798056
2026-05-25 18:00:00+00:00,172.185,250.8975,154.66535312493298,213.60199381040536
2026-05-25 19:00:00+00:00,170.25,214.3375,153.03664088965925,213.49813394846103
2026-05-25 20:00:00+00:00,157.33249999999998,160.6475,137.83255887279293,167.0031920849644
2026-05-25 21:00:00+00:00,141.025,148.89499999999998,121.74396589488222,147.21389786186612
2026-05-25 22:00:00+00:00,136.36,148.2525,135.72683613480052,132.6911797380684
2026-05-25 23:00:00+00:00,125.6475,141.9425,128.21963825482703,128.92758266872167
2026-05-26 00:00:00+00:00,120.645,139.3225,125.94379902301131,128.26399100237398
2026-05-26 01:00:00+00:00,121.18,138.54000000000002,126.5989886599902,126.40640925596996
2026-05-26 02:00:00+00:00,119.53,141.5675,130.19438146773012,126.3143215444475
2026-05-26 03:00:00+00:00,128.91,146.92000000000002,134.25034414600196,128.08153671889946
2026-05-26 04:00:00+00:00,143.105,164.46,133.2430575961418,129.13190183156013
2026-05-26 05:00:00+00:00,141.54,153.7725,117.09820567809237,117.50240062612147
2026-05-26 06:00:00+00:00,122.045,131.855,81.23602103857081,87.3292663631081
2026-05-26 07:00:00+00:00,78.8,108.7425,29.71351905409486,34.72725986359187
2026-05-26 08:00:00+00:00,6.52,94.265,9.574368611856002,-4.3848521065922945
2026-05-26 09:00:00+00:00,-0.0075,82.08500000000001,-3.930947639255365,-11.18339079363132
2026-05-26 10:00:00+00:00,-1.825,73.145,-11.99644584818266,-46.40359815277196
2026-05-26 11:00:00+00:00,-2.5,73.7375,-17.672306543866384,-56.34973334359426
2026-05-26 12:00:00+00:00,-0.835,79.81,-12.827205537076352,-56.85139811083398
2026-05-26 13:00:00+00:00,-0.015,87.57,3.2272729454773668,-16.483555236826284
2026-05-26 14:00:00+00:00,13.115,102.25,23.07451050755327,-1.5935504439701644
2026-05-26 15:00:00+00:00,89.685,127.2925,60.988459003021845,50.405092276403536
2026-05-26 16:00:00+00:00,134.7875,144.95,120.37005655049006,125.52284928040542
2026-05-26 17:00:00+00:00,185.1025,172.485,152.92608978945552,153.7420214959798
2026-05-26 18:00:00+00:00,217.9475,180.9025,171.37447473263595,178.42002520548436
2026-05-26 19:00:00+00:00,184.785,163.63,168.1161798531579,169.60868599408016
2026-05-26 20:00:00+00:00,153.775,145.545,152.3405829552775,148.89624607728325
2026-05-26 21:00:00+00:00,130.5325,131.8025,134.5341625806269,128.5981003988779
2026-05-26 22:00:00+00:00,134.7875,123.73,116.54043560475334,122.10931502551966
2026-05-26 23:00:00+00:00,127.5175,114.635,106.03745924130476,110.68734886568515
2026-05-27 00:00:00+00:00,120.5425,109.7525,101.74143962532219,106.96030553745034
2026-05-27 01:00:00+00:00,118.87,109.9725,101.33093199359062,108.29650211563872
2026-05-27 02:00:00+00:00,119.0475,110.41,102.06857398873298,106.38503440620269
2026-05-27 03:00:00+00:00,121.235,119.05,107.88659326021715,114.26340190503203
2026-05-27 04:00:00+00:00,134.2,134.9875,113.88158954965711,122.97848976584896
2026-05-27 05:00:00+00:00,131.1,136.975,104.29137418760307,117.31890594490301
2026-05-27 06:00:00+00:00,106.4525,125.5125,79.37821805897698,95.21341578307731
2026-05-27 07:00:00+00:00,48.235,109.06,43.45308353498618,37.66852077252661
2026-05-27 08:00:00+00:00,3.425,89.7,-1.5259272112453885,-3.6020017109336915
2026-05-27 09:00:00+00:00,-0.27,75.46249999999999,-9.149144906824148,-5.419095823654704
2026-05-27 10:00:00+00:00,-1.05,64.005,-11.503935278186333,-11.291374006461663
2026-05-27 11:00:00+00:00,-1.635,44.9975,-16.135258639095483,-48.08506402199983
2026-05-27 12:00:00+00:00,-1.645,33.5125,-12.9797132873733,-48.49712787630356
2026-05-27 13:00:00+00:00,-1.7025,45.66,-6.950767248536579,-38.846576054651855
2026-05-27 14:00:00+00:00,-0.4225,65.01,9.247843824928182,-3.371116623955356
2026-05-27 15:00:00+00:00,32.2075,99.3975,50.73273883265303,36.89594243697092
2026-05-27 16:00:00+00:00,97.8475,130.2125,88.8563741364462,94.55769139608647
2026-05-27 17:00:00+00:00,136.51749999999998,149.5675,130.07545798391112,127.21907706034614
2026-05-27 18:00:00+00:00,156.6775,167.9225,159.94362175376705,151.92808178701577
2026-05-27 19:00:00+00:00,157.53,165.0,152.13075062591483,145.44845228615742
2026-05-27 20:00:00+00:00,144.16,150.02,138.70851634128485,142.25545656713854
2026-05-27 21:00:00+00:00,133.45499999999998,139.0025,127.40265164570167,131.96607899480756
2026-05-27 22:00:00+00:00,132.945,133.0275,123.95459357219168,141.13455132558332
2026-05-27 23:00:00+00:00,129.5375,121.66,121.77973720138161,130.7339367557667
2026-05-28 00:00:00+00:00,127.2375,116.0225,121.3015528497022,125.82879943909994
2026-05-28 01:00:00+00:00,127.3625,113.55,124.94948820437472,126.16453135432464
2026-05-28 02:00:00+00:00,130.09,116.01,129.919593067791,128.6275883523158
2026-05-28 03:00:00+00:00,135.5025,128.405,136.87045130358032,136.72682985291524
2026-05-28 04:00:00+00:00,148.4525,142.815,143.56581709049206,145.6784517867085
2026-05-28 05:00:00+00:00,138.155,143.6175,131.14441207006934,141.021534861656
2026-05-28 06:00:00+00:00,123.4025,131.3875,97.852868986762,105.37823806080115
2026-05-28 07:00:00+00:00,87.5425,104.14,47.13048479796637,58.57726721343515
2026-05-28 08:00:00+00:00,19.3075,81.1975,8.961184560801897,22.380974552168983
2026-05-28 09:00:00+00:00,0.5675,42.752500000000005,-6.877746334436495,-20.960197708041008
2026-05-28 10:00:00+00:00,0.0024999999999999,12.1375,-15.922335419923115,-59.912762746837586
2026-05-28 11:00:00+00:00,-0.0125,7.369999999999999,-16.08559505998555,-65.28897750437056
2026-05-28 12:00:00+00:00,0.0,8.8125,-12.06622959110885,-50.59207603474459
2026-05-28 13:00:00+00:00,1.2975,35.2,1.1990220328560781,-39.32807923589723
2026-05-28 14:00:00+00:00,39.645,71.7075,22.184951088428605,-1.603469819483748
2026-05-28 15:00:00+00:00,101.2575,104.995,61.37501469755425,70.84301955073961
2026-05-28 16:00:00+00:00,138.25,135.8875,116.27545280640297,130.45228835346276
2026-05-28 17:00:00+00:00,217.6025,163.35500000000002,154.5378855119453,179.74936602297402
2026-05-28 18:00:00+00:00,393.935,204.695,178.36699411243583,237.26070491944355
2026-05-28 19:00:00+00:00,368.0175,188.4175,178.6794815593932,229.7661168370027
2026-05-28 20:00:00+00:00,215.75,166.035,165.83542589498518,184.513907119067
2026-05-28 21:00:00+00:00,159.7975,146.39249999999998,152.80449599927857,152.5575203044728
2026-05-28 22:00:00+00:00,144.4425,144.315,138.4373149009839,147.77931723420144
2026-05-28 23:00:00+00:00,133.9275,136.9,130.95496843630394,135.54710726020616
2026-05-29 00:00:00+00:00,127.975,131.6375,124.75489805485051,135.58963202073633
2026-05-29 01:00:00+00:00,126.1925,128.95000000000002,122.74053281329772,133.9382923230777
2026-05-29 02:00:00+00:00,125.2775,131.4975,123.13249268723769,127.91814871148087
2026-05-29 03:00:00+00:00,125.495,135.7175,126.230030899391,128.9131434896386
2026-05-29 04:00:00+00:00,131.885,144.35500000000002,127.31220224148831,133.3327221229883
2026-05-29 05:00:00+00:00,125.995,138.1775,107.16780711659638,121.73393499570562
2026-05-29 06:00:00+00:00,113.565,123.135,78.61122085746271,101.02840292839434
2026-05-29 07:00:00+00:00,71.9075,91.8825,43.37651047750555,54.41592615454388
2026-05-29 08:00:00+00:00,17.0275,42.48,-1.6937359340757183,8.917474921983345
2026-05-29 09:00:00+00:00,0.29,3.94,-17.146182189732812,-9.0368720635881
2026-05-29 10:00:00+00:00,-0.055,0.005,-15.386665783314356,-25.137843153385166
2026-05-29 11:00:00+00:00,-0.0349999999999999,0.0,-13.784343038391242,-41.362934859611535
2026-05-29 12:00:00+00:00,0.0,1.0,3.2397280614707142,-14.72425239626236
2026-05-29 13:00:00+00:00,9.41,20.305,7.837471554429982,-4.2916272012138235
2026-05-29 14:00:00+00:00,51.61,70.24,43.84505124064047,38.613393302882045
2026-05-29 15:00:00+00:00,103.4075,104.195,90.45527671547998,89.10621709862113
2026-05-29 16:00:00+00:00,136.985,134.95,126.67180340872504,129.38803175852655
2026-05-29 17:00:00+00:00,174.9475,161.2225,177.97102287727898,153.71092286067264
2026-05-29 18:00:00+00:00,240.61,218.4275,260.0164670394367,217.0057757039968
2026-05-29 19:00:00+00:00,201.405,193.6625,244.30512953259307,222.74000872695336
2026-05-29 20:00:00+00:00,161.70000000000002,154.635,168.85403833537447,158.78145145994586
2026-05-29 21:00:00+00:00,145.1925,140.735,127.4312572696592,131.26549202848474
2026-05-29 22:00:00+00:00,135.515,136.76,95.77862960881946,114.86929442248743
2026-05-29 23:00:00+00:00,128.45,130.0,88.30436426269314,109.78552333568445
2026-05-30 00:00:00+00:00,123.7725,125.8675,86.40812919674187,107.94659558365835
2026-05-30 01:00:00+00:00,121.085,125.3675,88.10269504548381,108.38185155641125
2026-05-30 02:00:00+00:00,125.3575,121.7325,90.55235538850211,107.40122110711333
2026-05-30 03:00:00+00:00,125.045,119.26,96.42610164441072,107.56401763015496
2026-05-30 04:00:00+00:00,118.9925,116.3675,102.48083201311104,101.53887759688375
2026-05-30 05:00:00+00:00,109.095,97.085,96.19568487250234,94.49927935076279
2026-05-30 06:00:00+00:00,88.8675,49.8625,76.51897686614012,65.18849369997972
2026-05-30 07:00:00+00:00,36.682500000000005,1.6,43.83558693589097,20.380390439333265
2026-05-30 08:00:00+00:00,2.96,-0.3325,6.429833478655425,10.605482813286375
2026-05-30 09:00:00+00:00,-0.005,-3.9,-3.8971718537606677,2.587654391351903
2026-05-30 10:00:00+00:00,-0.0525,-12.392499999999998,-10.80802724625967,-12.623762992484046
2026-05-30 11:00:00+00:00,-1.4425,-31.8175,-19.93740196655027,-16.724001903344806
2026-05-30 12:00:00+00:00,-0.7475,-18.42,-15.183651412715449,-15.529122021722754
2026-05-30 13:00:00+00:00,-0.01,-4.0,-2.691154057415602,13.873101693435693
2026-05-30 14:00:00+00:00,3.0075,-0.2875,21.816993861763933,13.713177515784965
2026-05-30 15:00:00+00:00,62.5,44.4475,59.460570804578,45.37342117567295
2026-05-30 16:00:00+00:00,107.0075,120.7625,93.6045298066037,114.32139002828374
2026-05-30 17:00:00+00:00,139.8725,149.6575,130.89575133115994,138.77612904243
2026-05-30 18:00:00+00:00,160.52499999999998,174.52,177.5972718924916,143.1855528481155
2026-05-30 19:00:00+00:00,171.845,171.065,165.2397433456424,154.21986037939277
2026-05-30 20:00:00+00:00,159.4025,156.915,144.0618866657615,163.0835934033575
2026-05-30 21:00:00+00:00,143.04000000000002,144.6525,131.18360805211523,147.45653125561432
2026-05-30 22:00:00+00:00,136.4125,143.8025,119.02834227735657,143.29560316338936
2026-05-30 23:00:00+00:00,129.10500000000002,133.3775,115.70691473868307,134.42544726534152
2026-05-31 00:00:00+00:00,125.915,136.885,113.75677117079624,135.35663953948233
2026-05-31 01:00:00+00:00,125.1975,125.44,113.3678708397449,129.99313179962485
2026-05-31 02:00:00+00:00,126.95,122.89,118.05262724055817,131.95495471717982
2026-05-31 03:00:00+00:00,123.3575,117.7225,118.89417571976249,130.0331119810378
2026-05-31 04:00:00+00:00,115.0025,108.795,114.19525722518316,114.28808528842188
2026-05-31 05:00:00+00:00,100.56,88.4625,98.07462830126138,103.45941002636135
2026-05-31 06:00:00+00:00,90.4375,16.3675,73.09252226220323,80.36411908725766
2026-05-31 07:00:00+00:00,56.29,-0.0275,41.02480565400228,43.80954500993605
2026-05-31 08:00:00+00:00,7.5675,-2.5025,16.724480422443037,18.827814601355367
2026-05-31 09:00:00+00:00,0.0,-13.8325,8.941936582420254,14.397217587382348
2026-05-31 10:00:00+00:00,-0.005,-37.6125,8.55011643351125,16.724565519732774
2026-05-31 11:00:00+00:00,-0.01,-75.9375,8.62243324842511,12.41488662483186
2026-05-31 12:00:00+00:00,-0.01,-61.7525,13.294226743663984,11.13312203756248
2026-05-31 13:00:00+00:00,0.0,-23.4925,21.142483294212212,17.715563366698333
2026-05-31 14:00:00+00:00,49.002500000000005,-1.9575,36.290835944579705,33.722819814626206
2026-05-31 15:00:00+00:00,95.925,14.375,67.23402683134321,66.19452189123581
2026-05-31 16:00:00+00:00,127.265,96.3775,100.55521591514065,110.63554392973424
2026-05-31 17:00:00+00:00,141.37,133.2175,123.21056282749946,135.72196564640308
2026-05-31 18:00:00+00:00,152.7625,151.0175,131.87740166062298,155.03924618349555
2026-05-31 19:00:00+00:00,156.035,153.2275,134.734604455453,157.56342344369108
2026-05-31 20:00:00+00:00,153.1275,144.42000000000002,124.95161668556712,146.8671011214843
2026-05-31 21:00:00+00:00,145.3475,132.1,112.13474864378809,133.2538821518244
2026-05-31 22:00:00+00:00,141.0075,130.8675,133.00094695413895,130.13851852767547
2026-05-31 23:00:00+00:00,128.255,125.9825,127.97506357079145,119.05309952490904
2026-06-01 00:00:00+00:00,123.1375,125.24,125.69340936614023,117.2135623549958
2026-06-01 01:00:00+00:00,120.295,126.0125,126.64645578553072,117.00628867936365
2026-06-01 02:00:00+00:00,124.4875,129.3125,130.73935391176067,127.31841520281995
2026-06-01 03:00:00+00:00,135.0925,131.995,133.70388087377185,142.56288042614585
2026-06-01 04:00:00+00:00,164.03,130.195,132.39215663752552,150.51607136808425
2026-06-01 05:00:00+00:00,160.0,117.8775,120.68560342374776,145.1271545251161
2026-06-01 06:00:00+00:00,151.715,77.68,99.09562398569273,121.78513092880179
2026-06-01 07:00:00+00:00,133.2,5.0,61.8453468916385,102.29685606918737
2026-06-01 08:00:00+00:00,117.66,-0.1674999999999999,28.521802288634262,77.63611341645498
2026-06-01 09:00:00+00:00,108.1425,-5.2625,16.323113722215567,52.35424556981365
2026-06-01 10:00:00+00:00,93.0825,-12.7125,11.337918431970678,47.67527540608491
2026-06-01 11:00:00+00:00,89.9075,-29.295,10.867368920076714,34.33751955143887
2026-06-01 12:00:00+00:00,87.44749999999999,-27.1825,18.380503095575705,38.54622639316771
2026-06-01 13:00:00+00:00,95.0975,-10.05,25.51495587787886,48.81035672060479
2026-06-01 14:00:00+00:00,106.735,-2.915,54.04256163064551,81.91344787303241
2026-06-01 15:00:00+00:00,125.2425,31.95,95.57418187952425,106.64325905166642
2026-06-01 16:00:00+00:00,141.4575,118.8225,136.05629483505862,148.15547793354435
2026-06-01 17:00:00+00:00,226.6125,150.575,159.805705505258,190.4182097048604
2026-06-01 18:00:00+00:00,355.2525,172.185,178.15449992618605,256.66924770933616
2026-06-01 19:00:00+00:00,333.3675,170.25,182.52623493448655,241.58475680865226
2026-06-01 20:00:00+00:00,222.5025,157.33249999999998,174.91292656307536,200.07086421351804
2026-06-01 21:00:00+00:00,161.025,141.025,161.0699859666653,176.59539100017548
2026-06-01 22:00:00+00:00,142.065,136.36,140.27192051539035,151.42052426016627
2026-06-01 23:00:00+00:00,131.7225,125.6475,126.4798617135221,127.17606510211904
2026-06-02 00:00:00+00:00,125.085,120.645,117.6345059790611,114.77150887031799
2026-06-02 01:00:00+00:00,120.915,121.18,114.60808566228653,114.10516760329277
2026-06-02 02:00:00+00:00,120.6275,119.53,117.25987082956131,118.90782799273232
2026-06-02 03:00:00+00:00,124.215,128.91,123.06062499746889,126.89763776826766
2026-06-02 04:00:00+00:00,131.0275,143.105,132.3567406046862,146.8831604764391
2026-06-02 05:00:00+00:00,131.79500000000002,141.54,120.53024838878223,130.48244058943848
2026-06-02 06:00:00+00:00,121.0825,122.045,106.08917665559093,119.52237613814351
2026-06-02 07:00:00+00:00,105.41,78.8,88.51803564975255,96.74268824770525
2026-06-02 08:00:00+00:00,90.515,6.52,70.1931781149711,84.99310665937087
2026-06-02 09:00:00+00:00,84.69999999999999,-0.0075,62.600247858154326,68.52057408624164
2026-06-02 10:00:00+00:00,80.2925,-1.825,54.16696509656222,55.88987249196741
2026-06-02 11:00:00+00:00,84.9575,-2.5,60.821705322368004,64.9269603574231
2026-06-02 12:00:00+00:00,90.7825,-0.835,60.089709002460175,65.57460261227646
2026-06-02 13:00:00+00:00,99.7375,-0.015,74.62433944059525,80.15206973441565
2026-06-02 14:00:00+00:00,112.2475,13.115,95.40027563985821,97.50125250242297
2026-06-02 15:00:00+00:00,131.1375,89.685,120.09373990868167,126.5531076770162
2026-06-02 16:00:00+00:00,146.97750000000002,134.7875,135.45800908487377,135.1159337051761
2026-06-02 17:00:00+00:00,167.9375,185.1025,176.19702662289188,167.2713969340228
2026-06-02 18:00:00+00:00,167.2725,217.9475,226.94364029055558,227.6162434403322
2026-06-02 19:00:00+00:00,152.325,184.785,209.4512653259038,234.36559444858779
2026-06-02 20:00:00+00:00,140.435,153.775,153.69207232724557,141.05098249452976
2026-06-02 21:00:00+00:00,125.2375,130.5325,120.75608917470113,126.34074267265719
2026-06-02 22:00:00+00:00,116.3,134.7875,96.56901917006682,113.23899353344149
2026-06-02 23:00:00+00:00,111.895,127.5175,92.91968708626973,106.4969419935814
2026-06-03 00:00:00+00:00,108.0175,120.5425,92.42761754988325,107.21810037500526
2026-06-03 01:00:00+00:00,107.3,118.87,94.8266435021315,105.1392461462783
2026-06-03 02:00:00+00:00,107.19,119.0475,99.1282048670627,105.54443639209018
2026-06-03 03:00:00+00:00,113.275,121.235,105.52229708347616,113.26479025944133
2026-06-03 04:00:00+00:00,130.7375,134.2,112.27380024523822,123.83989643053222
2026-06-03 05:00:00+00:00,136.82999999999998,131.1,110.55020245306744,124.15124425233104
2026-06-03 06:00:00+00:00,131.0775,106.4525,96.30702268355927,111.00134352799367
2026-06-03 07:00:00+00:00,112.1475,48.235,74.93682474492499,89.68357301579705
2026-06-03 08:00:00+00:00,94.0925,3.425,57.58519251677089,76.54326513516848
2026-06-03 09:00:00+00:00,80.2475,-0.27,54.02162802480606,56.74904865916116
2026-06-03 10:00:00+00:00,58.17,-1.05,46.60444511460925,35.5193249083092
2026-06-03 11:00:00+00:00,37.8325,-1.635,41.0672366934718,29.21999889768157
2026-06-03 12:00:00+00:00,38.0425,-1.645,32.449826941361714,20.069991908643836
2026-06-03 13:00:00+00:00,47.1,-1.7025,34.16977645174839,32.218937425156604
2026-06-03 14:00:00+00:00,76.9,-0.4225,48.42680780130818,57.995313895416395
2026-06-03 15:00:00+00:00,95.5325,32.2075,69.7428975076524,80.89871540875377
2026-06-03 16:00:00+00:00,122.1875,97.8475,107.07462551259917,114.877883934441
2026-06-03 17:00:00+00:00,138.3675,136.51749999999998,131.20601555740046,131.49147836300222
2026-06-03 18:00:00+00:00,146.2375,156.6775,145.9421577212413,144.01341794912804
2026-06-03 19:00:00+00:00,133.42000000000002,157.53,136.97005630840212,129.53434507935464
2026-06-03 20:00:00+00:00,120.9525,144.16,116.28686593528593,120.81242132756059
2026-06-03 21:00:00+00:00,99.4075,133.45499999999998,93.48331343540815,109.97992884685924
2026-06-03 22:00:00+00:00,86.205,132.945,68.17287710800582,84.4384371844563
2026-06-03 23:00:00+00:00,75.4875,129.5375,59.702498239412776,73.65777323650853
2026-06-04 00:00:00+00:00,66.92,127.2375,55.93927843333904,59.305996622374494
2026-06-04 01:00:00+00:00,67.4725,127.3625,56.98515997974263,59.08413078841584
2026-06-04 02:00:00+00:00,68.2925,130.09,61.47038164952079,72.35939598064768
2026-06-04 03:00:00+00:00,71.185,135.5025,70.16803030883815,77.8451400834294
2026-06-04 04:00:00+00:00,73.97,148.4525,79.27878589510168,92.04691517189248
2026-06-04 05:00:00+00:00,87.08,138.155,78.83867901503791,91.93856762211159
2026-06-04 06:00:00+00:00,75.62,123.4025,71.76987409912815,84.45568877480311
2026-06-04 07:00:00+00:00,34.125,87.5425,48.89671466211229,57.83457920730032
2026-06-04 08:00:00+00:00,4.79,19.3075,33.205590222689764,32.00663180312165
2026-06-04 09:00:00+00:00,-0.0025,0.5675,28.908779095273566,22.603392172370516
2026-06-04 10:00:00+00:00,-0.025,0.0024999999999999,24.383564924099616,18.366749230172267
2026-06-04 11:00:00+00:00,-0.0475,-0.0125,18.93221698575327,16.6544877400431
2026-06-04 12:00:00+00:00,-0.035,0.0,22.406693512440654,16.49761145007705
2026-06-04 13:00:00+00:00,1.6175,1.2975,31.96229474501618,21.06003465077862
2026-06-04 14:00:00+00:00,28.6375,39.645,53.41133263983844,44.414507840332575
2026-06-04 15:00:00+00:00,70.1525,101.2575,75.650278447006,70.57786836596131
2026-06-04 16:00:00+00:00,101.5025,138.25,93.83566321967747,97.9902976472906
2026-06-04 17:00:00+00:00,114.165,217.6025,105.8880778287438,106.57308467644222
2026-06-04 18:00:00+00:00,117.9625,393.935,120.29244540443382,105.61554874378773
2026-06-04 19:00:00+00:00,115.3725,368.0175,112.38249384712657,101.83676239521157
2026-06-04 20:00:00+00:00,111.69,215.75,95.01354237000078,108.34386688544828
2026-06-04 21:00:00+00:00,100.05,159.7975,81.16962273541284,87.21675360902827
2026-06-04 22:00:00+00:00,80.695,144.4425,68.1223964010011,75.91099241575203
2026-06-04 23:00:00+00:00,79.44749999999999,133.9275,63.19123919614122,76.15537447008613
2026-06-05 00:00:00+00:00,83.44749999999999,127.975,62.80055137634942,75.80426214459285
2026-06-05 01:00:00+00:00,85.025,126.1925,68.5019729761735,81.15292284017906
2026-06-05 02:00:00+00:00,89.8325,125.2775,76.01515956455145,86.91748460945301
2026-06-05 03:00:00+00:00,97.2575,125.495,84.77214903653483,99.55930800264142
2026-06-05 04:00:00+00:00,114.8975,131.885,90.66738969261843,107.15499620886256
2026-06-05 05:00:00+00:00,118.6175,125.995,93.79479013040047,107.2677376642825
2026-06-05 06:00:00+00:00,113.8175,113.565,80.34019153140542,98.60368308628135
2026-06-05 07:00:00+00:00,98.3,71.9075,48.45906174149694,80.9942515921235
2026-06-05 08:00:00+00:00,86.115,17.0275,19.32027093527482,49.955889773341745
2026-06-05 09:00:00+00:00,70.825,0.29,15.658225315981127,28.38795851972404
2026-06-05 10:00:00+00:00,45.205,-0.055,9.281597400813908,13.457242436918511
2026-06-05 11:00:00+00:00,34.1775,-0.0349999999999999,8.30807783885082,8.647438449859775
2026-06-05 12:00:00+00:00,27.2,0.0,5.900309037282312,8.522354595488832
2026-06-05 13:00:00+00:00,38.01,9.41,14.356628624089225,24.888905954972856
2026-06-05 14:00:00+00:00,72.555,51.61,34.7572030653459,40.51244855982655
2026-06-05 15:00:00+00:00,104.2525,103.4075,74.28461752342488,88.43740420798764
2026-06-05 16:00:00+00:00,128.9025,136.985,111.63299156854524,122.55886482590263
2026-06-05 17:00:00+00:00,150.4975,174.9475,140.29823872677795,158.9742209298178
2026-06-05 18:00:00+00:00,179.0775,240.61,165.17491091505676,237.5933474829067
2026-06-05 19:00:00+00:00,189.355,201.405,167.38207025757907,244.2648988768911
2026-06-05 20:00:00+00:00,169.135,161.70000000000002,160.3677625157987,166.47596093068182
2026-06-05 21:00:00+00:00,152.06,145.1925,151.14469499791193,140.9737312396516
2026-06-05 22:00:00+00:00,148.2425,135.515,122.4833691989229,126.32337989063738
2026-06-05 23:00:00+00:00,137.18,128.45,119.8477505404378,128.2602867776761
2026-06-06 00:00:00+00:00,134.79,123.7725,119.7455399948761,127.78845528103012
2026-06-06 01:00:00+00:00,116.1675,121.085,119.89719698991955,127.02564387846907
2026-06-06 02:00:00+00:00,130.1825,125.3575,123.23006787215648,127.30296933114725
2026-06-06 03:00:00+00:00,126.035,125.045,126.09431288056984,119.62478652112645
2026-06-06 04:00:00+00:00,117.69,118.9925,127.02958039831789,114.9288031613616
2026-06-06 05:00:00+00:00,102.315,109.095,112.41727792398265,113.36522942374663
2026-06-06 06:00:00+00:00,81.0175,88.8675,87.83768351879698,79.8044359028135
2026-06-06 07:00:00+00:00,50.0,36.682500000000005,57.68324461466601,55.581730203761296
2026-06-06 08:00:00+00:00,14.7425,2.96,39.95510496470253,34.340062406350825
2026-06-06 09:00:00+00:00,0.0325,-0.005,28.54604965657851,19.475732860060557
2026-06-06 10:00:00+00:00,-0.03,-0.0525,18.039277209776856,15.596367961579174
2026-06-06 11:00:00+00:00,-0.025,-1.4425,14.764525090344435,10.507880199960521
2026-06-06 12:00:00+00:00,0.0225,-0.7475,24.190960506557246,12.310079918531278
2026-06-06 13:00:00+00:00,9.51,-0.01,27.79194599111429,18.920355044637827
2026-06-06 14:00:00+00:00,46.105,3.0075,62.18501567592582,46.41445900152218
2026-06-06 15:00:00+00:00,93.2825,62.5,90.58898446868976,89.82351487519752
2026-06-06 16:00:00+00:00,121.7875,107.0075,113.29919323532674,121.47080867278122
2026-06-06 17:00:00+00:00,133.85,139.8725,127.70375121883816,126.39255981032709
2026-06-06 18:00:00+00:00,152.4325,160.52499999999998,139.95315237093558,145.2921941651686
2026-06-06 19:00:00+00:00,150.9225,171.845,139.13329036937418,143.90235836131868
2026-06-06 20:00:00+00:00,134.3275,159.4025,119.8942465053384,131.00811425371595
2026-06-06 21:00:00+00:00,121.5425,143.04000000000002,99.97660627018087,110.97791562561926
2026-06-06 22:00:00+00:00,110.7,136.4125,81.70571318192653,105.9994856436432
2026-06-06 23:00:00+00:00,99.5125,129.10500000000002,69.93836925139033,92.62028663316106
2026-06-07 00:00:00+00:00,92.2075,125.915,63.60439977262878,89.61982491668826
2026-06-07 01:00:00+00:00,81.41499999999999,125.1975,52.729048290570006,78.56669237741056
2026-06-07 02:00:00+00:00,67.0125,126.95,56.26698063699624,80.69871267896663
2026-06-07 03:00:00+00:00,39.21,123.3575,55.43410778547263,80.02848130845689
2026-06-07 04:00:00+00:00,5.0475,115.0025,51.07937216225778,63.19520362892581
2026-06-07 05:00:00+00:00,0.46,100.56,41.68479222299014,28.86396723961933
2026-06-07 06:00:00+00:00,-0.5525,90.4375,27.778338051470854,15.592787359200631
2026-06-07 07:00:00+00:00,-5.05,56.29,-3.2304484735473267,-0.6073740185800375
2026-06-07 08:00:00+00:00,-8.0,7.5675,-18.504081896812338,-1.972529287815759
2026-06-07 09:00:00+00:00,-14.0525,0.0,-25.681447317016108,-8.242529404853085
2026-06-07 10:00:00+00:00,-18.2625,-0.005,-34.06019185375041,-17.875659923186905
2026-06-07 11:00:00+00:00,-35.9375,-0.01,-36.42199138623897,-19.09933842087921
2026-06-07 12:00:00+00:00,-44.7375,-0.01,-36.31107855807346,-24.761963427905915
2026-06-07 13:00:00+00:00,-36.47,0.0,-30.480974617090084,-11.005578826675835
2026-06-07 14:00:00+00:00,-15.96,49.002500000000005,-8.211707314675294,-12.300581946209512
2026-06-07 15:00:00+00:00,-1.135,95.925,17.465504566427043,-1.7026814550353324
2026-06-07 16:00:00+00:00,53.625,127.265,46.77125860176778,51.902534291114
2026-06-07 17:00:00+00:00,108.0025,141.37,79.05893809009076,104.85307008551443
2026-06-07 18:00:00+00:00,128.26749999999998,152.7625,107.66342250604036,130.93800111270264
2026-06-07 19:00:00+00:00,137.1375,156.035,120.95319483130649,136.21278137931225
2026-06-07 20:00:00+00:00,141.1875,153.1275,117.8907467037834,139.9878703589425
2026-06-07 21:00:00+00:00,140.3425,145.3475,112.06627054514993,133.10231207155866
2026-06-07 22:00:00+00:00,140.43,141.0075,138.52242286568915,151.99441192475962
2026-06-07 23:00:00+00:00,134.2375,128.255,133.78032480130855,123.8778353594077
2026-06-08 00:00:00+00:00,132.71,123.1375,132.2273139090089,121.8751861183411
2026-06-08 01:00:00+00:00,127.67,120.295,129.66417871145495,116.0960733600597
2026-06-08 02:00:00+00:00,130.175,124.4875,127.34215419229773,114.36170751338074
2026-06-08 03:00:00+00:00,138.5625,135.0925,119.91125691599464,125.76733940154095
2026-06-08 04:00:00+00:00,150.675,164.03,105.43688741903603,149.92641551473028
2026-06-08 05:00:00+00:00,145.675,160.0,90.14661450479387,146.99908753052148
2026-06-08 06:00:00+00:00,124.875,151.715,68.0641301245955,133.81447847619776
2026-06-08 07:00:00+00:00,100.9025,133.2,46.174218596901554,87.8276814807415
2026-06-08 08:00:00+00:00,75.91499999999999,117.66,29.00763976268236,51.7966282218428
2026-06-08 09:00:00+00:00,55.6425,108.1425,18.01188848866005,34.53239569817699
2026-06-08 10:00:00+00:00,54.4825,93.0825,19.16462570740157,42.41412172182729
2026-06-08 11:00:00+00:00,55.2175,89.9075,19.260105512695134,47.74103242141146
2026-06-08 12:00:00+00:00,68.67,87.44749999999999,25.406240382294214,50.41029023082854
2026-06-08 13:00:00+00:00,88.8525,95.0975,43.56929800979856,88.78536418000114
2026-06-08 14:00:00+00:00,102.58,106.735,71.29674792905146,94.78751105401298
2026-06-08 15:00:00+00:00,128.875,125.2425,98.5006426926199,113.60132933133573
2026-06-08 16:00:00+00:00,151.32999999999998,141.4575,130.0326768843259,139.430146249039
2026-06-08 17:00:00+00:00,199.3225,226.6125,161.0724290202775,184.92789776622905
2026-06-08 18:00:00+00:00,208.9025,355.2525,178.63506631272472,222.77784021173068
2026-06-08 19:00:00+00:00,185.75,333.3675,170.52742847332718,180.9183956329651
2026-06-08 20:00:00+00:00,152.3675,222.5025,147.58008239375988,141.58485934321965
2026-06-08 21:00:00+00:00,128.20499999999998,161.025,132.16982531195774,129.18221097809496
2026-06-08 22:00:00+00:00,129.0125,142.065,111.39324004536593,117.07887991604144
2026-06-08 23:00:00+00:00,122.1575,131.7225,101.68335971653593,109.00241896255702
2026-06-09 00:00:00+00:00,115.5,125.085,98.00333225624186,104.98209773890183
2026-06-09 01:00:00+00:00,111.2175,120.915,94.30266402806006,104.47228154977735
2026-06-09 02:00:00+00:00,110.475,120.6275,94.61077806358642,105.91641179285263
2026-06-09 03:00:00+00:00,115.8425,124.215,101.2367776895161,108.80141927935352
2026-06-09 04:00:00+00:00,130.1525,131.0275,108.74458303466446,118.46219321303073
2026-06-09 05:00:00+00:00,134.6325,131.79500000000002,109.55332463533759,125.39488507361806
2026-06-09 06:00:00+00:00,126.89,121.0825,101.98326532705354,120.8233316944431
2026-06-09 07:00:00+00:00,107.0,105.41,83.4738600010961,102.77527398617754
2026-06-09 08:00:00+00:00,82.33500000000001,90.515,65.04869213353793,76.64174904675612
2026-06-09 09:00:00+00:00,60.9,84.69999999999999,45.5768035623765,56.98416932595597
2026-06-09 10:00:00+00:00,25.215,80.2925,29.505103647188484,26.651037497820287
2026-06-09 11:00:00+00:00,3.5325,84.9575,25.833921150728642,13.991323712052132
2026-06-09 12:00:00+00:00,0.145,90.7825,23.05730191632557,10.969666570159465
2026-06-09 13:00:00+00:00,1.52,99.7375,32.77160637516346,11.93697520700298
2026-06-09 14:00:00+00:00,30.585,112.2475,34.23076394364907,13.989524797430112
2026-06-09 15:00:00+00:00,75.72749999999999,131.1375,61.32739912458767,58.870181095560376
2026-06-09 16:00:00+00:00,118.5475,146.97750000000002,94.19520517333635,99.74022394637386
2026-06-09 17:00:00+00:00,137.3,167.9375,140.89138394296506,137.06262473799052
2026-06-09 18:00:00+00:00,153.73000000000002,167.2725,159.03019606686846,156.58804904109817
2026-06-09 19:00:00+00:00,156.275,152.325,155.8342722120903,156.29450498056826
2026-06-09 20:00:00+00:00,144.9925,140.435,141.31604782952746,153.89464782364692
2026-06-09 21:00:00+00:00,131.3075,125.2375,125.54044630574788,133.84885109958913
2026-06-09 22:00:00+00:00,124.9125,116.3,111.50202882976049,129.02262308068651
2026-06-09 23:00:00+00:00,116.9025,111.895,106.8032656374092,121.66149862151707
2026-06-10 00:00:00+00:00,111.1275,108.0175,104.940751642483,120.01136468347161
2026-06-10 01:00:00+00:00,111.3075,107.3,105.49581407514161,113.16899738107045
2026-06-10 02:00:00+00:00,113.24,107.19,109.86793722466332,116.14785278840306
2026-06-10 03:00:00+00:00,118.7525,113.275,117.14318223568254,124.96374046001573
2026-06-10 04:00:00+00:00,131.89249999999998,130.7375,125.10447116653498,143.21905179750732
2026-06-10 05:00:00+00:00,136.8075,136.82999999999998,121.43009040251394,143.40038217506998
2026-06-10 06:00:00+00:00,126.6525,131.0775,107.5490382472571,126.85779917945216
2026-06-10 07:00:00+00:00,104.6025,112.1475,85.07029324382187,96.26751354069538
2026-06-10 08:00:00+00:00,86.5575,94.0925,63.009398246435225,73.97291142722294
2026-06-10 09:00:00+00:00,73.0575,80.2475,47.09343751563352,57.45629143472036
2026-06-10 10:00:00+00:00,68.67750000000001,58.17,39.43917831307231,53.02716156835455
2026-06-10 11:00:00+00:00,71.5675,37.8325,33.24533946001563,46.002843669580855
2026-06-10 12:00:00+00:00,77.825,38.0425,39.012459388710134,52.72832302798126
2026-06-10 13:00:00+00:00,86.625,47.1,48.820271801771334,66.5269475588115
2026-06-10 14:00:00+00:00,103.4525,76.9,78.36465234247551,92.70091367285829
2026-06-10 15:00:00+00:00,125.4,95.5325,107.28325949690607,112.84104014883471
2026-06-10 16:00:00+00:00,140.525,122.1875,133.31515492117146,155.04914894593733
2026-06-10 17:00:00+00:00,170.9675,138.3675,149.1205308256858,172.014358149847
2026-06-10 18:00:00+00:00,213.98,146.2375,160.3473933792303,191.16254871299668
2026-06-10 19:00:00+00:00,204.9975,133.42000000000002,162.04938904995072,212.02338043073152
2026-06-10 20:00:00+00:00,168.635,120.9525,155.27773906661966,176.69697968015032
2026-06-10 21:00:00+00:00,151.75,99.4075,144.83729740636687,137.632906245984
2026-06-10 22:00:00+00:00,140.7325,86.205,132.9484350870364,137.3808516553549
2026-06-10 23:00:00+00:00,133.4875,75.4875,127.47851521622962,124.62617728107816
2026-06-11 00:00:00+00:00,126.195,66.92,123.65549732055243,118.29728015718676
2026-06-11 01:00:00+00:00,125.7575,67.4725,123.61703841179057,119.0497320812097
2026-06-11 02:00:00+00:00,126.045,68.2925,125.94166256589558,121.52578246870692
2026-06-11 03:00:00+00:00,126.6625,71.185,130.1799669470945,129.1928357257864
2026-06-11 04:00:00+00:00,138.32999999999998,73.97,134.54190010196197,140.73596735283613
2026-06-11 05:00:00+00:00,138.7975,87.08,129.31301971595198,143.37461435208434
2026-06-11 06:00:00+00:00,126.64,75.62,109.86458905526526,129.29718026660655
2026-06-11 07:00:00+00:00,103.7975,34.125,79.00794803547905,103.0165146489606
2026-06-11 08:00:00+00:00,90.5425,4.79,61.22687025148575,83.0550891212929
2026-06-11 09:00:00+00:00,76.9725,-0.0025,47.75198326596328,66.47728838469993
2026-06-11 10:00:00+00:00,60.2725,-0.025,29.91701222096382,46.59400920196322
2026-06-11 11:00:00+00:00,45.31,-0.0475,27.78208750194017,30.641859055787474
2026-06-11 12:00:00+00:00,31.58,-0.035,18.651807681338767,15.211603776478094
2026-06-11 13:00:00+00:00,51.025,1.6175,38.57382328689263,42.02402670206189
2026-06-11 14:00:00+00:00,78.4675,28.6375,50.69790241724813,57.70190673470139
2026-06-11 15:00:00+00:00,101.5975,70.1525,80.14616142418667,94.56864266357417
2026-06-11 16:00:00+00:00,127.98,101.5025,103.16129436121057,117.07260676903566
2026-06-11 17:00:00+00:00,146.235,114.165,133.01037749779783,132.50793018484802
2026-06-11 18:00:00+00:00,174.85750000000002,117.9625,160.46551487195373,142.28374308535368
2026-06-11 19:00:00+00:00,164.9425,115.3725,162.3905057907313,141.53653631670133
2026-06-11 20:00:00+00:00,137.2325,111.69,143.17367209320167,138.82001271869052
2026-06-11 21:00:00+00:00,116.0625,100.05,127.04994102395457,126.30069960969551
