id,y_pred
2025-06-11 22:00:00+00:00,95.38
2025-06-11 23:00:00+00:00,90.19
2025-06-12 00:00:00+00:00,89.64
2025-06-12 01:00:00+00:00,87.66
2025-06-12 02:00:00+00:00,88.58
2025-06-12 03:00:00+00:00,92.39
2025-06-12 04:00:00+00:00,106.04
2025-06-12 05:00:00+00:00,102.29
2025-06-12 06:00:00+00:00,79.32
2025-06-12 07:00:00+00:00,52.24
2025-06-12 08:00:00+00:00,5.36
2025-06-12 09:00:00+00:00,-10.86
2025-06-12 10:00:00+00:00,-17.24
2025-06-12 11:00:00+00:00,-20.66
2025-06-12 12:00:00+00:00,-24.46
2025-06-12 13:00:00+00:00,-12.99
2025-06-12 14:00:00+00:00,-11.93
2025-06-12 15:00:00+00:00,17.63
2025-06-12 16:00:00+00:00,65.5
2025-06-12 17:00:00+00:00,95.09
2025-06-12 18:00:00+00:00,116.54
2025-06-12 19:00:00+00:00,110.15
2025-06-12 20:00:00+00:00,93.75
2025-06-12 21:00:00+00:00,68.82
2025-06-12 22:00:00+00:00,58.78
2025-06-12 23:00:00+00:00,57.36
2025-06-13 00:00:00+00:00,51.67
2025-06-13 01:00:00+00:00,48.16
2025-06-13 02:00:00+00:00,49.6
2025-06-13 03:00:00+00:00,48.53
2025-06-13 04:00:00+00:00,80.95
2025-06-13 05:00:00+00:00,83.76
2025-06-13 06:00:00+00:00,41.27
2025-06-13 07:00:00+00:00,10.59
2025-06-13 08:00:00+00:00,-4.18
2025-06-13 09:00:00+00:00,-43.05
2025-06-13 10:00:00+00:00,-83.95
2025-06-13 11:00:00+00:00,-91.89
2025-06-13 12:00:00+00:00,-81.08
2025-06-13 13:00:00+00:00,-43.19
2025-06-13 14:00:00+00:00,-7.81
2025-06-13 15:00:00+00:00,1.79
2025-06-13 16:00:00+00:00,64.3
2025-06-13 17:00:00+00:00,104.59
2025-06-13 18:00:00+00:00,115.05
2025-06-13 19:00:00+00:00,102.35
2025-06-13 20:00:00+00:00,93.32
2025-06-13 21:00:00+00:00,69.3
2025-06-13 22:00:00+00:00,40.75
2025-06-13 23:00:00+00:00,30.16
2025-06-14 00:00:00+00:00,38.9
2025-06-14 01:00:00+00:00,39.32
2025-06-14 02:00:00+00:00,37.47
2025-06-14 03:00:00+00:00,30.58
2025-06-14 04:00:00+00:00,19.15
2025-06-14 05:00:00+00:00,22.26
2025-06-14 06:00:00+00:00,13.53
2025-06-14 07:00:00+00:00,4.97
2025-06-14 08:00:00+00:00,-6.27
2025-06-14 09:00:00+00:00,-38.09
2025-06-14 10:00:00+00:00,-34.47
2025-06-14 11:00:00+00:00,-43.7
2025-06-14 12:00:00+00:00,-37.79
2025-06-14 13:00:00+00:00,-25.82
2025-06-14 14:00:00+00:00,-8.38
2025-06-14 15:00:00+00:00,22.32
2025-06-14 16:00:00+00:00,74.71
2025-06-14 17:00:00+00:00,111.26
2025-06-14 18:00:00+00:00,116.39
2025-06-14 19:00:00+00:00,110.89
2025-06-14 20:00:00+00:00,106.39
2025-06-14 21:00:00+00:00,89.75
2025-06-14 22:00:00+00:00,92.41
2025-06-14 23:00:00+00:00,91.15
2025-06-15 00:00:00+00:00,88.49
2025-06-15 01:00:00+00:00,89.02
2025-06-15 02:00:00+00:00,94.76
2025-06-15 03:00:00+00:00,98.01
2025-06-15 04:00:00+00:00,90.34
2025-06-15 05:00:00+00:00,71.19
2025-06-15 06:00:00+00:00,47.97
2025-06-15 07:00:00+00:00,16.99
2025-06-15 08:00:00+00:00,3.75
2025-06-15 09:00:00+00:00,-5.06
2025-06-15 10:00:00+00:00,-12.81
2025-06-15 11:00:00+00:00,-5.55
2025-06-15 12:00:00+00:00,-7.14
2025-06-15 13:00:00+00:00,0.04
2025-06-15 14:00:00+00:00,7.01
2025-06-15 15:00:00+00:00,23.92
2025-06-15 16:00:00+00:00,64.4
2025-06-15 17:00:00+00:00,100.5
2025-06-15 18:00:00+00:00,109.55
2025-06-15 19:00:00+00:00,101.06
2025-06-15 20:00:00+00:00,103.93
2025-06-15 21:00:00+00:00,88.51
2025-06-15 22:00:00+00:00,75.92
2025-06-15 23:00:00+00:00,72.96
2025-06-16 00:00:00+00:00,69.08
2025-06-16 01:00:00+00:00,67.96
2025-06-16 02:00:00+00:00,73.47
2025-06-16 03:00:00+00:00,85.8
2025-06-16 04:00:00+00:00,91.93
2025-06-16 05:00:00+00:00,90.4
2025-06-16 06:00:00+00:00,83.05
2025-06-16 07:00:00+00:00,61.28
2025-06-16 08:00:00+00:00,31.27
2025-06-16 09:00:00+00:00,8.79
2025-06-16 10:00:00+00:00,1.87
2025-06-16 11:00:00+00:00,-3.05
2025-06-16 12:00:00+00:00,-4.12
2025-06-16 13:00:00+00:00,-0.62
2025-06-16 14:00:00+00:00,5.53
2025-06-16 15:00:00+00:00,48.45
2025-06-16 16:00:00+00:00,93.2
2025-06-16 17:00:00+00:00,124.73
2025-06-16 18:00:00+00:00,156.02
2025-06-16 19:00:00+00:00,159.95
2025-06-16 20:00:00+00:00,147.98
2025-06-16 21:00:00+00:00,109.45
2025-06-16 22:00:00+00:00,101.77
2025-06-16 23:00:00+00:00,93.67
2025-06-17 00:00:00+00:00,91.0
2025-06-17 01:00:00+00:00,94.02
2025-06-17 02:00:00+00:00,99.51
2025-06-17 03:00:00+00:00,107.0
2025-06-17 04:00:00+00:00,122.32
2025-06-17 05:00:00+00:00,127.03
2025-06-17 06:00:00+00:00,99.09
2025-06-17 07:00:00+00:00,65.26
2025-06-17 08:00:00+00:00,33.27
2025-06-17 09:00:00+00:00,1.39
2025-06-17 10:00:00+00:00,-16.7
2025-06-17 11:00:00+00:00,-36.96
2025-06-17 12:00:00+00:00,-41.32
2025-06-17 13:00:00+00:00,-3.59
2025-06-17 14:00:00+00:00,15.4
2025-06-17 15:00:00+00:00,72.11
2025-06-17 16:00:00+00:00,100.19
2025-06-17 17:00:00+00:00,136.65
2025-06-17 18:00:00+00:00,182.63
2025-06-17 19:00:00+00:00,177.06
2025-06-17 20:00:00+00:00,141.76
2025-06-17 21:00:00+00:00,107.42
2025-06-17 22:00:00+00:00,103.19
2025-06-17 23:00:00+00:00,96.61
2025-06-18 00:00:00+00:00,94.55
2025-06-18 01:00:00+00:00,94.57
2025-06-18 02:00:00+00:00,97.2
2025-06-18 03:00:00+00:00,106.79
2025-06-18 04:00:00+00:00,118.54
2025-06-18 05:00:00+00:00,120.38
2025-06-18 06:00:00+00:00,105.04
2025-06-18 07:00:00+00:00,75.73
2025-06-18 08:00:00+00:00,17.14
2025-06-18 09:00:00+00:00,-23.29
2025-06-18 10:00:00+00:00,-43.77
2025-06-18 11:00:00+00:00,-56.93
2025-06-18 12:00:00+00:00,-77.27
2025-06-18 13:00:00+00:00,-17.06
2025-06-18 14:00:00+00:00,11.58
2025-06-18 15:00:00+00:00,57.4
2025-06-18 16:00:00+00:00,93.73
2025-06-18 17:00:00+00:00,108.97
2025-06-18 18:00:00+00:00,161.89
2025-06-18 19:00:00+00:00,152.15
2025-06-18 20:00:00+00:00,117.5
2025-06-18 21:00:00+00:00,95.91
2025-06-18 22:00:00+00:00,106.84
2025-06-18 23:00:00+00:00,104.29
2025-06-19 00:00:00+00:00,98.56
2025-06-19 01:00:00+00:00,93.79
2025-06-19 02:00:00+00:00,96.74
2025-06-19 03:00:00+00:00,105.32
2025-06-19 04:00:00+00:00,118.02
2025-06-19 05:00:00+00:00,108.41
2025-06-19 06:00:00+00:00,95.67
2025-06-19 07:00:00+00:00,45.32
2025-06-19 08:00:00+00:00,1.33
2025-06-19 09:00:00+00:00,-14.55
2025-06-19 10:00:00+00:00,-23.31
2025-06-19 11:00:00+00:00,-27.3
2025-06-19 12:00:00+00:00,-30.15
2025-06-19 13:00:00+00:00,-23.32
2025-06-19 14:00:00+00:00,-8.88
2025-06-19 15:00:00+00:00,25.14
2025-06-19 16:00:00+00:00,92.81
2025-06-19 17:00:00+00:00,119.87
2025-06-19 18:00:00+00:00,157.73
2025-06-19 19:00:00+00:00,178.15
2025-06-19 20:00:00+00:00,130.75
2025-06-19 21:00:00+00:00,116.06
2025-06-19 22:00:00+00:00,105.3
2025-06-19 23:00:00+00:00,101.24
2025-06-20 00:00:00+00:00,100.35
2025-06-20 01:00:00+00:00,99.4
2025-06-20 02:00:00+00:00,102.54
2025-06-20 03:00:00+00:00,107.89
2025-06-20 04:00:00+00:00,117.5
2025-06-20 05:00:00+00:00,102.15
2025-06-20 06:00:00+00:00,86.25
2025-06-20 07:00:00+00:00,35.35
2025-06-20 08:00:00+00:00,-7.57
2025-06-20 09:00:00+00:00,-35.4
2025-06-20 10:00:00+00:00,-41.41
2025-06-20 11:00:00+00:00,-58.95
2025-06-20 12:00:00+00:00,-53.18
2025-06-20 13:00:00+00:00,-63.51
2025-06-20 14:00:00+00:00,-15.77
2025-06-20 15:00:00+00:00,38.79
2025-06-20 16:00:00+00:00,98.73
2025-06-20 17:00:00+00:00,139.0
2025-06-20 18:00:00+00:00,179.72
2025-06-20 19:00:00+00:00,164.95
2025-06-20 20:00:00+00:00,146.79
2025-06-20 21:00:00+00:00,113.08
2025-06-20 22:00:00+00:00,111.74
2025-06-20 23:00:00+00:00,105.23
2025-06-21 00:00:00+00:00,104.28
2025-06-21 01:00:00+00:00,103.51
2025-06-21 02:00:00+00:00,101.31
2025-06-21 03:00:00+00:00,104.57
2025-06-21 04:00:00+00:00,102.63
2025-06-21 05:00:00+00:00,87.25
2025-06-21 06:00:00+00:00,57.09
2025-06-21 07:00:00+00:00,-1.25
2025-06-21 08:00:00+00:00,-33.69
2025-06-21 09:00:00+00:00,-34.03
2025-06-21 10:00:00+00:00,-51.6
2025-06-21 11:00:00+00:00,-62.24
2025-06-21 12:00:00+00:00,-67.47
2025-06-21 13:00:00+00:00,-52.78
2025-06-21 14:00:00+00:00,-32.26
2025-06-21 15:00:00+00:00,14.6
2025-06-21 16:00:00+00:00,88.05
2025-06-21 17:00:00+00:00,119.0
2025-06-21 18:00:00+00:00,154.16
2025-06-21 19:00:00+00:00,153.24
2025-06-21 20:00:00+00:00,125.04
2025-06-21 21:00:00+00:00,110.99
2025-06-21 22:00:00+00:00,100.83
2025-06-21 23:00:00+00:00,94.11
2025-06-22 00:00:00+00:00,87.43
2025-06-22 01:00:00+00:00,86.66
2025-06-22 02:00:00+00:00,87.08
2025-06-22 03:00:00+00:00,80.94
2025-06-22 04:00:00+00:00,68.64
2025-06-22 05:00:00+00:00,52.05
2025-06-22 06:00:00+00:00,11.11
2025-06-22 07:00:00+00:00,-10.35
2025-06-22 08:00:00+00:00,-33.06
2025-06-22 09:00:00+00:00,-69.72
2025-06-22 10:00:00+00:00,-111.58
2025-06-22 11:00:00+00:00,-107.83
2025-06-22 12:00:00+00:00,-107.42
2025-06-22 13:00:00+00:00,-59.13
2025-06-22 14:00:00+00:00,-19.44
2025-06-22 15:00:00+00:00,1.38
2025-06-22 16:00:00+00:00,63.3
2025-06-22 17:00:00+00:00,95.21
2025-06-22 18:00:00+00:00,113.24
2025-06-22 19:00:00+00:00,114.07
2025-06-22 20:00:00+00:00,105.96
2025-06-22 21:00:00+00:00,92.0
2025-06-22 22:00:00+00:00,87.33
2025-06-22 23:00:00+00:00,76.76
2025-06-23 00:00:00+00:00,77.69
2025-06-23 01:00:00+00:00,81.26
2025-06-23 02:00:00+00:00,90.9
2025-06-23 03:00:00+00:00,98.48
2025-06-23 04:00:00+00:00,107.95
2025-06-23 05:00:00+00:00,104.64
2025-06-23 06:00:00+00:00,76.88
2025-06-23 07:00:00+00:00,25.53
2025-06-23 08:00:00+00:00,4.62
2025-06-23 09:00:00+00:00,2.42
2025-06-23 10:00:00+00:00,-4.73
2025-06-23 11:00:00+00:00,-3.12
2025-06-23 12:00:00+00:00,-3.16
2025-06-23 13:00:00+00:00,-5.13
2025-06-23 14:00:00+00:00,-1.58
2025-06-23 15:00:00+00:00,11.1
2025-06-23 16:00:00+00:00,36.2
2025-06-23 17:00:00+00:00,58.02
2025-06-23 18:00:00+00:00,78.44
2025-06-23 19:00:00+00:00,93.55
2025-06-23 20:00:00+00:00,97.8
2025-06-23 21:00:00+00:00,86.58
2025-06-23 22:00:00+00:00,71.79
2025-06-23 23:00:00+00:00,65.88
2025-06-24 00:00:00+00:00,64.62
2025-06-24 01:00:00+00:00,60.73
2025-06-24 02:00:00+00:00,67.04
2025-06-24 03:00:00+00:00,66.36
2025-06-24 04:00:00+00:00,80.7
2025-06-24 05:00:00+00:00,83.09
2025-06-24 06:00:00+00:00,43.19
2025-06-24 07:00:00+00:00,27.09
2025-06-24 08:00:00+00:00,8.22
2025-06-24 09:00:00+00:00,-2.48
2025-06-24 10:00:00+00:00,5.59
2025-06-24 11:00:00+00:00,-5.98
2025-06-24 12:00:00+00:00,-5.49
2025-06-24 13:00:00+00:00,-3.88
2025-06-24 14:00:00+00:00,-0.66
2025-06-24 15:00:00+00:00,2.93
2025-06-24 16:00:00+00:00,33.79
2025-06-24 17:00:00+00:00,86.31
2025-06-24 18:00:00+00:00,118.6
2025-06-24 19:00:00+00:00,119.57
2025-06-24 20:00:00+00:00,108.84
2025-06-24 21:00:00+00:00,83.49
2025-06-24 22:00:00+00:00,65.26
2025-06-24 23:00:00+00:00,60.1
2025-06-25 00:00:00+00:00,58.13
2025-06-25 01:00:00+00:00,58.24
2025-06-25 02:00:00+00:00,69.95
2025-06-25 03:00:00+00:00,76.92
2025-06-25 04:00:00+00:00,90.66
2025-06-25 05:00:00+00:00,90.39
2025-06-25 06:00:00+00:00,73.59
2025-06-25 07:00:00+00:00,26.41
2025-06-25 08:00:00+00:00,11.97
2025-06-25 09:00:00+00:00,15.66
2025-06-25 10:00:00+00:00,9.64
2025-06-25 11:00:00+00:00,2.2
2025-06-25 12:00:00+00:00,3.13
2025-06-25 13:00:00+00:00,5.63
2025-06-25 14:00:00+00:00,7.11
2025-06-25 15:00:00+00:00,50.76
2025-06-25 16:00:00+00:00,92.44
2025-06-25 17:00:00+00:00,118.8
2025-06-25 18:00:00+00:00,167.81
2025-06-25 19:00:00+00:00,179.83
2025-06-25 20:00:00+00:00,146.04
2025-06-25 21:00:00+00:00,126.87
2025-06-25 22:00:00+00:00,130.45
2025-06-25 23:00:00+00:00,107.79
2025-06-26 00:00:00+00:00,99.11
2025-06-26 01:00:00+00:00,95.59
2025-06-26 02:00:00+00:00,101.58
2025-06-26 03:00:00+00:00,108.52
2025-06-26 04:00:00+00:00,116.32
2025-06-26 05:00:00+00:00,122.4
2025-06-26 06:00:00+00:00,110.04
2025-06-26 07:00:00+00:00,81.35
2025-06-26 08:00:00+00:00,56.97
2025-06-26 09:00:00+00:00,44.38
2025-06-26 10:00:00+00:00,36.36
2025-06-26 11:00:00+00:00,23.85
2025-06-26 12:00:00+00:00,22.66
2025-06-26 13:00:00+00:00,46.87
2025-06-26 14:00:00+00:00,57.42
2025-06-26 15:00:00+00:00,77.01
2025-06-26 16:00:00+00:00,91.37
2025-06-26 17:00:00+00:00,97.2
2025-06-26 18:00:00+00:00,119.17
2025-06-26 19:00:00+00:00,107.08
2025-06-26 20:00:00+00:00,108.44
2025-06-26 21:00:00+00:00,90.44
2025-06-26 22:00:00+00:00,74.18
2025-06-26 23:00:00+00:00,67.06
2025-06-27 00:00:00+00:00,63.72
2025-06-27 01:00:00+00:00,59.03
2025-06-27 02:00:00+00:00,55.07
2025-06-27 03:00:00+00:00,64.74
2025-06-27 04:00:00+00:00,72.91
2025-06-27 05:00:00+00:00,89.27
2025-06-27 06:00:00+00:00,81.3
2025-06-27 07:00:00+00:00,65.69
2025-06-27 08:00:00+00:00,53.53
2025-06-27 09:00:00+00:00,35.83
2025-06-27 10:00:00+00:00,33.91
2025-06-27 11:00:00+00:00,20.73
2025-06-27 12:00:00+00:00,13.03
2025-06-27 13:00:00+00:00,21.09
2025-06-27 14:00:00+00:00,23.96
2025-06-27 15:00:00+00:00,63.39
2025-06-27 16:00:00+00:00,88.74
2025-06-27 17:00:00+00:00,118.69
2025-06-27 18:00:00+00:00,148.34
2025-06-27 19:00:00+00:00,164.14
2025-06-27 20:00:00+00:00,147.24
2025-06-27 21:00:00+00:00,113.36
2025-06-27 22:00:00+00:00,103.49
2025-06-27 23:00:00+00:00,96.8
2025-06-28 00:00:00+00:00,85.97
2025-06-28 01:00:00+00:00,81.88
2025-06-28 02:00:00+00:00,79.88
2025-06-28 03:00:00+00:00,82.78
2025-06-28 04:00:00+00:00,76.37
2025-06-28 05:00:00+00:00,71.83
2025-06-28 06:00:00+00:00,34.33
2025-06-28 07:00:00+00:00,14.22
2025-06-28 08:00:00+00:00,4.17
2025-06-28 09:00:00+00:00,-5.16
2025-06-28 10:00:00+00:00,-4.45
2025-06-28 11:00:00+00:00,-12.79
2025-06-28 12:00:00+00:00,-15.9
2025-06-28 13:00:00+00:00,-4.5
2025-06-28 14:00:00+00:00,-1.12
2025-06-28 15:00:00+00:00,8.78
2025-06-28 16:00:00+00:00,54.23
2025-06-28 17:00:00+00:00,92.75
2025-06-28 18:00:00+00:00,114.15
2025-06-28 19:00:00+00:00,118.49
2025-06-28 20:00:00+00:00,110.92
2025-06-28 21:00:00+00:00,96.61
2025-06-28 22:00:00+00:00,81.59
2025-06-28 23:00:00+00:00,78.51
2025-06-29 00:00:00+00:00,73.89
2025-06-29 01:00:00+00:00,70.6
2025-06-29 02:00:00+00:00,73.44
2025-06-29 03:00:00+00:00,77.51
2025-06-29 04:00:00+00:00,80.87
2025-06-29 05:00:00+00:00,69.6
2025-06-29 06:00:00+00:00,24.76
2025-06-29 07:00:00+00:00,10.36
2025-06-29 08:00:00+00:00,5.48
2025-06-29 09:00:00+00:00,-27.37
2025-06-29 10:00:00+00:00,-33.14
2025-06-29 11:00:00+00:00,-37.42
2025-06-29 12:00:00+00:00,-42.39
2025-06-29 13:00:00+00:00,-27.9
2025-06-29 14:00:00+00:00,-20.63
2025-06-29 15:00:00+00:00,8.94
2025-06-29 16:00:00+00:00,51.35
2025-06-29 17:00:00+00:00,101.01
2025-06-29 18:00:00+00:00,119.17
2025-06-29 19:00:00+00:00,132.39
2025-06-29 20:00:00+00:00,128.65
2025-06-29 21:00:00+00:00,111.23
2025-06-29 22:00:00+00:00,95.69
2025-06-29 23:00:00+00:00,91.94
2025-06-30 00:00:00+00:00,92.38
2025-06-30 01:00:00+00:00,87.84
2025-06-30 02:00:00+00:00,94.47
2025-06-30 03:00:00+00:00,110.04
2025-06-30 04:00:00+00:00,116.52
2025-06-30 05:00:00+00:00,114.53
2025-06-30 06:00:00+00:00,98.38
2025-06-30 07:00:00+00:00,65.41
2025-06-30 08:00:00+00:00,28.77
2025-06-30 09:00:00+00:00,-0.21
2025-06-30 10:00:00+00:00,-1.64
2025-06-30 11:00:00+00:00,-6.07
2025-06-30 12:00:00+00:00,0.06
2025-06-30 13:00:00+00:00,-7.73
2025-06-30 14:00:00+00:00,28.61
2025-06-30 15:00:00+00:00,76.61
2025-06-30 16:00:00+00:00,108.09
2025-06-30 17:00:00+00:00,144.45
2025-06-30 18:00:00+00:00,160.48
2025-06-30 19:00:00+00:00,159.51
2025-06-30 20:00:00+00:00,126.35
2025-06-30 21:00:00+00:00,99.36
2025-06-30 22:00:00+00:00,94.49
2025-06-30 23:00:00+00:00,85.37
2025-07-01 00:00:00+00:00,79.12
2025-07-01 01:00:00+00:00,79.46
2025-07-01 02:00:00+00:00,81.61
2025-07-01 03:00:00+00:00,91.11
2025-07-01 04:00:00+00:00,107.89
2025-07-01 05:00:00+00:00,103.16
2025-07-01 06:00:00+00:00,98.86
2025-07-01 07:00:00+00:00,84.68
2025-07-01 08:00:00+00:00,34.08
2025-07-01 09:00:00+00:00,17.66
2025-07-01 10:00:00+00:00,7.01
2025-07-01 11:00:00+00:00,2.26
2025-07-01 12:00:00+00:00,7.71
2025-07-01 13:00:00+00:00,11.58
2025-07-01 14:00:00+00:00,53.78
2025-07-01 15:00:00+00:00,96.03
2025-07-01 16:00:00+00:00,111.96
2025-07-01 17:00:00+00:00,171.34
2025-07-01 18:00:00+00:00,226.98
2025-07-01 19:00:00+00:00,210.96
2025-07-01 20:00:00+00:00,141.22
2025-07-01 21:00:00+00:00,116.81
2025-07-01 22:00:00+00:00,102.94
2025-07-01 23:00:00+00:00,90.45
2025-07-02 00:00:00+00:00,85.97
2025-07-02 01:00:00+00:00,84.77
2025-07-02 02:00:00+00:00,88.56
2025-07-02 03:00:00+00:00,99.54
2025-07-02 04:00:00+00:00,115.88
2025-07-02 05:00:00+00:00,113.94
2025-07-02 06:00:00+00:00,106.49
2025-07-02 07:00:00+00:00,81.91
2025-07-02 08:00:00+00:00,40.32
2025-07-02 09:00:00+00:00,17.9
2025-07-02 10:00:00+00:00,-0.39
2025-07-02 11:00:00+00:00,-14.01
2025-07-02 12:00:00+00:00,-21.95
2025-07-02 13:00:00+00:00,5.78
2025-07-02 14:00:00+00:00,38.31
2025-07-02 15:00:00+00:00,73.21
2025-07-02 16:00:00+00:00,104.34
2025-07-02 17:00:00+00:00,200.95
2025-07-02 18:00:00+00:00,259.17
2025-07-02 19:00:00+00:00,243.44
2025-07-02 20:00:00+00:00,142.02
2025-07-02 21:00:00+00:00,120.77
2025-07-02 22:00:00+00:00,94.11
2025-07-02 23:00:00+00:00,83.65
2025-07-03 00:00:00+00:00,74.61
2025-07-03 01:00:00+00:00,67.6
2025-07-03 02:00:00+00:00,70.33
2025-07-03 03:00:00+00:00,79.22
2025-07-03 04:00:00+00:00,94.06
2025-07-03 05:00:00+00:00,95.77
2025-07-03 06:00:00+00:00,85.07
2025-07-03 07:00:00+00:00,60.17
2025-07-03 08:00:00+00:00,44.74
2025-07-03 09:00:00+00:00,37.43
2025-07-03 10:00:00+00:00,12.88
2025-07-03 11:00:00+00:00,6.86
2025-07-03 12:00:00+00:00,2.31
2025-07-03 13:00:00+00:00,20.05
2025-07-03 14:00:00+00:00,25.53
2025-07-03 15:00:00+00:00,61.73
2025-07-03 16:00:00+00:00,96.45
2025-07-03 17:00:00+00:00,137.85
2025-07-03 18:00:00+00:00,223.68
2025-07-03 19:00:00+00:00,180.99
2025-07-03 20:00:00+00:00,144.7
2025-07-03 21:00:00+00:00,121.85
2025-07-03 22:00:00+00:00,104.39
2025-07-03 23:00:00+00:00,99.06
2025-07-04 00:00:00+00:00,99.91
2025-07-04 01:00:00+00:00,101.48
2025-07-04 02:00:00+00:00,103.03
2025-07-04 03:00:00+00:00,108.91
2025-07-04 04:00:00+00:00,116.64
2025-07-04 05:00:00+00:00,121.64
2025-07-04 06:00:00+00:00,111.41
2025-07-04 07:00:00+00:00,80.45
2025-07-04 08:00:00+00:00,37.48
2025-07-04 09:00:00+00:00,16.35
2025-07-04 10:00:00+00:00,5.67
2025-07-04 11:00:00+00:00,-3.2
2025-07-04 12:00:00+00:00,-13.04
2025-07-04 13:00:00+00:00,1.69
2025-07-04 14:00:00+00:00,13.95
2025-07-04 15:00:00+00:00,55.54
2025-07-04 16:00:00+00:00,89.12
2025-07-04 17:00:00+00:00,125.25
2025-07-04 18:00:00+00:00,147.9
2025-07-04 19:00:00+00:00,155.13
2025-07-04 20:00:00+00:00,133.94
2025-07-04 21:00:00+00:00,112.34
2025-07-04 22:00:00+00:00,100.17
2025-07-04 23:00:00+00:00,93.91
2025-07-05 00:00:00+00:00,87.28
2025-07-05 01:00:00+00:00,76.23
2025-07-05 02:00:00+00:00,75.97
2025-07-05 03:00:00+00:00,73.19
2025-07-05 04:00:00+00:00,66.01
2025-07-05 05:00:00+00:00,57.5
2025-07-05 06:00:00+00:00,19.4
2025-07-05 07:00:00+00:00,12.11
2025-07-05 08:00:00+00:00,5.53
2025-07-05 09:00:00+00:00,-5.13
2025-07-05 10:00:00+00:00,-13.46
2025-07-05 11:00:00+00:00,-26.03
2025-07-05 12:00:00+00:00,-26.96
2025-07-05 13:00:00+00:00,-24.49
2025-07-05 14:00:00+00:00,-17.53
2025-07-05 15:00:00+00:00,-5.82
2025-07-05 16:00:00+00:00,24.79
2025-07-05 17:00:00+00:00,79.6
2025-07-05 18:00:00+00:00,103.01
2025-07-05 19:00:00+00:00,123.78
2025-07-05 20:00:00+00:00,110.79
2025-07-05 21:00:00+00:00,96.65
2025-07-05 22:00:00+00:00,89.58
2025-07-05 23:00:00+00:00,82.24
2025-07-06 00:00:00+00:00,85.2
2025-07-06 01:00:00+00:00,84.82
2025-07-06 02:00:00+00:00,79.83
2025-07-06 03:00:00+00:00,73.47
2025-07-06 04:00:00+00:00,77.33
2025-07-06 05:00:00+00:00,60.07
2025-07-06 06:00:00+00:00,27.14
2025-07-06 07:00:00+00:00,12.48
2025-07-06 08:00:00+00:00,4.53
2025-07-06 09:00:00+00:00,1.6
2025-07-06 10:00:00+00:00,-1.92
2025-07-06 11:00:00+00:00,-3.8
2025-07-06 12:00:00+00:00,-2.6
2025-07-06 13:00:00+00:00,-2.87
2025-07-06 14:00:00+00:00,14.14
2025-07-06 15:00:00+00:00,45.52
2025-07-06 16:00:00+00:00,90.7
2025-07-06 17:00:00+00:00,109.87
2025-07-06 18:00:00+00:00,132.56
2025-07-06 19:00:00+00:00,130.59
2025-07-06 20:00:00+00:00,125.57
2025-07-06 21:00:00+00:00,107.31
2025-07-06 22:00:00+00:00,96.65
2025-07-06 23:00:00+00:00,92.11
2025-07-07 00:00:00+00:00,87.78
2025-07-07 01:00:00+00:00,86.69
2025-07-07 02:00:00+00:00,94.32
2025-07-07 03:00:00+00:00,102.09
2025-07-07 04:00:00+00:00,119.98
2025-07-07 05:00:00+00:00,126.09
2025-07-07 06:00:00+00:00,119.08
2025-07-07 07:00:00+00:00,103.09
2025-07-07 08:00:00+00:00,90.83
2025-07-07 09:00:00+00:00,83.28
2025-07-07 10:00:00+00:00,69.41
2025-07-07 11:00:00+00:00,56.45
2025-07-07 12:00:00+00:00,42.3
2025-07-07 13:00:00+00:00,52.15
2025-07-07 14:00:00+00:00,57.85
2025-07-07 15:00:00+00:00,83.72
2025-07-07 16:00:00+00:00,99.03
2025-07-07 17:00:00+00:00,112.62
2025-07-07 18:00:00+00:00,122.07
2025-07-07 19:00:00+00:00,123.23
2025-07-07 20:00:00+00:00,117.7
2025-07-07 21:00:00+00:00,97.67
2025-07-07 22:00:00+00:00,103.46
2025-07-07 23:00:00+00:00,96.02
2025-07-08 00:00:00+00:00,92.32
2025-07-08 01:00:00+00:00,87.56
2025-07-08 02:00:00+00:00,91.0
2025-07-08 03:00:00+00:00,94.92
2025-07-08 04:00:00+00:00,110.73
2025-07-08 05:00:00+00:00,126.41
2025-07-08 06:00:00+00:00,120.88
2025-07-08 07:00:00+00:00,105.11
2025-07-08 08:00:00+00:00,81.81
2025-07-08 09:00:00+00:00,77.04
2025-07-08 10:00:00+00:00,60.0
2025-07-08 11:00:00+00:00,38.81
2025-07-08 12:00:00+00:00,26.28
2025-07-08 13:00:00+00:00,29.62
2025-07-08 14:00:00+00:00,54.09
2025-07-08 15:00:00+00:00,71.84
2025-07-08 16:00:00+00:00,101.54
2025-07-08 17:00:00+00:00,117.39
2025-07-08 18:00:00+00:00,135.21
2025-07-08 19:00:00+00:00,149.48
2025-07-08 20:00:00+00:00,148.23
2025-07-08 21:00:00+00:00,119.43
2025-07-08 22:00:00+00:00,101.66
2025-07-08 23:00:00+00:00,93.62
2025-07-09 00:00:00+00:00,86.35
2025-07-09 01:00:00+00:00,86.42
2025-07-09 02:00:00+00:00,89.72
2025-07-09 03:00:00+00:00,100.21
2025-07-09 04:00:00+00:00,117.09
2025-07-09 05:00:00+00:00,128.13
2025-07-09 06:00:00+00:00,114.31
2025-07-09 07:00:00+00:00,89.94
2025-07-09 08:00:00+00:00,77.88
2025-07-09 09:00:00+00:00,64.21
2025-07-09 10:00:00+00:00,41.86
2025-07-09 11:00:00+00:00,26.1
2025-07-09 12:00:00+00:00,24.25
2025-07-09 13:00:00+00:00,32.1
2025-07-09 14:00:00+00:00,56.47
2025-07-09 15:00:00+00:00,70.56
2025-07-09 16:00:00+00:00,95.34
2025-07-09 17:00:00+00:00,113.09
2025-07-09 18:00:00+00:00,179.01
2025-07-09 19:00:00+00:00,163.95
2025-07-09 20:00:00+00:00,136.51
2025-07-09 21:00:00+00:00,103.37
2025-07-09 22:00:00+00:00,107.68
2025-07-09 23:00:00+00:00,98.24
2025-07-10 00:00:00+00:00,97.16
2025-07-10 01:00:00+00:00,95.09
2025-07-10 02:00:00+00:00,96.15
2025-07-10 03:00:00+00:00,109.62
2025-07-10 04:00:00+00:00,127.81
2025-07-10 05:00:00+00:00,123.24
2025-07-10 06:00:00+00:00,109.35
2025-07-10 07:00:00+00:00,98.3
2025-07-10 08:00:00+00:00,78.49
2025-07-10 09:00:00+00:00,58.39
2025-07-10 10:00:00+00:00,45.51
2025-07-10 11:00:00+00:00,34.25
2025-07-10 12:00:00+00:00,32.47
2025-07-10 13:00:00+00:00,46.03
2025-07-10 14:00:00+00:00,67.12
2025-07-10 15:00:00+00:00,83.84
2025-07-10 16:00:00+00:00,101.21
2025-07-10 17:00:00+00:00,123.58
2025-07-10 18:00:00+00:00,136.08
2025-07-10 19:00:00+00:00,136.78
2025-07-10 20:00:00+00:00,120.75
2025-07-10 21:00:00+00:00,103.44
2025-07-10 22:00:00+00:00,101.99
2025-07-10 23:00:00+00:00,95.8
2025-07-11 00:00:00+00:00,92.07
2025-07-11 01:00:00+00:00,89.86
2025-07-11 02:00:00+00:00,90.6
2025-07-11 03:00:00+00:00,97.77
2025-07-11 04:00:00+00:00,108.74
2025-07-11 05:00:00+00:00,107.99
2025-07-11 06:00:00+00:00,103.94
2025-07-11 07:00:00+00:00,92.6
2025-07-11 08:00:00+00:00,79.99
2025-07-11 09:00:00+00:00,51.98
2025-07-11 10:00:00+00:00,28.95
2025-07-11 11:00:00+00:00,28.54
2025-07-11 12:00:00+00:00,21.65
2025-07-11 13:00:00+00:00,24.79
2025-07-11 14:00:00+00:00,50.08
2025-07-11 15:00:00+00:00,68.67
2025-07-11 16:00:00+00:00,87.96
2025-07-11 17:00:00+00:00,104.83
2025-07-11 18:00:00+00:00,117.64
2025-07-11 19:00:00+00:00,115.82
2025-07-11 20:00:00+00:00,108.21
2025-07-11 21:00:00+00:00,99.19
2025-07-11 22:00:00+00:00,96.58
2025-07-11 23:00:00+00:00,91.84
2025-07-12 00:00:00+00:00,90.62
2025-07-12 01:00:00+00:00,83.45
2025-07-12 02:00:00+00:00,81.11
2025-07-12 03:00:00+00:00,82.51
2025-07-12 04:00:00+00:00,90.94
2025-07-12 05:00:00+00:00,81.19
2025-07-12 06:00:00+00:00,64.18
2025-07-12 07:00:00+00:00,41.42
2025-07-12 08:00:00+00:00,11.52
2025-07-12 09:00:00+00:00,12.22
2025-07-12 10:00:00+00:00,18.64
2025-07-12 11:00:00+00:00,15.16
2025-07-12 12:00:00+00:00,9.08
2025-07-12 13:00:00+00:00,11.48
2025-07-12 14:00:00+00:00,25.72
2025-07-12 15:00:00+00:00,58.19
2025-07-12 16:00:00+00:00,83.79
2025-07-12 17:00:00+00:00,107.74
2025-07-12 18:00:00+00:00,116.84
2025-07-12 19:00:00+00:00,118.27
2025-07-12 20:00:00+00:00,110.72
2025-07-12 21:00:00+00:00,106.62
2025-07-12 22:00:00+00:00,112.12
2025-07-12 23:00:00+00:00,106.32
2025-07-13 00:00:00+00:00,105.31
2025-07-13 01:00:00+00:00,101.28
2025-07-13 02:00:00+00:00,100.43
2025-07-13 03:00:00+00:00,98.86
2025-07-13 04:00:00+00:00,101.03
2025-07-13 05:00:00+00:00,97.8
2025-07-13 06:00:00+00:00,92.13
2025-07-13 07:00:00+00:00,68.32
2025-07-13 08:00:00+00:00,22.07
2025-07-13 09:00:00+00:00,12.78
2025-07-13 10:00:00+00:00,9.77
2025-07-13 11:00:00+00:00,2.29
2025-07-13 12:00:00+00:00,-1.58
2025-07-13 13:00:00+00:00,-4.51
2025-07-13 14:00:00+00:00,11.71
2025-07-13 15:00:00+00:00,52.64
2025-07-13 16:00:00+00:00,99.61
2025-07-13 17:00:00+00:00,113.69
2025-07-13 18:00:00+00:00,133.91
2025-07-13 19:00:00+00:00,137.58
2025-07-13 20:00:00+00:00,121.46
2025-07-13 21:00:00+00:00,116.58
2025-07-13 22:00:00+00:00,120.94
2025-07-13 23:00:00+00:00,107.43
2025-07-14 00:00:00+00:00,103.05
2025-07-14 01:00:00+00:00,109.83
2025-07-14 02:00:00+00:00,113.7
2025-07-14 03:00:00+00:00,126.7
2025-07-14 04:00:00+00:00,141.66
2025-07-14 05:00:00+00:00,140.02
2025-07-14 06:00:00+00:00,122.45
2025-07-14 07:00:00+00:00,109.89
2025-07-14 08:00:00+00:00,90.41
2025-07-14 09:00:00+00:00,76.21
2025-07-14 10:00:00+00:00,66.52
2025-07-14 11:00:00+00:00,54.43
2025-07-14 12:00:00+00:00,56.0
2025-07-14 13:00:00+00:00,58.62
2025-07-14 14:00:00+00:00,70.43
2025-07-14 15:00:00+00:00,95.76
2025-07-14 16:00:00+00:00,113.4
2025-07-14 17:00:00+00:00,143.89
2025-07-14 18:00:00+00:00,195.11
2025-07-14 19:00:00+00:00,189.49
2025-07-14 20:00:00+00:00,150.34
2025-07-14 21:00:00+00:00,130.05
2025-07-14 22:00:00+00:00,112.26
2025-07-14 23:00:00+00:00,98.91
2025-07-15 00:00:00+00:00,94.82
2025-07-15 01:00:00+00:00,94.3
2025-07-15 02:00:00+00:00,94.81
2025-07-15 03:00:00+00:00,101.99
2025-07-15 04:00:00+00:00,113.27
2025-07-15 05:00:00+00:00,116.89
2025-07-15 06:00:00+00:00,108.01
2025-07-15 07:00:00+00:00,89.84
2025-07-15 08:00:00+00:00,76.31
2025-07-15 09:00:00+00:00,52.54
2025-07-15 10:00:00+00:00,41.0
2025-07-15 11:00:00+00:00,22.23
2025-07-15 12:00:00+00:00,17.18
2025-07-15 13:00:00+00:00,25.49
2025-07-15 14:00:00+00:00,49.5
2025-07-15 15:00:00+00:00,75.59
2025-07-15 16:00:00+00:00,95.16
2025-07-15 17:00:00+00:00,122.34
2025-07-15 18:00:00+00:00,164.58
2025-07-15 19:00:00+00:00,175.64
2025-07-15 20:00:00+00:00,148.55
2025-07-15 21:00:00+00:00,124.98
2025-07-15 22:00:00+00:00,103.96
2025-07-15 23:00:00+00:00,101.02
2025-07-16 00:00:00+00:00,92.44
2025-07-16 01:00:00+00:00,90.07
2025-07-16 02:00:00+00:00,87.38
2025-07-16 03:00:00+00:00,100.19
2025-07-16 04:00:00+00:00,112.41
2025-07-16 05:00:00+00:00,116.69
2025-07-16 06:00:00+00:00,111.8
2025-07-16 07:00:00+00:00,102.57
2025-07-16 08:00:00+00:00,94.25
2025-07-16 09:00:00+00:00,85.05
2025-07-16 10:00:00+00:00,78.73
2025-07-16 11:00:00+00:00,72.54
2025-07-16 12:00:00+00:00,71.67
2025-07-16 13:00:00+00:00,74.17
2025-07-16 14:00:00+00:00,79.48
2025-07-16 15:00:00+00:00,89.76
2025-07-16 16:00:00+00:00,106.46
2025-07-16 17:00:00+00:00,115.66
2025-07-16 18:00:00+00:00,124.33
2025-07-16 19:00:00+00:00,137.3
2025-07-16 20:00:00+00:00,110.23
2025-07-16 21:00:00+00:00,104.24
2025-07-16 22:00:00+00:00,95.76
2025-07-16 23:00:00+00:00,92.45
2025-07-17 00:00:00+00:00,87.08
2025-07-17 01:00:00+00:00,84.97
2025-07-17 02:00:00+00:00,85.66
2025-07-17 03:00:00+00:00,93.9
2025-07-17 04:00:00+00:00,109.37
2025-07-17 05:00:00+00:00,109.1
2025-07-17 06:00:00+00:00,103.04
2025-07-17 07:00:00+00:00,88.5
2025-07-17 08:00:00+00:00,72.45
2025-07-17 09:00:00+00:00,53.39
2025-07-17 10:00:00+00:00,38.92
2025-07-17 11:00:00+00:00,29.53
2025-07-17 12:00:00+00:00,31.07
2025-07-17 13:00:00+00:00,41.91
2025-07-17 14:00:00+00:00,59.58
2025-07-17 15:00:00+00:00,76.88
2025-07-17 16:00:00+00:00,94.19
2025-07-17 17:00:00+00:00,103.34
2025-07-17 18:00:00+00:00,112.86
2025-07-17 19:00:00+00:00,119.8
2025-07-17 20:00:00+00:00,112.41
2025-07-17 21:00:00+00:00,106.73
2025-07-17 22:00:00+00:00,105.57
2025-07-17 23:00:00+00:00,103.05
2025-07-18 00:00:00+00:00,97.48
2025-07-18 01:00:00+00:00,95.08
2025-07-18 02:00:00+00:00,102.41
2025-07-18 03:00:00+00:00,114.29
2025-07-18 04:00:00+00:00,142.56
2025-07-18 05:00:00+00:00,119.96
2025-07-18 06:00:00+00:00,107.41
2025-07-18 07:00:00+00:00,91.37
2025-07-18 08:00:00+00:00,79.38
2025-07-18 09:00:00+00:00,63.87
2025-07-18 10:00:00+00:00,59.61
2025-07-18 11:00:00+00:00,52.67
2025-07-18 12:00:00+00:00,50.23
2025-07-18 13:00:00+00:00,56.57
2025-07-18 14:00:00+00:00,73.71
2025-07-18 15:00:00+00:00,85.75
2025-07-18 16:00:00+00:00,97.61
2025-07-18 17:00:00+00:00,129.13
2025-07-18 18:00:00+00:00,153.22
2025-07-18 19:00:00+00:00,119.22
2025-07-18 20:00:00+00:00,113.29
2025-07-18 21:00:00+00:00,97.39
2025-07-18 22:00:00+00:00,101.19
2025-07-18 23:00:00+00:00,95.83
2025-07-19 00:00:00+00:00,89.61
2025-07-19 01:00:00+00:00,101.72
2025-07-19 02:00:00+00:00,97.96
2025-07-19 03:00:00+00:00,104.75
2025-07-19 04:00:00+00:00,102.66
2025-07-19 05:00:00+00:00,83.25
2025-07-19 06:00:00+00:00,73.87
2025-07-19 07:00:00+00:00,23.34
2025-07-19 08:00:00+00:00,3.02
2025-07-19 09:00:00+00:00,-10.2
2025-07-19 10:00:00+00:00,-19.57
2025-07-19 11:00:00+00:00,-13.5
2025-07-19 12:00:00+00:00,-15.31
2025-07-19 13:00:00+00:00,1.33
2025-07-19 14:00:00+00:00,2.32
2025-07-19 15:00:00+00:00,44.31
2025-07-19 16:00:00+00:00,86.83
2025-07-19 17:00:00+00:00,101.79
2025-07-19 18:00:00+00:00,112.42
2025-07-19 19:00:00+00:00,108.5
2025-07-19 20:00:00+00:00,98.92
2025-07-19 21:00:00+00:00,93.32
2025-07-19 22:00:00+00:00,83.68
2025-07-19 23:00:00+00:00,79.61
2025-07-20 00:00:00+00:00,82.69
2025-07-20 01:00:00+00:00,81.67
2025-07-20 02:00:00+00:00,77.94
2025-07-20 03:00:00+00:00,76.58
2025-07-20 04:00:00+00:00,76.54
2025-07-20 05:00:00+00:00,75.52
2025-07-20 06:00:00+00:00,68.96
2025-07-20 07:00:00+00:00,35.08
2025-07-20 08:00:00+00:00,5.18
2025-07-20 09:00:00+00:00,6.8
2025-07-20 10:00:00+00:00,1.84
2025-07-20 11:00:00+00:00,-6.33
2025-07-20 12:00:00+00:00,-0.55
2025-07-20 13:00:00+00:00,6.38
2025-07-20 14:00:00+00:00,19.39
2025-07-20 15:00:00+00:00,73.94
2025-07-20 16:00:00+00:00,101.7
2025-07-20 17:00:00+00:00,110.86
2025-07-20 18:00:00+00:00,119.18
2025-07-20 19:00:00+00:00,122.97
2025-07-20 20:00:00+00:00,109.12
2025-07-20 21:00:00+00:00,104.88
2025-07-20 22:00:00+00:00,104.29
2025-07-20 23:00:00+00:00,92.01
2025-07-21 00:00:00+00:00,91.21
2025-07-21 01:00:00+00:00,93.75
2025-07-21 02:00:00+00:00,101.15
2025-07-21 03:00:00+00:00,108.19
2025-07-21 04:00:00+00:00,130.77
2025-07-21 05:00:00+00:00,139.08
2025-07-21 06:00:00+00:00,139.12
2025-07-21 07:00:00+00:00,118.11
2025-07-21 08:00:00+00:00,106.99
2025-07-21 09:00:00+00:00,103.4
2025-07-21 10:00:00+00:00,99.87
2025-07-21 11:00:00+00:00,91.34
2025-07-21 12:00:00+00:00,91.63
2025-07-21 13:00:00+00:00,88.65
2025-07-21 14:00:00+00:00,91.12
2025-07-21 15:00:00+00:00,96.45
2025-07-21 16:00:00+00:00,105.12
2025-07-21 17:00:00+00:00,116.49
2025-07-21 18:00:00+00:00,124.05
2025-07-21 19:00:00+00:00,116.43
2025-07-21 20:00:00+00:00,107.01
2025-07-21 21:00:00+00:00,104.24
2025-07-21 22:00:00+00:00,95.23
2025-07-21 23:00:00+00:00,85.46
2025-07-22 00:00:00+00:00,86.43
2025-07-22 01:00:00+00:00,84.71
2025-07-22 02:00:00+00:00,84.46
2025-07-22 03:00:00+00:00,94.97
2025-07-22 04:00:00+00:00,109.27
2025-07-22 05:00:00+00:00,104.08
2025-07-22 06:00:00+00:00,98.61
2025-07-22 07:00:00+00:00,84.42
2025-07-22 08:00:00+00:00,73.6
2025-07-22 09:00:00+00:00,48.16
2025-07-22 10:00:00+00:00,30.71
2025-07-22 11:00:00+00:00,16.78
2025-07-22 12:00:00+00:00,11.16
2025-07-22 13:00:00+00:00,20.03
2025-07-22 14:00:00+00:00,33.52
2025-07-22 15:00:00+00:00,64.18
2025-07-22 16:00:00+00:00,85.32
2025-07-22 17:00:00+00:00,103.32
2025-07-22 18:00:00+00:00,119.25
2025-07-22 19:00:00+00:00,110.69
2025-07-22 20:00:00+00:00,101.13
2025-07-22 21:00:00+00:00,96.7
2025-07-22 22:00:00+00:00,71.51
2025-07-22 23:00:00+00:00,65.45
2025-07-23 00:00:00+00:00,62.31
2025-07-23 01:00:00+00:00,62.45
2025-07-23 02:00:00+00:00,65.47
2025-07-23 03:00:00+00:00,78.25
2025-07-23 04:00:00+00:00,93.18
2025-07-23 05:00:00+00:00,93.39
2025-07-23 06:00:00+00:00,86.9
2025-07-23 07:00:00+00:00,49.14
2025-07-23 08:00:00+00:00,9.68
2025-07-23 09:00:00+00:00,3.57
2025-07-23 10:00:00+00:00,2.65
2025-07-23 11:00:00+00:00,4.96
2025-07-23 12:00:00+00:00,2.93
2025-07-23 13:00:00+00:00,6.39
2025-07-23 14:00:00+00:00,33.88
2025-07-23 15:00:00+00:00,69.11
2025-07-23 16:00:00+00:00,89.68
2025-07-23 17:00:00+00:00,108.85
2025-07-23 18:00:00+00:00,122.57
2025-07-23 19:00:00+00:00,130.61
2025-07-23 20:00:00+00:00,113.86
2025-07-23 21:00:00+00:00,103.87
2025-07-23 22:00:00+00:00,104.04
2025-07-23 23:00:00+00:00,99.62
2025-07-24 00:00:00+00:00,99.5
2025-07-24 01:00:00+00:00,98.24
2025-07-24 02:00:00+00:00,97.92
2025-07-24 03:00:00+00:00,96.86
2025-07-24 04:00:00+00:00,121.91
2025-07-24 05:00:00+00:00,129.96
2025-07-24 06:00:00+00:00,120.42
2025-07-24 07:00:00+00:00,110.02
2025-07-24 08:00:00+00:00,101.98
2025-07-24 09:00:00+00:00,92.29
2025-07-24 10:00:00+00:00,82.17
2025-07-24 11:00:00+00:00,72.73
2025-07-24 12:00:00+00:00,73.47
2025-07-24 13:00:00+00:00,78.53
2025-07-24 14:00:00+00:00,97.13
2025-07-24 15:00:00+00:00,103.85
2025-07-24 16:00:00+00:00,106.75
2025-07-24 17:00:00+00:00,128.54
2025-07-24 18:00:00+00:00,145.68
2025-07-24 19:00:00+00:00,144.81
2025-07-24 20:00:00+00:00,114.5
2025-07-24 21:00:00+00:00,104.14
2025-07-24 22:00:00+00:00,101.47
2025-07-24 23:00:00+00:00,96.81
2025-07-25 00:00:00+00:00,92.47
2025-07-25 01:00:00+00:00,91.97
2025-07-25 02:00:00+00:00,95.67
2025-07-25 03:00:00+00:00,101.39
2025-07-25 04:00:00+00:00,109.98
2025-07-25 05:00:00+00:00,112.22
2025-07-25 06:00:00+00:00,107.16
2025-07-25 07:00:00+00:00,98.55
2025-07-25 08:00:00+00:00,92.84
2025-07-25 09:00:00+00:00,82.15
2025-07-25 10:00:00+00:00,73.75
2025-07-25 11:00:00+00:00,69.26
2025-07-25 12:00:00+00:00,70.23
2025-07-25 13:00:00+00:00,75.67
2025-07-25 14:00:00+00:00,78.3
2025-07-25 15:00:00+00:00,94.22
2025-07-25 16:00:00+00:00,100.56
2025-07-25 17:00:00+00:00,114.72
2025-07-25 18:00:00+00:00,118.65
2025-07-25 19:00:00+00:00,130.92
2025-07-25 20:00:00+00:00,119.02
2025-07-25 21:00:00+00:00,108.39
2025-07-25 22:00:00+00:00,107.49
2025-07-25 23:00:00+00:00,101.52
2025-07-26 00:00:00+00:00,99.11
2025-07-26 01:00:00+00:00,97.03
2025-07-26 02:00:00+00:00,97.93
2025-07-26 03:00:00+00:00,97.29
2025-07-26 04:00:00+00:00,102.17
2025-07-26 05:00:00+00:00,96.25
2025-07-26 06:00:00+00:00,92.83
2025-07-26 07:00:00+00:00,85.62
2025-07-26 08:00:00+00:00,71.01
2025-07-26 09:00:00+00:00,51.43
2025-07-26 10:00:00+00:00,37.67
2025-07-26 11:00:00+00:00,26.03
2025-07-26 12:00:00+00:00,27.48
2025-07-26 13:00:00+00:00,43.3
2025-07-26 14:00:00+00:00,67.74
2025-07-26 15:00:00+00:00,86.71
2025-07-26 16:00:00+00:00,101.22
2025-07-26 17:00:00+00:00,107.67
2025-07-26 18:00:00+00:00,113.52
2025-07-26 19:00:00+00:00,135.95
2025-07-26 20:00:00+00:00,99.37
2025-07-26 21:00:00+00:00,95.87
2025-07-26 22:00:00+00:00,108.6
2025-07-26 23:00:00+00:00,103.67
2025-07-27 00:00:00+00:00,106.52
2025-07-27 01:00:00+00:00,95.88
2025-07-27 02:00:00+00:00,96.87
2025-07-27 03:00:00+00:00,97.28
2025-07-27 04:00:00+00:00,97.77
2025-07-27 05:00:00+00:00,95.38
2025-07-27 06:00:00+00:00,83.51
2025-07-27 07:00:00+00:00,82.14
2025-07-27 08:00:00+00:00,61.04
2025-07-27 09:00:00+00:00,44.81
2025-07-27 10:00:00+00:00,27.45
2025-07-27 11:00:00+00:00,17.22
2025-07-27 12:00:00+00:00,14.27
2025-07-27 13:00:00+00:00,28.69
2025-07-27 14:00:00+00:00,52.45
2025-07-27 15:00:00+00:00,78.27
2025-07-27 16:00:00+00:00,93.51
2025-07-27 17:00:00+00:00,106.5
2025-07-27 18:00:00+00:00,120.63
2025-07-27 19:00:00+00:00,123.56
2025-07-27 20:00:00+00:00,115.93
2025-07-27 21:00:00+00:00,108.02
2025-07-27 22:00:00+00:00,99.87
2025-07-27 23:00:00+00:00,95.12
2025-07-28 00:00:00+00:00,91.31
2025-07-28 01:00:00+00:00,88.08
2025-07-28 02:00:00+00:00,90.61
2025-07-28 03:00:00+00:00,98.43
2025-07-28 04:00:00+00:00,122.73
2025-07-28 05:00:00+00:00,133.58
2025-07-28 06:00:00+00:00,129.12
2025-07-28 07:00:00+00:00,120.32
2025-07-28 08:00:00+00:00,105.65
2025-07-28 09:00:00+00:00,96.57
2025-07-28 10:00:00+00:00,81.87
2025-07-28 11:00:00+00:00,69.59
2025-07-28 12:00:00+00:00,57.61
2025-07-28 13:00:00+00:00,51.6
2025-07-28 14:00:00+00:00,62.18
2025-07-28 15:00:00+00:00,77.8
2025-07-28 16:00:00+00:00,94.62
2025-07-28 17:00:00+00:00,105.24
2025-07-28 18:00:00+00:00,114.72
2025-07-28 19:00:00+00:00,110.33
2025-07-28 20:00:00+00:00,103.97
2025-07-28 21:00:00+00:00,98.08
2025-07-28 22:00:00+00:00,89.59
2025-07-28 23:00:00+00:00,83.59
2025-07-29 00:00:00+00:00,80.93
2025-07-29 01:00:00+00:00,82.35
2025-07-29 02:00:00+00:00,83.05
2025-07-29 03:00:00+00:00,95.09
2025-07-29 04:00:00+00:00,108.25
2025-07-29 05:00:00+00:00,113.13
2025-07-29 06:00:00+00:00,99.15
2025-07-29 07:00:00+00:00,87.72
2025-07-29 08:00:00+00:00,61.76
2025-07-29 09:00:00+00:00,47.74
2025-07-29 10:00:00+00:00,18.5
2025-07-29 11:00:00+00:00,11.53
2025-07-29 12:00:00+00:00,11.22
2025-07-29 13:00:00+00:00,25.11
2025-07-29 14:00:00+00:00,54.81
2025-07-29 15:00:00+00:00,78.75
2025-07-29 16:00:00+00:00,98.15
2025-07-29 17:00:00+00:00,109.82
2025-07-29 18:00:00+00:00,121.96
2025-07-29 19:00:00+00:00,129.59
2025-07-29 20:00:00+00:00,108.29
2025-07-29 21:00:00+00:00,102.24
2025-07-29 22:00:00+00:00,99.87
2025-07-29 23:00:00+00:00,96.88
2025-07-30 00:00:00+00:00,93.53
2025-07-30 01:00:00+00:00,91.63
2025-07-30 02:00:00+00:00,90.51
2025-07-30 03:00:00+00:00,96.79
2025-07-30 04:00:00+00:00,107.18
2025-07-30 05:00:00+00:00,112.86
2025-07-30 06:00:00+00:00,103.1
2025-07-30 07:00:00+00:00,90.28
2025-07-30 08:00:00+00:00,83.7
2025-07-30 09:00:00+00:00,70.48
2025-07-30 10:00:00+00:00,60.16
2025-07-30 11:00:00+00:00,43.84
2025-07-30 12:00:00+00:00,38.28
2025-07-30 13:00:00+00:00,43.71
2025-07-30 14:00:00+00:00,58.24
2025-07-30 15:00:00+00:00,78.08
2025-07-30 16:00:00+00:00,91.8
2025-07-30 17:00:00+00:00,102.69
2025-07-30 18:00:00+00:00,116.06
2025-07-30 19:00:00+00:00,114.33
2025-07-30 20:00:00+00:00,106.14
2025-07-30 21:00:00+00:00,97.61
2025-07-30 22:00:00+00:00,85.75
2025-07-30 23:00:00+00:00,79.99
2025-07-31 00:00:00+00:00,77.2
2025-07-31 01:00:00+00:00,73.24
2025-07-31 02:00:00+00:00,75.3
2025-07-31 03:00:00+00:00,88.6
2025-07-31 04:00:00+00:00,92.83
2025-07-31 05:00:00+00:00,101.95
2025-07-31 06:00:00+00:00,96.72
2025-07-31 07:00:00+00:00,81.61
2025-07-31 08:00:00+00:00,73.75
2025-07-31 09:00:00+00:00,54.04
2025-07-31 10:00:00+00:00,39.28
2025-07-31 11:00:00+00:00,32.66
2025-07-31 12:00:00+00:00,29.71
2025-07-31 13:00:00+00:00,36.74
2025-07-31 14:00:00+00:00,51.88
2025-07-31 15:00:00+00:00,79.04
2025-07-31 16:00:00+00:00,99.59
2025-07-31 17:00:00+00:00,112.28
2025-07-31 18:00:00+00:00,127.13
2025-07-31 19:00:00+00:00,125.69
2025-07-31 20:00:00+00:00,111.21
2025-07-31 21:00:00+00:00,99.68
2025-07-31 22:00:00+00:00,104.92
2025-07-31 23:00:00+00:00,95.13
2025-08-01 00:00:00+00:00,94.48
2025-08-01 01:00:00+00:00,92.54
2025-08-01 02:00:00+00:00,94.76
2025-08-01 03:00:00+00:00,102.5
2025-08-01 04:00:00+00:00,110.9
2025-08-01 05:00:00+00:00,119.38
2025-08-01 06:00:00+00:00,118.91
2025-08-01 07:00:00+00:00,109.95
2025-08-01 08:00:00+00:00,99.58
2025-08-01 09:00:00+00:00,92.73
2025-08-01 10:00:00+00:00,83.94
2025-08-01 11:00:00+00:00,76.21
2025-08-01 12:00:00+00:00,64.62
2025-08-01 13:00:00+00:00,72.53
2025-08-01 14:00:00+00:00,78.52
2025-08-01 15:00:00+00:00,88.4
2025-08-01 16:00:00+00:00,97.29
2025-08-01 17:00:00+00:00,112.7
2025-08-01 18:00:00+00:00,127.66
2025-08-01 19:00:00+00:00,124.08
2025-08-01 20:00:00+00:00,111.18
2025-08-01 21:00:00+00:00,104.76
2025-08-01 22:00:00+00:00,103.96
2025-08-01 23:00:00+00:00,99.49
2025-08-02 00:00:00+00:00,95.56
2025-08-02 01:00:00+00:00,93.5
2025-08-02 02:00:00+00:00,93.71
2025-08-02 03:00:00+00:00,94.25
2025-08-02 04:00:00+00:00,94.72
2025-08-02 05:00:00+00:00,91.65
2025-08-02 06:00:00+00:00,94.11
2025-08-02 07:00:00+00:00,85.03
2025-08-02 08:00:00+00:00,65.87
2025-08-02 09:00:00+00:00,44.28
2025-08-02 10:00:00+00:00,24.1
2025-08-02 11:00:00+00:00,15.7
2025-08-02 12:00:00+00:00,5.64
2025-08-02 13:00:00+00:00,13.61
2025-08-02 14:00:00+00:00,30.7
2025-08-02 15:00:00+00:00,54.98
2025-08-02 16:00:00+00:00,85.47
2025-08-02 17:00:00+00:00,103.53
2025-08-02 18:00:00+00:00,111.48
2025-08-02 19:00:00+00:00,111.98
2025-08-02 20:00:00+00:00,105.9
2025-08-02 21:00:00+00:00,102.18
2025-08-02 22:00:00+00:00,96.86
2025-08-02 23:00:00+00:00,93.68
2025-08-03 00:00:00+00:00,88.45
2025-08-03 01:00:00+00:00,81.13
2025-08-03 02:00:00+00:00,77.32
2025-08-03 03:00:00+00:00,76.97
2025-08-03 04:00:00+00:00,71.56
2025-08-03 05:00:00+00:00,64.66
2025-08-03 06:00:00+00:00,52.56
2025-08-03 07:00:00+00:00,36.49
2025-08-03 08:00:00+00:00,23.99
2025-08-03 09:00:00+00:00,20.27
2025-08-03 10:00:00+00:00,11.99
2025-08-03 11:00:00+00:00,0.7
2025-08-03 12:00:00+00:00,1.44
2025-08-03 13:00:00+00:00,1.73
2025-08-03 14:00:00+00:00,10.5
2025-08-03 15:00:00+00:00,35.35
2025-08-03 16:00:00+00:00,68.67
2025-08-03 17:00:00+00:00,95.14
2025-08-03 18:00:00+00:00,111.35
2025-08-03 19:00:00+00:00,110.2
2025-08-03 20:00:00+00:00,104.81
2025-08-03 21:00:00+00:00,89.73
2025-08-03 22:00:00+00:00,66.14
2025-08-03 23:00:00+00:00,60.32
2025-08-04 00:00:00+00:00,54.64
2025-08-04 01:00:00+00:00,55.51
2025-08-04 02:00:00+00:00,59.75
2025-08-04 03:00:00+00:00,73.18
2025-08-04 04:00:00+00:00,89.87
2025-08-04 05:00:00+00:00,113.49
2025-08-04 06:00:00+00:00,110.14
2025-08-04 07:00:00+00:00,112.97
2025-08-04 08:00:00+00:00,103.73
2025-08-04 09:00:00+00:00,79.86
2025-08-04 10:00:00+00:00,69.89
2025-08-04 11:00:00+00:00,39.15
2025-08-04 12:00:00+00:00,23.06
2025-08-04 13:00:00+00:00,26.33
2025-08-04 14:00:00+00:00,40.29
2025-08-04 15:00:00+00:00,77.53
2025-08-04 16:00:00+00:00,104.2
2025-08-04 17:00:00+00:00,109.02
2025-08-04 18:00:00+00:00,110.3
2025-08-04 19:00:00+00:00,97.06
2025-08-04 20:00:00+00:00,89.58
2025-08-04 21:00:00+00:00,66.35
2025-08-04 22:00:00+00:00,58.49
2025-08-04 23:00:00+00:00,55.46
2025-08-05 00:00:00+00:00,55.25
2025-08-05 01:00:00+00:00,56.42
2025-08-05 02:00:00+00:00,60.48
2025-08-05 03:00:00+00:00,72.87
2025-08-05 04:00:00+00:00,85.96
2025-08-05 05:00:00+00:00,105.31
2025-08-05 06:00:00+00:00,98.99
2025-08-05 07:00:00+00:00,83.68
2025-08-05 08:00:00+00:00,62.15
2025-08-05 09:00:00+00:00,38.82
2025-08-05 10:00:00+00:00,11.48
2025-08-05 11:00:00+00:00,5.24
2025-08-05 12:00:00+00:00,1.3
2025-08-05 13:00:00+00:00,0.08
2025-08-05 14:00:00+00:00,5.32
2025-08-05 15:00:00+00:00,28.29
2025-08-05 16:00:00+00:00,49.24
2025-08-05 17:00:00+00:00,83.62
2025-08-05 18:00:00+00:00,85.71
2025-08-05 19:00:00+00:00,93.94
2025-08-05 20:00:00+00:00,95.22
2025-08-05 21:00:00+00:00,80.01
2025-08-05 22:00:00+00:00,57.97
2025-08-05 23:00:00+00:00,56.52
2025-08-06 00:00:00+00:00,50.79
2025-08-06 01:00:00+00:00,54.34
2025-08-06 02:00:00+00:00,60.65
2025-08-06 03:00:00+00:00,71.73
2025-08-06 04:00:00+00:00,89.06
2025-08-06 05:00:00+00:00,97.49
2025-08-06 06:00:00+00:00,81.88
2025-08-06 07:00:00+00:00,36.79
2025-08-06 08:00:00+00:00,7.9
2025-08-06 09:00:00+00:00,3.35
2025-08-06 10:00:00+00:00,1.86
2025-08-06 11:00:00+00:00,-6.74
2025-08-06 12:00:00+00:00,-3.35
2025-08-06 13:00:00+00:00,2.34
2025-08-06 14:00:00+00:00,21.92
2025-08-06 15:00:00+00:00,56.33
2025-08-06 16:00:00+00:00,93.01
2025-08-06 17:00:00+00:00,114.45
2025-08-06 18:00:00+00:00,135.92
2025-08-06 19:00:00+00:00,144.74
2025-08-06 20:00:00+00:00,107.14
2025-08-06 21:00:00+00:00,98.93
2025-08-06 22:00:00+00:00,99.08
2025-08-06 23:00:00+00:00,85.78
2025-08-07 00:00:00+00:00,85.94
2025-08-07 01:00:00+00:00,85.36
2025-08-07 02:00:00+00:00,86.39
2025-08-07 03:00:00+00:00,101.22
2025-08-07 04:00:00+00:00,128.15
2025-08-07 05:00:00+00:00,125.93
2025-08-07 06:00:00+00:00,104.68
2025-08-07 07:00:00+00:00,68.45
2025-08-07 08:00:00+00:00,28.9
2025-08-07 09:00:00+00:00,17.01
2025-08-07 10:00:00+00:00,5.07
2025-08-07 11:00:00+00:00,-0.74
2025-08-07 12:00:00+00:00,-2.51
2025-08-07 13:00:00+00:00,-2.2
2025-08-07 14:00:00+00:00,11.68
2025-08-07 15:00:00+00:00,64.96
2025-08-07 16:00:00+00:00,104.21
2025-08-07 17:00:00+00:00,125.12
2025-08-07 18:00:00+00:00,158.19
2025-08-07 19:00:00+00:00,144.15
2025-08-07 20:00:00+00:00,109.18
2025-08-07 21:00:00+00:00,97.77
2025-08-07 22:00:00+00:00,96.04
2025-08-07 23:00:00+00:00,91.28
2025-08-08 00:00:00+00:00,86.83
2025-08-08 01:00:00+00:00,81.12
2025-08-08 02:00:00+00:00,84.62
2025-08-08 03:00:00+00:00,89.92
2025-08-08 04:00:00+00:00,102.57
2025-08-08 05:00:00+00:00,109.63
2025-08-08 06:00:00+00:00,99.87
2025-08-08 07:00:00+00:00,77.97
2025-08-08 08:00:00+00:00,31.55
2025-08-08 09:00:00+00:00,7.38
2025-08-08 10:00:00+00:00,-1.08
2025-08-08 11:00:00+00:00,-5.67
2025-08-08 12:00:00+00:00,-5.65
2025-08-08 13:00:00+00:00,-5.2
2025-08-08 14:00:00+00:00,9.5
2025-08-08 15:00:00+00:00,67.1
2025-08-08 16:00:00+00:00,99.72
2025-08-08 17:00:00+00:00,130.24
2025-08-08 18:00:00+00:00,166.66
2025-08-08 19:00:00+00:00,151.65
2025-08-08 20:00:00+00:00,127.47
2025-08-08 21:00:00+00:00,119.18
2025-08-08 22:00:00+00:00,102.84
2025-08-08 23:00:00+00:00,115.92
2025-08-09 00:00:00+00:00,113.75
2025-08-09 01:00:00+00:00,93.1
2025-08-09 02:00:00+00:00,94.21
2025-08-09 03:00:00+00:00,123.45
2025-08-09 04:00:00+00:00,113.07
2025-08-09 05:00:00+00:00,101.21
2025-08-09 06:00:00+00:00,89.08
2025-08-09 07:00:00+00:00,37.15
2025-08-09 08:00:00+00:00,5.77
2025-08-09 09:00:00+00:00,1.55
2025-08-09 10:00:00+00:00,-16.66
2025-08-09 11:00:00+00:00,-20.66
2025-08-09 12:00:00+00:00,-19.23
2025-08-09 13:00:00+00:00,-20.26
2025-08-09 14:00:00+00:00,-7.64
2025-08-09 15:00:00+00:00,15.17
2025-08-09 16:00:00+00:00,78.72
2025-08-09 17:00:00+00:00,97.69
2025-08-09 18:00:00+00:00,127.28
2025-08-09 19:00:00+00:00,117.63
2025-08-09 20:00:00+00:00,91.23
2025-08-09 21:00:00+00:00,86.52
2025-08-09 22:00:00+00:00,79.05
2025-08-09 23:00:00+00:00,71.43
2025-08-10 00:00:00+00:00,63.57
2025-08-10 01:00:00+00:00,58.87
2025-08-10 02:00:00+00:00,57.34
2025-08-10 03:00:00+00:00,63.25
2025-08-10 04:00:00+00:00,63.55
2025-08-10 05:00:00+00:00,58.64
2025-08-10 06:00:00+00:00,11.66
2025-08-10 07:00:00+00:00,-6.16
2025-08-10 08:00:00+00:00,-23.75
2025-08-10 09:00:00+00:00,-39.86
2025-08-10 10:00:00+00:00,-59.79
2025-08-10 11:00:00+00:00,-86.91
2025-08-10 12:00:00+00:00,-83.88
2025-08-10 13:00:00+00:00,-53.01
2025-08-10 14:00:00+00:00,-26.74
2025-08-10 15:00:00+00:00,-10.18
2025-08-10 16:00:00+00:00,72.06
2025-08-10 17:00:00+00:00,110.07
2025-08-10 18:00:00+00:00,133.05
2025-08-10 19:00:00+00:00,134.24
2025-08-10 20:00:00+00:00,112.69
2025-08-10 21:00:00+00:00,106.57
2025-08-10 22:00:00+00:00,94.72
2025-08-10 23:00:00+00:00,92.63
2025-08-11 00:00:00+00:00,93.01
2025-08-11 01:00:00+00:00,93.43
2025-08-11 02:00:00+00:00,96.15
2025-08-11 03:00:00+00:00,108.77
2025-08-11 04:00:00+00:00,127.44
2025-08-11 05:00:00+00:00,131.49
2025-08-11 06:00:00+00:00,101.3
2025-08-11 07:00:00+00:00,70.37
2025-08-11 08:00:00+00:00,20.83
2025-08-11 09:00:00+00:00,22.18
2025-08-11 10:00:00+00:00,1.46
2025-08-11 11:00:00+00:00,3.55
2025-08-11 12:00:00+00:00,10.5
2025-08-11 13:00:00+00:00,27.7
2025-08-11 14:00:00+00:00,46.63
2025-08-11 15:00:00+00:00,89.36
2025-08-11 16:00:00+00:00,120.43
2025-08-11 17:00:00+00:00,190.18
2025-08-11 18:00:00+00:00,205.08
2025-08-11 19:00:00+00:00,170.81
2025-08-11 20:00:00+00:00,118.13
2025-08-11 21:00:00+00:00,101.53
2025-08-11 22:00:00+00:00,99.27
2025-08-11 23:00:00+00:00,91.67
2025-08-12 00:00:00+00:00,87.31
2025-08-12 01:00:00+00:00,84.69
2025-08-12 02:00:00+00:00,91.98
2025-08-12 03:00:00+00:00,101.33
2025-08-12 04:00:00+00:00,131.61
2025-08-12 05:00:00+00:00,130.31
2025-08-12 06:00:00+00:00,102.83
2025-08-12 07:00:00+00:00,86.1
2025-08-12 08:00:00+00:00,54.15
2025-08-12 09:00:00+00:00,44.59
2025-08-12 10:00:00+00:00,24.81
2025-08-12 11:00:00+00:00,21.66
2025-08-12 12:00:00+00:00,24.25
2025-08-12 13:00:00+00:00,40.32
2025-08-12 14:00:00+00:00,50.73
2025-08-12 15:00:00+00:00,78.51
2025-08-12 16:00:00+00:00,99.53
2025-08-12 17:00:00+00:00,128.34
2025-08-12 18:00:00+00:00,149.29
2025-08-12 19:00:00+00:00,116.51
2025-08-12 20:00:00+00:00,94.28
2025-08-12 21:00:00+00:00,85.97
2025-08-12 22:00:00+00:00,82.94
2025-08-12 23:00:00+00:00,76.94
2025-08-13 00:00:00+00:00,76.73
2025-08-13 01:00:00+00:00,78.36
2025-08-13 02:00:00+00:00,82.86
2025-08-13 03:00:00+00:00,93.21
2025-08-13 04:00:00+00:00,112.2
2025-08-13 05:00:00+00:00,113.52
2025-08-13 06:00:00+00:00,101.12
2025-08-13 07:00:00+00:00,83.01
2025-08-13 08:00:00+00:00,62.36
2025-08-13 09:00:00+00:00,46.73
2025-08-13 10:00:00+00:00,26.75
2025-08-13 11:00:00+00:00,21.05
2025-08-13 12:00:00+00:00,22.29
2025-08-13 13:00:00+00:00,44.17
2025-08-13 14:00:00+00:00,60.5
2025-08-13 15:00:00+00:00,90.64
2025-08-13 16:00:00+00:00,108.97
2025-08-13 17:00:00+00:00,159.52
2025-08-13 18:00:00+00:00,185.18
2025-08-13 19:00:00+00:00,169.24
2025-08-13 20:00:00+00:00,119.05
2025-08-13 21:00:00+00:00,100.17
2025-08-13 22:00:00+00:00,103.02
2025-08-13 23:00:00+00:00,97.19
2025-08-14 00:00:00+00:00,92.44
2025-08-14 01:00:00+00:00,91.17
2025-08-14 02:00:00+00:00,93.1
2025-08-14 03:00:00+00:00,102.01
2025-08-14 04:00:00+00:00,119.82
2025-08-14 05:00:00+00:00,119.29
2025-08-14 06:00:00+00:00,109.18
2025-08-14 07:00:00+00:00,90.55
2025-08-14 08:00:00+00:00,77.47
2025-08-14 09:00:00+00:00,68.91
2025-08-14 10:00:00+00:00,53.72
2025-08-14 11:00:00+00:00,40.65
2025-08-14 12:00:00+00:00,49.35
2025-08-14 13:00:00+00:00,65.09
2025-08-14 14:00:00+00:00,80.45
2025-08-14 15:00:00+00:00,96.67
2025-08-14 16:00:00+00:00,114.21
2025-08-14 17:00:00+00:00,207.74
2025-08-14 18:00:00+00:00,228.55
2025-08-14 19:00:00+00:00,165.41
2025-08-14 20:00:00+00:00,123.01
2025-08-14 21:00:00+00:00,107.79
2025-08-14 22:00:00+00:00,98.54
2025-08-14 23:00:00+00:00,91.8
2025-08-15 00:00:00+00:00,89.09
2025-08-15 01:00:00+00:00,87.31
2025-08-15 02:00:00+00:00,87.63
2025-08-15 03:00:00+00:00,95.54
2025-08-15 04:00:00+00:00,103.57
2025-08-15 05:00:00+00:00,104.65
2025-08-15 06:00:00+00:00,95.67
2025-08-15 07:00:00+00:00,82.32
2025-08-15 08:00:00+00:00,53.1
2025-08-15 09:00:00+00:00,34.91
2025-08-15 10:00:00+00:00,8.58
2025-08-15 11:00:00+00:00,3.67
2025-08-15 12:00:00+00:00,6.52
2025-08-15 13:00:00+00:00,22.76
2025-08-15 14:00:00+00:00,41.62
2025-08-15 15:00:00+00:00,71.1
2025-08-15 16:00:00+00:00,90.34
2025-08-15 17:00:00+00:00,115.28
2025-08-15 18:00:00+00:00,112.67
2025-08-15 19:00:00+00:00,114.08
2025-08-15 20:00:00+00:00,97.23
2025-08-15 21:00:00+00:00,89.94
2025-08-15 22:00:00+00:00,91.38
2025-08-15 23:00:00+00:00,88.39
2025-08-16 00:00:00+00:00,87.31
2025-08-16 01:00:00+00:00,85.75
2025-08-16 02:00:00+00:00,81.41
2025-08-16 03:00:00+00:00,84.46
2025-08-16 04:00:00+00:00,85.93
2025-08-16 05:00:00+00:00,81.39
2025-08-16 06:00:00+00:00,66.52
2025-08-16 07:00:00+00:00,45.98
2025-08-16 08:00:00+00:00,9.15
2025-08-16 09:00:00+00:00,-5.21
2025-08-16 10:00:00+00:00,-6.1
2025-08-16 11:00:00+00:00,-15.83
2025-08-16 12:00:00+00:00,-23.05
2025-08-16 13:00:00+00:00,-25.62
2025-08-16 14:00:00+00:00,-19.33
2025-08-16 15:00:00+00:00,-4.37
2025-08-16 16:00:00+00:00,58.96
2025-08-16 17:00:00+00:00,91.81
2025-08-16 18:00:00+00:00,103.29
2025-08-16 19:00:00+00:00,99.94
2025-08-16 20:00:00+00:00,99.43
2025-08-16 21:00:00+00:00,91.57
2025-08-16 22:00:00+00:00,89.69
2025-08-16 23:00:00+00:00,86.09
2025-08-17 00:00:00+00:00,85.08
2025-08-17 01:00:00+00:00,80.59
2025-08-17 02:00:00+00:00,82.89
2025-08-17 03:00:00+00:00,84.12
2025-08-17 04:00:00+00:00,89.63
2025-08-17 05:00:00+00:00,88.9
2025-08-17 06:00:00+00:00,67.97
2025-08-17 07:00:00+00:00,28.41
2025-08-17 08:00:00+00:00,1.88
2025-08-17 09:00:00+00:00,2.74
2025-08-17 10:00:00+00:00,-0.84
2025-08-17 11:00:00+00:00,-8.62
2025-08-17 12:00:00+00:00,-14.47
2025-08-17 13:00:00+00:00,-6.36
2025-08-17 14:00:00+00:00,4.82
2025-08-17 15:00:00+00:00,43.56
2025-08-17 16:00:00+00:00,100.3
2025-08-17 17:00:00+00:00,119.23
2025-08-17 18:00:00+00:00,129.96
2025-08-17 19:00:00+00:00,120.47
2025-08-17 20:00:00+00:00,114.08
2025-08-17 21:00:00+00:00,104.01
2025-08-17 22:00:00+00:00,104.37
2025-08-17 23:00:00+00:00,91.61
2025-08-18 00:00:00+00:00,93.29
2025-08-18 01:00:00+00:00,92.41
2025-08-18 02:00:00+00:00,93.82
2025-08-18 03:00:00+00:00,118.46
2025-08-18 04:00:00+00:00,145.29
2025-08-18 05:00:00+00:00,146.51
2025-08-18 06:00:00+00:00,105.5
2025-08-18 07:00:00+00:00,77.92
2025-08-18 08:00:00+00:00,44.59
2025-08-18 09:00:00+00:00,26.96
2025-08-18 10:00:00+00:00,7.17
2025-08-18 11:00:00+00:00,-1.23
2025-08-18 12:00:00+00:00,3.65
2025-08-18 13:00:00+00:00,31.3
2025-08-18 14:00:00+00:00,49.21
2025-08-18 15:00:00+00:00,84.37
2025-08-18 16:00:00+00:00,105.35
2025-08-18 17:00:00+00:00,160.69
2025-08-18 18:00:00+00:00,185.86
2025-08-18 19:00:00+00:00,147.72
2025-08-18 20:00:00+00:00,114.42
2025-08-18 21:00:00+00:00,105.93
2025-08-18 22:00:00+00:00,97.23
2025-08-18 23:00:00+00:00,93.41
2025-08-19 00:00:00+00:00,88.88
2025-08-19 01:00:00+00:00,87.98
2025-08-19 02:00:00+00:00,91.76
2025-08-19 03:00:00+00:00,105.83
2025-08-19 04:00:00+00:00,133.03
2025-08-19 05:00:00+00:00,128.84
2025-08-19 06:00:00+00:00,104.54
2025-08-19 07:00:00+00:00,81.94
2025-08-19 08:00:00+00:00,53.19
2025-08-19 09:00:00+00:00,42.85
2025-08-19 10:00:00+00:00,19.69
2025-08-19 11:00:00+00:00,9.83
2025-08-19 12:00:00+00:00,6.31
2025-08-19 13:00:00+00:00,20.48
2025-08-19 14:00:00+00:00,58.4
2025-08-19 15:00:00+00:00,86.56
2025-08-19 16:00:00+00:00,107.37
2025-08-19 17:00:00+00:00,155.04
2025-08-19 18:00:00+00:00,139.58
2025-08-19 19:00:00+00:00,118.44
2025-08-19 20:00:00+00:00,103.25
2025-08-19 21:00:00+00:00,98.23
2025-08-19 22:00:00+00:00,98.8
2025-08-19 23:00:00+00:00,92.35
2025-08-20 00:00:00+00:00,88.18
2025-08-20 01:00:00+00:00,85.84
2025-08-20 02:00:00+00:00,87.77
2025-08-20 03:00:00+00:00,96.97
2025-08-20 04:00:00+00:00,111.05
2025-08-20 05:00:00+00:00,111.61
2025-08-20 06:00:00+00:00,101.33
2025-08-20 07:00:00+00:00,86.64
2025-08-20 08:00:00+00:00,71.18
2025-08-20 09:00:00+00:00,49.43
2025-08-20 10:00:00+00:00,36.09
2025-08-20 11:00:00+00:00,31.44
2025-08-20 12:00:00+00:00,33.09
2025-08-20 13:00:00+00:00,47.73
2025-08-20 14:00:00+00:00,70.0
2025-08-20 15:00:00+00:00,96.28
2025-08-20 16:00:00+00:00,106.94
2025-08-20 17:00:00+00:00,117.04
2025-08-20 18:00:00+00:00,120.67
2025-08-20 19:00:00+00:00,119.08
2025-08-20 20:00:00+00:00,107.47
2025-08-20 21:00:00+00:00,98.01
2025-08-20 22:00:00+00:00,97.34
2025-08-20 23:00:00+00:00,95.47
2025-08-21 00:00:00+00:00,91.47
2025-08-21 01:00:00+00:00,88.41
2025-08-21 02:00:00+00:00,94.12
2025-08-21 03:00:00+00:00,99.44
2025-08-21 04:00:00+00:00,111.3
2025-08-21 05:00:00+00:00,114.79
2025-08-21 06:00:00+00:00,108.21
2025-08-21 07:00:00+00:00,96.79
2025-08-21 08:00:00+00:00,84.46
2025-08-21 09:00:00+00:00,72.43
2025-08-21 10:00:00+00:00,52.41
2025-08-21 11:00:00+00:00,46.6
2025-08-21 12:00:00+00:00,45.4
2025-08-21 13:00:00+00:00,47.72
2025-08-21 14:00:00+00:00,61.05
2025-08-21 15:00:00+00:00,82.0
2025-08-21 16:00:00+00:00,91.63
2025-08-21 17:00:00+00:00,109.45
2025-08-21 18:00:00+00:00,100.89
2025-08-21 19:00:00+00:00,101.77
2025-08-21 20:00:00+00:00,97.65
2025-08-21 21:00:00+00:00,88.36
2025-08-21 22:00:00+00:00,84.66
2025-08-21 23:00:00+00:00,79.49
2025-08-22 00:00:00+00:00,77.58
2025-08-22 01:00:00+00:00,76.76
2025-08-22 02:00:00+00:00,81.27
2025-08-22 03:00:00+00:00,94.44
2025-08-22 04:00:00+00:00,102.09
2025-08-22 05:00:00+00:00,103.38
2025-08-22 06:00:00+00:00,92.69
2025-08-22 07:00:00+00:00,73.21
2025-08-22 08:00:00+00:00,50.9
2025-08-22 09:00:00+00:00,23.15
2025-08-22 10:00:00+00:00,11.54
2025-08-22 11:00:00+00:00,1.81
2025-08-22 12:00:00+00:00,0.69
2025-08-22 13:00:00+00:00,5.83
2025-08-22 14:00:00+00:00,18.99
2025-08-22 15:00:00+00:00,72.04
2025-08-22 16:00:00+00:00,89.19
2025-08-22 17:00:00+00:00,108.8
2025-08-22 18:00:00+00:00,115.89
2025-08-22 19:00:00+00:00,115.61
2025-08-22 20:00:00+00:00,106.05
2025-08-22 21:00:00+00:00,98.14
2025-08-22 22:00:00+00:00,92.0
2025-08-22 23:00:00+00:00,81.98
2025-08-23 00:00:00+00:00,78.18
2025-08-23 01:00:00+00:00,76.1
2025-08-23 02:00:00+00:00,74.11
2025-08-23 03:00:00+00:00,79.67
2025-08-23 04:00:00+00:00,78.55
2025-08-23 05:00:00+00:00,75.22
2025-08-23 06:00:00+00:00,58.06
2025-08-23 07:00:00+00:00,21.84
2025-08-23 08:00:00+00:00,7.5
2025-08-23 09:00:00+00:00,3.09
2025-08-23 10:00:00+00:00,-2.86
2025-08-23 11:00:00+00:00,0.47
2025-08-23 12:00:00+00:00,-3.43
2025-08-23 13:00:00+00:00,0.19
2025-08-23 14:00:00+00:00,13.06
2025-08-23 15:00:00+00:00,36.06
2025-08-23 16:00:00+00:00,89.64
2025-08-23 17:00:00+00:00,112.95
2025-08-23 18:00:00+00:00,118.82
2025-08-23 19:00:00+00:00,111.42
2025-08-23 20:00:00+00:00,107.22
2025-08-23 21:00:00+00:00,96.44
2025-08-23 22:00:00+00:00,100.24
2025-08-23 23:00:00+00:00,96.27
2025-08-24 00:00:00+00:00,94.51
2025-08-24 01:00:00+00:00,92.65
2025-08-24 02:00:00+00:00,92.34
2025-08-24 03:00:00+00:00,90.47
2025-08-24 04:00:00+00:00,88.85
2025-08-24 05:00:00+00:00,88.69
2025-08-24 06:00:00+00:00,69.28
2025-08-24 07:00:00+00:00,26.18
2025-08-24 08:00:00+00:00,1.51
2025-08-24 09:00:00+00:00,6.0
2025-08-24 10:00:00+00:00,3.98
2025-08-24 11:00:00+00:00,3.25
2025-08-24 12:00:00+00:00,1.94
2025-08-24 13:00:00+00:00,1.5
2025-08-24 14:00:00+00:00,1.45
2025-08-24 15:00:00+00:00,53.58
2025-08-24 16:00:00+00:00,101.22
2025-08-24 17:00:00+00:00,113.96
2025-08-24 18:00:00+00:00,120.49
2025-08-24 19:00:00+00:00,113.21
2025-08-24 20:00:00+00:00,106.02
2025-08-24 21:00:00+00:00,93.59
2025-08-24 22:00:00+00:00,91.7
2025-08-24 23:00:00+00:00,88.94
2025-08-25 00:00:00+00:00,87.27
2025-08-25 01:00:00+00:00,88.01
2025-08-25 02:00:00+00:00,87.79
2025-08-25 03:00:00+00:00,94.53
2025-08-25 04:00:00+00:00,113.45
2025-08-25 05:00:00+00:00,128.51
2025-08-25 06:00:00+00:00,110.88
2025-08-25 07:00:00+00:00,84.73
2025-08-25 08:00:00+00:00,30.38
2025-08-25 09:00:00+00:00,19.07
2025-08-25 10:00:00+00:00,4.23
2025-08-25 11:00:00+00:00,-15.54
2025-08-25 12:00:00+00:00,-9.06
2025-08-25 13:00:00+00:00,13.53
2025-08-25 14:00:00+00:00,47.87
2025-08-25 15:00:00+00:00,84.9
2025-08-25 16:00:00+00:00,116.9
2025-08-25 17:00:00+00:00,168.59
2025-08-25 18:00:00+00:00,235.03
2025-08-25 19:00:00+00:00,127.15
2025-08-25 20:00:00+00:00,112.38
2025-08-25 21:00:00+00:00,104.0
2025-08-25 22:00:00+00:00,101.39
2025-08-25 23:00:00+00:00,94.69
2025-08-26 00:00:00+00:00,94.79
2025-08-26 01:00:00+00:00,92.79
2025-08-26 02:00:00+00:00,91.02
2025-08-26 03:00:00+00:00,105.84
2025-08-26 04:00:00+00:00,123.99
2025-08-26 05:00:00+00:00,130.69
2025-08-26 06:00:00+00:00,115.21
2025-08-26 07:00:00+00:00,86.78
2025-08-26 08:00:00+00:00,65.39
2025-08-26 09:00:00+00:00,61.95
2025-08-26 10:00:00+00:00,35.63
2025-08-26 11:00:00+00:00,35.5
2025-08-26 12:00:00+00:00,41.34
2025-08-26 13:00:00+00:00,55.96
2025-08-26 14:00:00+00:00,82.64
2025-08-26 15:00:00+00:00,95.03
2025-08-26 16:00:00+00:00,127.44
2025-08-26 17:00:00+00:00,188.62
2025-08-26 18:00:00+00:00,171.92
2025-08-26 19:00:00+00:00,127.77
2025-08-26 20:00:00+00:00,106.71
2025-08-26 21:00:00+00:00,97.04
2025-08-26 22:00:00+00:00,93.31
2025-08-26 23:00:00+00:00,86.55
2025-08-27 00:00:00+00:00,83.34
2025-08-27 01:00:00+00:00,85.66
2025-08-27 02:00:00+00:00,86.9
2025-08-27 03:00:00+00:00,99.58
2025-08-27 04:00:00+00:00,119.39
2025-08-27 05:00:00+00:00,120.41
2025-08-27 06:00:00+00:00,110.41
2025-08-27 07:00:00+00:00,98.79
2025-08-27 08:00:00+00:00,84.5
2025-08-27 09:00:00+00:00,61.11
2025-08-27 10:00:00+00:00,47.77
2025-08-27 11:00:00+00:00,44.44
2025-08-27 12:00:00+00:00,49.8
2025-08-27 13:00:00+00:00,70.09
2025-08-27 14:00:00+00:00,86.98
2025-08-27 15:00:00+00:00,102.35
2025-08-27 16:00:00+00:00,131.28
2025-08-27 17:00:00+00:00,221.45
2025-08-27 18:00:00+00:00,194.26
2025-08-27 19:00:00+00:00,144.39
2025-08-27 20:00:00+00:00,123.32
2025-08-27 21:00:00+00:00,105.67
2025-08-27 22:00:00+00:00,101.05
2025-08-27 23:00:00+00:00,95.84
2025-08-28 00:00:00+00:00,92.85
2025-08-28 01:00:00+00:00,94.23
2025-08-28 02:00:00+00:00,95.9
2025-08-28 03:00:00+00:00,102.8
2025-08-28 04:00:00+00:00,115.23
2025-08-28 05:00:00+00:00,122.38
2025-08-28 06:00:00+00:00,120.81
2025-08-28 07:00:00+00:00,112.86
2025-08-28 08:00:00+00:00,105.18
2025-08-28 09:00:00+00:00,100.7
2025-08-28 10:00:00+00:00,98.02
2025-08-28 11:00:00+00:00,94.38
2025-08-28 12:00:00+00:00,94.55
2025-08-28 13:00:00+00:00,101.06
2025-08-28 14:00:00+00:00,101.98
2025-08-28 15:00:00+00:00,114.87
2025-08-28 16:00:00+00:00,138.22
2025-08-28 17:00:00+00:00,168.43
2025-08-28 18:00:00+00:00,181.05
2025-08-28 19:00:00+00:00,118.54
2025-08-28 20:00:00+00:00,109.48
2025-08-28 21:00:00+00:00,99.46
2025-08-28 22:00:00+00:00,98.7
2025-08-28 23:00:00+00:00,92.11
2025-08-29 00:00:00+00:00,89.42
2025-08-29 01:00:00+00:00,88.13
2025-08-29 02:00:00+00:00,89.1
2025-08-29 03:00:00+00:00,94.92
2025-08-29 04:00:00+00:00,109.98
2025-08-29 05:00:00+00:00,125.41
2025-08-29 06:00:00+00:00,123.4
2025-08-29 07:00:00+00:00,103.13
2025-08-29 08:00:00+00:00,89.32
2025-08-29 09:00:00+00:00,79.76
2025-08-29 10:00:00+00:00,65.53
2025-08-29 11:00:00+00:00,62.83
2025-08-29 12:00:00+00:00,59.09
2025-08-29 13:00:00+00:00,65.53
2025-08-29 14:00:00+00:00,69.77
2025-08-29 15:00:00+00:00,95.55
2025-08-29 16:00:00+00:00,127.46
2025-08-29 17:00:00+00:00,117.45
2025-08-29 18:00:00+00:00,120.48
2025-08-29 19:00:00+00:00,113.08
2025-08-29 20:00:00+00:00,100.44
2025-08-29 21:00:00+00:00,86.02
2025-08-29 22:00:00+00:00,79.34
2025-08-29 23:00:00+00:00,75.47
2025-08-30 00:00:00+00:00,74.93
2025-08-30 01:00:00+00:00,74.92
2025-08-30 02:00:00+00:00,77.55
2025-08-30 03:00:00+00:00,84.11
2025-08-30 04:00:00+00:00,92.84
2025-08-30 05:00:00+00:00,92.96
2025-08-30 06:00:00+00:00,83.13
2025-08-30 07:00:00+00:00,64.99
2025-08-30 08:00:00+00:00,13.76
2025-08-30 09:00:00+00:00,4.24
2025-08-30 10:00:00+00:00,4.86
2025-08-30 11:00:00+00:00,0.08
2025-08-30 12:00:00+00:00,-0.36
2025-08-30 13:00:00+00:00,5.76
2025-08-30 14:00:00+00:00,17.92
2025-08-30 15:00:00+00:00,81.71
2025-08-30 16:00:00+00:00,117.06
2025-08-30 17:00:00+00:00,122.07
2025-08-30 18:00:00+00:00,134.23
2025-08-30 19:00:00+00:00,119.01
2025-08-30 20:00:00+00:00,106.37
2025-08-30 21:00:00+00:00,96.73
2025-08-30 22:00:00+00:00,95.23
2025-08-30 23:00:00+00:00,85.43
2025-08-31 00:00:00+00:00,81.53
2025-08-31 01:00:00+00:00,72.79
2025-08-31 02:00:00+00:00,74.47
2025-08-31 03:00:00+00:00,75.86
2025-08-31 04:00:00+00:00,77.55
2025-08-31 05:00:00+00:00,70.93
2025-08-31 06:00:00+00:00,30.57
2025-08-31 07:00:00+00:00,4.04
2025-08-31 08:00:00+00:00,-0.96
2025-08-31 09:00:00+00:00,-2.17
2025-08-31 10:00:00+00:00,-12.43
2025-08-31 11:00:00+00:00,-8.28
2025-08-31 12:00:00+00:00,-4.79
2025-08-31 13:00:00+00:00,-0.2
2025-08-31 14:00:00+00:00,27.75
2025-08-31 15:00:00+00:00,93.58
2025-08-31 16:00:00+00:00,106.75
2025-08-31 17:00:00+00:00,140.44
2025-08-31 18:00:00+00:00,122.25
2025-08-31 19:00:00+00:00,110.36
2025-08-31 20:00:00+00:00,95.89
2025-08-31 21:00:00+00:00,88.47
2025-08-31 22:00:00+00:00,83.65
2025-08-31 23:00:00+00:00,75.1
2025-09-01 00:00:00+00:00,73.21
2025-09-01 01:00:00+00:00,70.37
2025-09-01 02:00:00+00:00,73.73
2025-09-01 03:00:00+00:00,87.8
2025-09-01 04:00:00+00:00,113.89
2025-09-01 05:00:00+00:00,132.02
2025-09-01 06:00:00+00:00,116.61
2025-09-01 07:00:00+00:00,100.52
2025-09-01 08:00:00+00:00,92.15
2025-09-01 09:00:00+00:00,80.31
2025-09-01 10:00:00+00:00,68.2
2025-09-01 11:00:00+00:00,60.69
2025-09-01 12:00:00+00:00,60.13
2025-09-01 13:00:00+00:00,80.62
2025-09-01 14:00:00+00:00,91.42
2025-09-01 15:00:00+00:00,101.21
2025-09-01 16:00:00+00:00,139.1
2025-09-01 17:00:00+00:00,161.8
2025-09-01 18:00:00+00:00,178.14
2025-09-01 19:00:00+00:00,135.58
2025-09-01 20:00:00+00:00,108.92
2025-09-01 21:00:00+00:00,96.98
2025-09-01 22:00:00+00:00,97.96
2025-09-01 23:00:00+00:00,94.2
2025-09-02 00:00:00+00:00,92.12
2025-09-02 01:00:00+00:00,92.23
2025-09-02 02:00:00+00:00,92.16
2025-09-02 03:00:00+00:00,98.61
2025-09-02 04:00:00+00:00,131.45
2025-09-02 05:00:00+00:00,154.66
2025-09-02 06:00:00+00:00,140.91
2025-09-02 07:00:00+00:00,111.17
2025-09-02 08:00:00+00:00,97.44
2025-09-02 09:00:00+00:00,91.24
2025-09-02 10:00:00+00:00,86.14
2025-09-02 11:00:00+00:00,77.77
2025-09-02 12:00:00+00:00,76.89
2025-09-02 13:00:00+00:00,76.11
2025-09-02 14:00:00+00:00,87.75
2025-09-02 15:00:00+00:00,103.5
2025-09-02 16:00:00+00:00,148.51
2025-09-02 17:00:00+00:00,364.76
2025-09-02 18:00:00+00:00,249.99
2025-09-02 19:00:00+00:00,124.64
2025-09-02 20:00:00+00:00,102.73
2025-09-02 21:00:00+00:00,94.72
2025-09-02 22:00:00+00:00,88.16
2025-09-02 23:00:00+00:00,77.51
2025-09-03 00:00:00+00:00,69.49
2025-09-03 01:00:00+00:00,61.06
2025-09-03 02:00:00+00:00,57.02
2025-09-03 03:00:00+00:00,68.78
2025-09-03 04:00:00+00:00,87.48
2025-09-03 05:00:00+00:00,94.95
2025-09-03 06:00:00+00:00,78.25
2025-09-03 07:00:00+00:00,50.24
2025-09-03 08:00:00+00:00,9.55
2025-09-03 09:00:00+00:00,-3.53
2025-09-03 10:00:00+00:00,-8.81
2025-09-03 11:00:00+00:00,-9.02
2025-09-03 12:00:00+00:00,-9.92
2025-09-03 13:00:00+00:00,-4.75
2025-09-03 14:00:00+00:00,6.29
2025-09-03 15:00:00+00:00,34.23
2025-09-03 16:00:00+00:00,76.89
2025-09-03 17:00:00+00:00,140.52
2025-09-03 18:00:00+00:00,108.74
2025-09-03 19:00:00+00:00,75.18
2025-09-03 20:00:00+00:00,65.8
2025-09-03 21:00:00+00:00,57.36
2025-09-03 22:00:00+00:00,50.17
2025-09-03 23:00:00+00:00,45.5
2025-09-04 00:00:00+00:00,42.07
2025-09-04 01:00:00+00:00,43.42
2025-09-04 02:00:00+00:00,57.58
2025-09-04 03:00:00+00:00,70.11
2025-09-04 04:00:00+00:00,95.39
2025-09-04 05:00:00+00:00,108.39
2025-09-04 06:00:00+00:00,99.18
2025-09-04 07:00:00+00:00,80.11
2025-09-04 08:00:00+00:00,61.82
2025-09-04 09:00:00+00:00,30.14
2025-09-04 10:00:00+00:00,13.29
2025-09-04 11:00:00+00:00,15.61
2025-09-04 12:00:00+00:00,21.43
2025-09-04 13:00:00+00:00,49.25
2025-09-04 14:00:00+00:00,77.48
2025-09-04 15:00:00+00:00,109.35
2025-09-04 16:00:00+00:00,164.08
2025-09-04 17:00:00+00:00,190.68
2025-09-04 18:00:00+00:00,159.62
2025-09-04 19:00:00+00:00,133.13
2025-09-04 20:00:00+00:00,103.12
2025-09-04 21:00:00+00:00,89.09
2025-09-04 22:00:00+00:00,87.66
2025-09-04 23:00:00+00:00,83.24
2025-09-05 00:00:00+00:00,80.97
2025-09-05 01:00:00+00:00,84.28
2025-09-05 02:00:00+00:00,87.63
2025-09-05 03:00:00+00:00,98.61
2025-09-05 04:00:00+00:00,117.66
2025-09-05 05:00:00+00:00,134.99
2025-09-05 06:00:00+00:00,122.96
2025-09-05 07:00:00+00:00,112.82
2025-09-05 08:00:00+00:00,94.41
2025-09-05 09:00:00+00:00,82.88
2025-09-05 10:00:00+00:00,66.93
2025-09-05 11:00:00+00:00,57.43
2025-09-05 12:00:00+00:00,60.35
2025-09-05 13:00:00+00:00,69.36
2025-09-05 14:00:00+00:00,81.76
2025-09-05 15:00:00+00:00,94.91
2025-09-05 16:00:00+00:00,127.85
2025-09-05 17:00:00+00:00,244.93
2025-09-05 18:00:00+00:00,163.95
2025-09-05 19:00:00+00:00,121.24
2025-09-05 20:00:00+00:00,106.88
2025-09-05 21:00:00+00:00,98.67
2025-09-05 22:00:00+00:00,100.42
2025-09-05 23:00:00+00:00,95.51
2025-09-06 00:00:00+00:00,94.59
2025-09-06 01:00:00+00:00,95.77
2025-09-06 02:00:00+00:00,97.14
2025-09-06 03:00:00+00:00,112.21
2025-09-06 04:00:00+00:00,126.05
2025-09-06 05:00:00+00:00,124.08
2025-09-06 06:00:00+00:00,108.22
2025-09-06 07:00:00+00:00,77.5
2025-09-06 08:00:00+00:00,9.73
2025-09-06 09:00:00+00:00,5.37
2025-09-06 10:00:00+00:00,-4.95
2025-09-06 11:00:00+00:00,-0.84
2025-09-06 12:00:00+00:00,1.2
2025-09-06 13:00:00+00:00,14.32
2025-09-06 14:00:00+00:00,52.9
2025-09-06 15:00:00+00:00,96.21
2025-09-06 16:00:00+00:00,109.31
2025-09-06 17:00:00+00:00,122.48
2025-09-06 18:00:00+00:00,118.9
2025-09-06 19:00:00+00:00,110.17
2025-09-06 20:00:00+00:00,104.19
2025-09-06 21:00:00+00:00,92.08
2025-09-06 22:00:00+00:00,89.63
2025-09-06 23:00:00+00:00,84.92
2025-09-07 00:00:00+00:00,80.34
2025-09-07 01:00:00+00:00,80.71
2025-09-07 02:00:00+00:00,80.1
2025-09-07 03:00:00+00:00,76.31
2025-09-07 04:00:00+00:00,76.33
2025-09-07 05:00:00+00:00,65.77
2025-09-07 06:00:00+00:00,33.97
2025-09-07 07:00:00+00:00,5.16
2025-09-07 08:00:00+00:00,-4.14
2025-09-07 09:00:00+00:00,-35.09
2025-09-07 10:00:00+00:00,-48.54
2025-09-07 11:00:00+00:00,-53.64
2025-09-07 12:00:00+00:00,-49.79
2025-09-07 13:00:00+00:00,-21.52
2025-09-07 14:00:00+00:00,-8.17
2025-09-07 15:00:00+00:00,28.42
2025-09-07 16:00:00+00:00,79.12
2025-09-07 17:00:00+00:00,93.33
2025-09-07 18:00:00+00:00,92.1
2025-09-07 19:00:00+00:00,80.5
2025-09-07 20:00:00+00:00,61.89
2025-09-07 21:00:00+00:00,56.56
2025-09-07 22:00:00+00:00,69.91
2025-09-07 23:00:00+00:00,71.58
2025-09-08 00:00:00+00:00,74.19
2025-09-08 01:00:00+00:00,79.26
2025-09-08 02:00:00+00:00,81.08
2025-09-08 03:00:00+00:00,87.75
2025-09-08 04:00:00+00:00,111.76
2025-09-08 05:00:00+00:00,121.97
2025-09-08 06:00:00+00:00,119.19
2025-09-08 07:00:00+00:00,92.37
2025-09-08 08:00:00+00:00,69.05
2025-09-08 09:00:00+00:00,53.71
2025-09-08 10:00:00+00:00,30.95
2025-09-08 11:00:00+00:00,37.25
2025-09-08 12:00:00+00:00,41.52
2025-09-08 13:00:00+00:00,57.05
2025-09-08 14:00:00+00:00,77.3
2025-09-08 15:00:00+00:00,112.85
2025-09-08 16:00:00+00:00,156.19
2025-09-08 17:00:00+00:00,248.25
2025-09-08 18:00:00+00:00,214.31
2025-09-08 19:00:00+00:00,117.4
2025-09-08 20:00:00+00:00,112.88
2025-09-08 21:00:00+00:00,106.07
2025-09-08 22:00:00+00:00,104.21
2025-09-08 23:00:00+00:00,101.73
2025-09-09 00:00:00+00:00,100.8
2025-09-09 01:00:00+00:00,101.76
2025-09-09 02:00:00+00:00,103.62
2025-09-09 03:00:00+00:00,113.13
2025-09-09 04:00:00+00:00,148.81
2025-09-09 05:00:00+00:00,180.29
2025-09-09 06:00:00+00:00,169.59
2025-09-09 07:00:00+00:00,118.83
2025-09-09 08:00:00+00:00,103.49
2025-09-09 09:00:00+00:00,96.69
2025-09-09 10:00:00+00:00,88.38
2025-09-09 11:00:00+00:00,83.9
2025-09-09 12:00:00+00:00,85.15
2025-09-09 13:00:00+00:00,91.69
2025-09-09 14:00:00+00:00,98.77
2025-09-09 15:00:00+00:00,119.98
2025-09-09 16:00:00+00:00,158.72
2025-09-09 17:00:00+00:00,256.73
2025-09-09 18:00:00+00:00,273.22
2025-09-09 19:00:00+00:00,124.19
2025-09-09 20:00:00+00:00,118.08
2025-09-09 21:00:00+00:00,108.29
2025-09-09 22:00:00+00:00,104.92
2025-09-09 23:00:00+00:00,101.05
2025-09-10 00:00:00+00:00,102.2
2025-09-10 01:00:00+00:00,100.74
2025-09-10 02:00:00+00:00,102.52
2025-09-10 03:00:00+00:00,113.71
2025-09-10 04:00:00+00:00,178.36
2025-09-10 05:00:00+00:00,336.55
2025-09-10 06:00:00+00:00,228.47
2025-09-10 07:00:00+00:00,123.34
2025-09-10 08:00:00+00:00,106.99
2025-09-10 09:00:00+00:00,103.01
2025-09-10 10:00:00+00:00,93.86
2025-09-10 11:00:00+00:00,84.94
2025-09-10 12:00:00+00:00,87.28
2025-09-10 13:00:00+00:00,97.91
2025-09-10 14:00:00+00:00,105.78
2025-09-10 15:00:00+00:00,127.45
2025-09-10 16:00:00+00:00,237.67
2025-09-10 17:00:00+00:00,326.09
2025-09-10 18:00:00+00:00,212.58
2025-09-10 19:00:00+00:00,129.71
2025-09-10 20:00:00+00:00,113.87
2025-09-10 21:00:00+00:00,105.62
2025-09-10 22:00:00+00:00,92.14
2025-09-10 23:00:00+00:00,85.36
2025-09-11 00:00:00+00:00,80.29
2025-09-11 01:00:00+00:00,76.6
2025-09-11 02:00:00+00:00,78.45
2025-09-11 03:00:00+00:00,86.21
2025-09-11 04:00:00+00:00,96.81
2025-09-11 05:00:00+00:00,110.38
2025-09-11 06:00:00+00:00,114.81
2025-09-11 07:00:00+00:00,82.31
2025-09-11 08:00:00+00:00,57.61
2025-09-11 09:00:00+00:00,18.92
2025-09-11 10:00:00+00:00,6.2
2025-09-11 11:00:00+00:00,0.03
2025-09-11 12:00:00+00:00,1.27
2025-09-11 13:00:00+00:00,8.64
2025-09-11 14:00:00+00:00,22.34
2025-09-11 15:00:00+00:00,74.91
2025-09-11 16:00:00+00:00,114.83
2025-09-11 17:00:00+00:00,111.53
2025-09-11 18:00:00+00:00,117.62
2025-09-11 19:00:00+00:00,93.4
2025-09-11 20:00:00+00:00,85.57
2025-09-11 21:00:00+00:00,63.25
2025-09-11 22:00:00+00:00,40.37
2025-09-11 23:00:00+00:00,32.31
2025-09-12 00:00:00+00:00,30.85
2025-09-12 01:00:00+00:00,27.33
2025-09-12 02:00:00+00:00,29.4
2025-09-12 03:00:00+00:00,51.6
2025-09-12 04:00:00+00:00,83.06
2025-09-12 05:00:00+00:00,100.66
2025-09-12 06:00:00+00:00,92.4
2025-09-12 07:00:00+00:00,51.61
2025-09-12 08:00:00+00:00,13.73
2025-09-12 09:00:00+00:00,9.59
2025-09-12 10:00:00+00:00,2.59
2025-09-12 11:00:00+00:00,-0.24
2025-09-12 12:00:00+00:00,-0.53
2025-09-12 13:00:00+00:00,8.36
2025-09-12 14:00:00+00:00,22.68
2025-09-12 15:00:00+00:00,67.92
2025-09-12 16:00:00+00:00,123.81
2025-09-12 17:00:00+00:00,157.41
2025-09-12 18:00:00+00:00,143.3
2025-09-12 19:00:00+00:00,119.28
2025-09-12 20:00:00+00:00,100.8
2025-09-12 21:00:00+00:00,90.2
2025-09-12 22:00:00+00:00,68.41
2025-09-12 23:00:00+00:00,64.63
2025-09-13 00:00:00+00:00,60.89
2025-09-13 01:00:00+00:00,57.96
2025-09-13 02:00:00+00:00,66.31
2025-09-13 03:00:00+00:00,69.82
2025-09-13 04:00:00+00:00,80.08
2025-09-13 05:00:00+00:00,75.69
2025-09-13 06:00:00+00:00,72.59
2025-09-13 07:00:00+00:00,38.13
2025-09-13 08:00:00+00:00,10.1
2025-09-13 09:00:00+00:00,12.41
2025-09-13 10:00:00+00:00,-6.05
2025-09-13 11:00:00+00:00,-11.6
2025-09-13 12:00:00+00:00,-13.68
2025-09-13 13:00:00+00:00,-4.96
2025-09-13 14:00:00+00:00,9.44
2025-09-13 15:00:00+00:00,58.56
2025-09-13 16:00:00+00:00,108.3
2025-09-13 17:00:00+00:00,140.71
2025-09-13 18:00:00+00:00,119.47
2025-09-13 19:00:00+00:00,109.13
2025-09-13 20:00:00+00:00,96.8
2025-09-13 21:00:00+00:00,90.83
2025-09-13 22:00:00+00:00,90.24
2025-09-13 23:00:00+00:00,85.49
2025-09-14 00:00:00+00:00,82.96
2025-09-14 01:00:00+00:00,83.98
2025-09-14 02:00:00+00:00,85.28
2025-09-14 03:00:00+00:00,89.23
2025-09-14 04:00:00+00:00,88.59
2025-09-14 05:00:00+00:00,94.66
2025-09-14 06:00:00+00:00,89.72
2025-09-14 07:00:00+00:00,69.41
2025-09-14 08:00:00+00:00,42.38
2025-09-14 09:00:00+00:00,18.78
2025-09-14 10:00:00+00:00,9.06
2025-09-14 11:00:00+00:00,1.03
2025-09-14 12:00:00+00:00,-3.6
2025-09-14 13:00:00+00:00,-0.97
2025-09-14 14:00:00+00:00,8.92
2025-09-14 15:00:00+00:00,80.08
2025-09-14 16:00:00+00:00,111.35
2025-09-14 17:00:00+00:00,138.02
2025-09-14 18:00:00+00:00,129.82
2025-09-14 19:00:00+00:00,109.29
2025-09-14 20:00:00+00:00,90.78
2025-09-14 21:00:00+00:00,65.63
2025-09-14 22:00:00+00:00,38.12
2025-09-14 23:00:00+00:00,18.53
2025-09-15 00:00:00+00:00,11.23
2025-09-15 01:00:00+00:00,3.4
2025-09-15 02:00:00+00:00,4.56
2025-09-15 03:00:00+00:00,15.69
2025-09-15 04:00:00+00:00,18.8
2025-09-15 05:00:00+00:00,44.48
2025-09-15 06:00:00+00:00,42.67
2025-09-15 07:00:00+00:00,15.04
2025-09-15 08:00:00+00:00,4.99
2025-09-15 09:00:00+00:00,-1.2
2025-09-15 10:00:00+00:00,2.05
2025-09-15 11:00:00+00:00,-2.28
2025-09-15 12:00:00+00:00,-3.46
2025-09-15 13:00:00+00:00,-4.79
2025-09-15 14:00:00+00:00,-4.13
2025-09-15 15:00:00+00:00,14.86
2025-09-15 16:00:00+00:00,53.15
2025-09-15 17:00:00+00:00,67.97
2025-09-15 18:00:00+00:00,65.41
2025-09-15 19:00:00+00:00,36.04
2025-09-15 20:00:00+00:00,32.56
2025-09-15 21:00:00+00:00,18.08
2025-09-15 22:00:00+00:00,8.64
2025-09-15 23:00:00+00:00,9.54
2025-09-16 00:00:00+00:00,2.51
2025-09-16 01:00:00+00:00,8.73
2025-09-16 02:00:00+00:00,15.08
2025-09-16 03:00:00+00:00,27.06
2025-09-16 04:00:00+00:00,38.24
2025-09-16 05:00:00+00:00,57.08
2025-09-16 06:00:00+00:00,54.88
2025-09-16 07:00:00+00:00,37.55
2025-09-16 08:00:00+00:00,11.11
2025-09-16 09:00:00+00:00,5.49
2025-09-16 10:00:00+00:00,4.43
2025-09-16 11:00:00+00:00,1.09
2025-09-16 12:00:00+00:00,-0.92
2025-09-16 13:00:00+00:00,2.38
2025-09-16 14:00:00+00:00,3.37
2025-09-16 15:00:00+00:00,22.27
2025-09-16 16:00:00+00:00,57.89
2025-09-16 17:00:00+00:00,82.32
2025-09-16 18:00:00+00:00,78.97
2025-09-16 19:00:00+00:00,73.31
2025-09-16 20:00:00+00:00,62.56
2025-09-16 21:00:00+00:00,51.34
2025-09-16 22:00:00+00:00,36.18
2025-09-16 23:00:00+00:00,28.92
2025-09-17 00:00:00+00:00,32.73
2025-09-17 01:00:00+00:00,29.88
2025-09-17 02:00:00+00:00,32.45
2025-09-17 03:00:00+00:00,41.65
2025-09-17 04:00:00+00:00,82.71
2025-09-17 05:00:00+00:00,103.39
2025-09-17 06:00:00+00:00,96.85
2025-09-17 07:00:00+00:00,47.58
2025-09-17 08:00:00+00:00,29.25
2025-09-17 09:00:00+00:00,18.68
2025-09-17 10:00:00+00:00,19.71
2025-09-17 11:00:00+00:00,18.3
2025-09-17 12:00:00+00:00,10.39
2025-09-17 13:00:00+00:00,19.78
2025-09-17 14:00:00+00:00,39.43
2025-09-17 15:00:00+00:00,102.58
2025-09-17 16:00:00+00:00,125.85
2025-09-17 17:00:00+00:00,137.73
2025-09-17 18:00:00+00:00,132.74
2025-09-17 19:00:00+00:00,107.65
2025-09-17 20:00:00+00:00,84.4
2025-09-17 21:00:00+00:00,63.85
2025-09-17 22:00:00+00:00,42.84
2025-09-17 23:00:00+00:00,35.42
2025-09-18 00:00:00+00:00,31.12
2025-09-18 01:00:00+00:00,31.03
2025-09-18 02:00:00+00:00,34.31
2025-09-18 03:00:00+00:00,40.56
2025-09-18 04:00:00+00:00,77.63
2025-09-18 05:00:00+00:00,105.17
2025-09-18 06:00:00+00:00,93.42
2025-09-18 07:00:00+00:00,64.66
2025-09-18 08:00:00+00:00,44.18
2025-09-18 09:00:00+00:00,16.05
2025-09-18 10:00:00+00:00,-1.15
2025-09-18 11:00:00+00:00,-5.57
2025-09-18 12:00:00+00:00,-6.45
2025-09-18 13:00:00+00:00,2.49
2025-09-18 14:00:00+00:00,29.78
2025-09-18 15:00:00+00:00,78.29
2025-09-18 16:00:00+00:00,102.07
2025-09-18 17:00:00+00:00,116.41
2025-09-18 18:00:00+00:00,112.48
2025-09-18 19:00:00+00:00,95.7
2025-09-18 20:00:00+00:00,83.72
2025-09-18 21:00:00+00:00,74.87
2025-09-18 22:00:00+00:00,46.99
2025-09-18 23:00:00+00:00,46.0
2025-09-19 00:00:00+00:00,47.63
2025-09-19 01:00:00+00:00,53.41
2025-09-19 02:00:00+00:00,58.8
2025-09-19 03:00:00+00:00,84.41
2025-09-19 04:00:00+00:00,104.7
2025-09-19 05:00:00+00:00,124.11
2025-09-19 06:00:00+00:00,115.37
2025-09-19 07:00:00+00:00,85.27
2025-09-19 08:00:00+00:00,43.9
2025-09-19 09:00:00+00:00,13.75
2025-09-19 10:00:00+00:00,13.94
2025-09-19 11:00:00+00:00,9.08
2025-09-19 12:00:00+00:00,5.78
2025-09-19 13:00:00+00:00,21.25
2025-09-19 14:00:00+00:00,60.62
2025-09-19 15:00:00+00:00,102.25
2025-09-19 16:00:00+00:00,138.73
2025-09-19 17:00:00+00:00,168.83
2025-09-19 18:00:00+00:00,139.08
2025-09-19 19:00:00+00:00,118.56
2025-09-19 20:00:00+00:00,102.97
2025-09-19 21:00:00+00:00,88.38
2025-09-19 22:00:00+00:00,70.85
2025-09-19 23:00:00+00:00,65.57
2025-09-20 00:00:00+00:00,60.86
2025-09-20 01:00:00+00:00,56.16
2025-09-20 02:00:00+00:00,54.31
2025-09-20 03:00:00+00:00,58.24
2025-09-20 04:00:00+00:00,72.02
2025-09-20 05:00:00+00:00,84.83
2025-09-20 06:00:00+00:00,38.73
2025-09-20 07:00:00+00:00,14.95
2025-09-20 08:00:00+00:00,4.53
2025-09-20 09:00:00+00:00,2.17
2025-09-20 10:00:00+00:00,-8.77
2025-09-20 11:00:00+00:00,-14.39
2025-09-20 12:00:00+00:00,-3.67
2025-09-20 13:00:00+00:00,-2.93
2025-09-20 14:00:00+00:00,2.24
2025-09-20 15:00:00+00:00,75.82
2025-09-20 16:00:00+00:00,114.49
2025-09-20 17:00:00+00:00,148.99
2025-09-20 18:00:00+00:00,100.14
2025-09-20 19:00:00+00:00,91.91
2025-09-20 20:00:00+00:00,76.39
2025-09-20 21:00:00+00:00,69.79
2025-09-20 22:00:00+00:00,51.21
2025-09-20 23:00:00+00:00,44.67
2025-09-21 00:00:00+00:00,36.92
2025-09-21 01:00:00+00:00,34.21
2025-09-21 02:00:00+00:00,35.38
2025-09-21 03:00:00+00:00,36.62
2025-09-21 04:00:00+00:00,28.26
2025-09-21 05:00:00+00:00,23.17
2025-09-21 06:00:00+00:00,20.4
2025-09-21 07:00:00+00:00,9.09
2025-09-21 08:00:00+00:00,-3.88
2025-09-21 09:00:00+00:00,-18.99
2025-09-21 10:00:00+00:00,-33.77
2025-09-21 11:00:00+00:00,-34.49
2025-09-21 12:00:00+00:00,-28.26
2025-09-21 13:00:00+00:00,-9.03
2025-09-21 14:00:00+00:00,5.48
2025-09-21 15:00:00+00:00,65.56
2025-09-21 16:00:00+00:00,109.11
2025-09-21 17:00:00+00:00,109.59
2025-09-21 18:00:00+00:00,108.87
2025-09-21 19:00:00+00:00,96.72
2025-09-21 20:00:00+00:00,91.16
2025-09-21 21:00:00+00:00,73.67
2025-09-21 22:00:00+00:00,69.27
2025-09-21 23:00:00+00:00,66.03
2025-09-22 00:00:00+00:00,63.62
2025-09-22 01:00:00+00:00,63.57
2025-09-22 02:00:00+00:00,63.2
2025-09-22 03:00:00+00:00,72.69
2025-09-22 04:00:00+00:00,87.52
2025-09-22 05:00:00+00:00,104.96
2025-09-22 06:00:00+00:00,107.53
2025-09-22 07:00:00+00:00,103.72
2025-09-22 08:00:00+00:00,95.48
2025-09-22 09:00:00+00:00,84.79
2025-09-22 10:00:00+00:00,72.91
2025-09-22 11:00:00+00:00,67.73
2025-09-22 12:00:00+00:00,67.84
2025-09-22 13:00:00+00:00,76.67
2025-09-22 14:00:00+00:00,89.73
2025-09-22 15:00:00+00:00,110.49
2025-09-22 16:00:00+00:00,156.51
2025-09-22 17:00:00+00:00,168.97
2025-09-22 18:00:00+00:00,131.56
2025-09-22 19:00:00+00:00,105.51
2025-09-22 20:00:00+00:00,102.75
2025-09-22 21:00:00+00:00,93.42
2025-09-22 22:00:00+00:00,86.88
2025-09-22 23:00:00+00:00,82.71
2025-09-23 00:00:00+00:00,81.45
2025-09-23 01:00:00+00:00,81.82
2025-09-23 02:00:00+00:00,81.61
2025-09-23 03:00:00+00:00,87.49
2025-09-23 04:00:00+00:00,115.58
2025-09-23 05:00:00+00:00,131.41
2025-09-23 06:00:00+00:00,112.88
2025-09-23 07:00:00+00:00,95.64
2025-09-23 08:00:00+00:00,84.23
2025-09-23 09:00:00+00:00,78.6
2025-09-23 10:00:00+00:00,78.45
2025-09-23 11:00:00+00:00,73.03
2025-09-23 12:00:00+00:00,74.24
2025-09-23 13:00:00+00:00,69.2
2025-09-23 14:00:00+00:00,76.8
2025-09-23 15:00:00+00:00,99.63
2025-09-23 16:00:00+00:00,140.77
2025-09-23 17:00:00+00:00,132.92
2025-09-23 18:00:00+00:00,115.16
2025-09-23 19:00:00+00:00,101.32
2025-09-23 20:00:00+00:00,88.33
2025-09-23 21:00:00+00:00,83.92
2025-09-23 22:00:00+00:00,72.73
2025-09-23 23:00:00+00:00,72.6
2025-09-24 00:00:00+00:00,72.02
2025-09-24 01:00:00+00:00,71.95
2025-09-24 02:00:00+00:00,73.33
2025-09-24 03:00:00+00:00,77.17
2025-09-24 04:00:00+00:00,94.64
2025-09-24 05:00:00+00:00,115.04
2025-09-24 06:00:00+00:00,114.27
2025-09-24 07:00:00+00:00,96.62
2025-09-24 08:00:00+00:00,70.59
2025-09-24 09:00:00+00:00,44.24
2025-09-24 10:00:00+00:00,22.16
2025-09-24 11:00:00+00:00,11.31
2025-09-24 12:00:00+00:00,9.97
2025-09-24 13:00:00+00:00,18.54
2025-09-24 14:00:00+00:00,37.6
2025-09-24 15:00:00+00:00,75.78
2025-09-24 16:00:00+00:00,94.83
2025-09-24 17:00:00+00:00,100.81
2025-09-24 18:00:00+00:00,80.21
2025-09-24 19:00:00+00:00,55.32
2025-09-24 20:00:00+00:00,43.74
2025-09-24 21:00:00+00:00,37.22
2025-09-24 22:00:00+00:00,34.7
2025-09-24 23:00:00+00:00,34.13
2025-09-25 00:00:00+00:00,30.36
2025-09-25 01:00:00+00:00,27.8
2025-09-25 02:00:00+00:00,31.27
2025-09-25 03:00:00+00:00,40.38
2025-09-25 04:00:00+00:00,83.28
2025-09-25 05:00:00+00:00,102.53
2025-09-25 06:00:00+00:00,101.62
2025-09-25 07:00:00+00:00,85.68
2025-09-25 08:00:00+00:00,64.03
2025-09-25 09:00:00+00:00,33.72
2025-09-25 10:00:00+00:00,14.92
2025-09-25 11:00:00+00:00,7.16
2025-09-25 12:00:00+00:00,14.97
2025-09-25 13:00:00+00:00,30.15
2025-09-25 14:00:00+00:00,53.83
2025-09-25 15:00:00+00:00,79.79
2025-09-25 16:00:00+00:00,95.01
2025-09-25 17:00:00+00:00,117.0
2025-09-25 18:00:00+00:00,109.24
2025-09-25 19:00:00+00:00,88.26
2025-09-25 20:00:00+00:00,80.05
2025-09-25 21:00:00+00:00,72.18
2025-09-25 22:00:00+00:00,62.56
2025-09-25 23:00:00+00:00,66.84
2025-09-26 00:00:00+00:00,71.02
2025-09-26 01:00:00+00:00,72.15
2025-09-26 02:00:00+00:00,77.95
2025-09-26 03:00:00+00:00,82.27
2025-09-26 04:00:00+00:00,111.33
2025-09-26 05:00:00+00:00,140.56
2025-09-26 06:00:00+00:00,138.37
2025-09-26 07:00:00+00:00,100.76
2025-09-26 08:00:00+00:00,87.01
2025-09-26 09:00:00+00:00,78.71
2025-09-26 10:00:00+00:00,61.09
2025-09-26 11:00:00+00:00,47.63
2025-09-26 12:00:00+00:00,57.24
2025-09-26 13:00:00+00:00,69.71
2025-09-26 14:00:00+00:00,83.04
2025-09-26 15:00:00+00:00,107.71
2025-09-26 16:00:00+00:00,151.12
2025-09-26 17:00:00+00:00,146.55
2025-09-26 18:00:00+00:00,136.22
2025-09-26 19:00:00+00:00,101.88
2025-09-26 20:00:00+00:00,93.25
2025-09-26 21:00:00+00:00,86.36
2025-09-26 22:00:00+00:00,83.81
2025-09-26 23:00:00+00:00,83.3
2025-09-27 00:00:00+00:00,82.51
2025-09-27 01:00:00+00:00,82.47
2025-09-27 02:00:00+00:00,83.01
2025-09-27 03:00:00+00:00,83.38
2025-09-27 04:00:00+00:00,94.43
2025-09-27 05:00:00+00:00,97.03
2025-09-27 06:00:00+00:00,94.43
2025-09-27 07:00:00+00:00,87.81
2025-09-27 08:00:00+00:00,57.47
2025-09-27 09:00:00+00:00,36.1
2025-09-27 10:00:00+00:00,33.2
2025-09-27 11:00:00+00:00,34.18
2025-09-27 12:00:00+00:00,36.02
2025-09-27 13:00:00+00:00,52.44
2025-09-27 14:00:00+00:00,84.12
2025-09-27 15:00:00+00:00,111.75
2025-09-27 16:00:00+00:00,131.59
2025-09-27 17:00:00+00:00,132.55
2025-09-27 18:00:00+00:00,115.9
2025-09-27 19:00:00+00:00,105.85
2025-09-27 20:00:00+00:00,100.67
2025-09-27 21:00:00+00:00,92.08
2025-09-27 22:00:00+00:00,95.84
2025-09-27 23:00:00+00:00,92.85
2025-09-28 00:00:00+00:00,92.25
2025-09-28 01:00:00+00:00,92.87
2025-09-28 02:00:00+00:00,90.51
2025-09-28 03:00:00+00:00,93.81
2025-09-28 04:00:00+00:00,92.96
2025-09-28 05:00:00+00:00,105.67
2025-09-28 06:00:00+00:00,101.38
2025-09-28 07:00:00+00:00,93.38
2025-09-28 08:00:00+00:00,64.05
2025-09-28 09:00:00+00:00,25.95
2025-09-28 10:00:00+00:00,4.14
2025-09-28 11:00:00+00:00,-3.64
2025-09-28 12:00:00+00:00,1.48
2025-09-28 13:00:00+00:00,32.87
2025-09-28 14:00:00+00:00,78.63
2025-09-28 15:00:00+00:00,105.1
2025-09-28 16:00:00+00:00,144.07
2025-09-28 17:00:00+00:00,147.42
2025-09-28 18:00:00+00:00,121.48
2025-09-28 19:00:00+00:00,106.96
2025-09-28 20:00:00+00:00,103.79
2025-09-28 21:00:00+00:00,94.89
2025-09-28 22:00:00+00:00,91.68
2025-09-28 23:00:00+00:00,91.94
2025-09-29 00:00:00+00:00,89.1
2025-09-29 01:00:00+00:00,86.3
2025-09-29 02:00:00+00:00,91.99
2025-09-29 03:00:00+00:00,99.05
2025-09-29 04:00:00+00:00,116.37
2025-09-29 05:00:00+00:00,152.52
2025-09-29 06:00:00+00:00,137.68
2025-09-29 07:00:00+00:00,112.17
2025-09-29 08:00:00+00:00,94.47
2025-09-29 09:00:00+00:00,84.64
2025-09-29 10:00:00+00:00,75.48
2025-09-29 11:00:00+00:00,72.93
2025-09-29 12:00:00+00:00,76.2
2025-09-29 13:00:00+00:00,87.61
2025-09-29 14:00:00+00:00,104.53
2025-09-29 15:00:00+00:00,134.88
2025-09-29 16:00:00+00:00,210.49
2025-09-29 17:00:00+00:00,232.8
2025-09-29 18:00:00+00:00,142.13
2025-09-29 19:00:00+00:00,118.4
2025-09-29 20:00:00+00:00,107.87
2025-09-29 21:00:00+00:00,97.05
2025-09-29 22:00:00+00:00,96.32
2025-09-29 23:00:00+00:00,94.23
2025-09-30 00:00:00+00:00,89.15
2025-09-30 01:00:00+00:00,89.47
2025-09-30 02:00:00+00:00,90.03
2025-09-30 03:00:00+00:00,97.07
2025-09-30 04:00:00+00:00,133.19
2025-09-30 05:00:00+00:00,187.7
2025-09-30 06:00:00+00:00,174.43
2025-09-30 07:00:00+00:00,130.92
2025-09-30 08:00:00+00:00,99.57
2025-09-30 09:00:00+00:00,96.16
2025-09-30 10:00:00+00:00,84.71
2025-09-30 11:00:00+00:00,81.97
2025-09-30 12:00:00+00:00,90.07
2025-09-30 13:00:00+00:00,95.0
2025-09-30 14:00:00+00:00,105.45
2025-09-30 15:00:00+00:00,152.89
2025-09-30 16:00:00+00:00,261.26
2025-09-30 17:00:00+00:00,241.62
2025-09-30 18:00:00+00:00,134.56
2025-09-30 19:00:00+00:00,120.7
2025-09-30 20:00:00+00:00,108.38
2025-09-30 21:00:00+00:00,95.41
2025-09-30 22:00:00+00:00,98.6
2025-09-30 23:00:00+00:00,95.66
2025-10-01 00:00:00+00:00,94.31
2025-10-01 01:00:00+00:00,91.2
2025-10-01 02:00:00+00:00,92.53
2025-10-01 03:00:00+00:00,101.21
2025-10-01 04:00:00+00:00,119.63
2025-10-01 05:00:00+00:00,140.57
2025-10-01 06:00:00+00:00,137.49
2025-10-01 07:00:00+00:00,112.18
2025-10-01 08:00:00+00:00,95.52
2025-10-01 09:00:00+00:00,64.64
2025-10-01 10:00:00+00:00,46.67
2025-10-01 11:00:00+00:00,57.85
2025-10-01 12:00:00+00:00,71.1
2025-10-01 13:00:00+00:00,87.83
2025-10-01 14:00:00+00:00,102.58
2025-10-01 15:00:00+00:00,136.28
2025-10-01 16:00:00+00:00,279.62
2025-10-01 17:00:00+00:00,295.9
2025-10-01 18:00:00+00:00,165.6
2025-10-01 19:00:00+00:00,122.51
2025-10-01 20:00:00+00:00,103.61
2025-10-01 21:00:00+00:00,93.3
2025-10-01 22:00:00+00:00,92.36
2025-10-01 23:00:00+00:00,88.21
2025-10-02 00:00:00+00:00,86.31
2025-10-02 01:00:00+00:00,89.74
2025-10-02 02:00:00+00:00,88.8
2025-10-02 03:00:00+00:00,94.71
2025-10-02 04:00:00+00:00,125.6
2025-10-02 05:00:00+00:00,147.72
2025-10-02 06:00:00+00:00,130.45
2025-10-02 07:00:00+00:00,99.65
2025-10-02 08:00:00+00:00,71.48
2025-10-02 09:00:00+00:00,45.27
2025-10-02 10:00:00+00:00,23.23
2025-10-02 11:00:00+00:00,28.19
2025-10-02 12:00:00+00:00,48.94
2025-10-02 13:00:00+00:00,58.24
2025-10-02 14:00:00+00:00,80.57
2025-10-02 15:00:00+00:00,119.59
2025-10-02 16:00:00+00:00,140.86
2025-10-02 17:00:00+00:00,191.74
2025-10-02 18:00:00+00:00,125.59
2025-10-02 19:00:00+00:00,102.73
2025-10-02 20:00:00+00:00,90.54
2025-10-02 21:00:00+00:00,80.74
2025-10-02 22:00:00+00:00,74.67
2025-10-02 23:00:00+00:00,72.03
2025-10-03 00:00:00+00:00,70.05
2025-10-03 01:00:00+00:00,71.19
2025-10-03 02:00:00+00:00,68.82
2025-10-03 03:00:00+00:00,72.03
2025-10-03 04:00:00+00:00,85.81
2025-10-03 05:00:00+00:00,100.61
2025-10-03 06:00:00+00:00,74.48
2025-10-03 07:00:00+00:00,36.13
2025-10-03 08:00:00+00:00,15.9
2025-10-03 09:00:00+00:00,-8.85
2025-10-03 10:00:00+00:00,-27.77
2025-10-03 11:00:00+00:00,-25.56
2025-10-03 12:00:00+00:00,-10.36
2025-10-03 13:00:00+00:00,-0.99
2025-10-03 14:00:00+00:00,27.51
2025-10-03 15:00:00+00:00,61.9
2025-10-03 16:00:00+00:00,93.19
2025-10-03 17:00:00+00:00,91.44
2025-10-03 18:00:00+00:00,67.85
2025-10-03 19:00:00+00:00,45.05
2025-10-03 20:00:00+00:00,39.2
2025-10-03 21:00:00+00:00,22.0
2025-10-03 22:00:00+00:00,28.82
2025-10-03 23:00:00+00:00,29.28
2025-10-04 00:00:00+00:00,23.84
2025-10-04 01:00:00+00:00,9.15
2025-10-04 02:00:00+00:00,7.47
2025-10-04 03:00:00+00:00,2.39
2025-10-04 04:00:00+00:00,4.52
2025-10-04 05:00:00+00:00,12.38
2025-10-04 06:00:00+00:00,27.33
2025-10-04 07:00:00+00:00,7.7
2025-10-04 08:00:00+00:00,7.87
2025-10-04 09:00:00+00:00,7.84
2025-10-04 10:00:00+00:00,6.74
2025-10-04 11:00:00+00:00,0.15
2025-10-04 12:00:00+00:00,-1.66
2025-10-04 13:00:00+00:00,-1.25
2025-10-04 14:00:00+00:00,2.73
2025-10-04 15:00:00+00:00,17.56
2025-10-04 16:00:00+00:00,45.65
2025-10-04 17:00:00+00:00,43.54
2025-10-04 18:00:00+00:00,30.81
2025-10-04 19:00:00+00:00,11.16
2025-10-04 20:00:00+00:00,12.14
2025-10-04 21:00:00+00:00,-8.53
2025-10-04 22:00:00+00:00,-2.34
2025-10-04 23:00:00+00:00,-18.01
2025-10-05 00:00:00+00:00,-16.19
2025-10-05 01:00:00+00:00,-14.1
2025-10-05 02:00:00+00:00,-13.96
2025-10-05 03:00:00+00:00,-0.53
2025-10-05 04:00:00+00:00,-0.89
2025-10-05 05:00:00+00:00,-0.06
2025-10-05 06:00:00+00:00,1.76
2025-10-05 07:00:00+00:00,3.53
2025-10-05 08:00:00+00:00,-1.86
2025-10-05 09:00:00+00:00,-8.43
2025-10-05 10:00:00+00:00,-12.12
2025-10-05 11:00:00+00:00,-10.9
2025-10-05 12:00:00+00:00,-12.98
2025-10-05 13:00:00+00:00,-7.51
2025-10-05 14:00:00+00:00,-0.77
2025-10-05 15:00:00+00:00,10.29
2025-10-05 16:00:00+00:00,34.78
2025-10-05 17:00:00+00:00,44.6
2025-10-05 18:00:00+00:00,25.48
2025-10-05 19:00:00+00:00,7.5
2025-10-05 20:00:00+00:00,14.16
2025-10-05 21:00:00+00:00,5.4
2025-10-05 22:00:00+00:00,14.58
2025-10-05 23:00:00+00:00,7.82
2025-10-06 00:00:00+00:00,11.1
2025-10-06 01:00:00+00:00,9.92
2025-10-06 02:00:00+00:00,11.8
2025-10-06 03:00:00+00:00,25.52
2025-10-06 04:00:00+00:00,62.93
2025-10-06 05:00:00+00:00,99.62
2025-10-06 06:00:00+00:00,109.0
2025-10-06 07:00:00+00:00,94.71
2025-10-06 08:00:00+00:00,62.87
2025-10-06 09:00:00+00:00,51.85
2025-10-06 10:00:00+00:00,47.97
2025-10-06 11:00:00+00:00,48.38
2025-10-06 12:00:00+00:00,58.45
2025-10-06 13:00:00+00:00,70.89
2025-10-06 14:00:00+00:00,95.73
2025-10-06 15:00:00+00:00,138.21
2025-10-06 16:00:00+00:00,136.76
2025-10-06 17:00:00+00:00,139.34
2025-10-06 18:00:00+00:00,125.67
2025-10-06 19:00:00+00:00,116.87
2025-10-06 20:00:00+00:00,109.3
2025-10-06 21:00:00+00:00,97.1
2025-10-06 22:00:00+00:00,106.76
2025-10-06 23:00:00+00:00,104.58
2025-10-07 00:00:00+00:00,102.26
2025-10-07 01:00:00+00:00,101.06
2025-10-07 02:00:00+00:00,103.16
2025-10-07 03:00:00+00:00,115.57
2025-10-07 04:00:00+00:00,148.44
2025-10-07 05:00:00+00:00,221.59
2025-10-07 06:00:00+00:00,250.95
2025-10-07 07:00:00+00:00,182.51
2025-10-07 08:00:00+00:00,137.82
2025-10-07 09:00:00+00:00,122.77
2025-10-07 10:00:00+00:00,112.67
2025-10-07 11:00:00+00:00,109.89
2025-10-07 12:00:00+00:00,113.93
2025-10-07 13:00:00+00:00,116.51
2025-10-07 14:00:00+00:00,135.4
2025-10-07 15:00:00+00:00,170.67
2025-10-07 16:00:00+00:00,232.53
2025-10-07 17:00:00+00:00,221.97
2025-10-07 18:00:00+00:00,150.57
2025-10-07 19:00:00+00:00,123.26
2025-10-07 20:00:00+00:00,117.37
2025-10-07 21:00:00+00:00,100.06
2025-10-07 22:00:00+00:00,95.74
2025-10-07 23:00:00+00:00,88.91
2025-10-08 00:00:00+00:00,87.56
2025-10-08 01:00:00+00:00,88.28
2025-10-08 02:00:00+00:00,87.31
2025-10-08 03:00:00+00:00,90.19
2025-10-08 04:00:00+00:00,104.09
2025-10-08 05:00:00+00:00,175.25
2025-10-08 06:00:00+00:00,218.48
2025-10-08 07:00:00+00:00,145.74
2025-10-08 08:00:00+00:00,119.96
2025-10-08 09:00:00+00:00,111.19
2025-10-08 10:00:00+00:00,95.35
2025-10-08 11:00:00+00:00,92.86
2025-10-08 12:00:00+00:00,94.91
2025-10-08 13:00:00+00:00,100.65
2025-10-08 14:00:00+00:00,109.64
2025-10-08 15:00:00+00:00,155.44
2025-10-08 16:00:00+00:00,270.13
2025-10-08 17:00:00+00:00,265.52
2025-10-08 18:00:00+00:00,141.9
2025-10-08 19:00:00+00:00,117.68
2025-10-08 20:00:00+00:00,105.12
2025-10-08 21:00:00+00:00,97.82
2025-10-08 22:00:00+00:00,96.02
2025-10-08 23:00:00+00:00,91.22
2025-10-09 00:00:00+00:00,87.52
2025-10-09 01:00:00+00:00,86.9
2025-10-09 02:00:00+00:00,91.99
2025-10-09 03:00:00+00:00,96.92
2025-10-09 04:00:00+00:00,114.55
2025-10-09 05:00:00+00:00,138.69
2025-10-09 06:00:00+00:00,157.27
2025-10-09 07:00:00+00:00,121.47
2025-10-09 08:00:00+00:00,109.66
2025-10-09 09:00:00+00:00,91.57
2025-10-09 10:00:00+00:00,79.24
2025-10-09 11:00:00+00:00,73.87
2025-10-09 12:00:00+00:00,72.93
2025-10-09 13:00:00+00:00,72.76
2025-10-09 14:00:00+00:00,83.13
2025-10-09 15:00:00+00:00,100.54
2025-10-09 16:00:00+00:00,112.75
2025-10-09 17:00:00+00:00,99.97
2025-10-09 18:00:00+00:00,94.19
2025-10-09 19:00:00+00:00,86.12
2025-10-09 20:00:00+00:00,83.11
2025-10-09 21:00:00+00:00,72.22
2025-10-09 22:00:00+00:00,58.51
2025-10-09 23:00:00+00:00,54.99
2025-10-10 00:00:00+00:00,52.6
2025-10-10 01:00:00+00:00,49.56
2025-10-10 02:00:00+00:00,55.02
2025-10-10 03:00:00+00:00,68.3
2025-10-10 04:00:00+00:00,89.56
2025-10-10 05:00:00+00:00,92.16
2025-10-10 06:00:00+00:00,99.77
2025-10-10 07:00:00+00:00,92.07
2025-10-10 08:00:00+00:00,81.39
2025-10-10 09:00:00+00:00,69.95
2025-10-10 10:00:00+00:00,54.99
2025-10-10 11:00:00+00:00,57.21
2025-10-10 12:00:00+00:00,68.93
2025-10-10 13:00:00+00:00,73.6
2025-10-10 14:00:00+00:00,87.24
2025-10-10 15:00:00+00:00,107.01
2025-10-10 16:00:00+00:00,113.01
2025-10-10 17:00:00+00:00,119.27
2025-10-10 18:00:00+00:00,114.37
2025-10-10 19:00:00+00:00,102.67
2025-10-10 20:00:00+00:00,96.71
2025-10-10 21:00:00+00:00,90.24
2025-10-10 22:00:00+00:00,85.54
2025-10-10 23:00:00+00:00,81.01
2025-10-11 00:00:00+00:00,75.24
2025-10-11 01:00:00+00:00,74.01
2025-10-11 02:00:00+00:00,75.91
2025-10-11 03:00:00+00:00,76.27
2025-10-11 04:00:00+00:00,82.69
2025-10-11 05:00:00+00:00,86.32
2025-10-11 06:00:00+00:00,90.41
2025-10-11 07:00:00+00:00,85.87
2025-10-11 08:00:00+00:00,64.62
2025-10-11 09:00:00+00:00,42.4
2025-10-11 10:00:00+00:00,32.94
2025-10-11 11:00:00+00:00,28.65
2025-10-11 12:00:00+00:00,33.48
2025-10-11 13:00:00+00:00,58.38
2025-10-11 14:00:00+00:00,83.2
2025-10-11 15:00:00+00:00,106.83
2025-10-11 16:00:00+00:00,120.6
2025-10-11 17:00:00+00:00,128.57
2025-10-11 18:00:00+00:00,113.2
2025-10-11 19:00:00+00:00,100.7
2025-10-11 20:00:00+00:00,96.36
2025-10-11 21:00:00+00:00,92.82
2025-10-11 22:00:00+00:00,94.33
2025-10-11 23:00:00+00:00,89.08
2025-10-12 00:00:00+00:00,82.08
2025-10-12 01:00:00+00:00,79.97
2025-10-12 02:00:00+00:00,75.99
2025-10-12 03:00:00+00:00,73.39
2025-10-12 04:00:00+00:00,80.34
2025-10-12 05:00:00+00:00,78.1
2025-10-12 06:00:00+00:00,80.62
2025-10-12 07:00:00+00:00,77.46
2025-10-12 08:00:00+00:00,65.74
2025-10-12 09:00:00+00:00,40.59
2025-10-12 10:00:00+00:00,27.32
2025-10-12 11:00:00+00:00,25.48
2025-10-12 12:00:00+00:00,30.49
2025-10-12 13:00:00+00:00,61.85
2025-10-12 14:00:00+00:00,77.2
2025-10-12 15:00:00+00:00,102.26
2025-10-12 16:00:00+00:00,119.16
2025-10-12 17:00:00+00:00,126.82
2025-10-12 18:00:00+00:00,113.22
2025-10-12 19:00:00+00:00,107.08
2025-10-12 20:00:00+00:00,105.36
2025-10-12 21:00:00+00:00,99.03
2025-10-12 22:00:00+00:00,101.17
2025-10-12 23:00:00+00:00,95.47
2025-10-13 00:00:00+00:00,90.78
2025-10-13 01:00:00+00:00,88.43
2025-10-13 02:00:00+00:00,91.42
2025-10-13 03:00:00+00:00,103.24
2025-10-13 04:00:00+00:00,114.38
2025-10-13 05:00:00+00:00,144.69
2025-10-13 06:00:00+00:00,162.05
2025-10-13 07:00:00+00:00,133.21
2025-10-13 08:00:00+00:00,110.91
2025-10-13 09:00:00+00:00,101.44
2025-10-13 10:00:00+00:00,89.19
2025-10-13 11:00:00+00:00,85.14
2025-10-13 12:00:00+00:00,88.07
2025-10-13 13:00:00+00:00,101.95
2025-10-13 14:00:00+00:00,105.01
2025-10-13 15:00:00+00:00,136.96
2025-10-13 16:00:00+00:00,231.37
2025-10-13 17:00:00+00:00,204.91
2025-10-13 18:00:00+00:00,172.91
2025-10-13 19:00:00+00:00,131.87
2025-10-13 20:00:00+00:00,122.53
2025-10-13 21:00:00+00:00,108.4
2025-10-13 22:00:00+00:00,105.15
2025-10-13 23:00:00+00:00,101.17
2025-10-14 00:00:00+00:00,95.68
2025-10-14 01:00:00+00:00,93.45
2025-10-14 02:00:00+00:00,94.45
2025-10-14 03:00:00+00:00,96.25
2025-10-14 04:00:00+00:00,111.84
2025-10-14 05:00:00+00:00,164.64
2025-10-14 06:00:00+00:00,156.21
2025-10-14 07:00:00+00:00,131.62
2025-10-14 08:00:00+00:00,114.9
2025-10-14 09:00:00+00:00,100.21
2025-10-14 10:00:00+00:00,91.26
2025-10-14 11:00:00+00:00,89.3
2025-10-14 12:00:00+00:00,93.81
2025-10-14 13:00:00+00:00,98.55
2025-10-14 14:00:00+00:00,118.73
2025-10-14 15:00:00+00:00,187.93
2025-10-14 16:00:00+00:00,311.53
2025-10-14 17:00:00+00:00,338.88
2025-10-14 18:00:00+00:00,188.73
2025-10-14 19:00:00+00:00,154.85
2025-10-14 20:00:00+00:00,128.67
2025-10-14 21:00:00+00:00,119.4
2025-10-14 22:00:00+00:00,114.75
2025-10-14 23:00:00+00:00,107.82
2025-10-15 00:00:00+00:00,102.2
2025-10-15 01:00:00+00:00,101.66
2025-10-15 02:00:00+00:00,105.0
2025-10-15 03:00:00+00:00,112.06
2025-10-15 04:00:00+00:00,147.84
2025-10-15 05:00:00+00:00,259.3
2025-10-15 06:00:00+00:00,254.26
2025-10-15 07:00:00+00:00,199.74
2025-10-15 08:00:00+00:00,164.27
2025-10-15 09:00:00+00:00,129.51
2025-10-15 10:00:00+00:00,112.85
2025-10-15 11:00:00+00:00,106.75
2025-10-15 12:00:00+00:00,102.74
2025-10-15 13:00:00+00:00,119.31
2025-10-15 14:00:00+00:00,129.63
2025-10-15 15:00:00+00:00,157.3
2025-10-15 16:00:00+00:00,241.19
2025-10-15 17:00:00+00:00,268.32
2025-10-15 18:00:00+00:00,130.63
2025-10-15 19:00:00+00:00,112.99
2025-10-15 20:00:00+00:00,100.01
2025-10-15 21:00:00+00:00,94.64
2025-10-15 22:00:00+00:00,87.09
2025-10-15 23:00:00+00:00,84.3
2025-10-16 00:00:00+00:00,82.92
2025-10-16 01:00:00+00:00,79.28
2025-10-16 02:00:00+00:00,82.79
2025-10-16 03:00:00+00:00,87.86
2025-10-16 04:00:00+00:00,103.5
2025-10-16 05:00:00+00:00,116.62
2025-10-16 06:00:00+00:00,127.47
2025-10-16 07:00:00+00:00,118.25
2025-10-16 08:00:00+00:00,115.38
2025-10-16 09:00:00+00:00,105.0
2025-10-16 10:00:00+00:00,95.9
2025-10-16 11:00:00+00:00,88.5
2025-10-16 12:00:00+00:00,91.0
2025-10-16 13:00:00+00:00,101.74
2025-10-16 14:00:00+00:00,107.7
2025-10-16 15:00:00+00:00,130.63
2025-10-16 16:00:00+00:00,132.03
2025-10-16 17:00:00+00:00,125.14
2025-10-16 18:00:00+00:00,122.3
2025-10-16 19:00:00+00:00,117.39
2025-10-16 20:00:00+00:00,100.38
2025-10-16 21:00:00+00:00,90.94
2025-10-16 22:00:00+00:00,88.1
2025-10-16 23:00:00+00:00,85.05
2025-10-17 00:00:00+00:00,82.73
2025-10-17 01:00:00+00:00,82.33
2025-10-17 02:00:00+00:00,83.67
2025-10-17 03:00:00+00:00,88.02
2025-10-17 04:00:00+00:00,103.79
2025-10-17 05:00:00+00:00,126.82
2025-10-17 06:00:00+00:00,131.22
2025-10-17 07:00:00+00:00,119.16
2025-10-17 08:00:00+00:00,103.4
2025-10-17 09:00:00+00:00,87.23
2025-10-17 10:00:00+00:00,84.03
2025-10-17 11:00:00+00:00,78.0
2025-10-17 12:00:00+00:00,80.39
2025-10-17 13:00:00+00:00,85.05
2025-10-17 14:00:00+00:00,99.79
2025-10-17 15:00:00+00:00,117.04
2025-10-17 16:00:00+00:00,130.81
2025-10-17 17:00:00+00:00,134.56
2025-10-17 18:00:00+00:00,126.9
2025-10-17 19:00:00+00:00,106.5
2025-10-17 20:00:00+00:00,99.75
2025-10-17 21:00:00+00:00,96.1
2025-10-17 22:00:00+00:00,96.06
2025-10-17 23:00:00+00:00,93.1
2025-10-18 00:00:00+00:00,96.15
2025-10-18 01:00:00+00:00,96.42
2025-10-18 02:00:00+00:00,98.45
2025-10-18 03:00:00+00:00,100.37
2025-10-18 04:00:00+00:00,103.56
2025-10-18 05:00:00+00:00,105.03
2025-10-18 06:00:00+00:00,108.46
2025-10-18 07:00:00+00:00,106.45
2025-10-18 08:00:00+00:00,86.27
2025-10-18 09:00:00+00:00,63.78
2025-10-18 10:00:00+00:00,38.99
2025-10-18 11:00:00+00:00,37.34
2025-10-18 12:00:00+00:00,52.99
2025-10-18 13:00:00+00:00,78.3
2025-10-18 14:00:00+00:00,96.05
2025-10-18 15:00:00+00:00,122.3
2025-10-18 16:00:00+00:00,153.64
2025-10-18 17:00:00+00:00,144.94
2025-10-18 18:00:00+00:00,122.46
2025-10-18 19:00:00+00:00,109.34
2025-10-18 20:00:00+00:00,105.63
2025-10-18 21:00:00+00:00,93.8
2025-10-18 22:00:00+00:00,91.4
2025-10-18 23:00:00+00:00,84.19
2025-10-19 00:00:00+00:00,81.74
2025-10-19 01:00:00+00:00,78.82
2025-10-19 02:00:00+00:00,75.56
2025-10-19 03:00:00+00:00,74.02
2025-10-19 04:00:00+00:00,74.45
2025-10-19 05:00:00+00:00,80.1
2025-10-19 06:00:00+00:00,70.04
2025-10-19 07:00:00+00:00,56.62
2025-10-19 08:00:00+00:00,52.73
2025-10-19 09:00:00+00:00,38.44
2025-10-19 10:00:00+00:00,29.55
2025-10-19 11:00:00+00:00,18.49
2025-10-19 12:00:00+00:00,29.8
2025-10-19 13:00:00+00:00,41.91
2025-10-19 14:00:00+00:00,61.32
2025-10-19 15:00:00+00:00,81.76
2025-10-19 16:00:00+00:00,90.35
2025-10-19 17:00:00+00:00,80.39
2025-10-19 18:00:00+00:00,65.66
2025-10-19 19:00:00+00:00,51.52
2025-10-19 20:00:00+00:00,53.72
2025-10-19 21:00:00+00:00,46.52
2025-10-19 22:00:00+00:00,56.18
2025-10-19 23:00:00+00:00,53.74
2025-10-20 00:00:00+00:00,53.78
2025-10-20 01:00:00+00:00,48.72
2025-10-20 02:00:00+00:00,52.85
2025-10-20 03:00:00+00:00,63.12
2025-10-20 04:00:00+00:00,83.28
2025-10-20 05:00:00+00:00,102.03
2025-10-20 06:00:00+00:00,112.69
2025-10-20 07:00:00+00:00,100.39
2025-10-20 08:00:00+00:00,89.34
2025-10-20 09:00:00+00:00,67.14
2025-10-20 10:00:00+00:00,74.66
2025-10-20 11:00:00+00:00,68.09
2025-10-20 12:00:00+00:00,87.97
2025-10-20 13:00:00+00:00,100.73
2025-10-20 14:00:00+00:00,110.12
2025-10-20 15:00:00+00:00,111.32
2025-10-20 16:00:00+00:00,112.31
2025-10-20 17:00:00+00:00,104.51
2025-10-20 18:00:00+00:00,93.62
2025-10-20 19:00:00+00:00,84.82
2025-10-20 20:00:00+00:00,78.68
2025-10-20 21:00:00+00:00,63.65
2025-10-20 22:00:00+00:00,52.07
2025-10-20 23:00:00+00:00,45.22
2025-10-21 00:00:00+00:00,33.14
2025-10-21 01:00:00+00:00,31.95
2025-10-21 02:00:00+00:00,30.89
2025-10-21 03:00:00+00:00,43.96
2025-10-21 04:00:00+00:00,69.08
2025-10-21 05:00:00+00:00,83.1
2025-10-21 06:00:00+00:00,85.22
2025-10-21 07:00:00+00:00,64.0
2025-10-21 08:00:00+00:00,42.75
2025-10-21 09:00:00+00:00,33.28
2025-10-21 10:00:00+00:00,12.88
2025-10-21 11:00:00+00:00,8.44
2025-10-21 12:00:00+00:00,9.26
2025-10-21 13:00:00+00:00,50.37
2025-10-21 14:00:00+00:00,76.28
2025-10-21 15:00:00+00:00,100.58
2025-10-21 16:00:00+00:00,108.94
2025-10-21 17:00:00+00:00,99.82
2025-10-21 18:00:00+00:00,91.85
2025-10-21 19:00:00+00:00,84.12
2025-10-21 20:00:00+00:00,81.26
2025-10-21 21:00:00+00:00,63.76
2025-10-21 22:00:00+00:00,67.23
2025-10-21 23:00:00+00:00,65.87
2025-10-22 00:00:00+00:00,60.86
2025-10-22 01:00:00+00:00,61.15
2025-10-22 02:00:00+00:00,65.45
2025-10-22 03:00:00+00:00,77.29
2025-10-22 04:00:00+00:00,119.63
2025-10-22 05:00:00+00:00,137.07
2025-10-22 06:00:00+00:00,147.21
2025-10-22 07:00:00+00:00,131.35
2025-10-22 08:00:00+00:00,130.11
2025-10-22 09:00:00+00:00,118.9
2025-10-22 10:00:00+00:00,110.49
2025-10-22 11:00:00+00:00,106.6
2025-10-22 12:00:00+00:00,106.78
2025-10-22 13:00:00+00:00,117.07
2025-10-22 14:00:00+00:00,133.52
2025-10-22 15:00:00+00:00,178.99
2025-10-22 16:00:00+00:00,223.75
2025-10-22 17:00:00+00:00,214.03
2025-10-22 18:00:00+00:00,152.27
2025-10-22 19:00:00+00:00,115.19
2025-10-22 20:00:00+00:00,107.49
2025-10-22 21:00:00+00:00,94.76
2025-10-22 22:00:00+00:00,106.53
2025-10-22 23:00:00+00:00,101.13
2025-10-23 00:00:00+00:00,92.03
2025-10-23 01:00:00+00:00,83.32
2025-10-23 02:00:00+00:00,59.73
2025-10-23 03:00:00+00:00,50.1
2025-10-23 04:00:00+00:00,67.7
2025-10-23 05:00:00+00:00,74.72
2025-10-23 06:00:00+00:00,75.27
2025-10-23 07:00:00+00:00,86.07
2025-10-23 08:00:00+00:00,45.62
2025-10-23 09:00:00+00:00,35.92
2025-10-23 10:00:00+00:00,24.8
2025-10-23 11:00:00+00:00,22.85
2025-10-23 12:00:00+00:00,22.99
2025-10-23 13:00:00+00:00,31.48
2025-10-23 14:00:00+00:00,57.65
2025-10-23 15:00:00+00:00,95.53
2025-10-23 16:00:00+00:00,81.29
2025-10-23 17:00:00+00:00,79.95
2025-10-23 18:00:00+00:00,49.89
2025-10-23 19:00:00+00:00,38.62
2025-10-23 20:00:00+00:00,35.29
2025-10-23 21:00:00+00:00,27.78
2025-10-23 22:00:00+00:00,10.59
2025-10-23 23:00:00+00:00,9.67
2025-10-24 00:00:00+00:00,8.82
2025-10-24 01:00:00+00:00,3.12
2025-10-24 02:00:00+00:00,1.82
2025-10-24 03:00:00+00:00,2.65
2025-10-24 04:00:00+00:00,14.89
2025-10-24 05:00:00+00:00,35.68
2025-10-24 06:00:00+00:00,40.52
2025-10-24 07:00:00+00:00,34.6
2025-10-24 08:00:00+00:00,24.8
2025-10-24 09:00:00+00:00,8.88
2025-10-24 10:00:00+00:00,5.64
2025-10-24 11:00:00+00:00,0.31
2025-10-24 12:00:00+00:00,-2.05
2025-10-24 13:00:00+00:00,-2.52
2025-10-24 14:00:00+00:00,5.13
2025-10-24 15:00:00+00:00,25.34
2025-10-24 16:00:00+00:00,53.5
2025-10-24 17:00:00+00:00,54.75
2025-10-24 18:00:00+00:00,44.01
2025-10-24 19:00:00+00:00,29.78
2025-10-24 20:00:00+00:00,28.47
2025-10-24 21:00:00+00:00,16.46
2025-10-24 22:00:00+00:00,-0.68
2025-10-24 23:00:00+00:00,-1.6
2025-10-25 00:00:00+00:00,-1.04
2025-10-25 01:00:00+00:00,-0.26
2025-10-25 02:00:00+00:00,1.92
2025-10-25 03:00:00+00:00,2.08
2025-10-25 04:00:00+00:00,10.93
2025-10-25 05:00:00+00:00,18.21
2025-10-25 06:00:00+00:00,22.21
2025-10-25 07:00:00+00:00,21.63
2025-10-25 08:00:00+00:00,22.23
2025-10-25 09:00:00+00:00,21.58
2025-10-25 10:00:00+00:00,15.09
2025-10-25 11:00:00+00:00,10.02
2025-10-25 12:00:00+00:00,7.7
2025-10-25 13:00:00+00:00,14.69
2025-10-25 14:00:00+00:00,22.57
2025-10-25 15:00:00+00:00,38.53
2025-10-25 16:00:00+00:00,42.93
2025-10-25 17:00:00+00:00,39.87
2025-10-25 18:00:00+00:00,25.61
2025-10-25 19:00:00+00:00,20.19
2025-10-25 20:00:00+00:00,16.49
2025-10-25 21:00:00+00:00,-1.33
2025-10-25 22:00:00+00:00,11.66
2025-10-25 23:00:00+00:00,8.29
2025-10-26 00:00:00+00:00,4.81
2025-10-26 01:00:00+00:00,1.33
2025-10-26 02:00:00+00:00,-1.87
2025-10-26 03:00:00+00:00,-2.78
2025-10-26 04:00:00+00:00,-0.2
2025-10-26 05:00:00+00:00,-1.47
2025-10-26 06:00:00+00:00,-1.16
2025-10-26 07:00:00+00:00,1.3
2025-10-26 08:00:00+00:00,-0.09
2025-10-26 09:00:00+00:00,-0.43
2025-10-26 10:00:00+00:00,-1.58
2025-10-26 11:00:00+00:00,-4.63
2025-10-26 12:00:00+00:00,-6.5
2025-10-26 13:00:00+00:00,-5.02
2025-10-26 14:00:00+00:00,-3.46
2025-10-26 15:00:00+00:00,3.13
2025-10-26 16:00:00+00:00,6.75
2025-10-26 17:00:00+00:00,3.84
2025-10-26 18:00:00+00:00,3.25
2025-10-26 19:00:00+00:00,-5.08
2025-10-26 20:00:00+00:00,-4.83
2025-10-26 21:00:00+00:00,-3.83
2025-10-26 22:00:00+00:00,-9.12
2025-10-26 23:00:00+00:00,7.96
2025-10-27 00:00:00+00:00,6.01
2025-10-27 01:00:00+00:00,3.89
2025-10-27 02:00:00+00:00,3.52
2025-10-27 03:00:00+00:00,6.21
2025-10-27 04:00:00+00:00,17.22
2025-10-27 05:00:00+00:00,41.66
2025-10-27 06:00:00+00:00,96.3
2025-10-27 07:00:00+00:00,82.02
2025-10-27 08:00:00+00:00,69.16
2025-10-27 09:00:00+00:00,70.94
2025-10-27 10:00:00+00:00,58.49
2025-10-27 11:00:00+00:00,55.15
2025-10-27 12:00:00+00:00,48.01
2025-10-27 13:00:00+00:00,43.41
2025-10-27 14:00:00+00:00,66.17
2025-10-27 15:00:00+00:00,96.77
2025-10-27 16:00:00+00:00,100.46
2025-10-27 17:00:00+00:00,92.11
2025-10-27 18:00:00+00:00,86.23
2025-10-27 19:00:00+00:00,67.15
2025-10-27 20:00:00+00:00,55.43
2025-10-27 21:00:00+00:00,59.29
2025-10-27 22:00:00+00:00,40.68
2025-10-27 23:00:00+00:00,36.22
2025-10-28 00:00:00+00:00,21.24
2025-10-28 01:00:00+00:00,16.53
2025-10-28 02:00:00+00:00,15.27
2025-10-28 03:00:00+00:00,21.0
2025-10-28 04:00:00+00:00,23.33
2025-10-28 05:00:00+00:00,57.98
2025-10-28 06:00:00+00:00,72.31
2025-10-28 07:00:00+00:00,68.46
2025-10-28 08:00:00+00:00,62.71
2025-10-28 09:00:00+00:00,50.71
2025-10-28 10:00:00+00:00,41.03
2025-10-28 11:00:00+00:00,30.12
2025-10-28 12:00:00+00:00,23.93
2025-10-28 13:00:00+00:00,22.91
2025-10-28 14:00:00+00:00,32.01
2025-10-28 15:00:00+00:00,55.58
2025-10-28 16:00:00+00:00,51.86
2025-10-28 17:00:00+00:00,58.72
2025-10-28 18:00:00+00:00,70.35
2025-10-28 19:00:00+00:00,60.64
2025-10-28 20:00:00+00:00,61.43
2025-10-28 21:00:00+00:00,59.84
2025-10-28 22:00:00+00:00,47.96
2025-10-28 23:00:00+00:00,31.67
2025-10-29 00:00:00+00:00,23.94
2025-10-29 01:00:00+00:00,23.09
2025-10-29 02:00:00+00:00,30.61
2025-10-29 03:00:00+00:00,35.43
2025-10-29 04:00:00+00:00,49.73
2025-10-29 05:00:00+00:00,78.7
2025-10-29 06:00:00+00:00,98.45
2025-10-29 07:00:00+00:00,103.53
2025-10-29 08:00:00+00:00,83.6
2025-10-29 09:00:00+00:00,69.09
2025-10-29 10:00:00+00:00,64.57
2025-10-29 11:00:00+00:00,57.77
2025-10-29 12:00:00+00:00,67.84
2025-10-29 13:00:00+00:00,78.62
2025-10-29 14:00:00+00:00,110.11
2025-10-29 15:00:00+00:00,125.81
2025-10-29 16:00:00+00:00,132.26
2025-10-29 17:00:00+00:00,149.09
2025-10-29 18:00:00+00:00,142.61
2025-10-29 19:00:00+00:00,124.16
2025-10-29 20:00:00+00:00,108.41
2025-10-29 21:00:00+00:00,99.81
2025-10-29 22:00:00+00:00,92.6
2025-10-29 23:00:00+00:00,73.75
2025-10-30 00:00:00+00:00,66.76
2025-10-30 01:00:00+00:00,46.27
2025-10-30 02:00:00+00:00,36.67
2025-10-30 03:00:00+00:00,31.85
2025-10-30 04:00:00+00:00,35.91
2025-10-30 05:00:00+00:00,47.44
2025-10-30 06:00:00+00:00,69.56
2025-10-30 07:00:00+00:00,63.95
2025-10-30 08:00:00+00:00,36.2
2025-10-30 09:00:00+00:00,24.64
2025-10-30 10:00:00+00:00,22.31
2025-10-30 11:00:00+00:00,21.5
2025-10-30 12:00:00+00:00,19.9
2025-10-30 13:00:00+00:00,25.62
2025-10-30 14:00:00+00:00,71.7
2025-10-30 15:00:00+00:00,92.86
2025-10-30 16:00:00+00:00,108.81
2025-10-30 17:00:00+00:00,120.7
2025-10-30 18:00:00+00:00,108.74
2025-10-30 19:00:00+00:00,98.98
2025-10-30 20:00:00+00:00,92.35
2025-10-30 21:00:00+00:00,92.01
2025-10-30 22:00:00+00:00,83.48
2025-10-30 23:00:00+00:00,88.59
2025-10-31 00:00:00+00:00,85.98
2025-10-31 01:00:00+00:00,79.66
2025-10-31 02:00:00+00:00,78.19
2025-10-31 03:00:00+00:00,77.66
2025-10-31 04:00:00+00:00,83.3
2025-10-31 05:00:00+00:00,100.17
2025-10-31 06:00:00+00:00,110.56
2025-10-31 07:00:00+00:00,109.31
2025-10-31 08:00:00+00:00,84.22
2025-10-31 09:00:00+00:00,70.33
2025-10-31 10:00:00+00:00,54.04
2025-10-31 11:00:00+00:00,59.21
2025-10-31 12:00:00+00:00,63.34
2025-10-31 13:00:00+00:00,83.72
2025-10-31 14:00:00+00:00,110.88
2025-10-31 15:00:00+00:00,115.98
2025-10-31 16:00:00+00:00,129.88
2025-10-31 17:00:00+00:00,119.83
2025-10-31 18:00:00+00:00,103.13
2025-10-31 19:00:00+00:00,90.42
2025-10-31 20:00:00+00:00,79.57
2025-10-31 21:00:00+00:00,78.64
2025-10-31 22:00:00+00:00,65.35
2025-10-31 23:00:00+00:00,44.09
2025-11-01 00:00:00+00:00,43.64
2025-11-01 01:00:00+00:00,42.6
2025-11-01 02:00:00+00:00,40.49
2025-11-01 03:00:00+00:00,37.27
2025-11-01 04:00:00+00:00,35.54
2025-11-01 05:00:00+00:00,56.0
2025-11-01 06:00:00+00:00,50.21
2025-11-01 07:00:00+00:00,27.38
2025-11-01 08:00:00+00:00,14.03
2025-11-01 09:00:00+00:00,13.59
2025-11-01 10:00:00+00:00,18.46
2025-11-01 11:00:00+00:00,18.12
2025-11-01 12:00:00+00:00,25.03
2025-11-01 13:00:00+00:00,44.94
2025-11-01 14:00:00+00:00,55.4
2025-11-01 15:00:00+00:00,66.65
2025-11-01 16:00:00+00:00,76.34
2025-11-01 17:00:00+00:00,75.32
2025-11-01 18:00:00+00:00,58.63
2025-11-01 19:00:00+00:00,47.8
2025-11-01 20:00:00+00:00,51.52
2025-11-01 21:00:00+00:00,66.69
2025-11-01 22:00:00+00:00,64.03
2025-11-01 23:00:00+00:00,50.98
2025-11-02 00:00:00+00:00,46.83
2025-11-02 01:00:00+00:00,41.9
2025-11-02 02:00:00+00:00,46.0
2025-11-02 03:00:00+00:00,51.91
2025-11-02 04:00:00+00:00,59.68
2025-11-02 05:00:00+00:00,61.41
2025-11-02 06:00:00+00:00,64.96
2025-11-02 07:00:00+00:00,64.8
2025-11-02 08:00:00+00:00,59.27
2025-11-02 09:00:00+00:00,55.57
2025-11-02 10:00:00+00:00,60.07
2025-11-02 11:00:00+00:00,67.98
2025-11-02 12:00:00+00:00,74.41
2025-11-02 13:00:00+00:00,93.46
2025-11-02 14:00:00+00:00,95.69
2025-11-02 15:00:00+00:00,114.71
2025-11-02 16:00:00+00:00,126.49
2025-11-02 17:00:00+00:00,118.91
2025-11-02 18:00:00+00:00,111.35
2025-11-02 19:00:00+00:00,102.51
2025-11-02 20:00:00+00:00,95.08
2025-11-02 21:00:00+00:00,88.72
2025-11-02 22:00:00+00:00,80.42
2025-11-02 23:00:00+00:00,67.7
2025-11-03 00:00:00+00:00,55.01
2025-11-03 01:00:00+00:00,47.83
2025-11-03 02:00:00+00:00,45.16
2025-11-03 03:00:00+00:00,45.48
2025-11-03 04:00:00+00:00,54.27
2025-11-03 05:00:00+00:00,68.95
2025-11-03 06:00:00+00:00,87.84
2025-11-03 07:00:00+00:00,87.27
2025-11-03 08:00:00+00:00,67.32
2025-11-03 09:00:00+00:00,50.14
2025-11-03 10:00:00+00:00,42.48
2025-11-03 11:00:00+00:00,39.83
2025-11-03 12:00:00+00:00,45.87
2025-11-03 13:00:00+00:00,64.15
2025-11-03 14:00:00+00:00,84.42
2025-11-03 15:00:00+00:00,94.39
2025-11-03 16:00:00+00:00,98.69
2025-11-03 17:00:00+00:00,100.22
2025-11-03 18:00:00+00:00,86.32
2025-11-03 19:00:00+00:00,66.78
2025-11-03 20:00:00+00:00,57.68
2025-11-03 21:00:00+00:00,63.52
2025-11-03 22:00:00+00:00,51.7
2025-11-03 23:00:00+00:00,44.85
2025-11-04 00:00:00+00:00,35.37
2025-11-04 01:00:00+00:00,38.11
2025-11-04 02:00:00+00:00,37.27
2025-11-04 03:00:00+00:00,42.5
2025-11-04 04:00:00+00:00,50.12
2025-11-04 05:00:00+00:00,84.95
2025-11-04 06:00:00+00:00,102.92
2025-11-04 07:00:00+00:00,100.97
2025-11-04 08:00:00+00:00,84.95
2025-11-04 09:00:00+00:00,75.4
2025-11-04 10:00:00+00:00,69.38
2025-11-04 11:00:00+00:00,68.71
2025-11-04 12:00:00+00:00,70.38
2025-11-04 13:00:00+00:00,85.18
2025-11-04 14:00:00+00:00,107.46
2025-11-04 15:00:00+00:00,122.31
2025-11-04 16:00:00+00:00,127.76
2025-11-04 17:00:00+00:00,133.58
2025-11-04 18:00:00+00:00,118.44
2025-11-04 19:00:00+00:00,99.85
2025-11-04 20:00:00+00:00,90.65
2025-11-04 21:00:00+00:00,90.27
2025-11-04 22:00:00+00:00,79.4
2025-11-04 23:00:00+00:00,64.89
2025-11-05 00:00:00+00:00,55.64
2025-11-05 01:00:00+00:00,54.84
2025-11-05 02:00:00+00:00,58.29
2025-11-05 03:00:00+00:00,61.11
2025-11-05 04:00:00+00:00,67.36
2025-11-05 05:00:00+00:00,83.57
2025-11-05 06:00:00+00:00,113.71
2025-11-05 07:00:00+00:00,97.85
2025-11-05 08:00:00+00:00,77.45
2025-11-05 09:00:00+00:00,65.07
2025-11-05 10:00:00+00:00,63.11
2025-11-05 11:00:00+00:00,63.59
2025-11-05 12:00:00+00:00,71.41
2025-11-05 13:00:00+00:00,87.68
2025-11-05 14:00:00+00:00,125.26
2025-11-05 15:00:00+00:00,133.54
2025-11-05 16:00:00+00:00,134.42
2025-11-05 17:00:00+00:00,131.05
2025-11-05 18:00:00+00:00,117.57
2025-11-05 19:00:00+00:00,104.51
2025-11-05 20:00:00+00:00,100.37
2025-11-05 21:00:00+00:00,96.34
2025-11-05 22:00:00+00:00,94.28
2025-11-05 23:00:00+00:00,96.49
2025-11-06 00:00:00+00:00,93.72
2025-11-06 01:00:00+00:00,93.07
2025-11-06 02:00:00+00:00,91.32
2025-11-06 03:00:00+00:00,92.73
2025-11-06 04:00:00+00:00,99.36
2025-11-06 05:00:00+00:00,108.08
2025-11-06 06:00:00+00:00,136.39
2025-11-06 07:00:00+00:00,123.97
2025-11-06 08:00:00+00:00,105.94
2025-11-06 09:00:00+00:00,90.05
2025-11-06 10:00:00+00:00,84.86
2025-11-06 11:00:00+00:00,84.65
2025-11-06 12:00:00+00:00,85.44
2025-11-06 13:00:00+00:00,94.59
2025-11-06 14:00:00+00:00,116.54
2025-11-06 15:00:00+00:00,145.98
2025-11-06 16:00:00+00:00,146.72
2025-11-06 17:00:00+00:00,134.08
2025-11-06 18:00:00+00:00,120.0
2025-11-06 19:00:00+00:00,113.51
2025-11-06 20:00:00+00:00,105.65
2025-11-06 21:00:00+00:00,99.35
2025-11-06 22:00:00+00:00,91.47
2025-11-06 23:00:00+00:00,98.26
2025-11-07 00:00:00+00:00,94.91
2025-11-07 01:00:00+00:00,94.29
2025-11-07 02:00:00+00:00,93.51
2025-11-07 03:00:00+00:00,93.36
2025-11-07 04:00:00+00:00,96.5
2025-11-07 05:00:00+00:00,115.73
2025-11-07 06:00:00+00:00,129.63
2025-11-07 07:00:00+00:00,124.4
2025-11-07 08:00:00+00:00,99.34
2025-11-07 09:00:00+00:00,95.11
2025-11-07 10:00:00+00:00,95.63
2025-11-07 11:00:00+00:00,92.95
2025-11-07 12:00:00+00:00,91.83
2025-11-07 13:00:00+00:00,101.57
2025-11-07 14:00:00+00:00,132.28
2025-11-07 15:00:00+00:00,172.97
2025-11-07 16:00:00+00:00,201.56
2025-11-07 17:00:00+00:00,180.84
2025-11-07 18:00:00+00:00,147.92
2025-11-07 19:00:00+00:00,131.9
2025-11-07 20:00:00+00:00,109.68
2025-11-07 21:00:00+00:00,101.97
2025-11-07 22:00:00+00:00,97.75
2025-11-07 23:00:00+00:00,101.93
2025-11-08 00:00:00+00:00,98.32
2025-11-08 01:00:00+00:00,96.79
2025-11-08 02:00:00+00:00,99.45
2025-11-08 03:00:00+00:00,97.25
2025-11-08 04:00:00+00:00,95.26
2025-11-08 05:00:00+00:00,98.55
2025-11-08 06:00:00+00:00,118.61
2025-11-08 07:00:00+00:00,114.2
2025-11-08 08:00:00+00:00,111.21
2025-11-08 09:00:00+00:00,102.0
2025-11-08 10:00:00+00:00,96.38
2025-11-08 11:00:00+00:00,95.24
2025-11-08 12:00:00+00:00,94.83
2025-11-08 13:00:00+00:00,105.44
2025-11-08 14:00:00+00:00,113.81
2025-11-08 15:00:00+00:00,197.24
2025-11-08 16:00:00+00:00,219.3
2025-11-08 17:00:00+00:00,163.92
2025-11-08 18:00:00+00:00,121.41
2025-11-08 19:00:00+00:00,127.22
2025-11-08 20:00:00+00:00,117.88
2025-11-08 21:00:00+00:00,105.57
2025-11-08 22:00:00+00:00,101.77
2025-11-08 23:00:00+00:00,109.48
2025-11-09 00:00:00+00:00,102.7
2025-11-09 01:00:00+00:00,103.53
2025-11-09 02:00:00+00:00,98.65
2025-11-09 03:00:00+00:00,97.55
2025-11-09 04:00:00+00:00,97.97
2025-11-09 05:00:00+00:00,92.74
2025-11-09 06:00:00+00:00,93.08
2025-11-09 07:00:00+00:00,94.19
2025-11-09 08:00:00+00:00,107.8
2025-11-09 09:00:00+00:00,110.79
2025-11-09 10:00:00+00:00,105.44
2025-11-09 11:00:00+00:00,105.5
2025-11-09 12:00:00+00:00,107.17
2025-11-09 13:00:00+00:00,112.2
2025-11-09 14:00:00+00:00,118.21
2025-11-09 15:00:00+00:00,112.64
2025-11-09 16:00:00+00:00,125.71
2025-11-09 17:00:00+00:00,137.46
2025-11-09 18:00:00+00:00,132.54
2025-11-09 19:00:00+00:00,119.49
2025-11-09 20:00:00+00:00,109.01
2025-11-09 21:00:00+00:00,103.04
2025-11-09 22:00:00+00:00,92.33
2025-11-09 23:00:00+00:00,93.28
2025-11-10 00:00:00+00:00,91.86
2025-11-10 01:00:00+00:00,88.81
2025-11-10 02:00:00+00:00,87.03
2025-11-10 03:00:00+00:00,90.31
2025-11-10 04:00:00+00:00,97.4
2025-11-10 05:00:00+00:00,116.91
2025-11-10 06:00:00+00:00,158.22
2025-11-10 07:00:00+00:00,143.95
2025-11-10 08:00:00+00:00,128.58
2025-11-10 09:00:00+00:00,119.81
2025-11-10 10:00:00+00:00,110.36
2025-11-10 11:00:00+00:00,108.36
2025-11-10 12:00:00+00:00,109.79
2025-11-10 13:00:00+00:00,113.65
2025-11-10 14:00:00+00:00,130.58
2025-11-10 15:00:00+00:00,144.21
2025-11-10 16:00:00+00:00,156.11
2025-11-10 17:00:00+00:00,152.82
2025-11-10 18:00:00+00:00,132.02
2025-11-10 19:00:00+00:00,113.0
2025-11-10 20:00:00+00:00,102.56
2025-11-10 21:00:00+00:00,96.04
2025-11-10 22:00:00+00:00,86.99
2025-11-10 23:00:00+00:00,82.7
2025-11-11 00:00:00+00:00,79.65
2025-11-11 01:00:00+00:00,77.11
2025-11-11 02:00:00+00:00,73.92
2025-11-11 03:00:00+00:00,72.59
2025-11-11 04:00:00+00:00,85.23
2025-11-11 05:00:00+00:00,102.42
2025-11-11 06:00:00+00:00,116.85
2025-11-11 07:00:00+00:00,125.48
2025-11-11 08:00:00+00:00,113.44
2025-11-11 09:00:00+00:00,98.71
2025-11-11 10:00:00+00:00,90.31
2025-11-11 11:00:00+00:00,83.63
2025-11-11 12:00:00+00:00,90.44
2025-11-11 13:00:00+00:00,102.71
2025-11-11 14:00:00+00:00,122.2
2025-11-11 15:00:00+00:00,125.64
2025-11-11 16:00:00+00:00,140.79
2025-11-11 17:00:00+00:00,125.64
2025-11-11 18:00:00+00:00,114.6
2025-11-11 19:00:00+00:00,102.79
2025-11-11 20:00:00+00:00,100.51
2025-11-11 21:00:00+00:00,98.79
2025-11-11 22:00:00+00:00,91.4
2025-11-11 23:00:00+00:00,93.4
2025-11-12 00:00:00+00:00,88.87
2025-11-12 01:00:00+00:00,82.5
2025-11-12 02:00:00+00:00,75.45
2025-11-12 03:00:00+00:00,69.02
2025-11-12 04:00:00+00:00,69.04
2025-11-12 05:00:00+00:00,80.36
2025-11-12 06:00:00+00:00,105.7
2025-11-12 07:00:00+00:00,98.61
2025-11-12 08:00:00+00:00,76.03
2025-11-12 09:00:00+00:00,48.15
2025-11-12 10:00:00+00:00,47.44
2025-11-12 11:00:00+00:00,48.64
2025-11-12 12:00:00+00:00,63.24
2025-11-12 13:00:00+00:00,80.13
2025-11-12 14:00:00+00:00,101.06
2025-11-12 15:00:00+00:00,111.81
2025-11-12 16:00:00+00:00,116.04
2025-11-12 17:00:00+00:00,102.49
2025-11-12 18:00:00+00:00,90.51
2025-11-12 19:00:00+00:00,73.3
2025-11-12 20:00:00+00:00,67.19
2025-11-12 21:00:00+00:00,60.48
2025-11-12 22:00:00+00:00,48.52
2025-11-12 23:00:00+00:00,47.05
2025-11-13 00:00:00+00:00,41.29
2025-11-13 01:00:00+00:00,34.95
2025-11-13 02:00:00+00:00,32.98
2025-11-13 03:00:00+00:00,35.9
2025-11-13 04:00:00+00:00,43.68
2025-11-13 05:00:00+00:00,69.49
2025-11-13 06:00:00+00:00,94.36
2025-11-13 07:00:00+00:00,78.11
2025-11-13 08:00:00+00:00,41.12
2025-11-13 09:00:00+00:00,37.39
2025-11-13 10:00:00+00:00,21.49
2025-11-13 11:00:00+00:00,21.21
2025-11-13 12:00:00+00:00,34.51
2025-11-13 13:00:00+00:00,55.56
2025-11-13 14:00:00+00:00,99.95
2025-11-13 15:00:00+00:00,111.35
2025-11-13 16:00:00+00:00,128.22
2025-11-13 17:00:00+00:00,125.67
2025-11-13 18:00:00+00:00,124.01
2025-11-13 19:00:00+00:00,113.92
2025-11-13 20:00:00+00:00,105.42
2025-11-13 21:00:00+00:00,101.41
2025-11-13 22:00:00+00:00,94.46
2025-11-13 23:00:00+00:00,90.04
2025-11-14 00:00:00+00:00,86.36
2025-11-14 01:00:00+00:00,89.9
2025-11-14 02:00:00+00:00,86.55
2025-11-14 03:00:00+00:00,89.65
2025-11-14 04:00:00+00:00,93.87
2025-11-14 05:00:00+00:00,114.53
2025-11-14 06:00:00+00:00,130.73
2025-11-14 07:00:00+00:00,121.61
2025-11-14 08:00:00+00:00,107.31
2025-11-14 09:00:00+00:00,92.48
2025-11-14 10:00:00+00:00,86.25
2025-11-14 11:00:00+00:00,88.7
2025-11-14 12:00:00+00:00,88.17
2025-11-14 13:00:00+00:00,99.42
2025-11-14 14:00:00+00:00,122.37
2025-11-14 15:00:00+00:00,141.65
2025-11-14 16:00:00+00:00,143.83
2025-11-14 17:00:00+00:00,142.83
2025-11-14 18:00:00+00:00,129.28
2025-11-14 19:00:00+00:00,107.04
2025-11-14 20:00:00+00:00,106.76
2025-11-14 21:00:00+00:00,97.37
2025-11-14 22:00:00+00:00,85.6
2025-11-14 23:00:00+00:00,55.52
2025-11-15 00:00:00+00:00,49.41
2025-11-15 01:00:00+00:00,47.54
2025-11-15 02:00:00+00:00,37.87
2025-11-15 03:00:00+00:00,36.59
2025-11-15 04:00:00+00:00,35.4
2025-11-15 05:00:00+00:00,51.78
2025-11-15 06:00:00+00:00,64.3
2025-11-15 07:00:00+00:00,63.32
2025-11-15 08:00:00+00:00,65.98
2025-11-15 09:00:00+00:00,71.07
2025-11-15 10:00:00+00:00,71.91
2025-11-15 11:00:00+00:00,73.73
2025-11-15 12:00:00+00:00,83.52
2025-11-15 13:00:00+00:00,91.23
2025-11-15 14:00:00+00:00,101.91
2025-11-15 15:00:00+00:00,100.09
2025-11-15 16:00:00+00:00,113.74
2025-11-15 17:00:00+00:00,108.26
2025-11-15 18:00:00+00:00,100.93
2025-11-15 19:00:00+00:00,96.93
2025-11-15 20:00:00+00:00,101.34
2025-11-15 21:00:00+00:00,100.83
2025-11-15 22:00:00+00:00,95.7
2025-11-15 23:00:00+00:00,95.38
2025-11-16 00:00:00+00:00,94.94
2025-11-16 01:00:00+00:00,94.14
2025-11-16 02:00:00+00:00,93.09
2025-11-16 03:00:00+00:00,94.52
2025-11-16 04:00:00+00:00,94.12
2025-11-16 05:00:00+00:00,91.14
2025-11-16 06:00:00+00:00,94.95
2025-11-16 07:00:00+00:00,95.79
2025-11-16 08:00:00+00:00,105.57
2025-11-16 09:00:00+00:00,108.4
2025-11-16 10:00:00+00:00,107.34
2025-11-16 11:00:00+00:00,107.4
2025-11-16 12:00:00+00:00,110.0
2025-11-16 13:00:00+00:00,110.28
2025-11-16 14:00:00+00:00,113.31
2025-11-16 15:00:00+00:00,119.94
2025-11-16 16:00:00+00:00,126.36
2025-11-16 17:00:00+00:00,125.47
2025-11-16 18:00:00+00:00,119.02
2025-11-16 19:00:00+00:00,112.43
2025-11-16 20:00:00+00:00,104.66
2025-11-16 21:00:00+00:00,99.99
2025-11-16 22:00:00+00:00,87.33
2025-11-16 23:00:00+00:00,87.95
2025-11-17 00:00:00+00:00,82.59
2025-11-17 01:00:00+00:00,81.69
2025-11-17 02:00:00+00:00,73.29
2025-11-17 03:00:00+00:00,73.36
2025-11-17 04:00:00+00:00,82.54
2025-11-17 05:00:00+00:00,94.34
2025-11-17 06:00:00+00:00,119.69
2025-11-17 07:00:00+00:00,126.66
2025-11-17 08:00:00+00:00,121.13
2025-11-17 09:00:00+00:00,111.11
2025-11-17 10:00:00+00:00,109.79
2025-11-17 11:00:00+00:00,99.53
2025-11-17 12:00:00+00:00,93.44
2025-11-17 13:00:00+00:00,94.89
2025-11-17 14:00:00+00:00,108.48
2025-11-17 15:00:00+00:00,112.8
2025-11-17 16:00:00+00:00,114.39
2025-11-17 17:00:00+00:00,113.05
2025-11-17 18:00:00+00:00,108.89
2025-11-17 19:00:00+00:00,99.26
2025-11-17 20:00:00+00:00,97.97
2025-11-17 21:00:00+00:00,99.39
2025-11-17 22:00:00+00:00,88.35
2025-11-17 23:00:00+00:00,85.03
2025-11-18 00:00:00+00:00,75.13
2025-11-18 01:00:00+00:00,69.46
2025-11-18 02:00:00+00:00,68.15
2025-11-18 03:00:00+00:00,69.92
2025-11-18 04:00:00+00:00,82.39
2025-11-18 05:00:00+00:00,98.72
2025-11-18 06:00:00+00:00,114.29
2025-11-18 07:00:00+00:00,124.41
2025-11-18 08:00:00+00:00,117.83
2025-11-18 09:00:00+00:00,99.18
2025-11-18 10:00:00+00:00,83.26
2025-11-18 11:00:00+00:00,81.9
2025-11-18 12:00:00+00:00,87.72
2025-11-18 13:00:00+00:00,104.51
2025-11-18 14:00:00+00:00,129.19
2025-11-18 15:00:00+00:00,145.24
2025-11-18 16:00:00+00:00,155.58
2025-11-18 17:00:00+00:00,142.69
2025-11-18 18:00:00+00:00,123.1
2025-11-18 19:00:00+00:00,111.58
2025-11-18 20:00:00+00:00,105.15
2025-11-18 21:00:00+00:00,103.02
2025-11-18 22:00:00+00:00,94.53
2025-11-18 23:00:00+00:00,94.39
2025-11-19 00:00:00+00:00,95.26
2025-11-19 01:00:00+00:00,90.86
2025-11-19 02:00:00+00:00,91.41
2025-11-19 03:00:00+00:00,93.85
2025-11-19 04:00:00+00:00,97.53
2025-11-19 05:00:00+00:00,104.35
2025-11-19 06:00:00+00:00,114.32
2025-11-19 07:00:00+00:00,116.82
2025-11-19 08:00:00+00:00,106.69
2025-11-19 09:00:00+00:00,95.04
2025-11-19 10:00:00+00:00,91.92
2025-11-19 11:00:00+00:00,97.57
2025-11-19 12:00:00+00:00,108.26
2025-11-19 13:00:00+00:00,107.26
2025-11-19 14:00:00+00:00,119.55
2025-11-19 15:00:00+00:00,122.33
2025-11-19 16:00:00+00:00,130.67
2025-11-19 17:00:00+00:00,127.54
2025-11-19 18:00:00+00:00,124.78
2025-11-19 19:00:00+00:00,108.84
2025-11-19 20:00:00+00:00,99.11
2025-11-19 21:00:00+00:00,98.14
2025-11-19 22:00:00+00:00,93.39
2025-11-19 23:00:00+00:00,88.28
2025-11-20 00:00:00+00:00,83.97
2025-11-20 01:00:00+00:00,81.86
2025-11-20 02:00:00+00:00,80.87
2025-11-20 03:00:00+00:00,83.0
2025-11-20 04:00:00+00:00,88.8
2025-11-20 05:00:00+00:00,104.26
2025-11-20 06:00:00+00:00,122.59
2025-11-20 07:00:00+00:00,136.3
2025-11-20 08:00:00+00:00,130.83
2025-11-20 09:00:00+00:00,112.55
2025-11-20 10:00:00+00:00,102.22
2025-11-20 11:00:00+00:00,99.71
2025-11-20 12:00:00+00:00,99.06
2025-11-20 13:00:00+00:00,109.94
2025-11-20 14:00:00+00:00,122.09
2025-11-20 15:00:00+00:00,139.61
2025-11-20 16:00:00+00:00,144.16
2025-11-20 17:00:00+00:00,141.61
2025-11-20 18:00:00+00:00,138.48
2025-11-20 19:00:00+00:00,117.34
2025-11-20 20:00:00+00:00,110.31
2025-11-20 21:00:00+00:00,108.5
2025-11-20 22:00:00+00:00,99.33
2025-11-20 23:00:00+00:00,107.71
2025-11-21 00:00:00+00:00,105.08
2025-11-21 01:00:00+00:00,102.57
2025-11-21 02:00:00+00:00,102.1
2025-11-21 03:00:00+00:00,102.98
2025-11-21 04:00:00+00:00,105.71
2025-11-21 05:00:00+00:00,118.86
2025-11-21 06:00:00+00:00,164.09
2025-11-21 07:00:00+00:00,156.96
2025-11-21 08:00:00+00:00,130.62
2025-11-21 09:00:00+00:00,120.05
2025-11-21 10:00:00+00:00,114.41
2025-11-21 11:00:00+00:00,114.98
2025-11-21 12:00:00+00:00,117.98
2025-11-21 13:00:00+00:00,125.13
2025-11-21 14:00:00+00:00,142.01
2025-11-21 15:00:00+00:00,154.84
2025-11-21 16:00:00+00:00,152.29
2025-11-21 17:00:00+00:00,147.42
2025-11-21 18:00:00+00:00,149.58
2025-11-21 19:00:00+00:00,131.17
2025-11-21 20:00:00+00:00,117.68
2025-11-21 21:00:00+00:00,110.2
2025-11-21 22:00:00+00:00,96.04
2025-11-21 23:00:00+00:00,98.05
2025-11-22 00:00:00+00:00,90.79
2025-11-22 01:00:00+00:00,88.7
2025-11-22 02:00:00+00:00,88.9
2025-11-22 03:00:00+00:00,88.64
2025-11-22 04:00:00+00:00,89.83
2025-11-22 05:00:00+00:00,93.42
2025-11-22 06:00:00+00:00,114.36
2025-11-22 07:00:00+00:00,108.24
2025-11-22 08:00:00+00:00,103.92
2025-11-22 09:00:00+00:00,86.63
2025-11-22 10:00:00+00:00,71.52
2025-11-22 11:00:00+00:00,69.65
2025-11-22 12:00:00+00:00,80.39
2025-11-22 13:00:00+00:00,96.31
2025-11-22 14:00:00+00:00,107.59
2025-11-22 15:00:00+00:00,114.8
2025-11-22 16:00:00+00:00,103.55
2025-11-22 17:00:00+00:00,104.53
2025-11-22 18:00:00+00:00,111.2
2025-11-22 19:00:00+00:00,101.43
2025-11-22 20:00:00+00:00,87.17
2025-11-22 21:00:00+00:00,79.55
2025-11-22 22:00:00+00:00,69.23
2025-11-22 23:00:00+00:00,66.61
2025-11-23 00:00:00+00:00,59.53
2025-11-23 01:00:00+00:00,54.47
2025-11-23 02:00:00+00:00,46.06
2025-11-23 03:00:00+00:00,43.3
2025-11-23 04:00:00+00:00,37.33
2025-11-23 05:00:00+00:00,41.97
2025-11-23 06:00:00+00:00,63.55
2025-11-23 07:00:00+00:00,59.17
2025-11-23 08:00:00+00:00,41.46
2025-11-23 09:00:00+00:00,26.77
2025-11-23 10:00:00+00:00,20.97
2025-11-23 11:00:00+00:00,24.23
2025-11-23 12:00:00+00:00,23.77
2025-11-23 13:00:00+00:00,33.88
2025-11-23 14:00:00+00:00,59.95
2025-11-23 15:00:00+00:00,59.67
2025-11-23 16:00:00+00:00,57.96
2025-11-23 17:00:00+00:00,57.26
2025-11-23 18:00:00+00:00,59.97
2025-11-23 19:00:00+00:00,46.08
2025-11-23 20:00:00+00:00,50.36
2025-11-23 21:00:00+00:00,58.33
2025-11-23 22:00:00+00:00,53.64
2025-11-23 23:00:00+00:00,53.06
2025-11-24 00:00:00+00:00,57.07
2025-11-24 01:00:00+00:00,54.52
2025-11-24 02:00:00+00:00,52.7
2025-11-24 03:00:00+00:00,57.62
2025-11-24 04:00:00+00:00,76.98
2025-11-24 05:00:00+00:00,91.54
2025-11-24 06:00:00+00:00,115.0
2025-11-24 07:00:00+00:00,136.32
2025-11-24 08:00:00+00:00,138.63
2025-11-24 09:00:00+00:00,127.04
2025-11-24 10:00:00+00:00,120.59
2025-11-24 11:00:00+00:00,118.22
2025-11-24 12:00:00+00:00,120.65
2025-11-24 13:00:00+00:00,123.55
2025-11-24 14:00:00+00:00,129.13
2025-11-24 15:00:00+00:00,134.45
2025-11-24 16:00:00+00:00,146.26
2025-11-24 17:00:00+00:00,144.01
2025-11-24 18:00:00+00:00,146.26
2025-11-24 19:00:00+00:00,124.55
2025-11-24 20:00:00+00:00,113.22
2025-11-24 21:00:00+00:00,112.92
2025-11-24 22:00:00+00:00,107.96
2025-11-24 23:00:00+00:00,107.19
2025-11-25 00:00:00+00:00,102.19
2025-11-25 01:00:00+00:00,100.26
2025-11-25 02:00:00+00:00,98.89
2025-11-25 03:00:00+00:00,98.99
2025-11-25 04:00:00+00:00,103.09
2025-11-25 05:00:00+00:00,124.83
2025-11-25 06:00:00+00:00,162.11
2025-11-25 07:00:00+00:00,181.15
2025-11-25 08:00:00+00:00,187.88
2025-11-25 09:00:00+00:00,182.41
2025-11-25 10:00:00+00:00,190.38
2025-11-25 11:00:00+00:00,197.66
2025-11-25 12:00:00+00:00,224.1
2025-11-25 13:00:00+00:00,227.26
2025-11-25 14:00:00+00:00,257.31
2025-11-25 15:00:00+00:00,304.64
2025-11-25 16:00:00+00:00,378.46
2025-11-25 17:00:00+00:00,279.05
2025-11-25 18:00:00+00:00,228.26
2025-11-25 19:00:00+00:00,161.04
2025-11-25 20:00:00+00:00,132.16
2025-11-25 21:00:00+00:00,121.78
2025-11-25 22:00:00+00:00,108.84
2025-11-25 23:00:00+00:00,101.59
2025-11-26 00:00:00+00:00,98.4
2025-11-26 01:00:00+00:00,95.83
2025-11-26 02:00:00+00:00,94.08
2025-11-26 03:00:00+00:00,96.52
2025-11-26 04:00:00+00:00,103.17
2025-11-26 05:00:00+00:00,117.31
2025-11-26 06:00:00+00:00,302.34
2025-11-26 07:00:00+00:00,332.17
2025-11-26 08:00:00+00:00,279.11
2025-11-26 09:00:00+00:00,250.93
2025-11-26 10:00:00+00:00,313.88
2025-11-26 11:00:00+00:00,297.26
2025-11-26 12:00:00+00:00,303.12
2025-11-26 13:00:00+00:00,330.09
2025-11-26 14:00:00+00:00,359.24
2025-11-26 15:00:00+00:00,321.65
2025-11-26 16:00:00+00:00,330.9
2025-11-26 17:00:00+00:00,311.8
2025-11-26 18:00:00+00:00,188.88
2025-11-26 19:00:00+00:00,133.44
2025-11-26 20:00:00+00:00,125.4
2025-11-26 21:00:00+00:00,119.76
2025-11-26 22:00:00+00:00,109.04
2025-11-26 23:00:00+00:00,94.5
2025-11-27 00:00:00+00:00,90.0
2025-11-27 01:00:00+00:00,87.01
2025-11-27 02:00:00+00:00,87.58
2025-11-27 03:00:00+00:00,85.24
2025-11-27 04:00:00+00:00,82.86
2025-11-27 05:00:00+00:00,99.87
2025-11-27 06:00:00+00:00,133.17
2025-11-27 07:00:00+00:00,139.95
2025-11-27 08:00:00+00:00,141.61
2025-11-27 09:00:00+00:00,128.37
2025-11-27 10:00:00+00:00,115.99
2025-11-27 11:00:00+00:00,107.31
2025-11-27 12:00:00+00:00,110.95
2025-11-27 13:00:00+00:00,111.06
2025-11-27 14:00:00+00:00,120.18
2025-11-27 15:00:00+00:00,104.36
2025-11-27 16:00:00+00:00,106.96
2025-11-27 17:00:00+00:00,111.77
2025-11-27 18:00:00+00:00,106.28
2025-11-27 19:00:00+00:00,77.92
2025-11-27 20:00:00+00:00,67.05
2025-11-27 21:00:00+00:00,58.11
2025-11-27 22:00:00+00:00,47.12
2025-11-27 23:00:00+00:00,38.02
2025-11-28 00:00:00+00:00,32.54
2025-11-28 01:00:00+00:00,25.35
2025-11-28 02:00:00+00:00,29.58
2025-11-28 03:00:00+00:00,41.05
2025-11-28 04:00:00+00:00,50.63
2025-11-28 05:00:00+00:00,84.11
2025-11-28 06:00:00+00:00,103.77
2025-11-28 07:00:00+00:00,126.21
2025-11-28 08:00:00+00:00,111.69
2025-11-28 09:00:00+00:00,113.06
2025-11-28 10:00:00+00:00,107.77
2025-11-28 11:00:00+00:00,109.03
2025-11-28 12:00:00+00:00,110.29
2025-11-28 13:00:00+00:00,118.01
2025-11-28 14:00:00+00:00,129.6
2025-11-28 15:00:00+00:00,129.45
2025-11-28 16:00:00+00:00,127.87
2025-11-28 17:00:00+00:00,122.64
2025-11-28 18:00:00+00:00,112.69
2025-11-28 19:00:00+00:00,98.58
2025-11-28 20:00:00+00:00,87.49
2025-11-28 21:00:00+00:00,81.61
2025-11-28 22:00:00+00:00,69.69
2025-11-28 23:00:00+00:00,69.99
2025-11-29 00:00:00+00:00,68.31
2025-11-29 01:00:00+00:00,71.42
2025-11-29 02:00:00+00:00,75.65
2025-11-29 03:00:00+00:00,77.0
2025-11-29 04:00:00+00:00,80.57
2025-11-29 05:00:00+00:00,92.3
2025-11-29 06:00:00+00:00,104.52
2025-11-29 07:00:00+00:00,101.28
2025-11-29 08:00:00+00:00,110.55
2025-11-29 09:00:00+00:00,102.48
2025-11-29 10:00:00+00:00,108.14
2025-11-29 11:00:00+00:00,100.15
2025-11-29 12:00:00+00:00,92.14
2025-11-29 13:00:00+00:00,95.19
2025-11-29 14:00:00+00:00,108.29
2025-11-29 15:00:00+00:00,102.81
2025-11-29 16:00:00+00:00,98.07
2025-11-29 17:00:00+00:00,96.24
2025-11-29 18:00:00+00:00,89.4
2025-11-29 19:00:00+00:00,81.05
2025-11-29 20:00:00+00:00,78.07
2025-11-29 21:00:00+00:00,78.08
2025-11-29 22:00:00+00:00,65.23
2025-11-29 23:00:00+00:00,69.18
2025-11-30 00:00:00+00:00,64.04
2025-11-30 01:00:00+00:00,63.36
2025-11-30 02:00:00+00:00,64.48
2025-11-30 03:00:00+00:00,52.09
2025-11-30 04:00:00+00:00,52.9
2025-11-30 05:00:00+00:00,50.02
2025-11-30 06:00:00+00:00,58.38
2025-11-30 07:00:00+00:00,59.21
2025-11-30 08:00:00+00:00,68.81
2025-11-30 09:00:00+00:00,69.12
2025-11-30 10:00:00+00:00,70.66
2025-11-30 11:00:00+00:00,70.2
2025-11-30 12:00:00+00:00,79.67
2025-11-30 13:00:00+00:00,84.99
2025-11-30 14:00:00+00:00,90.7
2025-11-30 15:00:00+00:00,89.25
2025-11-30 16:00:00+00:00,98.55
2025-11-30 17:00:00+00:00,92.6
2025-11-30 18:00:00+00:00,90.66
2025-11-30 19:00:00+00:00,89.17
2025-11-30 20:00:00+00:00,85.6
2025-11-30 21:00:00+00:00,85.24
2025-11-30 22:00:00+00:00,82.48
2025-11-30 23:00:00+00:00,92.96
2025-12-01 00:00:00+00:00,94.1
2025-12-01 01:00:00+00:00,91.79
2025-12-01 02:00:00+00:00,91.87
2025-12-01 03:00:00+00:00,95.55
2025-12-01 04:00:00+00:00,106.53
2025-12-01 05:00:00+00:00,121.74
2025-12-01 06:00:00+00:00,135.62
2025-12-01 07:00:00+00:00,134.57
2025-12-01 08:00:00+00:00,123.81
2025-12-01 09:00:00+00:00,110.05
2025-12-01 10:00:00+00:00,112.51
2025-12-01 11:00:00+00:00,110.2
2025-12-01 12:00:00+00:00,115.41
2025-12-01 13:00:00+00:00,123.54
2025-12-01 14:00:00+00:00,115.2
2025-12-01 15:00:00+00:00,114.42
2025-12-01 16:00:00+00:00,119.34
2025-12-01 17:00:00+00:00,118.88
2025-12-01 18:00:00+00:00,111.57
2025-12-01 19:00:00+00:00,100.17
2025-12-01 20:00:00+00:00,90.71
2025-12-01 21:00:00+00:00,87.01
2025-12-01 22:00:00+00:00,72.44
2025-12-01 23:00:00+00:00,62.99
2025-12-02 00:00:00+00:00,63.7
2025-12-02 01:00:00+00:00,59.52
2025-12-02 02:00:00+00:00,58.59
2025-12-02 03:00:00+00:00,58.5
2025-12-02 04:00:00+00:00,68.49
2025-12-02 05:00:00+00:00,90.38
2025-12-02 06:00:00+00:00,104.63
2025-12-02 07:00:00+00:00,110.9
2025-12-02 08:00:00+00:00,112.23
2025-12-02 09:00:00+00:00,103.47
2025-12-02 10:00:00+00:00,102.81
2025-12-02 11:00:00+00:00,102.53
2025-12-02 12:00:00+00:00,109.76
2025-12-02 13:00:00+00:00,131.64
2025-12-02 14:00:00+00:00,165.16
2025-12-02 15:00:00+00:00,160.12
2025-12-02 16:00:00+00:00,151.68
2025-12-02 17:00:00+00:00,156.64
2025-12-02 18:00:00+00:00,164.55
2025-12-02 19:00:00+00:00,157.66
2025-12-02 20:00:00+00:00,130.0
2025-12-02 21:00:00+00:00,120.88
2025-12-02 22:00:00+00:00,106.08
2025-12-02 23:00:00+00:00,109.7
2025-12-03 00:00:00+00:00,105.62
2025-12-03 01:00:00+00:00,104.32
2025-12-03 02:00:00+00:00,104.3
2025-12-03 03:00:00+00:00,105.85
2025-12-03 04:00:00+00:00,111.34
2025-12-03 05:00:00+00:00,140.77
2025-12-03 06:00:00+00:00,189.41
2025-12-03 07:00:00+00:00,237.68
2025-12-03 08:00:00+00:00,236.8
2025-12-03 09:00:00+00:00,207.42
2025-12-03 10:00:00+00:00,168.61
2025-12-03 11:00:00+00:00,165.13
2025-12-03 12:00:00+00:00,171.41
2025-12-03 13:00:00+00:00,199.76
2025-12-03 14:00:00+00:00,332.68
2025-12-03 15:00:00+00:00,316.21
2025-12-03 16:00:00+00:00,328.68
2025-12-03 17:00:00+00:00,319.23
2025-12-03 18:00:00+00:00,229.86
2025-12-03 19:00:00+00:00,185.45
2025-12-03 20:00:00+00:00,129.74
2025-12-03 21:00:00+00:00,117.86
2025-12-03 22:00:00+00:00,99.21
2025-12-03 23:00:00+00:00,98.96
2025-12-04 00:00:00+00:00,92.11
2025-12-04 01:00:00+00:00,91.28
2025-12-04 02:00:00+00:00,91.13
2025-12-04 03:00:00+00:00,92.16
2025-12-04 04:00:00+00:00,96.82
2025-12-04 05:00:00+00:00,143.61
2025-12-04 06:00:00+00:00,163.84
2025-12-04 07:00:00+00:00,198.86
2025-12-04 08:00:00+00:00,183.27
2025-12-04 09:00:00+00:00,152.25
2025-12-04 10:00:00+00:00,149.83
2025-12-04 11:00:00+00:00,147.59
2025-12-04 12:00:00+00:00,154.34
2025-12-04 13:00:00+00:00,148.16
2025-12-04 14:00:00+00:00,165.04
2025-12-04 15:00:00+00:00,199.12
2025-12-04 16:00:00+00:00,164.18
2025-12-04 17:00:00+00:00,152.79
2025-12-04 18:00:00+00:00,154.1
2025-12-04 19:00:00+00:00,127.58
2025-12-04 20:00:00+00:00,123.69
2025-12-04 21:00:00+00:00,113.34
2025-12-04 22:00:00+00:00,106.46
2025-12-04 23:00:00+00:00,104.91
2025-12-05 00:00:00+00:00,106.08
2025-12-05 01:00:00+00:00,103.56
2025-12-05 02:00:00+00:00,104.95
2025-12-05 03:00:00+00:00,109.07
2025-12-05 04:00:00+00:00,116.0
2025-12-05 05:00:00+00:00,142.51
2025-12-05 06:00:00+00:00,163.66
2025-12-05 07:00:00+00:00,184.37
2025-12-05 08:00:00+00:00,181.35
2025-12-05 09:00:00+00:00,168.09
2025-12-05 10:00:00+00:00,177.54
2025-12-05 11:00:00+00:00,193.98
2025-12-05 12:00:00+00:00,189.55
2025-12-05 13:00:00+00:00,210.53
2025-12-05 14:00:00+00:00,228.87
2025-12-05 15:00:00+00:00,171.14
2025-12-05 16:00:00+00:00,193.29
2025-12-05 17:00:00+00:00,178.96
2025-12-05 18:00:00+00:00,148.56
2025-12-05 19:00:00+00:00,126.68
2025-12-05 20:00:00+00:00,109.53
2025-12-05 21:00:00+00:00,106.28
2025-12-05 22:00:00+00:00,95.46
2025-12-05 23:00:00+00:00,88.29
2025-12-06 00:00:00+00:00,82.52
2025-12-06 01:00:00+00:00,77.27
2025-12-06 02:00:00+00:00,73.56
2025-12-06 03:00:00+00:00,69.22
2025-12-06 04:00:00+00:00,67.03
2025-12-06 05:00:00+00:00,70.84
2025-12-06 06:00:00+00:00,82.9
2025-12-06 07:00:00+00:00,85.03
2025-12-06 08:00:00+00:00,78.62
2025-12-06 09:00:00+00:00,80.28
2025-12-06 10:00:00+00:00,85.49
2025-12-06 11:00:00+00:00,82.74
2025-12-06 12:00:00+00:00,95.12
2025-12-06 13:00:00+00:00,96.25
2025-12-06 14:00:00+00:00,98.35
2025-12-06 15:00:00+00:00,93.3
2025-12-06 16:00:00+00:00,96.21
2025-12-06 17:00:00+00:00,97.62
2025-12-06 18:00:00+00:00,83.73
2025-12-06 19:00:00+00:00,69.69
2025-12-06 20:00:00+00:00,63.4
2025-12-06 21:00:00+00:00,62.0
2025-12-06 22:00:00+00:00,52.58
2025-12-06 23:00:00+00:00,55.66
2025-12-07 00:00:00+00:00,44.61
2025-12-07 01:00:00+00:00,49.17
2025-12-07 02:00:00+00:00,49.85
2025-12-07 03:00:00+00:00,48.31
2025-12-07 04:00:00+00:00,55.46
2025-12-07 05:00:00+00:00,53.38
2025-12-07 06:00:00+00:00,64.33
2025-12-07 07:00:00+00:00,69.51
2025-12-07 08:00:00+00:00,77.4
2025-12-07 09:00:00+00:00,84.23
2025-12-07 10:00:00+00:00,88.82
2025-12-07 11:00:00+00:00,90.28
2025-12-07 12:00:00+00:00,101.74
2025-12-07 13:00:00+00:00,107.36
2025-12-07 14:00:00+00:00,104.91
2025-12-07 15:00:00+00:00,106.36
2025-12-07 16:00:00+00:00,114.86
2025-12-07 17:00:00+00:00,106.28
2025-12-07 18:00:00+00:00,97.22
2025-12-07 19:00:00+00:00,81.81
2025-12-07 20:00:00+00:00,75.62
2025-12-07 21:00:00+00:00,61.97
2025-12-07 22:00:00+00:00,42.12
2025-12-07 23:00:00+00:00,10.45
2025-12-08 00:00:00+00:00,4.93
2025-12-08 01:00:00+00:00,2.01
2025-12-08 02:00:00+00:00,-0.74
2025-12-08 03:00:00+00:00,5.67
2025-12-08 04:00:00+00:00,15.76
2025-12-08 05:00:00+00:00,49.52
2025-12-08 06:00:00+00:00,89.28
2025-12-08 07:00:00+00:00,92.27
2025-12-08 08:00:00+00:00,84.67
2025-12-08 09:00:00+00:00,76.57
2025-12-08 10:00:00+00:00,71.93
2025-12-08 11:00:00+00:00,72.0
2025-12-08 12:00:00+00:00,79.56
2025-12-08 13:00:00+00:00,90.32
2025-12-08 14:00:00+00:00,95.19
2025-12-08 15:00:00+00:00,94.13
2025-12-08 16:00:00+00:00,92.92
2025-12-08 17:00:00+00:00,90.16
2025-12-08 18:00:00+00:00,92.96
2025-12-08 19:00:00+00:00,82.67
2025-12-08 20:00:00+00:00,78.31
2025-12-08 21:00:00+00:00,73.99
2025-12-08 22:00:00+00:00,67.58
2025-12-08 23:00:00+00:00,59.93
2025-12-09 00:00:00+00:00,62.36
2025-12-09 01:00:00+00:00,68.88
2025-12-09 02:00:00+00:00,73.42
2025-12-09 03:00:00+00:00,76.8
2025-12-09 04:00:00+00:00,81.09
2025-12-09 05:00:00+00:00,101.56
2025-12-09 06:00:00+00:00,122.37
2025-12-09 07:00:00+00:00,135.71
2025-12-09 08:00:00+00:00,122.59
2025-12-09 09:00:00+00:00,101.22
2025-12-09 10:00:00+00:00,92.22
2025-12-09 11:00:00+00:00,89.35
2025-12-09 12:00:00+00:00,96.38
2025-12-09 13:00:00+00:00,106.43
2025-12-09 14:00:00+00:00,126.75
2025-12-09 15:00:00+00:00,130.03
2025-12-09 16:00:00+00:00,123.8
2025-12-09 17:00:00+00:00,108.37
2025-12-09 18:00:00+00:00,99.93
2025-12-09 19:00:00+00:00,87.39
2025-12-09 20:00:00+00:00,78.15
2025-12-09 21:00:00+00:00,67.21
2025-12-09 22:00:00+00:00,52.26
2025-12-09 23:00:00+00:00,46.18
2025-12-10 00:00:00+00:00,44.4
2025-12-10 01:00:00+00:00,42.1
2025-12-10 02:00:00+00:00,38.5
2025-12-10 03:00:00+00:00,42.36
2025-12-10 04:00:00+00:00,58.46
2025-12-10 05:00:00+00:00,81.43
2025-12-10 06:00:00+00:00,94.84
2025-12-10 07:00:00+00:00,109.28
2025-12-10 08:00:00+00:00,103.46
2025-12-10 09:00:00+00:00,99.3
2025-12-10 10:00:00+00:00,97.52
2025-12-10 11:00:00+00:00,95.52
2025-12-10 12:00:00+00:00,100.54
2025-12-10 13:00:00+00:00,105.88
2025-12-10 14:00:00+00:00,108.8
2025-12-10 15:00:00+00:00,110.06
2025-12-10 16:00:00+00:00,111.16
2025-12-10 17:00:00+00:00,113.26
2025-12-10 18:00:00+00:00,103.4
2025-12-10 19:00:00+00:00,92.19
2025-12-10 20:00:00+00:00,91.8
2025-12-10 21:00:00+00:00,88.19
2025-12-10 22:00:00+00:00,74.75
2025-12-10 23:00:00+00:00,63.46
2025-12-11 00:00:00+00:00,60.25
2025-12-11 01:00:00+00:00,58.12
2025-12-11 02:00:00+00:00,59.62
2025-12-11 03:00:00+00:00,68.48
2025-12-11 04:00:00+00:00,72.86
2025-12-11 05:00:00+00:00,91.83
2025-12-11 06:00:00+00:00,101.21
2025-12-11 07:00:00+00:00,106.97
2025-12-11 08:00:00+00:00,107.81
2025-12-11 09:00:00+00:00,95.19
2025-12-11 10:00:00+00:00,91.5
2025-12-11 11:00:00+00:00,89.74
2025-12-11 12:00:00+00:00,94.39
2025-12-11 13:00:00+00:00,100.57
2025-12-11 14:00:00+00:00,110.66
2025-12-11 15:00:00+00:00,117.12
2025-12-11 16:00:00+00:00,118.77
2025-12-11 17:00:00+00:00,117.08
2025-12-11 18:00:00+00:00,113.72
2025-12-11 19:00:00+00:00,108.77
2025-12-11 20:00:00+00:00,108.19
2025-12-11 21:00:00+00:00,107.31
2025-12-11 22:00:00+00:00,104.97
2025-12-11 23:00:00+00:00,100.33
2025-12-12 00:00:00+00:00,96.29
2025-12-12 01:00:00+00:00,95.8
2025-12-12 02:00:00+00:00,98.35
2025-12-12 03:00:00+00:00,97.31
2025-12-12 04:00:00+00:00,101.67
2025-12-12 05:00:00+00:00,118.97
2025-12-12 06:00:00+00:00,148.48
2025-12-12 07:00:00+00:00,174.77
2025-12-12 08:00:00+00:00,151.41
2025-12-12 09:00:00+00:00,134.34
2025-12-12 10:00:00+00:00,133.27
2025-12-12 11:00:00+00:00,134.87
2025-12-12 12:00:00+00:00,143.8
2025-12-12 13:00:00+00:00,164.9
2025-12-12 14:00:00+00:00,188.2
2025-12-12 15:00:00+00:00,205.12
2025-12-12 16:00:00+00:00,179.69
2025-12-12 17:00:00+00:00,176.4
2025-12-12 18:00:00+00:00,144.59
2025-12-12 19:00:00+00:00,115.88
2025-12-12 20:00:00+00:00,103.7
2025-12-12 21:00:00+00:00,101.7
2025-12-12 22:00:00+00:00,96.38
2025-12-12 23:00:00+00:00,96.17
2025-12-13 00:00:00+00:00,90.7
2025-12-13 01:00:00+00:00,89.99
2025-12-13 02:00:00+00:00,87.07
2025-12-13 03:00:00+00:00,87.76
2025-12-13 04:00:00+00:00,88.79
2025-12-13 05:00:00+00:00,87.4
2025-12-13 06:00:00+00:00,97.51
2025-12-13 07:00:00+00:00,102.55
2025-12-13 08:00:00+00:00,109.71
2025-12-13 09:00:00+00:00,111.11
2025-12-13 10:00:00+00:00,107.24
2025-12-13 11:00:00+00:00,103.2
2025-12-13 12:00:00+00:00,107.74
2025-12-13 13:00:00+00:00,109.24
2025-12-13 14:00:00+00:00,112.38
2025-12-13 15:00:00+00:00,120.54
2025-12-13 16:00:00+00:00,123.62
2025-12-13 17:00:00+00:00,114.99
2025-12-13 18:00:00+00:00,110.1
2025-12-13 19:00:00+00:00,99.56
2025-12-13 20:00:00+00:00,99.03
2025-12-13 21:00:00+00:00,94.69
2025-12-13 22:00:00+00:00,87.08
2025-12-13 23:00:00+00:00,84.28
2025-12-14 00:00:00+00:00,81.82
2025-12-14 01:00:00+00:00,80.18
2025-12-14 02:00:00+00:00,77.95
2025-12-14 03:00:00+00:00,76.53
2025-12-14 04:00:00+00:00,76.05
2025-12-14 05:00:00+00:00,69.04
2025-12-14 06:00:00+00:00,66.73
2025-12-14 07:00:00+00:00,71.92
2025-12-14 08:00:00+00:00,85.44
2025-12-14 09:00:00+00:00,81.49
2025-12-14 10:00:00+00:00,76.65
2025-12-14 11:00:00+00:00,73.21
2025-12-14 12:00:00+00:00,76.22
2025-12-14 13:00:00+00:00,79.39
2025-12-14 14:00:00+00:00,94.39
2025-12-14 15:00:00+00:00,102.66
2025-12-14 16:00:00+00:00,106.38
2025-12-14 17:00:00+00:00,94.02
2025-12-14 18:00:00+00:00,87.38
2025-12-14 19:00:00+00:00,80.51
2025-12-14 20:00:00+00:00,74.72
2025-12-14 21:00:00+00:00,79.5
2025-12-14 22:00:00+00:00,65.32
2025-12-14 23:00:00+00:00,74.45
2025-12-15 00:00:00+00:00,70.08
2025-12-15 01:00:00+00:00,57.33
2025-12-15 02:00:00+00:00,50.96
2025-12-15 03:00:00+00:00,49.63
2025-12-15 04:00:00+00:00,67.83
2025-12-15 05:00:00+00:00,75.66
2025-12-15 06:00:00+00:00,94.08
2025-12-15 07:00:00+00:00,112.1
2025-12-15 08:00:00+00:00,101.79
2025-12-15 09:00:00+00:00,89.93
2025-12-15 10:00:00+00:00,85.41
2025-12-15 11:00:00+00:00,85.02
2025-12-15 12:00:00+00:00,88.19
2025-12-15 13:00:00+00:00,104.7
2025-12-15 14:00:00+00:00,114.36
2025-12-15 15:00:00+00:00,119.74
2025-12-15 16:00:00+00:00,112.58
2025-12-15 17:00:00+00:00,106.05
2025-12-15 18:00:00+00:00,101.13
2025-12-15 19:00:00+00:00,88.72
2025-12-15 20:00:00+00:00,81.63
2025-12-15 21:00:00+00:00,86.05
2025-12-15 22:00:00+00:00,76.8
2025-12-15 23:00:00+00:00,86.52
2025-12-16 00:00:00+00:00,88.23
2025-12-16 01:00:00+00:00,86.25
2025-12-16 02:00:00+00:00,89.58
2025-12-16 03:00:00+00:00,89.56
2025-12-16 04:00:00+00:00,94.88
2025-12-16 05:00:00+00:00,99.77
2025-12-16 06:00:00+00:00,117.75
2025-12-16 07:00:00+00:00,123.36
2025-12-16 08:00:00+00:00,109.07
2025-12-16 09:00:00+00:00,100.15
2025-12-16 10:00:00+00:00,95.71
2025-12-16 11:00:00+00:00,104.6
2025-12-16 12:00:00+00:00,106.14
2025-12-16 13:00:00+00:00,120.23
2025-12-16 14:00:00+00:00,156.69
2025-12-16 15:00:00+00:00,186.76
2025-12-16 16:00:00+00:00,170.31
2025-12-16 17:00:00+00:00,158.23
2025-12-16 18:00:00+00:00,148.46
2025-12-16 19:00:00+00:00,128.42
2025-12-16 20:00:00+00:00,117.69
2025-12-16 21:00:00+00:00,112.8
2025-12-16 22:00:00+00:00,106.76
2025-12-16 23:00:00+00:00,102.23
2025-12-17 00:00:00+00:00,98.18
2025-12-17 01:00:00+00:00,98.25
2025-12-17 02:00:00+00:00,97.82
2025-12-17 03:00:00+00:00,94.59
2025-12-17 04:00:00+00:00,98.03
2025-12-17 05:00:00+00:00,107.55
2025-12-17 06:00:00+00:00,126.08
2025-12-17 07:00:00+00:00,130.76
2025-12-17 08:00:00+00:00,123.83
2025-12-17 09:00:00+00:00,112.09
2025-12-17 10:00:00+00:00,107.06
2025-12-17 11:00:00+00:00,107.71
2025-12-17 12:00:00+00:00,109.36
2025-12-17 13:00:00+00:00,123.1
2025-12-17 14:00:00+00:00,129.49
2025-12-17 15:00:00+00:00,134.03
2025-12-17 16:00:00+00:00,143.9
2025-12-17 17:00:00+00:00,129.51
2025-12-17 18:00:00+00:00,125.09
2025-12-17 19:00:00+00:00,109.77
2025-12-17 20:00:00+00:00,101.82
2025-12-17 21:00:00+00:00,99.25
2025-12-17 22:00:00+00:00,86.18
2025-12-17 23:00:00+00:00,76.86
2025-12-18 00:00:00+00:00,71.8
2025-12-18 01:00:00+00:00,58.57
2025-12-18 02:00:00+00:00,57.51
2025-12-18 03:00:00+00:00,55.33
2025-12-18 04:00:00+00:00,59.31
2025-12-18 05:00:00+00:00,79.63
2025-12-18 06:00:00+00:00,85.46
2025-12-18 07:00:00+00:00,94.64
2025-12-18 08:00:00+00:00,87.88
2025-12-18 09:00:00+00:00,83.11
2025-12-18 10:00:00+00:00,76.9
2025-12-18 11:00:00+00:00,75.02
2025-12-18 12:00:00+00:00,81.54
2025-12-18 13:00:00+00:00,92.19
2025-12-18 14:00:00+00:00,98.12
2025-12-18 15:00:00+00:00,101.81
2025-12-18 16:00:00+00:00,103.8
2025-12-18 17:00:00+00:00,88.1
2025-12-18 18:00:00+00:00,69.21
2025-12-18 19:00:00+00:00,47.34
2025-12-18 20:00:00+00:00,39.94
2025-12-18 21:00:00+00:00,43.04
2025-12-18 22:00:00+00:00,31.02
2025-12-18 23:00:00+00:00,17.69
2025-12-19 00:00:00+00:00,10.87
2025-12-19 01:00:00+00:00,6.41
2025-12-19 02:00:00+00:00,4.9
2025-12-19 03:00:00+00:00,12.97
2025-12-19 04:00:00+00:00,16.59
2025-12-19 05:00:00+00:00,55.08
2025-12-19 06:00:00+00:00,79.26
2025-12-19 07:00:00+00:00,89.6
2025-12-19 08:00:00+00:00,90.1
2025-12-19 09:00:00+00:00,91.79
2025-12-19 10:00:00+00:00,90.98
2025-12-19 11:00:00+00:00,92.26
2025-12-19 12:00:00+00:00,101.59
2025-12-19 13:00:00+00:00,114.96
2025-12-19 14:00:00+00:00,125.5
2025-12-19 15:00:00+00:00,126.88
2025-12-19 16:00:00+00:00,124.02
2025-12-19 17:00:00+00:00,125.8
2025-12-19 18:00:00+00:00,118.65
2025-12-19 19:00:00+00:00,111.57
2025-12-19 20:00:00+00:00,106.8
2025-12-19 21:00:00+00:00,104.51
2025-12-19 22:00:00+00:00,99.64
2025-12-19 23:00:00+00:00,83.34
2025-12-20 00:00:00+00:00,81.95
2025-12-20 01:00:00+00:00,81.92
2025-12-20 02:00:00+00:00,81.15
2025-12-20 03:00:00+00:00,83.11
2025-12-20 04:00:00+00:00,81.92
2025-12-20 05:00:00+00:00,90.93
2025-12-20 06:00:00+00:00,100.97
2025-12-20 07:00:00+00:00,115.3
2025-12-20 08:00:00+00:00,121.9
2025-12-20 09:00:00+00:00,112.3
2025-12-20 10:00:00+00:00,107.77
2025-12-20 11:00:00+00:00,101.97
2025-12-20 12:00:00+00:00,102.77
2025-12-20 13:00:00+00:00,112.58
2025-12-20 14:00:00+00:00,116.93
2025-12-20 15:00:00+00:00,118.25
2025-12-20 16:00:00+00:00,123.41
2025-12-20 17:00:00+00:00,122.34
2025-12-20 18:00:00+00:00,113.95
2025-12-20 19:00:00+00:00,99.26
2025-12-20 20:00:00+00:00,93.61
2025-12-20 21:00:00+00:00,89.81
2025-12-20 22:00:00+00:00,85.25
2025-12-20 23:00:00+00:00,88.04
2025-12-21 00:00:00+00:00,84.52
2025-12-21 01:00:00+00:00,79.03
2025-12-21 02:00:00+00:00,76.0
2025-12-21 03:00:00+00:00,80.85
2025-12-21 04:00:00+00:00,84.68
2025-12-21 05:00:00+00:00,81.05
2025-12-21 06:00:00+00:00,81.97
2025-12-21 07:00:00+00:00,85.43
2025-12-21 08:00:00+00:00,89.01
2025-12-21 09:00:00+00:00,88.69
2025-12-21 10:00:00+00:00,88.77
2025-12-21 11:00:00+00:00,88.51
2025-12-21 12:00:00+00:00,85.52
2025-12-21 13:00:00+00:00,87.65
2025-12-21 14:00:00+00:00,90.21
2025-12-21 15:00:00+00:00,92.48
2025-12-21 16:00:00+00:00,97.2
2025-12-21 17:00:00+00:00,92.85
2025-12-21 18:00:00+00:00,79.34
2025-12-21 19:00:00+00:00,73.01
2025-12-21 20:00:00+00:00,73.46
2025-12-21 21:00:00+00:00,73.31
2025-12-21 22:00:00+00:00,68.42
2025-12-21 23:00:00+00:00,54.01
2025-12-22 00:00:00+00:00,56.32
2025-12-22 01:00:00+00:00,51.37
2025-12-22 02:00:00+00:00,58.16
2025-12-22 03:00:00+00:00,65.64
2025-12-22 04:00:00+00:00,71.62
2025-12-22 05:00:00+00:00,79.77
2025-12-22 06:00:00+00:00,93.06
2025-12-22 07:00:00+00:00,101.35
2025-12-22 08:00:00+00:00,105.93
2025-12-22 09:00:00+00:00,105.31
2025-12-22 10:00:00+00:00,101.28
2025-12-22 11:00:00+00:00,100.9
2025-12-22 12:00:00+00:00,101.01
2025-12-22 13:00:00+00:00,106.21
2025-12-22 14:00:00+00:00,111.55
2025-12-22 15:00:00+00:00,109.86
2025-12-22 16:00:00+00:00,105.69
2025-12-22 17:00:00+00:00,99.96
2025-12-22 18:00:00+00:00,101.69
2025-12-22 19:00:00+00:00,99.27
2025-12-22 20:00:00+00:00,96.03
2025-12-22 21:00:00+00:00,93.1
2025-12-22 22:00:00+00:00,84.65
2025-12-22 23:00:00+00:00,77.15
2025-12-23 00:00:00+00:00,61.41
2025-12-23 01:00:00+00:00,54.68
2025-12-23 02:00:00+00:00,49.1
2025-12-23 03:00:00+00:00,48.77
2025-12-23 04:00:00+00:00,52.97
2025-12-23 05:00:00+00:00,73.36
2025-12-23 06:00:00+00:00,83.47
2025-12-23 07:00:00+00:00,86.71
2025-12-23 08:00:00+00:00,83.94
2025-12-23 09:00:00+00:00,83.02
2025-12-23 10:00:00+00:00,77.35
2025-12-23 11:00:00+00:00,79.59
2025-12-23 12:00:00+00:00,81.58
2025-12-23 13:00:00+00:00,82.78
2025-12-23 14:00:00+00:00,84.88
2025-12-23 15:00:00+00:00,85.17
2025-12-23 16:00:00+00:00,86.16
2025-12-23 17:00:00+00:00,82.87
2025-12-23 18:00:00+00:00,83.28
2025-12-23 19:00:00+00:00,76.47
2025-12-23 20:00:00+00:00,64.17
2025-12-23 21:00:00+00:00,61.78
2025-12-23 22:00:00+00:00,56.73
2025-12-23 23:00:00+00:00,43.64
2025-12-24 00:00:00+00:00,40.03
2025-12-24 01:00:00+00:00,38.19
2025-12-24 02:00:00+00:00,37.51
2025-12-24 03:00:00+00:00,39.52
2025-12-24 04:00:00+00:00,45.89
2025-12-24 05:00:00+00:00,71.0
2025-12-24 06:00:00+00:00,78.68
2025-12-24 07:00:00+00:00,89.53
2025-12-24 08:00:00+00:00,89.39
2025-12-24 09:00:00+00:00,84.27
2025-12-24 10:00:00+00:00,74.76
2025-12-24 11:00:00+00:00,71.51
2025-12-24 12:00:00+00:00,73.28
2025-12-24 13:00:00+00:00,81.57
2025-12-24 14:00:00+00:00,86.26
2025-12-24 15:00:00+00:00,87.09
2025-12-24 16:00:00+00:00,88.47
2025-12-24 17:00:00+00:00,79.91
2025-12-24 18:00:00+00:00,81.51
2025-12-24 19:00:00+00:00,73.63
2025-12-24 20:00:00+00:00,63.89
2025-12-24 21:00:00+00:00,64.56
2025-12-24 22:00:00+00:00,56.58
2025-12-24 23:00:00+00:00,32.46
2025-12-25 00:00:00+00:00,30.92
2025-12-25 01:00:00+00:00,27.41
2025-12-25 02:00:00+00:00,28.61
2025-12-25 03:00:00+00:00,31.01
2025-12-25 04:00:00+00:00,33.64
2025-12-25 05:00:00+00:00,52.64
2025-12-25 06:00:00+00:00,57.22
2025-12-25 07:00:00+00:00,50.33
2025-12-25 08:00:00+00:00,45.43
2025-12-25 09:00:00+00:00,37.21
2025-12-25 10:00:00+00:00,32.86
2025-12-25 11:00:00+00:00,33.14
2025-12-25 12:00:00+00:00,34.78
2025-12-25 13:00:00+00:00,49.5
2025-12-25 14:00:00+00:00,76.18
2025-12-25 15:00:00+00:00,76.12
2025-12-25 16:00:00+00:00,87.69
2025-12-25 17:00:00+00:00,88.89
2025-12-25 18:00:00+00:00,88.23
2025-12-25 19:00:00+00:00,81.69
2025-12-25 20:00:00+00:00,78.28
2025-12-25 21:00:00+00:00,87.37
2025-12-25 22:00:00+00:00,84.57
2025-12-25 23:00:00+00:00,81.37
2025-12-26 00:00:00+00:00,79.03
2025-12-26 01:00:00+00:00,76.4
2025-12-26 02:00:00+00:00,75.77
2025-12-26 03:00:00+00:00,75.61
2025-12-26 04:00:00+00:00,75.42
2025-12-26 05:00:00+00:00,80.84
2025-12-26 06:00:00+00:00,86.49
2025-12-26 07:00:00+00:00,81.07
2025-12-26 08:00:00+00:00,78.15
2025-12-26 09:00:00+00:00,60.99
2025-12-26 10:00:00+00:00,54.39
2025-12-26 11:00:00+00:00,54.57
2025-12-26 12:00:00+00:00,60.64
2025-12-26 13:00:00+00:00,75.49
2025-12-26 14:00:00+00:00,92.7
2025-12-26 15:00:00+00:00,95.12
2025-12-26 16:00:00+00:00,110.96
2025-12-26 17:00:00+00:00,113.89
2025-12-26 18:00:00+00:00,106.53
2025-12-26 19:00:00+00:00,96.12
2025-12-26 20:00:00+00:00,94.55
2025-12-26 21:00:00+00:00,91.41
2025-12-26 22:00:00+00:00,86.96
2025-12-26 23:00:00+00:00,96.17
2025-12-27 00:00:00+00:00,91.93
2025-12-27 01:00:00+00:00,88.62
2025-12-27 02:00:00+00:00,88.59
2025-12-27 03:00:00+00:00,83.88
2025-12-27 04:00:00+00:00,83.45
2025-12-27 05:00:00+00:00,81.83
2025-12-27 06:00:00+00:00,87.53
2025-12-27 07:00:00+00:00,88.65
2025-12-27 08:00:00+00:00,82.27
2025-12-27 09:00:00+00:00,76.76
2025-12-27 10:00:00+00:00,66.06
2025-12-27 11:00:00+00:00,61.99
2025-12-27 12:00:00+00:00,61.79
2025-12-27 13:00:00+00:00,70.61
2025-12-27 14:00:00+00:00,83.42
2025-12-27 15:00:00+00:00,94.22
2025-12-27 16:00:00+00:00,94.51
2025-12-27 17:00:00+00:00,95.91
2025-12-27 18:00:00+00:00,93.13
2025-12-27 19:00:00+00:00,94.74
2025-12-27 20:00:00+00:00,96.06
2025-12-27 21:00:00+00:00,97.8
2025-12-27 22:00:00+00:00,87.92
2025-12-27 23:00:00+00:00,91.01
2025-12-28 00:00:00+00:00,88.52
2025-12-28 01:00:00+00:00,82.54
2025-12-28 02:00:00+00:00,82.26
2025-12-28 03:00:00+00:00,87.89
2025-12-28 04:00:00+00:00,86.08
2025-12-28 05:00:00+00:00,89.07
2025-12-28 06:00:00+00:00,99.68
2025-12-28 07:00:00+00:00,106.34
2025-12-28 08:00:00+00:00,102.12
2025-12-28 09:00:00+00:00,96.99
2025-12-28 10:00:00+00:00,88.94
2025-12-28 11:00:00+00:00,85.98
2025-12-28 12:00:00+00:00,88.4
2025-12-28 13:00:00+00:00,100.49
2025-12-28 14:00:00+00:00,107.06
2025-12-28 15:00:00+00:00,111.74
2025-12-28 16:00:00+00:00,111.45
2025-12-28 17:00:00+00:00,113.02
2025-12-28 18:00:00+00:00,110.62
2025-12-28 19:00:00+00:00,102.56
2025-12-28 20:00:00+00:00,89.17
2025-12-28 21:00:00+00:00,88.16
2025-12-28 22:00:00+00:00,78.07
2025-12-28 23:00:00+00:00,74.2
2025-12-29 00:00:00+00:00,68.68
2025-12-29 01:00:00+00:00,64.12
2025-12-29 02:00:00+00:00,57.18
2025-12-29 03:00:00+00:00,64.54
2025-12-29 04:00:00+00:00,72.0
2025-12-29 05:00:00+00:00,85.8
2025-12-29 06:00:00+00:00,95.86
2025-12-29 07:00:00+00:00,105.43
2025-12-29 08:00:00+00:00,97.61
2025-12-29 09:00:00+00:00,94.8
2025-12-29 10:00:00+00:00,89.01
2025-12-29 11:00:00+00:00,86.13
2025-12-29 12:00:00+00:00,86.43
2025-12-29 13:00:00+00:00,88.74
2025-12-29 14:00:00+00:00,89.84
2025-12-29 15:00:00+00:00,95.98
2025-12-29 16:00:00+00:00,94.17
2025-12-29 17:00:00+00:00,95.07
2025-12-29 18:00:00+00:00,95.34
2025-12-29 19:00:00+00:00,90.24
2025-12-29 20:00:00+00:00,83.99
2025-12-29 21:00:00+00:00,88.32
2025-12-29 22:00:00+00:00,82.43
2025-12-29 23:00:00+00:00,82.84
2025-12-30 00:00:00+00:00,77.17
2025-12-30 01:00:00+00:00,77.76
2025-12-30 02:00:00+00:00,74.01
2025-12-30 03:00:00+00:00,74.54
2025-12-30 04:00:00+00:00,79.14
2025-12-30 05:00:00+00:00,89.51
2025-12-30 06:00:00+00:00,103.15
2025-12-30 07:00:00+00:00,108.64
2025-12-30 08:00:00+00:00,103.12
2025-12-30 09:00:00+00:00,86.57
2025-12-30 10:00:00+00:00,80.75
2025-12-30 11:00:00+00:00,78.86
2025-12-30 12:00:00+00:00,80.02
2025-12-30 13:00:00+00:00,93.02
2025-12-30 14:00:00+00:00,110.74
2025-12-30 15:00:00+00:00,123.92
2025-12-30 16:00:00+00:00,118.44
2025-12-30 17:00:00+00:00,119.5
2025-12-30 18:00:00+00:00,112.59
2025-12-30 19:00:00+00:00,105.57
2025-12-30 20:00:00+00:00,98.28
2025-12-30 21:00:00+00:00,97.27
2025-12-30 22:00:00+00:00,90.35
2025-12-30 23:00:00+00:00,92.73
2025-12-31 00:00:00+00:00,89.6
2025-12-31 01:00:00+00:00,85.79
2025-12-31 02:00:00+00:00,78.32
2025-12-31 03:00:00+00:00,73.57
2025-12-31 04:00:00+00:00,65.59
2025-12-31 05:00:00+00:00,75.51
2025-12-31 06:00:00+00:00,86.07
2025-12-31 07:00:00+00:00,88.38
2025-12-31 08:00:00+00:00,84.57
2025-12-31 09:00:00+00:00,80.77
2025-12-31 10:00:00+00:00,77.93
2025-12-31 11:00:00+00:00,74.26
2025-12-31 12:00:00+00:00,75.09
2025-12-31 13:00:00+00:00,79.51
2025-12-31 14:00:00+00:00,86.8
2025-12-31 15:00:00+00:00,89.48
2025-12-31 16:00:00+00:00,91.44
2025-12-31 17:00:00+00:00,91.8
2025-12-31 18:00:00+00:00,94.09
2025-12-31 19:00:00+00:00,79.47
2025-12-31 20:00:00+00:00,73.96
2025-12-31 21:00:00+00:00,69.78
2025-12-31 22:00:00+00:00,57.48
2025-12-31 23:00:00+00:00,35.32
2026-01-01 00:00:00+00:00,23.97
2026-01-01 01:00:00+00:00,9.14
2026-01-01 02:00:00+00:00,6.27
2026-01-01 03:00:00+00:00,4.37
2026-01-01 04:00:00+00:00,3.02
2026-01-01 05:00:00+00:00,6.16
2026-01-01 06:00:00+00:00,30.0
2026-01-01 07:00:00+00:00,33.31
2026-01-01 08:00:00+00:00,22.05
2026-01-01 09:00:00+00:00,19.27
2026-01-01 10:00:00+00:00,5.41
2026-01-01 11:00:00+00:00,4.88
2026-01-01 12:00:00+00:00,13.64
2026-01-01 13:00:00+00:00,14.42
2026-01-01 14:00:00+00:00,20.51
2026-01-01 15:00:00+00:00,20.09
2026-01-01 16:00:00+00:00,27.74
2026-01-01 17:00:00+00:00,27.19
2026-01-01 18:00:00+00:00,21.03
2026-01-01 19:00:00+00:00,14.68
2026-01-01 20:00:00+00:00,1.22
2026-01-01 21:00:00+00:00,0.99
2026-01-01 22:00:00+00:00,-1.89
2026-01-01 23:00:00+00:00,16.17
2026-01-02 00:00:00+00:00,12.76
2026-01-02 01:00:00+00:00,4.66
2026-01-02 02:00:00+00:00,4.74
2026-01-02 03:00:00+00:00,5.03
2026-01-02 04:00:00+00:00,4.53
2026-01-02 05:00:00+00:00,4.33
2026-01-02 06:00:00+00:00,11.71
2026-01-02 07:00:00+00:00,20.07
2026-01-02 08:00:00+00:00,19.85
2026-01-02 09:00:00+00:00,13.25
2026-01-02 10:00:00+00:00,9.93
2026-01-02 11:00:00+00:00,11.9
2026-01-02 12:00:00+00:00,13.81
2026-01-02 13:00:00+00:00,23.45
2026-01-02 14:00:00+00:00,41.09
2026-01-02 15:00:00+00:00,48.8
2026-01-02 16:00:00+00:00,65.78
2026-01-02 17:00:00+00:00,67.44
2026-01-02 18:00:00+00:00,74.71
2026-01-02 19:00:00+00:00,61.93
2026-01-02 20:00:00+00:00,65.89
2026-01-02 21:00:00+00:00,80.52
2026-01-02 22:00:00+00:00,67.38
2026-01-02 23:00:00+00:00,34.57
2026-01-03 00:00:00+00:00,33.02
2026-01-03 01:00:00+00:00,35.41
2026-01-03 02:00:00+00:00,33.65
2026-01-03 03:00:00+00:00,34.96
2026-01-03 04:00:00+00:00,38.71
2026-01-03 05:00:00+00:00,40.06
2026-01-03 06:00:00+00:00,52.44
2026-01-03 07:00:00+00:00,58.41
2026-01-03 08:00:00+00:00,55.99
2026-01-03 09:00:00+00:00,41.03
2026-01-03 10:00:00+00:00,27.95
2026-01-03 11:00:00+00:00,26.2
2026-01-03 12:00:00+00:00,21.45
2026-01-03 13:00:00+00:00,29.64
2026-01-03 14:00:00+00:00,48.15
2026-01-03 15:00:00+00:00,57.76
2026-01-03 16:00:00+00:00,62.81
2026-01-03 17:00:00+00:00,62.88
2026-01-03 18:00:00+00:00,60.82
2026-01-03 19:00:00+00:00,55.76
2026-01-03 20:00:00+00:00,52.97
2026-01-03 21:00:00+00:00,59.54
2026-01-03 22:00:00+00:00,47.71
2026-01-03 23:00:00+00:00,40.64
2026-01-04 00:00:00+00:00,43.67
2026-01-04 01:00:00+00:00,40.87
2026-01-04 02:00:00+00:00,43.65
2026-01-04 03:00:00+00:00,43.93
2026-01-04 04:00:00+00:00,51.15
2026-01-04 05:00:00+00:00,53.69
2026-01-04 06:00:00+00:00,64.9
2026-01-04 07:00:00+00:00,71.04
2026-01-04 08:00:00+00:00,72.93
2026-01-04 09:00:00+00:00,68.19
2026-01-04 10:00:00+00:00,64.81
2026-01-04 11:00:00+00:00,58.53
2026-01-04 12:00:00+00:00,58.77
2026-01-04 13:00:00+00:00,70.6
2026-01-04 14:00:00+00:00,85.52
2026-01-04 15:00:00+00:00,94.45
2026-01-04 16:00:00+00:00,97.91
2026-01-04 17:00:00+00:00,97.15
2026-01-04 18:00:00+00:00,95.44
2026-01-04 19:00:00+00:00,94.17
2026-01-04 20:00:00+00:00,85.1
2026-01-04 21:00:00+00:00,85.66
2026-01-04 22:00:00+00:00,86.13
2026-01-04 23:00:00+00:00,104.14
2026-01-05 00:00:00+00:00,95.49
2026-01-05 01:00:00+00:00,93.69
2026-01-05 02:00:00+00:00,91.29
2026-01-05 03:00:00+00:00,92.23
2026-01-05 04:00:00+00:00,98.19
2026-01-05 05:00:00+00:00,110.63
2026-01-05 06:00:00+00:00,126.96
2026-01-05 07:00:00+00:00,138.54
2026-01-05 08:00:00+00:00,140.24
2026-01-05 09:00:00+00:00,137.08
2026-01-05 10:00:00+00:00,133.01
2026-01-05 11:00:00+00:00,136.58
2026-01-05 12:00:00+00:00,133.07
2026-01-05 13:00:00+00:00,142.66
2026-01-05 14:00:00+00:00,146.4
2026-01-05 15:00:00+00:00,160.8
2026-01-05 16:00:00+00:00,167.18
2026-01-05 17:00:00+00:00,163.95
2026-01-05 18:00:00+00:00,164.89
2026-01-05 19:00:00+00:00,152.29
2026-01-05 20:00:00+00:00,128.33
2026-01-05 21:00:00+00:00,117.78
2026-01-05 22:00:00+00:00,109.27
2026-01-05 23:00:00+00:00,110.93
2026-01-06 00:00:00+00:00,106.49
2026-01-06 01:00:00+00:00,99.22
2026-01-06 02:00:00+00:00,99.69
2026-01-06 03:00:00+00:00,101.63
2026-01-06 04:00:00+00:00,109.69
2026-01-06 05:00:00+00:00,137.88
2026-01-06 06:00:00+00:00,177.02
2026-01-06 07:00:00+00:00,244.91
2026-01-06 08:00:00+00:00,239.68
2026-01-06 09:00:00+00:00,196.47
2026-01-06 10:00:00+00:00,172.98
2026-01-06 11:00:00+00:00,169.59
2026-01-06 12:00:00+00:00,160.51
2026-01-06 13:00:00+00:00,160.12
2026-01-06 14:00:00+00:00,169.36
2026-01-06 15:00:00+00:00,209.42
2026-01-06 16:00:00+00:00,222.98
2026-01-06 17:00:00+00:00,184.0
2026-01-06 18:00:00+00:00,173.07
2026-01-06 19:00:00+00:00,140.73
2026-01-06 20:00:00+00:00,129.01
2026-01-06 21:00:00+00:00,128.94
2026-01-06 22:00:00+00:00,110.37
2026-01-06 23:00:00+00:00,100.59
2026-01-07 00:00:00+00:00,94.19
2026-01-07 01:00:00+00:00,89.79
2026-01-07 02:00:00+00:00,79.59
2026-01-07 03:00:00+00:00,84.65
2026-01-07 04:00:00+00:00,89.81
2026-01-07 05:00:00+00:00,94.93
2026-01-07 06:00:00+00:00,110.32
2026-01-07 07:00:00+00:00,125.31
2026-01-07 08:00:00+00:00,113.16
2026-01-07 09:00:00+00:00,92.07
2026-01-07 10:00:00+00:00,83.57
2026-01-07 11:00:00+00:00,76.72
2026-01-07 12:00:00+00:00,84.96
2026-01-07 13:00:00+00:00,86.36
2026-01-07 14:00:00+00:00,88.51
2026-01-07 15:00:00+00:00,99.55
2026-01-07 16:00:00+00:00,112.05
2026-01-07 17:00:00+00:00,117.18
2026-01-07 18:00:00+00:00,110.75
2026-01-07 19:00:00+00:00,99.34
2026-01-07 20:00:00+00:00,90.19
2026-01-07 21:00:00+00:00,88.69
2026-01-07 22:00:00+00:00,77.6
2026-01-07 23:00:00+00:00,77.55
2026-01-08 00:00:00+00:00,74.58
2026-01-08 01:00:00+00:00,75.38
2026-01-08 02:00:00+00:00,75.19
2026-01-08 03:00:00+00:00,82.81
2026-01-08 04:00:00+00:00,93.27
2026-01-08 05:00:00+00:00,105.1
2026-01-08 06:00:00+00:00,125.04
2026-01-08 07:00:00+00:00,149.91
2026-01-08 08:00:00+00:00,158.62
2026-01-08 09:00:00+00:00,177.65
2026-01-08 10:00:00+00:00,155.28
2026-01-08 11:00:00+00:00,155.74
2026-01-08 12:00:00+00:00,150.15
2026-01-08 13:00:00+00:00,152.32
2026-01-08 14:00:00+00:00,171.1
2026-01-08 15:00:00+00:00,175.03
2026-01-08 16:00:00+00:00,176.26
2026-01-08 17:00:00+00:00,175.25
2026-01-08 18:00:00+00:00,163.54
2026-01-08 19:00:00+00:00,140.68
2026-01-08 20:00:00+00:00,114.96
2026-01-08 21:00:00+00:00,98.21
2026-01-08 22:00:00+00:00,78.1
2026-01-08 23:00:00+00:00,56.05
2026-01-09 00:00:00+00:00,38.86
2026-01-09 01:00:00+00:00,16.34
2026-01-09 02:00:00+00:00,11.95
2026-01-09 03:00:00+00:00,14.23
2026-01-09 04:00:00+00:00,16.05
2026-01-09 05:00:00+00:00,15.34
2026-01-09 06:00:00+00:00,47.72
2026-01-09 07:00:00+00:00,67.39
2026-01-09 08:00:00+00:00,80.51
2026-01-09 09:00:00+00:00,71.47
2026-01-09 10:00:00+00:00,64.63
2026-01-09 11:00:00+00:00,72.21
2026-01-09 12:00:00+00:00,58.83
2026-01-09 13:00:00+00:00,73.01
2026-01-09 14:00:00+00:00,74.0
2026-01-09 15:00:00+00:00,66.37
2026-01-09 16:00:00+00:00,63.55
2026-01-09 17:00:00+00:00,58.73
2026-01-09 18:00:00+00:00,56.04
2026-01-09 19:00:00+00:00,34.26
2026-01-09 20:00:00+00:00,39.32
2026-01-09 21:00:00+00:00,47.75
2026-01-09 22:00:00+00:00,39.54
2026-01-09 23:00:00+00:00,31.66
2026-01-10 00:00:00+00:00,30.0
2026-01-10 01:00:00+00:00,23.26
2026-01-10 02:00:00+00:00,28.56
2026-01-10 03:00:00+00:00,28.24
2026-01-10 04:00:00+00:00,35.22
2026-01-10 05:00:00+00:00,47.77
2026-01-10 06:00:00+00:00,65.35
2026-01-10 07:00:00+00:00,66.48
2026-01-10 08:00:00+00:00,89.41
2026-01-10 09:00:00+00:00,103.56
2026-01-10 10:00:00+00:00,107.7
2026-01-10 11:00:00+00:00,113.87
2026-01-10 12:00:00+00:00,116.63
2026-01-10 13:00:00+00:00,120.87
2026-01-10 14:00:00+00:00,129.39
2026-01-10 15:00:00+00:00,128.08
2026-01-10 16:00:00+00:00,134.82
2026-01-10 17:00:00+00:00,140.18
2026-01-10 18:00:00+00:00,140.76
2026-01-10 19:00:00+00:00,133.39
2026-01-10 20:00:00+00:00,128.75
2026-01-10 21:00:00+00:00,128.94
2026-01-10 22:00:00+00:00,121.09
2026-01-10 23:00:00+00:00,114.34
2026-01-11 00:00:00+00:00,111.48
2026-01-11 01:00:00+00:00,106.21
2026-01-11 02:00:00+00:00,105.44
2026-01-11 03:00:00+00:00,105.63
2026-01-11 04:00:00+00:00,107.34
2026-01-11 05:00:00+00:00,109.21
2026-01-11 06:00:00+00:00,129.42
2026-01-11 07:00:00+00:00,133.96
2026-01-11 08:00:00+00:00,125.58
2026-01-11 09:00:00+00:00,114.17
2026-01-11 10:00:00+00:00,116.2
2026-01-11 11:00:00+00:00,109.12
2026-01-11 12:00:00+00:00,111.55
2026-01-11 13:00:00+00:00,111.81
2026-01-11 14:00:00+00:00,119.52
2026-01-11 15:00:00+00:00,125.19
2026-01-11 16:00:00+00:00,124.46
2026-01-11 17:00:00+00:00,123.64
2026-01-11 18:00:00+00:00,117.07
2026-01-11 19:00:00+00:00,101.85
2026-01-11 20:00:00+00:00,95.15
2026-01-11 21:00:00+00:00,84.91
2026-01-11 22:00:00+00:00,72.11
2026-01-11 23:00:00+00:00,64.66
2026-01-12 00:00:00+00:00,64.5
2026-01-12 01:00:00+00:00,57.75
2026-01-12 02:00:00+00:00,50.82
2026-01-12 03:00:00+00:00,58.53
2026-01-12 04:00:00+00:00,70.18
2026-01-12 05:00:00+00:00,83.78
2026-01-12 06:00:00+00:00,96.12
2026-01-12 07:00:00+00:00,106.61
2026-01-12 08:00:00+00:00,115.55
2026-01-12 09:00:00+00:00,112.39
2026-01-12 10:00:00+00:00,112.95
2026-01-12 11:00:00+00:00,111.98
2026-01-12 12:00:00+00:00,115.29
2026-01-12 13:00:00+00:00,116.63
2026-01-12 14:00:00+00:00,122.59
2026-01-12 15:00:00+00:00,125.99
2026-01-12 16:00:00+00:00,132.92
2026-01-12 17:00:00+00:00,129.2
2026-01-12 18:00:00+00:00,116.22
2026-01-12 19:00:00+00:00,105.01
2026-01-12 20:00:00+00:00,98.78
2026-01-12 21:00:00+00:00,99.18
2026-01-12 22:00:00+00:00,91.89
2026-01-12 23:00:00+00:00,84.05
2026-01-13 00:00:00+00:00,82.45
2026-01-13 01:00:00+00:00,80.21
2026-01-13 02:00:00+00:00,86.28
2026-01-13 03:00:00+00:00,87.26
2026-01-13 04:00:00+00:00,93.75
2026-01-13 05:00:00+00:00,112.18
2026-01-13 06:00:00+00:00,127.38
2026-01-13 07:00:00+00:00,171.76
2026-01-13 08:00:00+00:00,179.11
2026-01-13 09:00:00+00:00,170.57
2026-01-13 10:00:00+00:00,167.44
2026-01-13 11:00:00+00:00,155.38
2026-01-13 12:00:00+00:00,151.33
2026-01-13 13:00:00+00:00,155.21
2026-01-13 14:00:00+00:00,161.03
2026-01-13 15:00:00+00:00,161.49
2026-01-13 16:00:00+00:00,166.92
2026-01-13 17:00:00+00:00,148.78
2026-01-13 18:00:00+00:00,125.69
2026-01-13 19:00:00+00:00,103.98
2026-01-13 20:00:00+00:00,91.01
2026-01-13 21:00:00+00:00,85.83
2026-01-13 22:00:00+00:00,69.35
2026-01-13 23:00:00+00:00,66.86
2026-01-14 00:00:00+00:00,69.24
2026-01-14 01:00:00+00:00,68.76
2026-01-14 02:00:00+00:00,69.86
2026-01-14 03:00:00+00:00,73.92
2026-01-14 04:00:00+00:00,80.56
2026-01-14 05:00:00+00:00,95.63
2026-01-14 06:00:00+00:00,114.44
2026-01-14 07:00:00+00:00,128.31
2026-01-14 08:00:00+00:00,132.73
2026-01-14 09:00:00+00:00,135.88
2026-01-14 10:00:00+00:00,127.93
2026-01-14 11:00:00+00:00,124.72
2026-01-14 12:00:00+00:00,120.16
2026-01-14 13:00:00+00:00,132.23
2026-01-14 14:00:00+00:00,153.99
2026-01-14 15:00:00+00:00,162.55
2026-01-14 16:00:00+00:00,184.42
2026-01-14 17:00:00+00:00,179.57
2026-01-14 18:00:00+00:00,166.71
2026-01-14 19:00:00+00:00,164.05
2026-01-14 20:00:00+00:00,149.26
2026-01-14 21:00:00+00:00,142.98
2026-01-14 22:00:00+00:00,132.38
2026-01-14 23:00:00+00:00,106.15
2026-01-15 00:00:00+00:00,100.39
2026-01-15 01:00:00+00:00,99.23
2026-01-15 02:00:00+00:00,98.03
2026-01-15 03:00:00+00:00,97.36
2026-01-15 04:00:00+00:00,98.11
2026-01-15 05:00:00+00:00,101.51
2026-01-15 06:00:00+00:00,122.68
2026-01-15 07:00:00+00:00,141.77
2026-01-15 08:00:00+00:00,135.12
2026-01-15 09:00:00+00:00,121.15
2026-01-15 10:00:00+00:00,106.45
2026-01-15 11:00:00+00:00,103.86
2026-01-15 12:00:00+00:00,101.21
2026-01-15 13:00:00+00:00,108.77
2026-01-15 14:00:00+00:00,128.92
2026-01-15 15:00:00+00:00,144.05
2026-01-15 16:00:00+00:00,158.02
2026-01-15 17:00:00+00:00,153.54
2026-01-15 18:00:00+00:00,131.64
2026-01-15 19:00:00+00:00,106.84
2026-01-15 20:00:00+00:00,99.43
2026-01-15 21:00:00+00:00,89.68
2026-01-15 22:00:00+00:00,70.27
2026-01-15 23:00:00+00:00,53.27
2026-01-16 00:00:00+00:00,50.7
2026-01-16 01:00:00+00:00,50.54
2026-01-16 02:00:00+00:00,50.5
2026-01-16 03:00:00+00:00,51.94
2026-01-16 04:00:00+00:00,53.68
2026-01-16 05:00:00+00:00,76.89
2026-01-16 06:00:00+00:00,99.28
2026-01-16 07:00:00+00:00,103.2
2026-01-16 08:00:00+00:00,92.48
2026-01-16 09:00:00+00:00,89.34
2026-01-16 10:00:00+00:00,89.71
2026-01-16 11:00:00+00:00,93.58
2026-01-16 12:00:00+00:00,102.89
2026-01-16 13:00:00+00:00,109.99
2026-01-16 14:00:00+00:00,128.27
2026-01-16 15:00:00+00:00,161.65
2026-01-16 16:00:00+00:00,166.2
2026-01-16 17:00:00+00:00,148.71
2026-01-16 18:00:00+00:00,137.36
2026-01-16 19:00:00+00:00,125.22
2026-01-16 20:00:00+00:00,124.08
2026-01-16 21:00:00+00:00,115.7
2026-01-16 22:00:00+00:00,110.88
2026-01-16 23:00:00+00:00,107.59
2026-01-17 00:00:00+00:00,102.64
2026-01-17 01:00:00+00:00,99.49
2026-01-17 02:00:00+00:00,95.36
2026-01-17 03:00:00+00:00,97.18
2026-01-17 04:00:00+00:00,105.3
2026-01-17 05:00:00+00:00,113.68
2026-01-17 06:00:00+00:00,124.13
2026-01-17 07:00:00+00:00,141.15
2026-01-17 08:00:00+00:00,134.27
2026-01-17 09:00:00+00:00,117.8
2026-01-17 10:00:00+00:00,107.17
2026-01-17 11:00:00+00:00,106.13
2026-01-17 12:00:00+00:00,103.18
2026-01-17 13:00:00+00:00,111.01
2026-01-17 14:00:00+00:00,118.43
2026-01-17 15:00:00+00:00,133.68
2026-01-17 16:00:00+00:00,147.61
2026-01-17 17:00:00+00:00,145.63
2026-01-17 18:00:00+00:00,129.05
2026-01-17 19:00:00+00:00,116.73
2026-01-17 20:00:00+00:00,107.73
2026-01-17 21:00:00+00:00,108.62
2026-01-17 22:00:00+00:00,96.62
2026-01-17 23:00:00+00:00,101.02
2026-01-18 00:00:00+00:00,96.18
2026-01-18 01:00:00+00:00,94.1
2026-01-18 02:00:00+00:00,94.2
2026-01-18 03:00:00+00:00,94.51
2026-01-18 04:00:00+00:00,93.92
2026-01-18 05:00:00+00:00,91.05
2026-01-18 06:00:00+00:00,89.78
2026-01-18 07:00:00+00:00,94.56
2026-01-18 08:00:00+00:00,98.75
2026-01-18 09:00:00+00:00,94.76
2026-01-18 10:00:00+00:00,89.73
2026-01-18 11:00:00+00:00,86.66
2026-01-18 12:00:00+00:00,88.1
2026-01-18 13:00:00+00:00,96.62
2026-01-18 14:00:00+00:00,114.8
2026-01-18 15:00:00+00:00,123.87
2026-01-18 16:00:00+00:00,128.48
2026-01-18 17:00:00+00:00,127.17
2026-01-18 18:00:00+00:00,122.44
2026-01-18 19:00:00+00:00,107.45
2026-01-18 20:00:00+00:00,101.78
2026-01-18 21:00:00+00:00,102.56
2026-01-18 22:00:00+00:00,95.9
2026-01-18 23:00:00+00:00,103.07
2026-01-19 00:00:00+00:00,101.87
2026-01-19 01:00:00+00:00,100.95
2026-01-19 02:00:00+00:00,99.25
2026-01-19 03:00:00+00:00,99.97
2026-01-19 04:00:00+00:00,106.53
2026-01-19 05:00:00+00:00,116.11
2026-01-19 06:00:00+00:00,127.68
2026-01-19 07:00:00+00:00,136.81
2026-01-19 08:00:00+00:00,120.95
2026-01-19 09:00:00+00:00,108.65
2026-01-19 10:00:00+00:00,104.44
2026-01-19 11:00:00+00:00,102.21
2026-01-19 12:00:00+00:00,104.16
2026-01-19 13:00:00+00:00,116.23
2026-01-19 14:00:00+00:00,143.27
2026-01-19 15:00:00+00:00,171.95
2026-01-19 16:00:00+00:00,188.6
2026-01-19 17:00:00+00:00,198.85
2026-01-19 18:00:00+00:00,172.15
2026-01-19 19:00:00+00:00,155.75
2026-01-19 20:00:00+00:00,140.72
2026-01-19 21:00:00+00:00,140.62
2026-01-19 22:00:00+00:00,124.99
2026-01-19 23:00:00+00:00,115.71
2026-01-20 00:00:00+00:00,107.66
2026-01-20 01:00:00+00:00,108.27
2026-01-20 02:00:00+00:00,108.53
2026-01-20 03:00:00+00:00,109.06
2026-01-20 04:00:00+00:00,117.31
2026-01-20 05:00:00+00:00,154.88
2026-01-20 06:00:00+00:00,190.24
2026-01-20 07:00:00+00:00,215.47
2026-01-20 08:00:00+00:00,175.06
2026-01-20 09:00:00+00:00,136.78
2026-01-20 10:00:00+00:00,120.27
2026-01-20 11:00:00+00:00,128.12
2026-01-20 12:00:00+00:00,143.5
2026-01-20 13:00:00+00:00,166.52
2026-01-20 14:00:00+00:00,196.73
2026-01-20 15:00:00+00:00,257.23
2026-01-20 16:00:00+00:00,256.85
2026-01-20 17:00:00+00:00,201.05
2026-01-20 18:00:00+00:00,173.1
2026-01-20 19:00:00+00:00,143.51
2026-01-20 20:00:00+00:00,126.05
2026-01-20 21:00:00+00:00,125.43
2026-01-20 22:00:00+00:00,113.91
2026-01-20 23:00:00+00:00,111.8
2026-01-21 00:00:00+00:00,109.31
2026-01-21 01:00:00+00:00,105.04
2026-01-21 02:00:00+00:00,104.22
2026-01-21 03:00:00+00:00,105.26
2026-01-21 04:00:00+00:00,117.62
2026-01-21 05:00:00+00:00,155.52
2026-01-21 06:00:00+00:00,160.88
2026-01-21 07:00:00+00:00,169.5
2026-01-21 08:00:00+00:00,162.6
2026-01-21 09:00:00+00:00,115.5
2026-01-21 10:00:00+00:00,102.72
2026-01-21 11:00:00+00:00,99.32
2026-01-21 12:00:00+00:00,97.26
2026-01-21 13:00:00+00:00,116.5
2026-01-21 14:00:00+00:00,152.85
2026-01-21 15:00:00+00:00,170.65
2026-01-21 16:00:00+00:00,169.72
2026-01-21 17:00:00+00:00,158.12
2026-01-21 18:00:00+00:00,152.85
2026-01-21 19:00:00+00:00,131.05
2026-01-21 20:00:00+00:00,124.06
2026-01-21 21:00:00+00:00,108.31
2026-01-21 22:00:00+00:00,99.04
2026-01-21 23:00:00+00:00,85.01
2026-01-22 00:00:00+00:00,83.45
2026-01-22 01:00:00+00:00,78.24
2026-01-22 02:00:00+00:00,78.6
2026-01-22 03:00:00+00:00,81.32
2026-01-22 04:00:00+00:00,82.88
2026-01-22 05:00:00+00:00,101.99
2026-01-22 06:00:00+00:00,138.6
2026-01-22 07:00:00+00:00,154.53
2026-01-22 08:00:00+00:00,124.68
2026-01-22 09:00:00+00:00,105.12
2026-01-22 10:00:00+00:00,94.87
2026-01-22 11:00:00+00:00,79.7
2026-01-22 12:00:00+00:00,93.14
2026-01-22 13:00:00+00:00,100.78
2026-01-22 14:00:00+00:00,113.6
2026-01-22 15:00:00+00:00,132.04
2026-01-22 16:00:00+00:00,133.72
2026-01-22 17:00:00+00:00,135.31
2026-01-22 18:00:00+00:00,128.6
2026-01-22 19:00:00+00:00,114.55
2026-01-22 20:00:00+00:00,113.21
2026-01-22 21:00:00+00:00,112.06
2026-01-22 22:00:00+00:00,105.74
2026-01-22 23:00:00+00:00,96.31
2026-01-23 00:00:00+00:00,94.09
2026-01-23 01:00:00+00:00,94.29
2026-01-23 02:00:00+00:00,93.5
2026-01-23 03:00:00+00:00,94.25
2026-01-23 04:00:00+00:00,93.27
2026-01-23 05:00:00+00:00,94.55
2026-01-23 06:00:00+00:00,127.3
2026-01-23 07:00:00+00:00,128.49
2026-01-23 08:00:00+00:00,112.49
2026-01-23 09:00:00+00:00,99.53
2026-01-23 10:00:00+00:00,92.31
2026-01-23 11:00:00+00:00,80.29
2026-01-23 12:00:00+00:00,86.51
2026-01-23 13:00:00+00:00,94.98
2026-01-23 14:00:00+00:00,105.53
2026-01-23 15:00:00+00:00,108.51
2026-01-23 16:00:00+00:00,115.36
2026-01-23 17:00:00+00:00,108.46
2026-01-23 18:00:00+00:00,109.14
2026-01-23 19:00:00+00:00,94.87
2026-01-23 20:00:00+00:00,93.14
2026-01-23 21:00:00+00:00,91.5
2026-01-23 22:00:00+00:00,89.98
2026-01-23 23:00:00+00:00,90.82
2026-01-24 00:00:00+00:00,88.97
2026-01-24 01:00:00+00:00,89.15
2026-01-24 02:00:00+00:00,88.18
2026-01-24 03:00:00+00:00,91.02
2026-01-24 04:00:00+00:00,90.77
2026-01-24 05:00:00+00:00,95.87
2026-01-24 06:00:00+00:00,100.87
2026-01-24 07:00:00+00:00,117.7
2026-01-24 08:00:00+00:00,124.54
2026-01-24 09:00:00+00:00,118.27
2026-01-24 10:00:00+00:00,108.22
2026-01-24 11:00:00+00:00,105.95
2026-01-24 12:00:00+00:00,97.8
2026-01-24 13:00:00+00:00,105.66
2026-01-24 14:00:00+00:00,112.43
2026-01-24 15:00:00+00:00,129.32
2026-01-24 16:00:00+00:00,144.11
2026-01-24 17:00:00+00:00,134.03
2026-01-24 18:00:00+00:00,126.39
2026-01-24 19:00:00+00:00,116.06
2026-01-24 20:00:00+00:00,112.34
2026-01-24 21:00:00+00:00,112.03
2026-01-24 22:00:00+00:00,103.72
2026-01-24 23:00:00+00:00,104.43
2026-01-25 00:00:00+00:00,100.49
2026-01-25 01:00:00+00:00,98.29
2026-01-25 02:00:00+00:00,97.15
2026-01-25 03:00:00+00:00,95.83
2026-01-25 04:00:00+00:00,96.42
2026-01-25 05:00:00+00:00,99.35
2026-01-25 06:00:00+00:00,105.58
2026-01-25 07:00:00+00:00,105.63
2026-01-25 08:00:00+00:00,115.59
2026-01-25 09:00:00+00:00,119.25
2026-01-25 10:00:00+00:00,108.36
2026-01-25 11:00:00+00:00,107.39
2026-01-25 12:00:00+00:00,104.6
2026-01-25 13:00:00+00:00,108.23
2026-01-25 14:00:00+00:00,114.89
2026-01-25 15:00:00+00:00,111.99
2026-01-25 16:00:00+00:00,126.26
2026-01-25 17:00:00+00:00,122.88
2026-01-25 18:00:00+00:00,116.02
2026-01-25 19:00:00+00:00,111.1
2026-01-25 20:00:00+00:00,107.84
2026-01-25 21:00:00+00:00,106.62
2026-01-25 22:00:00+00:00,102.17
2026-01-25 23:00:00+00:00,99.47
2026-01-26 00:00:00+00:00,98.89
2026-01-26 01:00:00+00:00,96.35
2026-01-26 02:00:00+00:00,93.62
2026-01-26 03:00:00+00:00,92.68
2026-01-26 04:00:00+00:00,104.0
2026-01-26 05:00:00+00:00,115.71
2026-01-26 06:00:00+00:00,132.85
2026-01-26 07:00:00+00:00,137.28
2026-01-26 08:00:00+00:00,143.23
2026-01-26 09:00:00+00:00,140.26
2026-01-26 10:00:00+00:00,138.63
2026-01-26 11:00:00+00:00,139.43
2026-01-26 12:00:00+00:00,132.78
2026-01-26 13:00:00+00:00,136.29
2026-01-26 14:00:00+00:00,136.45
2026-01-26 15:00:00+00:00,155.52
2026-01-26 16:00:00+00:00,180.46
2026-01-26 17:00:00+00:00,185.04
2026-01-26 18:00:00+00:00,162.28
2026-01-26 19:00:00+00:00,143.84
2026-01-26 20:00:00+00:00,127.19
2026-01-26 21:00:00+00:00,122.59
2026-01-26 22:00:00+00:00,113.12
2026-01-26 23:00:00+00:00,118.03
2026-01-27 00:00:00+00:00,115.71
2026-01-27 01:00:00+00:00,112.26
2026-01-27 02:00:00+00:00,112.42
2026-01-27 03:00:00+00:00,112.64
2026-01-27 04:00:00+00:00,121.7
2026-01-27 05:00:00+00:00,145.82
2026-01-27 06:00:00+00:00,185.04
2026-01-27 07:00:00+00:00,220.63
2026-01-27 08:00:00+00:00,212.34
2026-01-27 09:00:00+00:00,191.67
2026-01-27 10:00:00+00:00,155.01
2026-01-27 11:00:00+00:00,148.56
2026-01-27 12:00:00+00:00,140.99
2026-01-27 13:00:00+00:00,132.75
2026-01-27 14:00:00+00:00,149.36
2026-01-27 15:00:00+00:00,153.95
2026-01-27 16:00:00+00:00,158.8
2026-01-27 17:00:00+00:00,148.81
2026-01-27 18:00:00+00:00,141.59
2026-01-27 19:00:00+00:00,125.78
2026-01-27 20:00:00+00:00,111.03
2026-01-27 21:00:00+00:00,108.23
2026-01-27 22:00:00+00:00,100.47
2026-01-27 23:00:00+00:00,99.48
2026-01-28 00:00:00+00:00,95.92
2026-01-28 01:00:00+00:00,91.02
2026-01-28 02:00:00+00:00,91.82
2026-01-28 03:00:00+00:00,93.02
2026-01-28 04:00:00+00:00,95.37
2026-01-28 05:00:00+00:00,112.35
2026-01-28 06:00:00+00:00,141.57
2026-01-28 07:00:00+00:00,160.84
2026-01-28 08:00:00+00:00,156.83
2026-01-28 09:00:00+00:00,142.92
2026-01-28 10:00:00+00:00,128.48
2026-01-28 11:00:00+00:00,125.71
2026-01-28 12:00:00+00:00,120.44
2026-01-28 13:00:00+00:00,127.5
2026-01-28 14:00:00+00:00,131.78
2026-01-28 15:00:00+00:00,129.73
2026-01-28 16:00:00+00:00,140.34
2026-01-28 17:00:00+00:00,139.42
2026-01-28 18:00:00+00:00,137.78
2026-01-28 19:00:00+00:00,120.16
2026-01-28 20:00:00+00:00,114.01
2026-01-28 21:00:00+00:00,114.17
2026-01-28 22:00:00+00:00,105.85
2026-01-28 23:00:00+00:00,107.42
2026-01-29 00:00:00+00:00,106.22
2026-01-29 01:00:00+00:00,105.34
2026-01-29 02:00:00+00:00,105.17
2026-01-29 03:00:00+00:00,107.9
2026-01-29 04:00:00+00:00,108.72
2026-01-29 05:00:00+00:00,115.48
2026-01-29 06:00:00+00:00,143.67
2026-01-29 07:00:00+00:00,155.36
2026-01-29 08:00:00+00:00,165.37
2026-01-29 09:00:00+00:00,158.75
2026-01-29 10:00:00+00:00,154.55
2026-01-29 11:00:00+00:00,147.43
2026-01-29 12:00:00+00:00,144.25
2026-01-29 13:00:00+00:00,144.53
2026-01-29 14:00:00+00:00,141.09
2026-01-29 15:00:00+00:00,148.18
2026-01-29 16:00:00+00:00,168.26
2026-01-29 17:00:00+00:00,171.08
2026-01-29 18:00:00+00:00,161.59
2026-01-29 19:00:00+00:00,139.82
2026-01-29 20:00:00+00:00,122.07
2026-01-29 21:00:00+00:00,123.84
2026-01-29 22:00:00+00:00,114.12
2026-01-29 23:00:00+00:00,108.93
2026-01-30 00:00:00+00:00,105.57
2026-01-30 01:00:00+00:00,104.49
2026-01-30 02:00:00+00:00,100.97
2026-01-30 03:00:00+00:00,102.9
2026-01-30 04:00:00+00:00,103.35
2026-01-30 05:00:00+00:00,115.08
2026-01-30 06:00:00+00:00,138.82
2026-01-30 07:00:00+00:00,150.85
2026-01-30 08:00:00+00:00,150.78
2026-01-30 09:00:00+00:00,145.55
2026-01-30 10:00:00+00:00,131.37
2026-01-30 11:00:00+00:00,129.84
2026-01-30 12:00:00+00:00,125.62
2026-01-30 13:00:00+00:00,127.45
2026-01-30 14:00:00+00:00,130.25
2026-01-30 15:00:00+00:00,131.93
2026-01-30 16:00:00+00:00,140.69
2026-01-30 17:00:00+00:00,137.88
2026-01-30 18:00:00+00:00,136.29
2026-01-30 19:00:00+00:00,111.32
2026-01-30 20:00:00+00:00,104.35
2026-01-30 21:00:00+00:00,101.79
2026-01-30 22:00:00+00:00,93.28
2026-01-30 23:00:00+00:00,93.21
2026-01-31 00:00:00+00:00,91.62
2026-01-31 01:00:00+00:00,90.8
2026-01-31 02:00:00+00:00,84.88
2026-01-31 03:00:00+00:00,81.84
2026-01-31 04:00:00+00:00,79.14
2026-01-31 05:00:00+00:00,81.54
2026-01-31 06:00:00+00:00,93.03
2026-01-31 07:00:00+00:00,98.61
2026-01-31 08:00:00+00:00,103.07
2026-01-31 09:00:00+00:00,99.96
2026-01-31 10:00:00+00:00,96.39
2026-01-31 11:00:00+00:00,96.45
2026-01-31 12:00:00+00:00,95.74
2026-01-31 13:00:00+00:00,99.98
2026-01-31 14:00:00+00:00,106.7
2026-01-31 15:00:00+00:00,110.29
2026-01-31 16:00:00+00:00,121.11
2026-01-31 17:00:00+00:00,127.62
2026-01-31 18:00:00+00:00,116.62
2026-01-31 19:00:00+00:00,114.34
2026-01-31 20:00:00+00:00,108.9
2026-01-31 21:00:00+00:00,109.63
2026-01-31 22:00:00+00:00,100.53
2026-01-31 23:00:00+00:00,100.71
2026-02-01 00:00:00+00:00,97.82
2026-02-01 01:00:00+00:00,96.32
2026-02-01 02:00:00+00:00,94.28
2026-02-01 03:00:00+00:00,93.55
2026-02-01 04:00:00+00:00,95.01
2026-02-01 05:00:00+00:00,90.97
2026-02-01 06:00:00+00:00,88.58
2026-02-01 07:00:00+00:00,96.16
2026-02-01 08:00:00+00:00,102.77
2026-02-01 09:00:00+00:00,109.61
2026-02-01 10:00:00+00:00,106.18
2026-02-01 11:00:00+00:00,105.01
2026-02-01 12:00:00+00:00,101.88
2026-02-01 13:00:00+00:00,104.08
2026-02-01 14:00:00+00:00,108.66
2026-02-01 15:00:00+00:00,119.55
2026-02-01 16:00:00+00:00,129.86
2026-02-01 17:00:00+00:00,134.67
2026-02-01 18:00:00+00:00,127.24
2026-02-01 19:00:00+00:00,119.49
2026-02-01 20:00:00+00:00,108.4
2026-02-01 21:00:00+00:00,106.51
2026-02-01 22:00:00+00:00,99.65
2026-02-01 23:00:00+00:00,81.09
2026-02-02 00:00:00+00:00,75.75
2026-02-02 01:00:00+00:00,75.67
2026-02-02 02:00:00+00:00,73.65
2026-02-02 03:00:00+00:00,75.95
2026-02-02 04:00:00+00:00,82.22
2026-02-02 05:00:00+00:00,102.54
2026-02-02 06:00:00+00:00,124.05
2026-02-02 07:00:00+00:00,134.93
2026-02-02 08:00:00+00:00,128.12
2026-02-02 09:00:00+00:00,116.41
2026-02-02 10:00:00+00:00,97.27
2026-02-02 11:00:00+00:00,88.32
2026-02-02 12:00:00+00:00,80.19
2026-02-02 13:00:00+00:00,87.33
2026-02-02 14:00:00+00:00,106.85
2026-02-02 15:00:00+00:00,120.15
2026-02-02 16:00:00+00:00,112.23
2026-02-02 17:00:00+00:00,110.18
2026-02-02 18:00:00+00:00,110.38
2026-02-02 19:00:00+00:00,93.09
2026-02-02 20:00:00+00:00,84.45
2026-02-02 21:00:00+00:00,84.18
2026-02-02 22:00:00+00:00,77.71
2026-02-02 23:00:00+00:00,73.18
2026-02-03 00:00:00+00:00,72.7
2026-02-03 01:00:00+00:00,69.35
2026-02-03 02:00:00+00:00,68.68
2026-02-03 03:00:00+00:00,64.33
2026-02-03 04:00:00+00:00,58.83
2026-02-03 05:00:00+00:00,68.31
2026-02-03 06:00:00+00:00,88.05
2026-02-03 07:00:00+00:00,94.73
2026-02-03 08:00:00+00:00,93.85
2026-02-03 09:00:00+00:00,85.95
2026-02-03 10:00:00+00:00,85.65
2026-02-03 11:00:00+00:00,79.8
2026-02-03 12:00:00+00:00,76.03
2026-02-03 13:00:00+00:00,83.03
2026-02-03 14:00:00+00:00,88.47
2026-02-03 15:00:00+00:00,103.72
2026-02-03 16:00:00+00:00,113.69
2026-02-03 17:00:00+00:00,121.56
2026-02-03 18:00:00+00:00,111.21
2026-02-03 19:00:00+00:00,100.64
2026-02-03 20:00:00+00:00,96.55
2026-02-03 21:00:00+00:00,98.28
2026-02-03 22:00:00+00:00,86.57
2026-02-03 23:00:00+00:00,90.31
2026-02-04 00:00:00+00:00,88.58
2026-02-04 01:00:00+00:00,88.15
2026-02-04 02:00:00+00:00,91.25
2026-02-04 03:00:00+00:00,92.4
2026-02-04 04:00:00+00:00,96.33
2026-02-04 05:00:00+00:00,117.09
2026-02-04 06:00:00+00:00,138.28
2026-02-04 07:00:00+00:00,143.75
2026-02-04 08:00:00+00:00,131.37
2026-02-04 09:00:00+00:00,121.38
2026-02-04 10:00:00+00:00,104.14
2026-02-04 11:00:00+00:00,95.99
2026-02-04 12:00:00+00:00,102.64
2026-02-04 13:00:00+00:00,111.24
2026-02-04 14:00:00+00:00,120.13
2026-02-04 15:00:00+00:00,126.95
2026-02-04 16:00:00+00:00,146.85
2026-02-04 17:00:00+00:00,137.98
2026-02-04 18:00:00+00:00,121.61
2026-02-04 19:00:00+00:00,105.84
2026-02-04 20:00:00+00:00,102.3
2026-02-04 21:00:00+00:00,98.15
2026-02-04 22:00:00+00:00,89.79
2026-02-04 23:00:00+00:00,88.73
2026-02-05 00:00:00+00:00,84.97
2026-02-05 01:00:00+00:00,90.65
2026-02-05 02:00:00+00:00,89.91
2026-02-05 03:00:00+00:00,90.86
2026-02-05 04:00:00+00:00,93.26
2026-02-05 05:00:00+00:00,103.36
2026-02-05 06:00:00+00:00,117.51
2026-02-05 07:00:00+00:00,122.8
2026-02-05 08:00:00+00:00,124.54
2026-02-05 09:00:00+00:00,117.59
2026-02-05 10:00:00+00:00,116.68
2026-02-05 11:00:00+00:00,108.82
2026-02-05 12:00:00+00:00,105.93
2026-02-05 13:00:00+00:00,103.9
2026-02-05 14:00:00+00:00,107.01
2026-02-05 15:00:00+00:00,127.03
2026-02-05 16:00:00+00:00,144.67
2026-02-05 17:00:00+00:00,142.24
2026-02-05 18:00:00+00:00,127.44
2026-02-05 19:00:00+00:00,119.27
2026-02-05 20:00:00+00:00,108.47
2026-02-05 21:00:00+00:00,107.17
2026-02-05 22:00:00+00:00,100.28
2026-02-05 23:00:00+00:00,100.27
2026-02-06 00:00:00+00:00,100.53
2026-02-06 01:00:00+00:00,96.9
2026-02-06 02:00:00+00:00,96.78
2026-02-06 03:00:00+00:00,95.78
2026-02-06 04:00:00+00:00,96.85
2026-02-06 05:00:00+00:00,110.7
2026-02-06 06:00:00+00:00,131.95
2026-02-06 07:00:00+00:00,140.81
2026-02-06 08:00:00+00:00,131.61
2026-02-06 09:00:00+00:00,132.95
2026-02-06 10:00:00+00:00,133.36
2026-02-06 11:00:00+00:00,122.71
2026-02-06 12:00:00+00:00,124.05
2026-02-06 13:00:00+00:00,128.55
2026-02-06 14:00:00+00:00,137.19
2026-02-06 15:00:00+00:00,143.31
2026-02-06 16:00:00+00:00,152.96
2026-02-06 17:00:00+00:00,143.87
2026-02-06 18:00:00+00:00,134.47
2026-02-06 19:00:00+00:00,119.95
2026-02-06 20:00:00+00:00,111.01
2026-02-06 21:00:00+00:00,108.6
2026-02-06 22:00:00+00:00,100.71
2026-02-06 23:00:00+00:00,102.71
2026-02-07 00:00:00+00:00,101.18
2026-02-07 01:00:00+00:00,98.87
2026-02-07 02:00:00+00:00,98.58
2026-02-07 03:00:00+00:00,97.47
2026-02-07 04:00:00+00:00,103.11
2026-02-07 05:00:00+00:00,107.74
2026-02-07 06:00:00+00:00,117.28
2026-02-07 07:00:00+00:00,123.19
2026-02-07 08:00:00+00:00,124.27
2026-02-07 09:00:00+00:00,128.08
2026-02-07 10:00:00+00:00,125.8
2026-02-07 11:00:00+00:00,120.53
2026-02-07 12:00:00+00:00,118.93
2026-02-07 13:00:00+00:00,118.54
2026-02-07 14:00:00+00:00,121.91
2026-02-07 15:00:00+00:00,124.8
2026-02-07 16:00:00+00:00,140.55
2026-02-07 17:00:00+00:00,142.63
2026-02-07 18:00:00+00:00,137.14
2026-02-07 19:00:00+00:00,120.97
2026-02-07 20:00:00+00:00,114.13
2026-02-07 21:00:00+00:00,111.44
2026-02-07 22:00:00+00:00,104.78
2026-02-07 23:00:00+00:00,103.34
2026-02-08 00:00:00+00:00,100.7
2026-02-08 01:00:00+00:00,98.12
2026-02-08 02:00:00+00:00,95.83
2026-02-08 03:00:00+00:00,94.84
2026-02-08 04:00:00+00:00,95.49
2026-02-08 05:00:00+00:00,93.17
2026-02-08 06:00:00+00:00,98.0
2026-02-08 07:00:00+00:00,104.34
2026-02-08 08:00:00+00:00,114.82
2026-02-08 09:00:00+00:00,112.77
2026-02-08 10:00:00+00:00,109.58
2026-02-08 11:00:00+00:00,106.61
2026-02-08 12:00:00+00:00,102.92
2026-02-08 13:00:00+00:00,103.74
2026-02-08 14:00:00+00:00,105.81
2026-02-08 15:00:00+00:00,112.53
2026-02-08 16:00:00+00:00,125.53
2026-02-08 17:00:00+00:00,130.09
2026-02-08 18:00:00+00:00,126.53
2026-02-08 19:00:00+00:00,112.21
2026-02-08 20:00:00+00:00,107.22
2026-02-08 21:00:00+00:00,107.47
2026-02-08 22:00:00+00:00,101.05
2026-02-08 23:00:00+00:00,107.12
2026-02-09 00:00:00+00:00,101.19
2026-02-09 01:00:00+00:00,99.23
2026-02-09 02:00:00+00:00,101.3
2026-02-09 03:00:00+00:00,102.03
2026-02-09 04:00:00+00:00,107.54
2026-02-09 05:00:00+00:00,120.89
2026-02-09 06:00:00+00:00,159.77
2026-02-09 07:00:00+00:00,173.63
2026-02-09 08:00:00+00:00,157.1
2026-02-09 09:00:00+00:00,142.78
2026-02-09 10:00:00+00:00,134.41
2026-02-09 11:00:00+00:00,131.39
2026-02-09 12:00:00+00:00,126.34
2026-02-09 13:00:00+00:00,126.34
2026-02-09 14:00:00+00:00,143.54
2026-02-09 15:00:00+00:00,178.84
2026-02-09 16:00:00+00:00,212.82
2026-02-09 17:00:00+00:00,183.05
2026-02-09 18:00:00+00:00,163.67
2026-02-09 19:00:00+00:00,133.15
2026-02-09 20:00:00+00:00,117.08
2026-02-09 21:00:00+00:00,113.29
2026-02-09 22:00:00+00:00,104.0
2026-02-09 23:00:00+00:00,104.01
2026-02-10 00:00:00+00:00,102.12
2026-02-10 01:00:00+00:00,99.67
2026-02-10 02:00:00+00:00,97.99
2026-02-10 03:00:00+00:00,98.35
2026-02-10 04:00:00+00:00,103.11
2026-02-10 05:00:00+00:00,119.67
2026-02-10 06:00:00+00:00,142.5
2026-02-10 07:00:00+00:00,164.14
2026-02-10 08:00:00+00:00,147.02
2026-02-10 09:00:00+00:00,134.25
2026-02-10 10:00:00+00:00,124.73
2026-02-10 11:00:00+00:00,115.7
2026-02-10 12:00:00+00:00,115.17
2026-02-10 13:00:00+00:00,118.98
2026-02-10 14:00:00+00:00,125.2
2026-02-10 15:00:00+00:00,143.52
2026-02-10 16:00:00+00:00,162.27
2026-02-10 17:00:00+00:00,151.42
2026-02-10 18:00:00+00:00,139.14
2026-02-10 19:00:00+00:00,118.72
2026-02-10 20:00:00+00:00,112.17
2026-02-10 21:00:00+00:00,106.89
2026-02-10 22:00:00+00:00,98.67
2026-02-10 23:00:00+00:00,97.54
2026-02-11 00:00:00+00:00,94.94
2026-02-11 01:00:00+00:00,94.64
2026-02-11 02:00:00+00:00,94.23
2026-02-11 03:00:00+00:00,96.14
2026-02-11 04:00:00+00:00,100.87
2026-02-11 05:00:00+00:00,110.49
2026-02-11 06:00:00+00:00,134.2
2026-02-11 07:00:00+00:00,148.53
2026-02-11 08:00:00+00:00,145.98
2026-02-11 09:00:00+00:00,143.37
2026-02-11 10:00:00+00:00,129.07
2026-02-11 11:00:00+00:00,116.55
2026-02-11 12:00:00+00:00,113.82
2026-02-11 13:00:00+00:00,120.44
2026-02-11 14:00:00+00:00,131.06
2026-02-11 15:00:00+00:00,132.54
2026-02-11 16:00:00+00:00,139.45
2026-02-11 17:00:00+00:00,136.45
2026-02-11 18:00:00+00:00,130.48
2026-02-11 19:00:00+00:00,113.22
2026-02-11 20:00:00+00:00,104.54
2026-02-11 21:00:00+00:00,102.3
2026-02-11 22:00:00+00:00,97.89
2026-02-11 23:00:00+00:00,94.87
2026-02-12 00:00:00+00:00,94.09
2026-02-12 01:00:00+00:00,93.68
2026-02-12 02:00:00+00:00,92.82
2026-02-12 03:00:00+00:00,93.58
2026-02-12 04:00:00+00:00,95.43
2026-02-12 05:00:00+00:00,105.61
2026-02-12 06:00:00+00:00,125.99
2026-02-12 07:00:00+00:00,136.06
2026-02-12 08:00:00+00:00,128.18
2026-02-12 09:00:00+00:00,124.22
2026-02-12 10:00:00+00:00,119.52
2026-02-12 11:00:00+00:00,112.15
2026-02-12 12:00:00+00:00,110.61
2026-02-12 13:00:00+00:00,111.23
2026-02-12 14:00:00+00:00,115.71
2026-02-12 15:00:00+00:00,121.52
2026-02-12 16:00:00+00:00,130.15
2026-02-12 17:00:00+00:00,129.81
2026-02-12 18:00:00+00:00,119.1
2026-02-12 19:00:00+00:00,109.56
2026-02-12 20:00:00+00:00,102.96
2026-02-12 21:00:00+00:00,101.56
2026-02-12 22:00:00+00:00,94.25
2026-02-12 23:00:00+00:00,83.22
2026-02-13 00:00:00+00:00,80.83
2026-02-13 01:00:00+00:00,77.69
2026-02-13 02:00:00+00:00,77.57
2026-02-13 03:00:00+00:00,81.38
2026-02-13 04:00:00+00:00,86.48
2026-02-13 05:00:00+00:00,100.15
2026-02-13 06:00:00+00:00,120.62
2026-02-13 07:00:00+00:00,128.42
2026-02-13 08:00:00+00:00,126.76
2026-02-13 09:00:00+00:00,122.97
2026-02-13 10:00:00+00:00,117.78
2026-02-13 11:00:00+00:00,117.33
2026-02-13 12:00:00+00:00,116.02
2026-02-13 13:00:00+00:00,117.85
2026-02-13 14:00:00+00:00,125.76
2026-02-13 15:00:00+00:00,142.61
2026-02-13 16:00:00+00:00,162.08
2026-02-13 17:00:00+00:00,161.15
2026-02-13 18:00:00+00:00,142.55
2026-02-13 19:00:00+00:00,122.62
2026-02-13 20:00:00+00:00,119.12
2026-02-13 21:00:00+00:00,113.87
2026-02-13 22:00:00+00:00,101.81
2026-02-13 23:00:00+00:00,101.08
2026-02-14 00:00:00+00:00,97.8
2026-02-14 01:00:00+00:00,96.05
2026-02-14 02:00:00+00:00,94.84
2026-02-14 03:00:00+00:00,93.39
2026-02-14 04:00:00+00:00,94.95
2026-02-14 05:00:00+00:00,101.06
2026-02-14 06:00:00+00:00,110.56
2026-02-14 07:00:00+00:00,111.99
2026-02-14 08:00:00+00:00,117.35
2026-02-14 09:00:00+00:00,112.67
2026-02-14 10:00:00+00:00,109.88
2026-02-14 11:00:00+00:00,105.36
2026-02-14 12:00:00+00:00,103.82
2026-02-14 13:00:00+00:00,103.08
2026-02-14 14:00:00+00:00,107.45
2026-02-14 15:00:00+00:00,113.08
2026-02-14 16:00:00+00:00,125.63
2026-02-14 17:00:00+00:00,125.68
2026-02-14 18:00:00+00:00,128.2
2026-02-14 19:00:00+00:00,122.09
2026-02-14 20:00:00+00:00,113.28
2026-02-14 21:00:00+00:00,109.38
2026-02-14 22:00:00+00:00,106.17
2026-02-14 23:00:00+00:00,105.29
2026-02-15 00:00:00+00:00,99.53
2026-02-15 01:00:00+00:00,98.58
2026-02-15 02:00:00+00:00,98.44
2026-02-15 03:00:00+00:00,97.42
2026-02-15 04:00:00+00:00,96.07
2026-02-15 05:00:00+00:00,96.75
2026-02-15 06:00:00+00:00,96.25
2026-02-15 07:00:00+00:00,97.44
2026-02-15 08:00:00+00:00,94.42
2026-02-15 09:00:00+00:00,83.83
2026-02-15 10:00:00+00:00,74.44
2026-02-15 11:00:00+00:00,60.82
2026-02-15 12:00:00+00:00,58.55
2026-02-15 13:00:00+00:00,61.51
2026-02-15 14:00:00+00:00,69.37
2026-02-15 15:00:00+00:00,86.44
2026-02-15 16:00:00+00:00,89.7
2026-02-15 17:00:00+00:00,87.41
2026-02-15 18:00:00+00:00,72.23
2026-02-15 19:00:00+00:00,53.98
2026-02-15 20:00:00+00:00,42.99
2026-02-15 21:00:00+00:00,41.52
2026-02-15 22:00:00+00:00,27.58
2026-02-15 23:00:00+00:00,35.5
2026-02-16 00:00:00+00:00,33.41
2026-02-16 01:00:00+00:00,31.91
2026-02-16 02:00:00+00:00,33.37
2026-02-16 03:00:00+00:00,35.27
2026-02-16 04:00:00+00:00,41.3
2026-02-16 05:00:00+00:00,63.46
2026-02-16 06:00:00+00:00,84.69
2026-02-16 07:00:00+00:00,108.75
2026-02-16 08:00:00+00:00,111.81
2026-02-16 09:00:00+00:00,106.27
2026-02-16 10:00:00+00:00,102.03
2026-02-16 11:00:00+00:00,99.43
2026-02-16 12:00:00+00:00,102.14
2026-02-16 13:00:00+00:00,111.73
2026-02-16 14:00:00+00:00,119.49
2026-02-16 15:00:00+00:00,134.78
2026-02-16 16:00:00+00:00,143.71
2026-02-16 17:00:00+00:00,148.33
2026-02-16 18:00:00+00:00,147.43
2026-02-16 19:00:00+00:00,131.37
2026-02-16 20:00:00+00:00,124.82
2026-02-16 21:00:00+00:00,113.32
2026-02-16 22:00:00+00:00,105.83
2026-02-16 23:00:00+00:00,103.42
2026-02-17 00:00:00+00:00,96.7
2026-02-17 01:00:00+00:00,93.12
2026-02-17 02:00:00+00:00,91.44
2026-02-17 03:00:00+00:00,92.81
2026-02-17 04:00:00+00:00,99.48
2026-02-17 05:00:00+00:00,118.86
2026-02-17 06:00:00+00:00,143.96
2026-02-17 07:00:00+00:00,134.69
2026-02-17 08:00:00+00:00,126.29
2026-02-17 09:00:00+00:00,126.96
2026-02-17 10:00:00+00:00,112.74
2026-02-17 11:00:00+00:00,107.38
2026-02-17 12:00:00+00:00,103.02
2026-02-17 13:00:00+00:00,102.47
2026-02-17 14:00:00+00:00,105.7
2026-02-17 15:00:00+00:00,112.83
2026-02-17 16:00:00+00:00,120.63
2026-02-17 17:00:00+00:00,123.65
2026-02-17 18:00:00+00:00,120.33
2026-02-17 19:00:00+00:00,112.04
2026-02-17 20:00:00+00:00,102.46
2026-02-17 21:00:00+00:00,103.66
2026-02-17 22:00:00+00:00,93.56
2026-02-17 23:00:00+00:00,89.29
2026-02-18 00:00:00+00:00,91.28
2026-02-18 01:00:00+00:00,90.17
2026-02-18 02:00:00+00:00,94.84
2026-02-18 03:00:00+00:00,98.6
2026-02-18 04:00:00+00:00,105.32
2026-02-18 05:00:00+00:00,132.06
2026-02-18 06:00:00+00:00,181.81
2026-02-18 07:00:00+00:00,197.55
2026-02-18 08:00:00+00:00,187.63
2026-02-18 09:00:00+00:00,144.84
2026-02-18 10:00:00+00:00,121.84
2026-02-18 11:00:00+00:00,117.47
2026-02-18 12:00:00+00:00,112.7
2026-02-18 13:00:00+00:00,114.83
2026-02-18 14:00:00+00:00,122.15
2026-02-18 15:00:00+00:00,137.9
2026-02-18 16:00:00+00:00,160.35
2026-02-18 17:00:00+00:00,153.83
2026-02-18 18:00:00+00:00,139.52
2026-02-18 19:00:00+00:00,114.91
2026-02-18 20:00:00+00:00,103.8
2026-02-18 21:00:00+00:00,103.96
2026-02-18 22:00:00+00:00,97.58
2026-02-18 23:00:00+00:00,86.25
2026-02-19 00:00:00+00:00,82.17
2026-02-19 01:00:00+00:00,79.26
2026-02-19 02:00:00+00:00,79.45
2026-02-19 03:00:00+00:00,79.7
2026-02-19 04:00:00+00:00,77.73
2026-02-19 05:00:00+00:00,94.55
2026-02-19 06:00:00+00:00,128.48
2026-02-19 07:00:00+00:00,136.6
2026-02-19 08:00:00+00:00,111.69
2026-02-19 09:00:00+00:00,95.83
2026-02-19 10:00:00+00:00,95.07
2026-02-19 11:00:00+00:00,87.08
2026-02-19 12:00:00+00:00,81.95
2026-02-19 13:00:00+00:00,89.98
2026-02-19 14:00:00+00:00,94.64
2026-02-19 15:00:00+00:00,104.99
2026-02-19 16:00:00+00:00,113.55
2026-02-19 17:00:00+00:00,125.73
2026-02-19 18:00:00+00:00,113.03
2026-02-19 19:00:00+00:00,99.41
2026-02-19 20:00:00+00:00,93.41
2026-02-19 21:00:00+00:00,90.1
2026-02-19 22:00:00+00:00,86.84
2026-02-19 23:00:00+00:00,84.79
2026-02-20 00:00:00+00:00,87.32
2026-02-20 01:00:00+00:00,89.09
2026-02-20 02:00:00+00:00,91.58
2026-02-20 03:00:00+00:00,91.52
2026-02-20 04:00:00+00:00,94.46
2026-02-20 05:00:00+00:00,99.68
2026-02-20 06:00:00+00:00,121.17
2026-02-20 07:00:00+00:00,109.8
2026-02-20 08:00:00+00:00,99.69
2026-02-20 09:00:00+00:00,92.14
2026-02-20 10:00:00+00:00,81.12
2026-02-20 11:00:00+00:00,77.0
2026-02-20 12:00:00+00:00,76.19
2026-02-20 13:00:00+00:00,83.09
2026-02-20 14:00:00+00:00,87.22
2026-02-20 15:00:00+00:00,91.76
2026-02-20 16:00:00+00:00,96.48
2026-02-20 17:00:00+00:00,106.29
2026-02-20 18:00:00+00:00,99.34
2026-02-20 19:00:00+00:00,86.66
2026-02-20 20:00:00+00:00,71.28
2026-02-20 21:00:00+00:00,63.41
2026-02-20 22:00:00+00:00,38.62
2026-02-20 23:00:00+00:00,25.2
2026-02-21 00:00:00+00:00,19.4
2026-02-21 01:00:00+00:00,17.48
2026-02-21 02:00:00+00:00,16.4
2026-02-21 03:00:00+00:00,15.3
2026-02-21 04:00:00+00:00,15.99
2026-02-21 05:00:00+00:00,16.01
2026-02-21 06:00:00+00:00,32.38
2026-02-21 07:00:00+00:00,35.23
2026-02-21 08:00:00+00:00,33.64
2026-02-21 09:00:00+00:00,32.98
2026-02-21 10:00:00+00:00,34.35
2026-02-21 11:00:00+00:00,34.94
2026-02-21 12:00:00+00:00,28.79
2026-02-21 13:00:00+00:00,26.9
2026-02-21 14:00:00+00:00,35.91
2026-02-21 15:00:00+00:00,61.63
2026-02-21 16:00:00+00:00,86.63
2026-02-21 17:00:00+00:00,93.74
2026-02-21 18:00:00+00:00,94.75
2026-02-21 19:00:00+00:00,94.44
2026-02-21 20:00:00+00:00,84.45
2026-02-21 21:00:00+00:00,85.37
2026-02-21 22:00:00+00:00,70.2
2026-02-21 23:00:00+00:00,61.49
2026-02-22 00:00:00+00:00,58.11
2026-02-22 01:00:00+00:00,56.6
2026-02-22 02:00:00+00:00,52.03
2026-02-22 03:00:00+00:00,45.18
2026-02-22 04:00:00+00:00,41.66
2026-02-22 05:00:00+00:00,34.23
2026-02-22 06:00:00+00:00,38.28
2026-02-22 07:00:00+00:00,36.35
2026-02-22 08:00:00+00:00,30.68
2026-02-22 09:00:00+00:00,28.41
2026-02-22 10:00:00+00:00,27.92
2026-02-22 11:00:00+00:00,14.67
2026-02-22 12:00:00+00:00,7.01
2026-02-22 13:00:00+00:00,3.02
2026-02-22 14:00:00+00:00,16.25
2026-02-22 15:00:00+00:00,18.11
2026-02-22 16:00:00+00:00,21.25
2026-02-22 17:00:00+00:00,35.46
2026-02-22 18:00:00+00:00,28.83
2026-02-22 19:00:00+00:00,18.29
2026-02-22 20:00:00+00:00,9.55
2026-02-22 21:00:00+00:00,15.53
2026-02-22 22:00:00+00:00,12.75
2026-02-22 23:00:00+00:00,28.65
2026-02-23 00:00:00+00:00,29.99
2026-02-23 01:00:00+00:00,32.06
2026-02-23 02:00:00+00:00,36.21
2026-02-23 03:00:00+00:00,41.24
2026-02-23 04:00:00+00:00,52.42
2026-02-23 05:00:00+00:00,68.76
2026-02-23 06:00:00+00:00,78.08
2026-02-23 07:00:00+00:00,69.96
2026-02-23 08:00:00+00:00,50.65
2026-02-23 09:00:00+00:00,29.31
2026-02-23 10:00:00+00:00,24.78
2026-02-23 11:00:00+00:00,19.77
2026-02-23 12:00:00+00:00,22.6
2026-02-23 13:00:00+00:00,20.38
2026-02-23 14:00:00+00:00,29.36
2026-02-23 15:00:00+00:00,50.49
2026-02-23 16:00:00+00:00,67.26
2026-02-23 17:00:00+00:00,85.01
2026-02-23 18:00:00+00:00,90.13
2026-02-23 19:00:00+00:00,73.32
2026-02-23 20:00:00+00:00,70.75
2026-02-23 21:00:00+00:00,73.55
2026-02-23 22:00:00+00:00,67.98
2026-02-23 23:00:00+00:00,76.22
2026-02-24 00:00:00+00:00,80.64
2026-02-24 01:00:00+00:00,81.48
2026-02-24 02:00:00+00:00,84.43
2026-02-24 03:00:00+00:00,86.01
2026-02-24 04:00:00+00:00,91.66
2026-02-24 05:00:00+00:00,123.42
2026-02-24 06:00:00+00:00,165.58
2026-02-24 07:00:00+00:00,173.67
2026-02-24 08:00:00+00:00,156.73
2026-02-24 09:00:00+00:00,131.73
2026-02-24 10:00:00+00:00,129.68
2026-02-24 11:00:00+00:00,117.8
2026-02-24 12:00:00+00:00,111.41
2026-02-24 13:00:00+00:00,113.14
2026-02-24 14:00:00+00:00,124.53
2026-02-24 15:00:00+00:00,154.95
2026-02-24 16:00:00+00:00,176.35
2026-02-24 17:00:00+00:00,197.39
2026-02-24 18:00:00+00:00,175.46
2026-02-24 19:00:00+00:00,146.64
2026-02-24 20:00:00+00:00,135.01
2026-02-24 21:00:00+00:00,127.69
2026-02-24 22:00:00+00:00,111.11
2026-02-24 23:00:00+00:00,110.19
2026-02-25 00:00:00+00:00,108.87
2026-02-25 01:00:00+00:00,107.09
2026-02-25 02:00:00+00:00,104.9
2026-02-25 03:00:00+00:00,100.46
2026-02-25 04:00:00+00:00,102.8
2026-02-25 05:00:00+00:00,111.22
2026-02-25 06:00:00+00:00,127.29
2026-02-25 07:00:00+00:00,140.73
2026-02-25 08:00:00+00:00,116.07
2026-02-25 09:00:00+00:00,103.66
2026-02-25 10:00:00+00:00,91.36
2026-02-25 11:00:00+00:00,77.43
2026-02-25 12:00:00+00:00,61.87
2026-02-25 13:00:00+00:00,68.08
2026-02-25 14:00:00+00:00,87.67
2026-02-25 15:00:00+00:00,107.4
2026-02-25 16:00:00+00:00,140.28
2026-02-25 17:00:00+00:00,141.36
2026-02-25 18:00:00+00:00,125.25
2026-02-25 19:00:00+00:00,98.85
2026-02-25 20:00:00+00:00,95.65
2026-02-25 21:00:00+00:00,92.15
2026-02-25 22:00:00+00:00,86.5
2026-02-25 23:00:00+00:00,80.05
2026-02-26 00:00:00+00:00,76.69
2026-02-26 01:00:00+00:00,74.42
2026-02-26 02:00:00+00:00,74.8
2026-02-26 03:00:00+00:00,75.43
2026-02-26 04:00:00+00:00,80.93
2026-02-26 05:00:00+00:00,88.59
2026-02-26 06:00:00+00:00,103.77
2026-02-26 07:00:00+00:00,102.93
2026-02-26 08:00:00+00:00,91.96
2026-02-26 09:00:00+00:00,69.67
2026-02-26 10:00:00+00:00,42.87
2026-02-26 11:00:00+00:00,25.08
2026-02-26 12:00:00+00:00,26.61
2026-02-26 13:00:00+00:00,38.26
2026-02-26 14:00:00+00:00,80.36
2026-02-26 15:00:00+00:00,96.41
2026-02-26 16:00:00+00:00,117.09
2026-02-26 17:00:00+00:00,118.07
2026-02-26 18:00:00+00:00,105.07
2026-02-26 19:00:00+00:00,91.75
2026-02-26 20:00:00+00:00,84.16
2026-02-26 21:00:00+00:00,82.37
2026-02-26 22:00:00+00:00,72.54
2026-02-26 23:00:00+00:00,66.44
2026-02-27 00:00:00+00:00,62.88
2026-02-27 01:00:00+00:00,60.56
2026-02-27 02:00:00+00:00,59.7
2026-02-27 03:00:00+00:00,59.86
2026-02-27 04:00:00+00:00,66.26
2026-02-27 05:00:00+00:00,88.12
2026-02-27 06:00:00+00:00,99.11
2026-02-27 07:00:00+00:00,84.78
2026-02-27 08:00:00+00:00,59.2
2026-02-27 09:00:00+00:00,30.01
2026-02-27 10:00:00+00:00,14.89
2026-02-27 11:00:00+00:00,5.01
2026-02-27 12:00:00+00:00,2.69
2026-02-27 13:00:00+00:00,14.5
2026-02-27 14:00:00+00:00,44.44
2026-02-27 15:00:00+00:00,88.96
2026-02-27 16:00:00+00:00,100.94
2026-02-27 17:00:00+00:00,108.73
2026-02-27 18:00:00+00:00,105.79
2026-02-27 19:00:00+00:00,93.29
2026-02-27 20:00:00+00:00,89.16
2026-02-27 21:00:00+00:00,90.32
2026-02-27 22:00:00+00:00,87.98
2026-02-27 23:00:00+00:00,86.3
2026-02-28 00:00:00+00:00,85.23
2026-02-28 01:00:00+00:00,85.22
2026-02-28 02:00:00+00:00,83.21
2026-02-28 03:00:00+00:00,81.88
2026-02-28 04:00:00+00:00,75.84
2026-02-28 05:00:00+00:00,73.64
2026-02-28 06:00:00+00:00,73.64
2026-02-28 07:00:00+00:00,54.3
2026-02-28 08:00:00+00:00,34.65
2026-02-28 09:00:00+00:00,23.15
2026-02-28 10:00:00+00:00,11.16
2026-02-28 11:00:00+00:00,11.34
2026-02-28 12:00:00+00:00,3.86
2026-02-28 13:00:00+00:00,6.72
2026-02-28 14:00:00+00:00,29.23
2026-02-28 15:00:00+00:00,49.91
2026-02-28 16:00:00+00:00,66.62
2026-02-28 17:00:00+00:00,76.78
2026-02-28 18:00:00+00:00,71.4
2026-02-28 19:00:00+00:00,61.2
2026-02-28 20:00:00+00:00,56.95
2026-02-28 21:00:00+00:00,55.84
2026-02-28 22:00:00+00:00,40.08
2026-02-28 23:00:00+00:00,12.58
2026-03-01 00:00:00+00:00,17.6
2026-03-01 01:00:00+00:00,18.33
2026-03-01 02:00:00+00:00,33.29
2026-03-01 03:00:00+00:00,48.17
2026-03-01 04:00:00+00:00,68.28
2026-03-01 05:00:00+00:00,80.7
2026-03-01 06:00:00+00:00,85.06
2026-03-01 07:00:00+00:00,72.17
2026-03-01 08:00:00+00:00,35.56
2026-03-01 09:00:00+00:00,15.1
2026-03-01 10:00:00+00:00,4.6
2026-03-01 11:00:00+00:00,4.31
2026-03-01 12:00:00+00:00,-4.92
2026-03-01 13:00:00+00:00,5.92
2026-03-01 14:00:00+00:00,26.98
2026-03-01 15:00:00+00:00,82.75
2026-03-01 16:00:00+00:00,116.02
2026-03-01 17:00:00+00:00,123.65
2026-03-01 18:00:00+00:00,119.21
2026-03-01 19:00:00+00:00,101.62
2026-03-01 20:00:00+00:00,86.92
2026-03-01 21:00:00+00:00,84.25
2026-03-01 22:00:00+00:00,77.23
2026-03-01 23:00:00+00:00,70.6
2026-03-02 00:00:00+00:00,66.34
2026-03-02 01:00:00+00:00,68.21
2026-03-02 02:00:00+00:00,70.62
2026-03-02 03:00:00+00:00,77.12
2026-03-02 04:00:00+00:00,87.67
2026-03-02 05:00:00+00:00,98.84
2026-03-02 06:00:00+00:00,111.91
2026-03-02 07:00:00+00:00,104.37
2026-03-02 08:00:00+00:00,83.46
2026-03-02 09:00:00+00:00,52.37
2026-03-02 10:00:00+00:00,35.24
2026-03-02 11:00:00+00:00,27.03
2026-03-02 12:00:00+00:00,12.44
2026-03-02 13:00:00+00:00,28.53
2026-03-02 14:00:00+00:00,73.12
2026-03-02 15:00:00+00:00,104.61
2026-03-02 16:00:00+00:00,144.78
2026-03-02 17:00:00+00:00,170.86
2026-03-02 18:00:00+00:00,138.06
2026-03-02 19:00:00+00:00,112.22
2026-03-02 20:00:00+00:00,102.49
2026-03-02 21:00:00+00:00,96.17
2026-03-02 22:00:00+00:00,90.9
2026-03-02 23:00:00+00:00,85.54
2026-03-03 00:00:00+00:00,82.23
2026-03-03 01:00:00+00:00,82.88
2026-03-03 02:00:00+00:00,86.64
2026-03-03 03:00:00+00:00,88.28
2026-03-03 04:00:00+00:00,96.16
2026-03-03 05:00:00+00:00,107.08
2026-03-03 06:00:00+00:00,143.21
2026-03-03 07:00:00+00:00,136.8
2026-03-03 08:00:00+00:00,98.02
2026-03-03 09:00:00+00:00,70.87
2026-03-03 10:00:00+00:00,47.76
2026-03-03 11:00:00+00:00,38.89
2026-03-03 12:00:00+00:00,41.49
2026-03-03 13:00:00+00:00,55.49
2026-03-03 14:00:00+00:00,82.25
2026-03-03 15:00:00+00:00,106.06
2026-03-03 16:00:00+00:00,149.13
2026-03-03 17:00:00+00:00,213.24
2026-03-03 18:00:00+00:00,156.12
2026-03-03 19:00:00+00:00,130.82
2026-03-03 20:00:00+00:00,109.3
2026-03-03 21:00:00+00:00,100.81
2026-03-03 22:00:00+00:00,97.95
2026-03-03 23:00:00+00:00,99.38
2026-03-04 00:00:00+00:00,98.14
2026-03-04 01:00:00+00:00,99.8
2026-03-04 02:00:00+00:00,97.87
2026-03-04 03:00:00+00:00,100.44
2026-03-04 04:00:00+00:00,107.0
2026-03-04 05:00:00+00:00,156.92
2026-03-04 06:00:00+00:00,186.01
2026-03-04 07:00:00+00:00,134.86
2026-03-04 08:00:00+00:00,100.59
2026-03-04 09:00:00+00:00,83.22
2026-03-04 10:00:00+00:00,52.33
2026-03-04 11:00:00+00:00,36.23
2026-03-04 12:00:00+00:00,33.63
2026-03-04 13:00:00+00:00,45.54
2026-03-04 14:00:00+00:00,83.25
2026-03-04 15:00:00+00:00,106.21
2026-03-04 16:00:00+00:00,156.47
2026-03-04 17:00:00+00:00,213.33
2026-03-04 18:00:00+00:00,166.71
2026-03-04 19:00:00+00:00,126.04
2026-03-04 20:00:00+00:00,109.73
2026-03-04 21:00:00+00:00,104.74
2026-03-04 22:00:00+00:00,98.69
2026-03-04 23:00:00+00:00,125.13
2026-03-05 00:00:00+00:00,120.76
2026-03-05 01:00:00+00:00,119.62
2026-03-05 02:00:00+00:00,116.11
2026-03-05 03:00:00+00:00,119.82
2026-03-05 04:00:00+00:00,125.24
2026-03-05 05:00:00+00:00,143.17
2026-03-05 06:00:00+00:00,149.35
2026-03-05 07:00:00+00:00,122.49
2026-03-05 08:00:00+00:00,89.18
2026-03-05 09:00:00+00:00,61.71
2026-03-05 10:00:00+00:00,16.02
2026-03-05 11:00:00+00:00,-19.15
2026-03-05 12:00:00+00:00,-19.56
2026-03-05 13:00:00+00:00,10.3
2026-03-05 14:00:00+00:00,71.25
2026-03-05 15:00:00+00:00,113.65
2026-03-05 16:00:00+00:00,140.84
2026-03-05 17:00:00+00:00,129.8
2026-03-05 18:00:00+00:00,125.32
2026-03-05 19:00:00+00:00,119.0
2026-03-05 20:00:00+00:00,111.47
2026-03-05 21:00:00+00:00,110.78
2026-03-05 22:00:00+00:00,99.91
2026-03-05 23:00:00+00:00,99.09
2026-03-06 00:00:00+00:00,100.52
2026-03-06 01:00:00+00:00,98.46
2026-03-06 02:00:00+00:00,100.51
2026-03-06 03:00:00+00:00,105.08
2026-03-06 04:00:00+00:00,123.82
2026-03-06 05:00:00+00:00,151.42
2026-03-06 06:00:00+00:00,163.68
2026-03-06 07:00:00+00:00,141.23
2026-03-06 08:00:00+00:00,88.94
2026-03-06 09:00:00+00:00,59.24
2026-03-06 10:00:00+00:00,41.23
2026-03-06 11:00:00+00:00,20.21
2026-03-06 12:00:00+00:00,19.78
2026-03-06 13:00:00+00:00,55.08
2026-03-06 14:00:00+00:00,99.43
2026-03-06 15:00:00+00:00,147.73
2026-03-06 16:00:00+00:00,186.01
2026-03-06 17:00:00+00:00,179.99
2026-03-06 18:00:00+00:00,162.42
2026-03-06 19:00:00+00:00,145.07
2026-03-06 20:00:00+00:00,136.24
2026-03-06 21:00:00+00:00,142.65
2026-03-06 22:00:00+00:00,123.46
2026-03-06 23:00:00+00:00,112.03
2026-03-07 00:00:00+00:00,111.85
2026-03-07 01:00:00+00:00,113.68
2026-03-07 02:00:00+00:00,111.45
2026-03-07 03:00:00+00:00,116.35
2026-03-07 04:00:00+00:00,120.54
2026-03-07 05:00:00+00:00,168.56
2026-03-07 06:00:00+00:00,125.2
2026-03-07 07:00:00+00:00,110.82
2026-03-07 08:00:00+00:00,87.0
2026-03-07 09:00:00+00:00,30.68
2026-03-07 10:00:00+00:00,-6.67
2026-03-07 11:00:00+00:00,-8.06
2026-03-07 12:00:00+00:00,-6.07
2026-03-07 13:00:00+00:00,22.52
2026-03-07 14:00:00+00:00,89.73
2026-03-07 15:00:00+00:00,114.75
2026-03-07 16:00:00+00:00,149.54
2026-03-07 17:00:00+00:00,204.94
2026-03-07 18:00:00+00:00,161.0
2026-03-07 19:00:00+00:00,138.16
2026-03-07 20:00:00+00:00,130.16
2026-03-07 21:00:00+00:00,128.73
2026-03-07 22:00:00+00:00,127.83
2026-03-07 23:00:00+00:00,132.28
2026-03-08 00:00:00+00:00,126.83
2026-03-08 01:00:00+00:00,123.35
2026-03-08 02:00:00+00:00,119.72
2026-03-08 03:00:00+00:00,118.16
2026-03-08 04:00:00+00:00,117.12
2026-03-08 05:00:00+00:00,116.94
2026-03-08 06:00:00+00:00,120.13
2026-03-08 07:00:00+00:00,103.23
2026-03-08 08:00:00+00:00,88.89
2026-03-08 09:00:00+00:00,38.36
2026-03-08 10:00:00+00:00,-3.1
2026-03-08 11:00:00+00:00,-6.24
2026-03-08 12:00:00+00:00,-17.83
2026-03-08 13:00:00+00:00,-0.74
2026-03-08 14:00:00+00:00,57.97
2026-03-08 15:00:00+00:00,112.51
2026-03-08 16:00:00+00:00,124.66
2026-03-08 17:00:00+00:00,146.65
2026-03-08 18:00:00+00:00,143.14
2026-03-08 19:00:00+00:00,121.3
2026-03-08 20:00:00+00:00,108.94
2026-03-08 21:00:00+00:00,109.9
2026-03-08 22:00:00+00:00,103.22
2026-03-08 23:00:00+00:00,119.66
2026-03-09 00:00:00+00:00,112.28
2026-03-09 01:00:00+00:00,114.43
2026-03-09 02:00:00+00:00,119.0
2026-03-09 03:00:00+00:00,119.24
2026-03-09 04:00:00+00:00,124.58
2026-03-09 05:00:00+00:00,149.52
2026-03-09 06:00:00+00:00,151.6
2026-03-09 07:00:00+00:00,132.53
2026-03-09 08:00:00+00:00,98.39
2026-03-09 09:00:00+00:00,72.55
2026-03-09 10:00:00+00:00,43.43
2026-03-09 11:00:00+00:00,32.95
2026-03-09 12:00:00+00:00,30.59
2026-03-09 13:00:00+00:00,55.57
2026-03-09 14:00:00+00:00,82.85
2026-03-09 15:00:00+00:00,136.63
2026-03-09 16:00:00+00:00,267.3
2026-03-09 17:00:00+00:00,326.22
2026-03-09 18:00:00+00:00,294.78
2026-03-09 19:00:00+00:00,233.47
2026-03-09 20:00:00+00:00,176.38
2026-03-09 21:00:00+00:00,163.82
2026-03-09 22:00:00+00:00,146.66
2026-03-09 23:00:00+00:00,144.6
2026-03-10 00:00:00+00:00,135.54
2026-03-10 01:00:00+00:00,124.81
2026-03-10 02:00:00+00:00,124.49
2026-03-10 03:00:00+00:00,127.74
2026-03-10 04:00:00+00:00,167.31
2026-03-10 05:00:00+00:00,198.45
2026-03-10 06:00:00+00:00,239.93
2026-03-10 07:00:00+00:00,159.85
2026-03-10 08:00:00+00:00,123.62
2026-03-10 09:00:00+00:00,94.2
2026-03-10 10:00:00+00:00,68.71
2026-03-10 11:00:00+00:00,53.74
2026-03-10 12:00:00+00:00,49.16
2026-03-10 13:00:00+00:00,75.15
2026-03-10 14:00:00+00:00,96.74
2026-03-10 15:00:00+00:00,124.08
2026-03-10 16:00:00+00:00,178.0
2026-03-10 17:00:00+00:00,226.7
2026-03-10 18:00:00+00:00,181.65
2026-03-10 19:00:00+00:00,151.02
2026-03-10 20:00:00+00:00,125.38
2026-03-10 21:00:00+00:00,117.53
2026-03-10 22:00:00+00:00,107.73
2026-03-10 23:00:00+00:00,109.04
2026-03-11 00:00:00+00:00,98.67
2026-03-11 01:00:00+00:00,95.59
2026-03-11 02:00:00+00:00,94.15
2026-03-11 03:00:00+00:00,88.86
2026-03-11 04:00:00+00:00,87.43
2026-03-11 05:00:00+00:00,93.43
2026-03-11 06:00:00+00:00,96.16
2026-03-11 07:00:00+00:00,88.32
2026-03-11 08:00:00+00:00,72.13
2026-03-11 09:00:00+00:00,49.18
2026-03-11 10:00:00+00:00,32.35
2026-03-11 11:00:00+00:00,19.07
2026-03-11 12:00:00+00:00,20.65
2026-03-11 13:00:00+00:00,34.35
2026-03-11 14:00:00+00:00,59.95
2026-03-11 15:00:00+00:00,89.22
2026-03-11 16:00:00+00:00,112.05
2026-03-11 17:00:00+00:00,126.32
2026-03-11 18:00:00+00:00,137.21
2026-03-11 19:00:00+00:00,127.37
2026-03-11 20:00:00+00:00,118.22
2026-03-11 21:00:00+00:00,111.63
2026-03-11 22:00:00+00:00,103.0
2026-03-11 23:00:00+00:00,90.3
2026-03-12 00:00:00+00:00,91.51
2026-03-12 01:00:00+00:00,86.42
2026-03-12 02:00:00+00:00,88.04
2026-03-12 03:00:00+00:00,87.41
2026-03-12 04:00:00+00:00,93.89
2026-03-12 05:00:00+00:00,122.62
2026-03-12 06:00:00+00:00,118.12
2026-03-12 07:00:00+00:00,104.85
2026-03-12 08:00:00+00:00,76.6
2026-03-12 09:00:00+00:00,33.31
2026-03-12 10:00:00+00:00,20.05
2026-03-12 11:00:00+00:00,11.46
2026-03-12 12:00:00+00:00,-4.9
2026-03-12 13:00:00+00:00,4.15
2026-03-12 14:00:00+00:00,32.24
2026-03-12 15:00:00+00:00,67.41
2026-03-12 16:00:00+00:00,86.66
2026-03-12 17:00:00+00:00,98.07
2026-03-12 18:00:00+00:00,93.68
2026-03-12 19:00:00+00:00,80.12
2026-03-12 20:00:00+00:00,65.66
2026-03-12 21:00:00+00:00,60.2
2026-03-12 22:00:00+00:00,40.56
2026-03-12 23:00:00+00:00,39.78
2026-03-13 00:00:00+00:00,38.28
2026-03-13 01:00:00+00:00,33.19
2026-03-13 02:00:00+00:00,30.41
2026-03-13 03:00:00+00:00,32.01
2026-03-13 04:00:00+00:00,37.78
2026-03-13 05:00:00+00:00,56.86
2026-03-13 06:00:00+00:00,53.69
2026-03-13 07:00:00+00:00,29.37
2026-03-13 08:00:00+00:00,8.38
2026-03-13 09:00:00+00:00,-6.96
2026-03-13 10:00:00+00:00,-5.45
2026-03-13 11:00:00+00:00,-9.57
2026-03-13 12:00:00+00:00,-12.2
2026-03-13 13:00:00+00:00,-4.17
2026-03-13 14:00:00+00:00,41.21
2026-03-13 15:00:00+00:00,76.5
2026-03-13 16:00:00+00:00,108.17
2026-03-13 17:00:00+00:00,132.61
2026-03-13 18:00:00+00:00,128.17
2026-03-13 19:00:00+00:00,134.78
2026-03-13 20:00:00+00:00,123.16
2026-03-13 21:00:00+00:00,116.99
2026-03-13 22:00:00+00:00,112.01
2026-03-13 23:00:00+00:00,109.11
2026-03-14 00:00:00+00:00,111.42
2026-03-14 01:00:00+00:00,103.38
2026-03-14 02:00:00+00:00,102.71
2026-03-14 03:00:00+00:00,102.5
2026-03-14 04:00:00+00:00,105.69
2026-03-14 05:00:00+00:00,117.48
2026-03-14 06:00:00+00:00,113.58
2026-03-14 07:00:00+00:00,103.69
2026-03-14 08:00:00+00:00,87.42
2026-03-14 09:00:00+00:00,66.27
2026-03-14 10:00:00+00:00,63.12
2026-03-14 11:00:00+00:00,66.3
2026-03-14 12:00:00+00:00,73.78
2026-03-14 13:00:00+00:00,82.26
2026-03-14 14:00:00+00:00,92.01
2026-03-14 15:00:00+00:00,127.85
2026-03-14 16:00:00+00:00,160.28
2026-03-14 17:00:00+00:00,162.48
2026-03-14 18:00:00+00:00,161.77
2026-03-14 19:00:00+00:00,160.2
2026-03-14 20:00:00+00:00,139.96
2026-03-14 21:00:00+00:00,138.64
2026-03-14 22:00:00+00:00,136.3
2026-03-14 23:00:00+00:00,128.65
2026-03-15 00:00:00+00:00,127.55
2026-03-15 01:00:00+00:00,127.38
2026-03-15 02:00:00+00:00,125.37
2026-03-15 03:00:00+00:00,116.07
2026-03-15 04:00:00+00:00,117.38
2026-03-15 05:00:00+00:00,142.98
2026-03-15 06:00:00+00:00,130.25
2026-03-15 07:00:00+00:00,110.23
2026-03-15 08:00:00+00:00,105.12
2026-03-15 09:00:00+00:00,100.05
2026-03-15 10:00:00+00:00,91.89
2026-03-15 11:00:00+00:00,78.38
2026-03-15 12:00:00+00:00,63.75
2026-03-15 13:00:00+00:00,71.11
2026-03-15 14:00:00+00:00,77.94
2026-03-15 15:00:00+00:00,106.13
2026-03-15 16:00:00+00:00,128.02
2026-03-15 17:00:00+00:00,143.17
2026-03-15 18:00:00+00:00,143.86
2026-03-15 19:00:00+00:00,114.79
2026-03-15 20:00:00+00:00,102.73
2026-03-15 21:00:00+00:00,94.76
2026-03-15 22:00:00+00:00,70.43
2026-03-15 23:00:00+00:00,54.81
2026-03-16 00:00:00+00:00,43.4
2026-03-16 01:00:00+00:00,32.13
2026-03-16 02:00:00+00:00,31.51
2026-03-16 03:00:00+00:00,33.18
2026-03-16 04:00:00+00:00,38.37
2026-03-16 05:00:00+00:00,59.77
2026-03-16 06:00:00+00:00,63.93
2026-03-16 07:00:00+00:00,61.01
2026-03-16 08:00:00+00:00,48.21
2026-03-16 09:00:00+00:00,33.85
2026-03-16 10:00:00+00:00,23.68
2026-03-16 11:00:00+00:00,10.33
2026-03-16 12:00:00+00:00,5.58
2026-03-16 13:00:00+00:00,3.92
2026-03-16 14:00:00+00:00,19.49
2026-03-16 15:00:00+00:00,72.96
2026-03-16 16:00:00+00:00,120.31
2026-03-16 17:00:00+00:00,149.28
2026-03-16 18:00:00+00:00,153.38
2026-03-16 19:00:00+00:00,151.2
2026-03-16 20:00:00+00:00,134.74
2026-03-16 21:00:00+00:00,129.7
2026-03-16 22:00:00+00:00,109.63
2026-03-16 23:00:00+00:00,114.06
2026-03-17 00:00:00+00:00,110.22
2026-03-17 01:00:00+00:00,107.91
2026-03-17 02:00:00+00:00,108.96
2026-03-17 03:00:00+00:00,112.09
2026-03-17 04:00:00+00:00,124.67
2026-03-17 05:00:00+00:00,146.15
2026-03-17 06:00:00+00:00,138.04
2026-03-17 07:00:00+00:00,135.24
2026-03-17 08:00:00+00:00,113.88
2026-03-17 09:00:00+00:00,95.13
2026-03-17 10:00:00+00:00,85.87
2026-03-17 11:00:00+00:00,74.61
2026-03-17 12:00:00+00:00,72.51
2026-03-17 13:00:00+00:00,82.02
2026-03-17 14:00:00+00:00,94.17
2026-03-17 15:00:00+00:00,128.79
2026-03-17 16:00:00+00:00,165.19
2026-03-17 17:00:00+00:00,221.4
2026-03-17 18:00:00+00:00,171.43
2026-03-17 19:00:00+00:00,136.75
2026-03-17 20:00:00+00:00,112.8
2026-03-17 21:00:00+00:00,104.68
2026-03-17 22:00:00+00:00,87.31
2026-03-17 23:00:00+00:00,85.32
2026-03-18 00:00:00+00:00,78.6
2026-03-18 01:00:00+00:00,75.3
2026-03-18 02:00:00+00:00,76.4
2026-03-18 03:00:00+00:00,80.47
2026-03-18 04:00:00+00:00,85.32
2026-03-18 05:00:00+00:00,112.85
2026-03-18 06:00:00+00:00,111.49
2026-03-18 07:00:00+00:00,77.7
2026-03-18 08:00:00+00:00,50.58
2026-03-18 09:00:00+00:00,16.64
2026-03-18 10:00:00+00:00,3.73
2026-03-18 11:00:00+00:00,-0.55
2026-03-18 12:00:00+00:00,3.56
2026-03-18 13:00:00+00:00,10.35
2026-03-18 14:00:00+00:00,61.88
2026-03-18 15:00:00+00:00,96.95
2026-03-18 16:00:00+00:00,135.61
2026-03-18 17:00:00+00:00,158.26
2026-03-18 18:00:00+00:00,152.31
2026-03-18 19:00:00+00:00,134.93
2026-03-18 20:00:00+00:00,120.76
2026-03-18 21:00:00+00:00,111.06
2026-03-18 22:00:00+00:00,98.36
2026-03-18 23:00:00+00:00,101.01
2026-03-19 00:00:00+00:00,99.28
2026-03-19 01:00:00+00:00,100.84
2026-03-19 02:00:00+00:00,106.83
2026-03-19 03:00:00+00:00,108.15
2026-03-19 04:00:00+00:00,113.08
2026-03-19 05:00:00+00:00,151.97
2026-03-19 06:00:00+00:00,153.07
2026-03-19 07:00:00+00:00,120.85
2026-03-19 08:00:00+00:00,84.81
2026-03-19 09:00:00+00:00,42.62
2026-03-19 10:00:00+00:00,7.37
2026-03-19 11:00:00+00:00,-0.95
2026-03-19 12:00:00+00:00,-15.43
2026-03-19 13:00:00+00:00,7.61
2026-03-19 14:00:00+00:00,67.57
2026-03-19 15:00:00+00:00,122.48
2026-03-19 16:00:00+00:00,159.16
2026-03-19 17:00:00+00:00,188.78
2026-03-19 18:00:00+00:00,170.18
2026-03-19 19:00:00+00:00,156.42
2026-03-19 20:00:00+00:00,134.56
2026-03-19 21:00:00+00:00,128.29
2026-03-19 22:00:00+00:00,120.43
2026-03-19 23:00:00+00:00,110.46
2026-03-20 00:00:00+00:00,110.74
2026-03-20 01:00:00+00:00,110.94
2026-03-20 02:00:00+00:00,112.63
2026-03-20 03:00:00+00:00,118.18
2026-03-20 04:00:00+00:00,122.73
2026-03-20 05:00:00+00:00,151.9
2026-03-20 06:00:00+00:00,155.11
2026-03-20 07:00:00+00:00,143.66
2026-03-20 08:00:00+00:00,96.73
2026-03-20 09:00:00+00:00,70.88
2026-03-20 10:00:00+00:00,39.86
2026-03-20 11:00:00+00:00,28.37
2026-03-20 12:00:00+00:00,29.72
2026-03-20 13:00:00+00:00,71.32
2026-03-20 14:00:00+00:00,95.54
2026-03-20 15:00:00+00:00,122.83
2026-03-20 16:00:00+00:00,139.63
2026-03-20 17:00:00+00:00,215.28
2026-03-20 18:00:00+00:00,213.65
2026-03-20 19:00:00+00:00,150.79
2026-03-20 20:00:00+00:00,144.41
2026-03-20 21:00:00+00:00,136.3
2026-03-20 22:00:00+00:00,126.19
2026-03-20 23:00:00+00:00,129.6
2026-03-21 00:00:00+00:00,133.67
2026-03-21 01:00:00+00:00,127.85
2026-03-21 02:00:00+00:00,134.26
2026-03-21 03:00:00+00:00,133.2
2026-03-21 04:00:00+00:00,133.59
2026-03-21 05:00:00+00:00,139.63
2026-03-21 06:00:00+00:00,157.54
2026-03-21 07:00:00+00:00,116.36
2026-03-21 08:00:00+00:00,111.42
2026-03-21 09:00:00+00:00,89.86
2026-03-21 10:00:00+00:00,69.31
2026-03-21 11:00:00+00:00,60.93
2026-03-21 12:00:00+00:00,53.45
2026-03-21 13:00:00+00:00,74.36
2026-03-21 14:00:00+00:00,102.32
2026-03-21 15:00:00+00:00,118.76
2026-03-21 16:00:00+00:00,142.0
2026-03-21 17:00:00+00:00,166.43
2026-03-21 18:00:00+00:00,157.08
2026-03-21 19:00:00+00:00,134.79
2026-03-21 20:00:00+00:00,133.34
2026-03-21 21:00:00+00:00,124.75
2026-03-21 22:00:00+00:00,121.79
2026-03-21 23:00:00+00:00,111.39
2026-03-22 00:00:00+00:00,108.43
2026-03-22 01:00:00+00:00,102.72
2026-03-22 02:00:00+00:00,97.74
2026-03-22 03:00:00+00:00,94.77
2026-03-22 04:00:00+00:00,103.81
2026-03-22 05:00:00+00:00,101.14
2026-03-22 06:00:00+00:00,93.09
2026-03-22 07:00:00+00:00,68.04
2026-03-22 08:00:00+00:00,34.47
2026-03-22 09:00:00+00:00,3.29
2026-03-22 10:00:00+00:00,-20.59
2026-03-22 11:00:00+00:00,-23.41
2026-03-22 12:00:00+00:00,-35.17
2026-03-22 13:00:00+00:00,-11.39
2026-03-22 14:00:00+00:00,29.82
2026-03-22 15:00:00+00:00,95.08
2026-03-22 16:00:00+00:00,125.03
2026-03-22 17:00:00+00:00,134.46
2026-03-22 18:00:00+00:00,146.41
2026-03-22 19:00:00+00:00,135.35
2026-03-22 20:00:00+00:00,130.63
2026-03-22 21:00:00+00:00,125.78
2026-03-22 22:00:00+00:00,122.31
2026-03-22 23:00:00+00:00,128.23
2026-03-23 00:00:00+00:00,111.28
2026-03-23 01:00:00+00:00,118.36
2026-03-23 02:00:00+00:00,122.98
2026-03-23 03:00:00+00:00,131.27
2026-03-23 04:00:00+00:00,152.74
2026-03-23 05:00:00+00:00,161.12
2026-03-23 06:00:00+00:00,150.85
2026-03-23 07:00:00+00:00,117.57
2026-03-23 08:00:00+00:00,80.58
2026-03-23 09:00:00+00:00,36.08
2026-03-23 10:00:00+00:00,18.05
2026-03-23 11:00:00+00:00,12.72
2026-03-23 12:00:00+00:00,20.95
2026-03-23 13:00:00+00:00,44.03
2026-03-23 14:00:00+00:00,82.34
2026-03-23 15:00:00+00:00,120.05
2026-03-23 16:00:00+00:00,177.1
2026-03-23 17:00:00+00:00,241.36
2026-03-23 18:00:00+00:00,266.85
2026-03-23 19:00:00+00:00,283.8
2026-03-23 20:00:00+00:00,216.38
2026-03-23 21:00:00+00:00,174.2
2026-03-23 22:00:00+00:00,175.69
2026-03-23 23:00:00+00:00,127.69
2026-03-24 00:00:00+00:00,124.09
2026-03-24 01:00:00+00:00,113.01
2026-03-24 02:00:00+00:00,106.36
2026-03-24 03:00:00+00:00,110.13
2026-03-24 04:00:00+00:00,110.47
2026-03-24 05:00:00+00:00,114.73
2026-03-24 06:00:00+00:00,110.8
2026-03-24 07:00:00+00:00,84.42
2026-03-24 08:00:00+00:00,55.79
2026-03-24 09:00:00+00:00,26.5
2026-03-24 10:00:00+00:00,-4.57
2026-03-24 11:00:00+00:00,-10.44
2026-03-24 12:00:00+00:00,-0.77
2026-03-24 13:00:00+00:00,4.73
2026-03-24 14:00:00+00:00,28.95
2026-03-24 15:00:00+00:00,63.25
2026-03-24 16:00:00+00:00,94.26
2026-03-24 17:00:00+00:00,109.48
2026-03-24 18:00:00+00:00,93.21
2026-03-24 19:00:00+00:00,66.83
2026-03-24 20:00:00+00:00,53.25
2026-03-24 21:00:00+00:00,56.2
2026-03-24 22:00:00+00:00,49.34
2026-03-24 23:00:00+00:00,36.07
2026-03-25 00:00:00+00:00,23.92
2026-03-25 01:00:00+00:00,16.22
2026-03-25 02:00:00+00:00,9.15
2026-03-25 03:00:00+00:00,7.18
2026-03-25 04:00:00+00:00,6.31
2026-03-25 05:00:00+00:00,21.06
2026-03-25 06:00:00+00:00,30.48
2026-03-25 07:00:00+00:00,20.61
2026-03-25 08:00:00+00:00,15.27
2026-03-25 09:00:00+00:00,5.21
2026-03-25 10:00:00+00:00,17.66
2026-03-25 11:00:00+00:00,18.5
2026-03-25 12:00:00+00:00,10.16
2026-03-25 13:00:00+00:00,17.1
2026-03-25 14:00:00+00:00,18.34
2026-03-25 15:00:00+00:00,49.68
2026-03-25 16:00:00+00:00,76.79
2026-03-25 17:00:00+00:00,105.77
2026-03-25 18:00:00+00:00,106.07
2026-03-25 19:00:00+00:00,94.88
2026-03-25 20:00:00+00:00,89.96
2026-03-25 21:00:00+00:00,85.05
2026-03-25 22:00:00+00:00,69.41
2026-03-25 23:00:00+00:00,80.75
2026-03-26 00:00:00+00:00,74.43
2026-03-26 01:00:00+00:00,67.95
2026-03-26 02:00:00+00:00,66.26
2026-03-26 03:00:00+00:00,67.85
2026-03-26 04:00:00+00:00,79.55
2026-03-26 05:00:00+00:00,94.57
2026-03-26 06:00:00+00:00,106.89
2026-03-26 07:00:00+00:00,83.21
2026-03-26 08:00:00+00:00,60.09
2026-03-26 09:00:00+00:00,37.03
2026-03-26 10:00:00+00:00,18.87
2026-03-26 11:00:00+00:00,10.35
2026-03-26 12:00:00+00:00,4.58
2026-03-26 13:00:00+00:00,7.15
2026-03-26 14:00:00+00:00,22.29
2026-03-26 15:00:00+00:00,71.47
2026-03-26 16:00:00+00:00,102.5
2026-03-26 17:00:00+00:00,152.34
2026-03-26 18:00:00+00:00,162.1
2026-03-26 19:00:00+00:00,146.94
2026-03-26 20:00:00+00:00,129.56
2026-03-26 21:00:00+00:00,117.53
2026-03-26 22:00:00+00:00,103.56
2026-03-26 23:00:00+00:00,106.01
2026-03-27 00:00:00+00:00,103.04
2026-03-27 01:00:00+00:00,101.92
2026-03-27 02:00:00+00:00,109.86
2026-03-27 03:00:00+00:00,116.29
2026-03-27 04:00:00+00:00,150.89
2026-03-27 05:00:00+00:00,170.93
2026-03-27 06:00:00+00:00,159.01
2026-03-27 07:00:00+00:00,137.24
2026-03-27 08:00:00+00:00,87.13
2026-03-27 09:00:00+00:00,51.06
2026-03-27 10:00:00+00:00,34.4
2026-03-27 11:00:00+00:00,36.67
2026-03-27 12:00:00+00:00,21.49
2026-03-27 13:00:00+00:00,39.72
2026-03-27 14:00:00+00:00,69.1
2026-03-27 15:00:00+00:00,110.08
2026-03-27 16:00:00+00:00,137.13
2026-03-27 17:00:00+00:00,167.03
2026-03-27 18:00:00+00:00,180.16
2026-03-27 19:00:00+00:00,160.55
2026-03-27 20:00:00+00:00,131.17
2026-03-27 21:00:00+00:00,125.8
2026-03-27 22:00:00+00:00,102.63
2026-03-27 23:00:00+00:00,88.7
2026-03-28 00:00:00+00:00,81.91
2026-03-28 01:00:00+00:00,74.02
2026-03-28 02:00:00+00:00,72.17
2026-03-28 03:00:00+00:00,70.75
2026-03-28 04:00:00+00:00,83.09
2026-03-28 05:00:00+00:00,96.52
2026-03-28 06:00:00+00:00,102.0
2026-03-28 07:00:00+00:00,70.99
2026-03-28 08:00:00+00:00,52.19
2026-03-28 09:00:00+00:00,49.19
2026-03-28 10:00:00+00:00,22.72
2026-03-28 11:00:00+00:00,18.5
2026-03-28 12:00:00+00:00,31.12
2026-03-28 13:00:00+00:00,55.14
2026-03-28 14:00:00+00:00,85.73
2026-03-28 15:00:00+00:00,96.6
2026-03-28 16:00:00+00:00,127.11
2026-03-28 17:00:00+00:00,152.27
2026-03-28 18:00:00+00:00,153.43
2026-03-28 19:00:00+00:00,138.45
2026-03-28 20:00:00+00:00,122.63
2026-03-28 21:00:00+00:00,117.65
2026-03-28 22:00:00+00:00,107.24
2026-03-28 23:00:00+00:00,103.27
2026-03-29 00:00:00+00:00,101.52
2026-03-29 01:00:00+00:00,98.39
2026-03-29 02:00:00+00:00,94.3
2026-03-29 03:00:00+00:00,93.98
2026-03-29 04:00:00+00:00,93.52
2026-03-29 05:00:00+00:00,91.34
2026-03-29 06:00:00+00:00,90.8
2026-03-29 07:00:00+00:00,79.57
2026-03-29 08:00:00+00:00,48.44
2026-03-29 09:00:00+00:00,18.39
2026-03-29 10:00:00+00:00,-1.02
2026-03-29 11:00:00+00:00,-6.48
2026-03-29 12:00:00+00:00,-11.51
2026-03-29 13:00:00+00:00,-14.2
2026-03-29 14:00:00+00:00,-4.66
2026-03-29 15:00:00+00:00,32.24
2026-03-29 16:00:00+00:00,71.1
2026-03-29 17:00:00+00:00,108.79
2026-03-29 18:00:00+00:00,104.28
2026-03-29 19:00:00+00:00,75.56
2026-03-29 20:00:00+00:00,46.08
2026-03-29 21:00:00+00:00,21.32
2026-03-29 22:00:00+00:00,9.68
2026-03-29 23:00:00+00:00,9.8
2026-03-30 00:00:00+00:00,6.65
2026-03-30 01:00:00+00:00,1.44
2026-03-30 02:00:00+00:00,7.92
2026-03-30 03:00:00+00:00,14.17
2026-03-30 04:00:00+00:00,38.9
2026-03-30 05:00:00+00:00,58.43
2026-03-30 06:00:00+00:00,78.13
2026-03-30 07:00:00+00:00,61.53
2026-03-30 08:00:00+00:00,38.24
2026-03-30 09:00:00+00:00,18.79
2026-03-30 10:00:00+00:00,8.5
2026-03-30 11:00:00+00:00,7.03
2026-03-30 12:00:00+00:00,4.79
2026-03-30 13:00:00+00:00,10.62
2026-03-30 14:00:00+00:00,28.33
2026-03-30 15:00:00+00:00,62.62
2026-03-30 16:00:00+00:00,92.24
2026-03-30 17:00:00+00:00,110.79
2026-03-30 18:00:00+00:00,108.16
2026-03-30 19:00:00+00:00,108.74
2026-03-30 20:00:00+00:00,96.62
2026-03-30 21:00:00+00:00,94.03
2026-03-30 22:00:00+00:00,91.42
2026-03-30 23:00:00+00:00,90.7
2026-03-31 00:00:00+00:00,80.56
2026-03-31 01:00:00+00:00,80.65
2026-03-31 02:00:00+00:00,74.67
2026-03-31 03:00:00+00:00,76.71
2026-03-31 04:00:00+00:00,90.95
2026-03-31 05:00:00+00:00,123.28
2026-03-31 06:00:00+00:00,116.92
2026-03-31 07:00:00+00:00,96.36
2026-03-31 08:00:00+00:00,79.92
2026-03-31 09:00:00+00:00,59.18
2026-03-31 10:00:00+00:00,25.28
2026-03-31 11:00:00+00:00,21.93
2026-03-31 12:00:00+00:00,20.44
2026-03-31 13:00:00+00:00,25.08
2026-03-31 14:00:00+00:00,56.18
2026-03-31 15:00:00+00:00,83.71
2026-03-31 16:00:00+00:00,111.77
2026-03-31 17:00:00+00:00,145.85
2026-03-31 18:00:00+00:00,142.32
2026-03-31 19:00:00+00:00,147.81
2026-03-31 20:00:00+00:00,139.51
2026-03-31 21:00:00+00:00,127.65
2026-03-31 22:00:00+00:00,133.41
2026-03-31 23:00:00+00:00,122.55
2026-04-01 00:00:00+00:00,129.66
2026-04-01 01:00:00+00:00,128.22
2026-04-01 02:00:00+00:00,140.72
2026-04-01 03:00:00+00:00,172.62
2026-04-01 04:00:00+00:00,223.18
2026-04-01 05:00:00+00:00,247.78
2026-04-01 06:00:00+00:00,238.03
2026-04-01 07:00:00+00:00,178.06
2026-04-01 08:00:00+00:00,122.08
2026-04-01 09:00:00+00:00,94.97
2026-04-01 10:00:00+00:00,78.5
2026-04-01 11:00:00+00:00,60.54
2026-04-01 12:00:00+00:00,59.62
2026-04-01 13:00:00+00:00,71.41
2026-04-01 14:00:00+00:00,88.35
2026-04-01 15:00:00+00:00,136.89
2026-04-01 16:00:00+00:00,187.73
2026-04-01 17:00:00+00:00,236.57
2026-04-01 18:00:00+00:00,237.09
2026-04-01 19:00:00+00:00,203.33
2026-04-01 20:00:00+00:00,183.0
2026-04-01 21:00:00+00:00,148.24
2026-04-01 22:00:00+00:00,132.46
2026-04-01 23:00:00+00:00,117.1
2026-04-02 00:00:00+00:00,115.33
2026-04-02 01:00:00+00:00,112.43
2026-04-02 02:00:00+00:00,116.55
2026-04-02 03:00:00+00:00,128.48
2026-04-02 04:00:00+00:00,138.98
2026-04-02 05:00:00+00:00,156.69
2026-04-02 06:00:00+00:00,135.96
2026-04-02 07:00:00+00:00,101.95
2026-04-02 08:00:00+00:00,67.17
2026-04-02 09:00:00+00:00,50.54
2026-04-02 10:00:00+00:00,23.26
2026-04-02 11:00:00+00:00,26.93
2026-04-02 12:00:00+00:00,39.13
2026-04-02 13:00:00+00:00,51.28
2026-04-02 14:00:00+00:00,82.19
2026-04-02 15:00:00+00:00,103.11
2026-04-02 16:00:00+00:00,119.73
2026-04-02 17:00:00+00:00,140.22
2026-04-02 18:00:00+00:00,138.62
2026-04-02 19:00:00+00:00,136.11
2026-04-02 20:00:00+00:00,123.66
2026-04-02 21:00:00+00:00,110.44
2026-04-02 22:00:00+00:00,107.08
2026-04-02 23:00:00+00:00,101.48
2026-04-03 00:00:00+00:00,96.17
2026-04-03 01:00:00+00:00,99.31
2026-04-03 02:00:00+00:00,98.76
2026-04-03 03:00:00+00:00,108.0
2026-04-03 04:00:00+00:00,121.0
2026-04-03 05:00:00+00:00,145.04
2026-04-03 06:00:00+00:00,142.03
2026-04-03 07:00:00+00:00,93.26
2026-04-03 08:00:00+00:00,59.69
2026-04-03 09:00:00+00:00,39.97
2026-04-03 10:00:00+00:00,24.72
2026-04-03 11:00:00+00:00,4.04
2026-04-03 12:00:00+00:00,-9.78
2026-04-03 13:00:00+00:00,6.26
2026-04-03 14:00:00+00:00,34.03
2026-04-03 15:00:00+00:00,56.75
2026-04-03 16:00:00+00:00,76.18
2026-04-03 17:00:00+00:00,92.81
2026-04-03 18:00:00+00:00,79.64
2026-04-03 19:00:00+00:00,67.12
2026-04-03 20:00:00+00:00,60.29
2026-04-03 21:00:00+00:00,40.87
2026-04-03 22:00:00+00:00,15.06
2026-04-03 23:00:00+00:00,7.97
2026-04-04 00:00:00+00:00,5.64
2026-04-04 01:00:00+00:00,3.52
2026-04-04 02:00:00+00:00,10.33
2026-04-04 03:00:00+00:00,12.39
2026-04-04 04:00:00+00:00,17.22
2026-04-04 05:00:00+00:00,17.55
2026-04-04 06:00:00+00:00,30.46
2026-04-04 07:00:00+00:00,23.6
2026-04-04 08:00:00+00:00,12.41
2026-04-04 09:00:00+00:00,-7.83
2026-04-04 10:00:00+00:00,-4.81
2026-04-04 11:00:00+00:00,-8.62
2026-04-04 12:00:00+00:00,-7.24
2026-04-04 13:00:00+00:00,-6.49
2026-04-04 14:00:00+00:00,5.34
2026-04-04 15:00:00+00:00,45.29
2026-04-04 16:00:00+00:00,104.22
2026-04-04 17:00:00+00:00,123.14
2026-04-04 18:00:00+00:00,132.36
2026-04-04 19:00:00+00:00,109.03
2026-04-04 20:00:00+00:00,98.76
2026-04-04 21:00:00+00:00,61.49
2026-04-04 22:00:00+00:00,29.55
2026-04-04 23:00:00+00:00,22.4
2026-04-05 00:00:00+00:00,15.33
2026-04-05 01:00:00+00:00,3.14
2026-04-05 02:00:00+00:00,-2.86
2026-04-05 03:00:00+00:00,-3.63
2026-04-05 04:00:00+00:00,-5.82
2026-04-05 05:00:00+00:00,2.06
2026-04-05 06:00:00+00:00,1.51
2026-04-05 07:00:00+00:00,-2.66
2026-04-05 08:00:00+00:00,-5.87
2026-04-05 09:00:00+00:00,-7.53
2026-04-05 10:00:00+00:00,-17.29
2026-04-05 11:00:00+00:00,-15.44
2026-04-05 12:00:00+00:00,-21.95
2026-04-05 13:00:00+00:00,-19.22
2026-04-05 14:00:00+00:00,-9.77
2026-04-05 15:00:00+00:00,-3.86
2026-04-05 16:00:00+00:00,27.67
2026-04-05 17:00:00+00:00,56.16
2026-04-05 18:00:00+00:00,45.15
2026-04-05 19:00:00+00:00,43.85
2026-04-05 20:00:00+00:00,24.13
2026-04-05 21:00:00+00:00,8.58
2026-04-05 22:00:00+00:00,20.85
2026-04-05 23:00:00+00:00,16.99
2026-04-06 00:00:00+00:00,13.36
2026-04-06 01:00:00+00:00,19.53
2026-04-06 02:00:00+00:00,22.98
2026-04-06 03:00:00+00:00,25.09
2026-04-06 04:00:00+00:00,33.1
2026-04-06 05:00:00+00:00,42.53
2026-04-06 06:00:00+00:00,50.78
2026-04-06 07:00:00+00:00,21.5
2026-04-06 08:00:00+00:00,1.99
2026-04-06 09:00:00+00:00,-12.52
2026-04-06 10:00:00+00:00,-17.83
2026-04-06 11:00:00+00:00,-28.6
2026-04-06 12:00:00+00:00,-32.8
2026-04-06 13:00:00+00:00,-24.7
2026-04-06 14:00:00+00:00,-13.1
2026-04-06 15:00:00+00:00,11.07
2026-04-06 16:00:00+00:00,57.54
2026-04-06 17:00:00+00:00,103.97
2026-04-06 18:00:00+00:00,123.01
2026-04-06 19:00:00+00:00,103.9
2026-04-06 20:00:00+00:00,96.29
2026-04-06 21:00:00+00:00,91.85
2026-04-06 22:00:00+00:00,92.12
2026-04-06 23:00:00+00:00,87.72
2026-04-07 00:00:00+00:00,88.3
2026-04-07 01:00:00+00:00,88.18
2026-04-07 02:00:00+00:00,89.29
2026-04-07 03:00:00+00:00,97.59
2026-04-07 04:00:00+00:00,125.52
2026-04-07 05:00:00+00:00,134.8
2026-04-07 06:00:00+00:00,129.41
2026-04-07 07:00:00+00:00,85.41
2026-04-07 08:00:00+00:00,44.62
2026-04-07 09:00:00+00:00,12.8
2026-04-07 10:00:00+00:00,-1.1
2026-04-07 11:00:00+00:00,-7.08
2026-04-07 12:00:00+00:00,-6.06
2026-04-07 13:00:00+00:00,2.17
2026-04-07 14:00:00+00:00,39.6
2026-04-07 15:00:00+00:00,73.0
2026-04-07 16:00:00+00:00,123.27
2026-04-07 17:00:00+00:00,162.93
2026-04-07 18:00:00+00:00,153.07
2026-04-07 19:00:00+00:00,129.81
2026-04-07 20:00:00+00:00,124.3
2026-04-07 21:00:00+00:00,111.08
2026-04-07 22:00:00+00:00,101.99
2026-04-07 23:00:00+00:00,97.78
2026-04-08 00:00:00+00:00,94.24
2026-04-08 01:00:00+00:00,97.86
2026-04-08 02:00:00+00:00,100.12
2026-04-08 03:00:00+00:00,111.58
2026-04-08 04:00:00+00:00,113.82
2026-04-08 05:00:00+00:00,134.94
2026-04-08 06:00:00+00:00,120.8
2026-04-08 07:00:00+00:00,70.09
2026-04-08 08:00:00+00:00,11.86
2026-04-08 09:00:00+00:00,-16.39
2026-04-08 10:00:00+00:00,-30.0
2026-04-08 11:00:00+00:00,-39.33
2026-04-08 12:00:00+00:00,-39.03
2026-04-08 13:00:00+00:00,-23.78
2026-04-08 14:00:00+00:00,3.14
2026-04-08 15:00:00+00:00,79.15
2026-04-08 16:00:00+00:00,127.42
2026-04-08 17:00:00+00:00,138.33
2026-04-08 18:00:00+00:00,139.19
2026-04-08 19:00:00+00:00,120.7
2026-04-08 20:00:00+00:00,112.5
2026-04-08 21:00:00+00:00,101.52
2026-04-08 22:00:00+00:00,99.67
2026-04-08 23:00:00+00:00,96.48
2026-04-09 00:00:00+00:00,94.72
2026-04-09 01:00:00+00:00,94.2
2026-04-09 02:00:00+00:00,96.24
2026-04-09 03:00:00+00:00,105.08
2026-04-09 04:00:00+00:00,137.02
2026-04-09 05:00:00+00:00,150.48
2026-04-09 06:00:00+00:00,130.47
2026-04-09 07:00:00+00:00,92.83
2026-04-09 08:00:00+00:00,44.31
2026-04-09 09:00:00+00:00,-5.57
2026-04-09 10:00:00+00:00,-14.47
2026-04-09 11:00:00+00:00,-26.96
2026-04-09 12:00:00+00:00,-22.67
2026-04-09 13:00:00+00:00,-16.09
2026-04-09 14:00:00+00:00,13.13
2026-04-09 15:00:00+00:00,72.52
2026-04-09 16:00:00+00:00,126.09
2026-04-09 17:00:00+00:00,150.58
2026-04-09 18:00:00+00:00,150.3
2026-04-09 19:00:00+00:00,133.36
2026-04-09 20:00:00+00:00,122.64
2026-04-09 21:00:00+00:00,97.74
2026-04-09 22:00:00+00:00,90.16
2026-04-09 23:00:00+00:00,86.02
2026-04-10 00:00:00+00:00,82.8
2026-04-10 01:00:00+00:00,83.21
2026-04-10 02:00:00+00:00,85.72
2026-04-10 03:00:00+00:00,95.98
2026-04-10 04:00:00+00:00,112.16
2026-04-10 05:00:00+00:00,130.1
2026-04-10 06:00:00+00:00,136.37
2026-04-10 07:00:00+00:00,117.67
2026-04-10 08:00:00+00:00,91.37
2026-04-10 09:00:00+00:00,74.34
2026-04-10 10:00:00+00:00,61.84
2026-04-10 11:00:00+00:00,54.36
2026-04-10 12:00:00+00:00,55.46
2026-04-10 13:00:00+00:00,58.27
2026-04-10 14:00:00+00:00,74.9
2026-04-10 15:00:00+00:00,99.06
2026-04-10 16:00:00+00:00,159.13
2026-04-10 17:00:00+00:00,199.23
2026-04-10 18:00:00+00:00,170.28
2026-04-10 19:00:00+00:00,161.84
2026-04-10 20:00:00+00:00,148.36
2026-04-10 21:00:00+00:00,120.94
2026-04-10 22:00:00+00:00,117.31
2026-04-10 23:00:00+00:00,111.5
2026-04-11 00:00:00+00:00,109.79
2026-04-11 01:00:00+00:00,105.08
2026-04-11 02:00:00+00:00,103.66
2026-04-11 03:00:00+00:00,103.17
2026-04-11 04:00:00+00:00,108.44
2026-04-11 05:00:00+00:00,96.32
2026-04-11 06:00:00+00:00,53.2
2026-04-11 07:00:00+00:00,13.85
2026-04-11 08:00:00+00:00,-2.67
2026-04-11 09:00:00+00:00,-14.92
2026-04-11 10:00:00+00:00,-30.47
2026-04-11 11:00:00+00:00,-35.81
2026-04-11 12:00:00+00:00,-32.96
2026-04-11 13:00:00+00:00,-22.72
2026-04-11 14:00:00+00:00,2.84
2026-04-11 15:00:00+00:00,16.5
2026-04-11 16:00:00+00:00,47.95
2026-04-11 17:00:00+00:00,72.61
2026-04-11 18:00:00+00:00,58.02
2026-04-11 19:00:00+00:00,42.09
2026-04-11 20:00:00+00:00,57.44
2026-04-11 21:00:00+00:00,57.14
2026-04-11 22:00:00+00:00,58.38
2026-04-11 23:00:00+00:00,49.85
2026-04-12 00:00:00+00:00,59.1
2026-04-12 01:00:00+00:00,65.25
2026-04-12 02:00:00+00:00,78.79
2026-04-12 03:00:00+00:00,88.53
2026-04-12 04:00:00+00:00,88.52
2026-04-12 05:00:00+00:00,84.86
2026-04-12 06:00:00+00:00,92.88
2026-04-12 07:00:00+00:00,82.81
2026-04-12 08:00:00+00:00,67.41
2026-04-12 09:00:00+00:00,47.92
2026-04-12 10:00:00+00:00,22.42
2026-04-12 11:00:00+00:00,-1.98
2026-04-12 12:00:00+00:00,7.13
2026-04-12 13:00:00+00:00,35.3
2026-04-12 14:00:00+00:00,80.61
2026-04-12 15:00:00+00:00,89.04
2026-04-12 16:00:00+00:00,99.48
2026-04-12 17:00:00+00:00,117.52
2026-04-12 18:00:00+00:00,125.83
2026-04-12 19:00:00+00:00,119.07
2026-04-12 20:00:00+00:00,119.85
2026-04-12 21:00:00+00:00,114.74
2026-04-12 22:00:00+00:00,114.65
2026-04-12 23:00:00+00:00,104.0
2026-04-13 00:00:00+00:00,102.89
2026-04-13 01:00:00+00:00,100.36
2026-04-13 02:00:00+00:00,107.23
2026-04-13 03:00:00+00:00,112.44
2026-04-13 04:00:00+00:00,129.41
2026-04-13 05:00:00+00:00,135.92
2026-04-13 06:00:00+00:00,120.54
2026-04-13 07:00:00+00:00,107.05
2026-04-13 08:00:00+00:00,97.98
2026-04-13 09:00:00+00:00,90.96
2026-04-13 10:00:00+00:00,85.09
2026-04-13 11:00:00+00:00,76.16
2026-04-13 12:00:00+00:00,71.72
2026-04-13 13:00:00+00:00,78.79
2026-04-13 14:00:00+00:00,76.91
2026-04-13 15:00:00+00:00,106.59
2026-04-13 16:00:00+00:00,128.16
2026-04-13 17:00:00+00:00,124.93
2026-04-13 18:00:00+00:00,112.58
2026-04-13 19:00:00+00:00,108.59
2026-04-13 20:00:00+00:00,106.78
2026-04-13 21:00:00+00:00,105.79
2026-04-13 22:00:00+00:00,106.76
2026-04-13 23:00:00+00:00,101.53
2026-04-14 00:00:00+00:00,101.29
2026-04-14 01:00:00+00:00,100.46
2026-04-14 02:00:00+00:00,104.69
2026-04-14 03:00:00+00:00,117.16
2026-04-14 04:00:00+00:00,127.31
2026-04-14 05:00:00+00:00,140.15
2026-04-14 06:00:00+00:00,157.47
2026-04-14 07:00:00+00:00,148.98
2026-04-14 08:00:00+00:00,131.8
2026-04-14 09:00:00+00:00,110.24
2026-04-14 10:00:00+00:00,99.33
2026-04-14 11:00:00+00:00,87.06
2026-04-14 12:00:00+00:00,93.91
2026-04-14 13:00:00+00:00,92.72
2026-04-14 14:00:00+00:00,104.43
2026-04-14 15:00:00+00:00,122.57
2026-04-14 16:00:00+00:00,158.9
2026-04-14 17:00:00+00:00,263.81
2026-04-14 18:00:00+00:00,229.34
2026-04-14 19:00:00+00:00,173.31
2026-04-14 20:00:00+00:00,157.54
2026-04-14 21:00:00+00:00,141.19
2026-04-14 22:00:00+00:00,136.11
2026-04-14 23:00:00+00:00,137.31
2026-04-15 00:00:00+00:00,123.46
2026-04-15 01:00:00+00:00,115.1
2026-04-15 02:00:00+00:00,114.23
2026-04-15 03:00:00+00:00,121.41
2026-04-15 04:00:00+00:00,152.22
2026-04-15 05:00:00+00:00,162.72
2026-04-15 06:00:00+00:00,152.21
2026-04-15 07:00:00+00:00,119.96
2026-04-15 08:00:00+00:00,92.77
2026-04-15 09:00:00+00:00,73.4
2026-04-15 10:00:00+00:00,61.85
2026-04-15 11:00:00+00:00,62.79
2026-04-15 12:00:00+00:00,75.28
2026-04-15 13:00:00+00:00,97.55
2026-04-15 14:00:00+00:00,109.96
2026-04-15 15:00:00+00:00,131.9
2026-04-15 16:00:00+00:00,159.75
2026-04-15 17:00:00+00:00,249.61
2026-04-15 18:00:00+00:00,199.76
2026-04-15 19:00:00+00:00,146.81
2026-04-15 20:00:00+00:00,128.82
2026-04-15 21:00:00+00:00,123.33
2026-04-15 22:00:00+00:00,113.36
2026-04-15 23:00:00+00:00,109.05
2026-04-16 00:00:00+00:00,105.59
2026-04-16 01:00:00+00:00,103.82
2026-04-16 02:00:00+00:00,106.92
2026-04-16 03:00:00+00:00,118.48
2026-04-16 04:00:00+00:00,128.78
2026-04-16 05:00:00+00:00,146.64
2026-04-16 06:00:00+00:00,135.81
2026-04-16 07:00:00+00:00,121.92
2026-04-16 08:00:00+00:00,99.0
2026-04-16 09:00:00+00:00,74.83
2026-04-16 10:00:00+00:00,61.49
2026-04-16 11:00:00+00:00,45.59
2026-04-16 12:00:00+00:00,43.61
2026-04-16 13:00:00+00:00,65.89
2026-04-16 14:00:00+00:00,86.02
2026-04-16 15:00:00+00:00,111.81
2026-04-16 16:00:00+00:00,132.12
2026-04-16 17:00:00+00:00,158.65
2026-04-16 18:00:00+00:00,177.6
2026-04-16 19:00:00+00:00,145.19
2026-04-16 20:00:00+00:00,126.76
2026-04-16 21:00:00+00:00,130.65
2026-04-16 22:00:00+00:00,109.82
2026-04-16 23:00:00+00:00,108.39
2026-04-17 00:00:00+00:00,104.6
2026-04-17 01:00:00+00:00,103.78
2026-04-17 02:00:00+00:00,110.09
2026-04-17 03:00:00+00:00,122.32
2026-04-17 04:00:00+00:00,160.16
2026-04-17 05:00:00+00:00,140.07
2026-04-17 06:00:00+00:00,124.86
2026-04-17 07:00:00+00:00,95.48
2026-04-17 08:00:00+00:00,70.52
2026-04-17 09:00:00+00:00,46.13
2026-04-17 10:00:00+00:00,32.82
2026-04-17 11:00:00+00:00,26.05
2026-04-17 12:00:00+00:00,35.08
2026-04-17 13:00:00+00:00,70.34
2026-04-17 14:00:00+00:00,85.46
2026-04-17 15:00:00+00:00,115.36
2026-04-17 16:00:00+00:00,144.19
2026-04-17 17:00:00+00:00,182.47
2026-04-17 18:00:00+00:00,191.36
2026-04-17 19:00:00+00:00,134.57
2026-04-17 20:00:00+00:00,134.37
2026-04-17 21:00:00+00:00,119.1
2026-04-17 22:00:00+00:00,120.19
2026-04-17 23:00:00+00:00,112.04
2026-04-18 00:00:00+00:00,109.12
2026-04-18 01:00:00+00:00,108.7
2026-04-18 02:00:00+00:00,108.09
2026-04-18 03:00:00+00:00,110.79
2026-04-18 04:00:00+00:00,122.67
2026-04-18 05:00:00+00:00,114.76
2026-04-18 06:00:00+00:00,102.7
2026-04-18 07:00:00+00:00,70.04
2026-04-18 08:00:00+00:00,36.25
2026-04-18 09:00:00+00:00,15.39
2026-04-18 10:00:00+00:00,2.78
2026-04-18 11:00:00+00:00,-1.36
2026-04-18 12:00:00+00:00,2.58
2026-04-18 13:00:00+00:00,31.94
2026-04-18 14:00:00+00:00,69.55
2026-04-18 15:00:00+00:00,94.83
2026-04-18 16:00:00+00:00,121.93
2026-04-18 17:00:00+00:00,147.94
2026-04-18 18:00:00+00:00,156.83
2026-04-18 19:00:00+00:00,147.1
2026-04-18 20:00:00+00:00,126.94
2026-04-18 21:00:00+00:00,117.73
2026-04-18 22:00:00+00:00,121.8
2026-04-18 23:00:00+00:00,114.92
2026-04-19 00:00:00+00:00,111.37
2026-04-19 01:00:00+00:00,107.36
2026-04-19 02:00:00+00:00,103.82
2026-04-19 03:00:00+00:00,105.42
2026-04-19 04:00:00+00:00,101.18
2026-04-19 05:00:00+00:00,94.84
2026-04-19 06:00:00+00:00,91.09
2026-04-19 07:00:00+00:00,89.88
2026-04-19 08:00:00+00:00,67.72
2026-04-19 09:00:00+00:00,37.8
2026-04-19 10:00:00+00:00,11.59
2026-04-19 11:00:00+00:00,0.34
2026-04-19 12:00:00+00:00,-7.69
2026-04-19 13:00:00+00:00,-7.3
2026-04-19 14:00:00+00:00,2.99
2026-04-19 15:00:00+00:00,52.09
2026-04-19 16:00:00+00:00,84.75
2026-04-19 17:00:00+00:00,102.09
2026-04-19 18:00:00+00:00,116.23
2026-04-19 19:00:00+00:00,109.63
2026-04-19 20:00:00+00:00,104.42
2026-04-19 21:00:00+00:00,98.79
2026-04-19 22:00:00+00:00,93.74
2026-04-19 23:00:00+00:00,87.45
2026-04-20 00:00:00+00:00,87.79
2026-04-20 01:00:00+00:00,82.45
2026-04-20 02:00:00+00:00,84.06
2026-04-20 03:00:00+00:00,95.66
2026-04-20 04:00:00+00:00,112.59
2026-04-20 05:00:00+00:00,124.41
2026-04-20 06:00:00+00:00,109.6
2026-04-20 07:00:00+00:00,89.32
2026-04-20 08:00:00+00:00,59.75
2026-04-20 09:00:00+00:00,37.15
2026-04-20 10:00:00+00:00,15.23
2026-04-20 11:00:00+00:00,4.47
2026-04-20 12:00:00+00:00,7.33
2026-04-20 13:00:00+00:00,15.9
2026-04-20 14:00:00+00:00,41.62
2026-04-20 15:00:00+00:00,90.39
2026-04-20 16:00:00+00:00,111.48
2026-04-20 17:00:00+00:00,135.79
2026-04-20 18:00:00+00:00,132.77
2026-04-20 19:00:00+00:00,111.52
2026-04-20 20:00:00+00:00,105.65
2026-04-20 21:00:00+00:00,94.64
2026-04-20 22:00:00+00:00,95.29
2026-04-20 23:00:00+00:00,88.5
2026-04-21 00:00:00+00:00,90.76
2026-04-21 01:00:00+00:00,93.14
2026-04-21 02:00:00+00:00,96.56
2026-04-21 03:00:00+00:00,104.99
2026-04-21 04:00:00+00:00,126.21
2026-04-21 05:00:00+00:00,130.35
2026-04-21 06:00:00+00:00,128.31
2026-04-21 07:00:00+00:00,98.17
2026-04-21 08:00:00+00:00,64.59
2026-04-21 09:00:00+00:00,37.18
2026-04-21 10:00:00+00:00,8.12
2026-04-21 11:00:00+00:00,-4.83
2026-04-21 12:00:00+00:00,-2.44
2026-04-21 13:00:00+00:00,19.82
2026-04-21 14:00:00+00:00,60.64
2026-04-21 15:00:00+00:00,89.52
2026-04-21 16:00:00+00:00,115.66
2026-04-21 17:00:00+00:00,143.3
2026-04-21 18:00:00+00:00,146.64
2026-04-21 19:00:00+00:00,137.44
2026-04-21 20:00:00+00:00,126.76
2026-04-21 21:00:00+00:00,114.1
2026-04-21 22:00:00+00:00,106.28
2026-04-21 23:00:00+00:00,106.23
2026-04-22 00:00:00+00:00,106.22
2026-04-22 01:00:00+00:00,105.73
2026-04-22 02:00:00+00:00,107.25
2026-04-22 03:00:00+00:00,124.61
2026-04-22 04:00:00+00:00,143.75
2026-04-22 05:00:00+00:00,146.73
2026-04-22 06:00:00+00:00,106.51
2026-04-22 07:00:00+00:00,74.78
2026-04-22 08:00:00+00:00,3.62
2026-04-22 09:00:00+00:00,-12.87
2026-04-22 10:00:00+00:00,-23.22
2026-04-22 11:00:00+00:00,-30.51
2026-04-22 12:00:00+00:00,-30.96
2026-04-22 13:00:00+00:00,-26.66
2026-04-22 14:00:00+00:00,-3.27
2026-04-22 15:00:00+00:00,67.82
2026-04-22 16:00:00+00:00,103.2
2026-04-22 17:00:00+00:00,130.98
2026-04-22 18:00:00+00:00,133.64
2026-04-22 19:00:00+00:00,124.53
2026-04-22 20:00:00+00:00,112.25
2026-04-22 21:00:00+00:00,101.39
2026-04-22 22:00:00+00:00,99.58
2026-04-22 23:00:00+00:00,93.31
2026-04-23 00:00:00+00:00,90.39
2026-04-23 01:00:00+00:00,90.85
2026-04-23 02:00:00+00:00,93.44
2026-04-23 03:00:00+00:00,102.94
2026-04-23 04:00:00+00:00,117.34
2026-04-23 05:00:00+00:00,113.79
2026-04-23 06:00:00+00:00,88.63
2026-04-23 07:00:00+00:00,44.1
2026-04-23 08:00:00+00:00,-3.58
2026-04-23 09:00:00+00:00,-17.96
2026-04-23 10:00:00+00:00,-31.76
2026-04-23 11:00:00+00:00,-43.68
2026-04-23 12:00:00+00:00,-34.26
2026-04-23 13:00:00+00:00,-35.36
2026-04-23 14:00:00+00:00,-13.15
2026-04-23 15:00:00+00:00,18.39
2026-04-23 16:00:00+00:00,92.07
2026-04-23 17:00:00+00:00,118.84
2026-04-23 18:00:00+00:00,125.18
2026-04-23 19:00:00+00:00,111.67
2026-04-23 20:00:00+00:00,103.2
2026-04-23 21:00:00+00:00,97.46
2026-04-23 22:00:00+00:00,84.79
2026-04-23 23:00:00+00:00,87.17
2026-04-24 00:00:00+00:00,87.54
2026-04-24 01:00:00+00:00,88.52
2026-04-24 02:00:00+00:00,91.91
2026-04-24 03:00:00+00:00,101.81
2026-04-24 04:00:00+00:00,113.49
2026-04-24 05:00:00+00:00,116.44
2026-04-24 06:00:00+00:00,105.25
2026-04-24 07:00:00+00:00,67.71
2026-04-24 08:00:00+00:00,3.79
2026-04-24 09:00:00+00:00,-5.6
2026-04-24 10:00:00+00:00,-13.78
2026-04-24 11:00:00+00:00,-39.04
2026-04-24 12:00:00+00:00,-44.78
2026-04-24 13:00:00+00:00,-32.31
2026-04-24 14:00:00+00:00,-20.18
2026-04-24 15:00:00+00:00,30.38
2026-04-24 16:00:00+00:00,92.04
2026-04-24 17:00:00+00:00,121.61
2026-04-24 18:00:00+00:00,146.27
2026-04-24 19:00:00+00:00,117.13
2026-04-24 20:00:00+00:00,108.74
2026-04-24 21:00:00+00:00,98.54
2026-04-24 22:00:00+00:00,94.29
2026-04-24 23:00:00+00:00,93.43
2026-04-25 00:00:00+00:00,91.25
2026-04-25 01:00:00+00:00,84.41
2026-04-25 02:00:00+00:00,84.03
2026-04-25 03:00:00+00:00,85.77
2026-04-25 04:00:00+00:00,80.92
2026-04-25 05:00:00+00:00,68.18
2026-04-25 06:00:00+00:00,26.14
2026-04-25 07:00:00+00:00,10.1
2026-04-25 08:00:00+00:00,-27.11
2026-04-25 09:00:00+00:00,-73.11
2026-04-25 10:00:00+00:00,-83.29
2026-04-25 11:00:00+00:00,-100.08
2026-04-25 12:00:00+00:00,-97.12
2026-04-25 13:00:00+00:00,-77.63
2026-04-25 14:00:00+00:00,-25.43
2026-04-25 15:00:00+00:00,4.55
2026-04-25 16:00:00+00:00,27.21
2026-04-25 17:00:00+00:00,47.84
2026-04-25 18:00:00+00:00,60.11
2026-04-25 19:00:00+00:00,53.94
2026-04-25 20:00:00+00:00,61.87
2026-04-25 21:00:00+00:00,55.09
2026-04-25 22:00:00+00:00,57.38
2026-04-25 23:00:00+00:00,67.43
2026-04-26 00:00:00+00:00,75.95
2026-04-26 01:00:00+00:00,81.35
2026-04-26 02:00:00+00:00,84.73
2026-04-26 03:00:00+00:00,87.93
2026-04-26 04:00:00+00:00,87.44
2026-04-26 05:00:00+00:00,85.75
2026-04-26 06:00:00+00:00,49.53
2026-04-26 07:00:00+00:00,5.91
2026-04-26 08:00:00+00:00,-55.36
2026-04-26 09:00:00+00:00,-89.79
2026-04-26 10:00:00+00:00,-95.85
2026-04-26 11:00:00+00:00,-99.51
2026-04-26 12:00:00+00:00,-92.72
2026-04-26 13:00:00+00:00,-89.31
2026-04-26 14:00:00+00:00,-30.53
2026-04-26 15:00:00+00:00,28.35
2026-04-26 16:00:00+00:00,103.1
2026-04-26 17:00:00+00:00,110.73
2026-04-26 18:00:00+00:00,135.86
2026-04-26 19:00:00+00:00,124.01
2026-04-26 20:00:00+00:00,121.15
2026-04-26 21:00:00+00:00,111.26
2026-04-26 22:00:00+00:00,98.12
2026-04-26 23:00:00+00:00,90.53
2026-04-27 00:00:00+00:00,90.41
2026-04-27 01:00:00+00:00,97.02
2026-04-27 02:00:00+00:00,94.55
2026-04-27 03:00:00+00:00,121.02
2026-04-27 04:00:00+00:00,131.78
2026-04-27 05:00:00+00:00,139.75
2026-04-27 06:00:00+00:00,116.96
2026-04-27 07:00:00+00:00,83.19
2026-04-27 08:00:00+00:00,33.1
2026-04-27 09:00:00+00:00,3.43
2026-04-27 10:00:00+00:00,6.59
2026-04-27 11:00:00+00:00,-11.82
2026-04-27 12:00:00+00:00,-11.17
2026-04-27 13:00:00+00:00,16.78
2026-04-27 14:00:00+00:00,61.56
2026-04-27 15:00:00+00:00,90.35
2026-04-27 16:00:00+00:00,124.96
2026-04-27 17:00:00+00:00,138.69
2026-04-27 18:00:00+00:00,158.26
2026-04-27 19:00:00+00:00,120.83
2026-04-27 20:00:00+00:00,114.94
2026-04-27 21:00:00+00:00,104.03
2026-04-27 22:00:00+00:00,93.36
2026-04-27 23:00:00+00:00,90.71
2026-04-28 00:00:00+00:00,90.32
2026-04-28 01:00:00+00:00,90.57
2026-04-28 02:00:00+00:00,93.12
2026-04-28 03:00:00+00:00,91.77
2026-04-28 04:00:00+00:00,107.97
2026-04-28 05:00:00+00:00,100.76
2026-04-28 06:00:00+00:00,94.75
2026-04-28 07:00:00+00:00,67.67
2026-04-28 08:00:00+00:00,9.7
2026-04-28 09:00:00+00:00,-12.79
2026-04-28 10:00:00+00:00,-18.64
2026-04-28 11:00:00+00:00,-31.38
2026-04-28 12:00:00+00:00,-31.12
2026-04-28 13:00:00+00:00,-17.3
2026-04-28 14:00:00+00:00,1.37
2026-04-28 15:00:00+00:00,55.42
2026-04-28 16:00:00+00:00,87.16
2026-04-28 17:00:00+00:00,110.9
2026-04-28 18:00:00+00:00,119.84
2026-04-28 19:00:00+00:00,112.07
2026-04-28 20:00:00+00:00,105.92
2026-04-28 21:00:00+00:00,100.76
2026-04-28 22:00:00+00:00,99.4
2026-04-28 23:00:00+00:00,99.66
2026-04-29 00:00:00+00:00,101.97
2026-04-29 01:00:00+00:00,103.05
2026-04-29 02:00:00+00:00,109.58
2026-04-29 03:00:00+00:00,113.65
2026-04-29 04:00:00+00:00,129.48
2026-04-29 05:00:00+00:00,125.63
2026-04-29 06:00:00+00:00,98.77
2026-04-29 07:00:00+00:00,56.66
2026-04-29 08:00:00+00:00,3.7
2026-04-29 09:00:00+00:00,-11.27
2026-04-29 10:00:00+00:00,-18.43
2026-04-29 11:00:00+00:00,-26.29
2026-04-29 12:00:00+00:00,-28.47
2026-04-29 13:00:00+00:00,-19.73
2026-04-29 14:00:00+00:00,-8.44
2026-04-29 15:00:00+00:00,34.38
2026-04-29 16:00:00+00:00,86.78
2026-04-29 17:00:00+00:00,130.61
2026-04-29 18:00:00+00:00,146.08
2026-04-29 19:00:00+00:00,124.89
2026-04-29 20:00:00+00:00,108.58
2026-04-29 21:00:00+00:00,108.41
2026-04-29 22:00:00+00:00,103.53
2026-04-29 23:00:00+00:00,100.81
2026-04-30 00:00:00+00:00,100.05
2026-04-30 01:00:00+00:00,98.67
2026-04-30 02:00:00+00:00,100.72
2026-04-30 03:00:00+00:00,112.88
2026-04-30 04:00:00+00:00,132.11
2026-04-30 05:00:00+00:00,125.11
2026-04-30 06:00:00+00:00,98.73
2026-04-30 07:00:00+00:00,33.33
2026-04-30 08:00:00+00:00,-4.33
2026-04-30 09:00:00+00:00,-26.21
2026-04-30 10:00:00+00:00,-37.25
2026-04-30 11:00:00+00:00,-61.49
2026-04-30 12:00:00+00:00,-64.69
2026-04-30 13:00:00+00:00,-32.64
2026-04-30 14:00:00+00:00,-13.18
2026-04-30 15:00:00+00:00,27.22
2026-04-30 16:00:00+00:00,92.36
2026-04-30 17:00:00+00:00,121.11
2026-04-30 18:00:00+00:00,149.07
2026-04-30 19:00:00+00:00,136.38
2026-04-30 20:00:00+00:00,119.01
2026-04-30 21:00:00+00:00,105.52
2026-04-30 22:00:00+00:00,93.02
2026-04-30 23:00:00+00:00,91.49
2026-05-01 00:00:00+00:00,87.78
2026-05-01 01:00:00+00:00,86.91
2026-05-01 02:00:00+00:00,85.3
2026-05-01 03:00:00+00:00,84.37
2026-05-01 04:00:00+00:00,111.08
2026-05-01 05:00:00+00:00,90.7
2026-05-01 06:00:00+00:00,52.5
2026-05-01 07:00:00+00:00,6.67
2026-05-01 08:00:00+00:00,-38.85
2026-05-01 09:00:00+00:00,-45.87
2026-05-01 10:00:00+00:00,-50.5
2026-05-01 11:00:00+00:00,-62.81
2026-05-01 12:00:00+00:00,-61.13
2026-05-01 13:00:00+00:00,-41.92
2026-05-01 14:00:00+00:00,-46.1
2026-05-01 15:00:00+00:00,-0.68
2026-05-01 16:00:00+00:00,69.87
2026-05-01 17:00:00+00:00,122.25
2026-05-01 18:00:00+00:00,138.51
2026-05-01 19:00:00+00:00,121.3
2026-05-01 20:00:00+00:00,95.71
2026-05-01 21:00:00+00:00,78.84
2026-05-01 22:00:00+00:00,88.24
2026-05-01 23:00:00+00:00,81.87
2026-05-02 00:00:00+00:00,78.61
2026-05-02 01:00:00+00:00,71.7
2026-05-02 02:00:00+00:00,67.1
2026-05-02 03:00:00+00:00,64.52
2026-05-02 04:00:00+00:00,52.13
2026-05-02 05:00:00+00:00,17.54
2026-05-02 06:00:00+00:00,-1.61
2026-05-02 07:00:00+00:00,-13.84
2026-05-02 08:00:00+00:00,-64.81
2026-05-02 09:00:00+00:00,-133.42
2026-05-02 10:00:00+00:00,-155.28
2026-05-02 11:00:00+00:00,-164.25
2026-05-02 12:00:00+00:00,-151.67
2026-05-02 13:00:00+00:00,-99.12
2026-05-02 14:00:00+00:00,-44.49
2026-05-02 15:00:00+00:00,13.75
2026-05-02 16:00:00+00:00,99.21
2026-05-02 17:00:00+00:00,140.54
2026-05-02 18:00:00+00:00,157.84
2026-05-02 19:00:00+00:00,150.76
2026-05-02 20:00:00+00:00,130.27
2026-05-02 21:00:00+00:00,112.25
2026-05-02 22:00:00+00:00,127.16
2026-05-02 23:00:00+00:00,108.86
2026-05-03 00:00:00+00:00,106.27
2026-05-03 01:00:00+00:00,106.07
2026-05-03 02:00:00+00:00,104.58
2026-05-03 03:00:00+00:00,104.68
2026-05-03 04:00:00+00:00,101.37
2026-05-03 05:00:00+00:00,87.75
2026-05-03 06:00:00+00:00,45.82
2026-05-03 07:00:00+00:00,-2.86
2026-05-03 08:00:00+00:00,-19.85
2026-05-03 09:00:00+00:00,-59.75
2026-05-03 10:00:00+00:00,-103.48
2026-05-03 11:00:00+00:00,-97.93
2026-05-03 12:00:00+00:00,-98.43
2026-05-03 13:00:00+00:00,-50.65
2026-05-03 14:00:00+00:00,-26.71
2026-05-03 15:00:00+00:00,31.04
2026-05-03 16:00:00+00:00,108.42
2026-05-03 17:00:00+00:00,129.44
2026-05-03 18:00:00+00:00,136.1
2026-05-03 19:00:00+00:00,120.82
2026-05-03 20:00:00+00:00,108.22
2026-05-03 21:00:00+00:00,97.66
2026-05-03 22:00:00+00:00,110.76
2026-05-03 23:00:00+00:00,108.19
2026-05-04 00:00:00+00:00,101.27
2026-05-04 01:00:00+00:00,101.42
2026-05-04 02:00:00+00:00,97.05
2026-05-04 03:00:00+00:00,113.27
2026-05-04 04:00:00+00:00,132.8
2026-05-04 05:00:00+00:00,140.92
2026-05-04 06:00:00+00:00,119.13
2026-05-04 07:00:00+00:00,95.31
2026-05-04 08:00:00+00:00,64.94
2026-05-04 09:00:00+00:00,29.29
2026-05-04 10:00:00+00:00,10.69
2026-05-04 11:00:00+00:00,11.59
2026-05-04 12:00:00+00:00,48.24
2026-05-04 13:00:00+00:00,66.93
2026-05-04 14:00:00+00:00,90.07
2026-05-04 15:00:00+00:00,120.89
2026-05-04 16:00:00+00:00,170.91
2026-05-04 17:00:00+00:00,240.36
2026-05-04 18:00:00+00:00,249.75
2026-05-04 19:00:00+00:00,222.85
2026-05-04 20:00:00+00:00,163.29
2026-05-04 21:00:00+00:00,145.49
2026-05-04 22:00:00+00:00,144.7
2026-05-04 23:00:00+00:00,128.24
2026-05-05 00:00:00+00:00,128.28
2026-05-05 01:00:00+00:00,120.42
2026-05-05 02:00:00+00:00,120.53
2026-05-05 03:00:00+00:00,146.16
2026-05-05 04:00:00+00:00,172.06
2026-05-05 05:00:00+00:00,179.53
2026-05-05 06:00:00+00:00,149.27
2026-05-05 07:00:00+00:00,130.13
2026-05-05 08:00:00+00:00,111.19
2026-05-05 09:00:00+00:00,106.71
2026-05-05 10:00:00+00:00,94.04
2026-05-05 11:00:00+00:00,96.72
2026-05-05 12:00:00+00:00,94.08
2026-05-05 13:00:00+00:00,100.63
2026-05-05 14:00:00+00:00,106.12
2026-05-05 15:00:00+00:00,120.67
2026-05-05 16:00:00+00:00,144.08
2026-05-05 17:00:00+00:00,169.62
2026-05-05 18:00:00+00:00,168.8
2026-05-05 19:00:00+00:00,147.65
2026-05-05 20:00:00+00:00,135.48
2026-05-05 21:00:00+00:00,127.27
2026-05-05 22:00:00+00:00,109.2
2026-05-05 23:00:00+00:00,105.54
2026-05-06 00:00:00+00:00,98.11
2026-05-06 01:00:00+00:00,95.9
2026-05-06 02:00:00+00:00,98.89
2026-05-06 03:00:00+00:00,105.38
2026-05-06 04:00:00+00:00,117.63
2026-05-06 05:00:00+00:00,118.47
2026-05-06 06:00:00+00:00,115.03
2026-05-06 07:00:00+00:00,106.46
2026-05-06 08:00:00+00:00,95.22
2026-05-06 09:00:00+00:00,90.29
2026-05-06 10:00:00+00:00,80.8
2026-05-06 11:00:00+00:00,78.64
2026-05-06 12:00:00+00:00,79.69
2026-05-06 13:00:00+00:00,85.76
2026-05-06 14:00:00+00:00,95.55
2026-05-06 15:00:00+00:00,118.83
2026-05-06 16:00:00+00:00,132.6
2026-05-06 17:00:00+00:00,151.53
2026-05-06 18:00:00+00:00,151.84
2026-05-06 19:00:00+00:00,147.84
2026-05-06 20:00:00+00:00,137.25
2026-05-06 21:00:00+00:00,119.46
2026-05-06 22:00:00+00:00,122.84
2026-05-06 23:00:00+00:00,112.66
2026-05-07 00:00:00+00:00,113.87
2026-05-07 01:00:00+00:00,113.5
2026-05-07 02:00:00+00:00,118.42
2026-05-07 03:00:00+00:00,136.24
2026-05-07 04:00:00+00:00,156.66
2026-05-07 05:00:00+00:00,166.07
2026-05-07 06:00:00+00:00,154.38
2026-05-07 07:00:00+00:00,133.58
2026-05-07 08:00:00+00:00,118.88
2026-05-07 09:00:00+00:00,108.36
2026-05-07 10:00:00+00:00,102.42
2026-05-07 11:00:00+00:00,86.34
2026-05-07 12:00:00+00:00,85.24
2026-05-07 13:00:00+00:00,100.23
2026-05-07 14:00:00+00:00,111.46
2026-05-07 15:00:00+00:00,133.11
2026-05-07 16:00:00+00:00,146.37
2026-05-07 17:00:00+00:00,170.6
2026-05-07 18:00:00+00:00,180.07
2026-05-07 19:00:00+00:00,164.19
2026-05-07 20:00:00+00:00,141.51
2026-05-07 21:00:00+00:00,125.69
2026-05-07 22:00:00+00:00,125.84
2026-05-07 23:00:00+00:00,118.35
2026-05-08 00:00:00+00:00,116.67
2026-05-08 01:00:00+00:00,115.88
2026-05-08 02:00:00+00:00,117.83
2026-05-08 03:00:00+00:00,125.91
2026-05-08 04:00:00+00:00,144.33
2026-05-08 05:00:00+00:00,140.44
2026-05-08 06:00:00+00:00,127.0
2026-05-08 07:00:00+00:00,98.87
2026-05-08 08:00:00+00:00,69.11
2026-05-08 09:00:00+00:00,66.34
2026-05-08 10:00:00+00:00,48.43
2026-05-08 11:00:00+00:00,51.12
2026-05-08 12:00:00+00:00,54.21
2026-05-08 13:00:00+00:00,78.98
2026-05-08 14:00:00+00:00,87.08
2026-05-08 15:00:00+00:00,102.05
2026-05-08 16:00:00+00:00,123.32
2026-05-08 17:00:00+00:00,146.97
2026-05-08 18:00:00+00:00,157.02
2026-05-08 19:00:00+00:00,145.19
2026-05-08 20:00:00+00:00,129.23
2026-05-08 21:00:00+00:00,119.06
2026-05-08 22:00:00+00:00,113.37
2026-05-08 23:00:00+00:00,110.7
2026-05-09 00:00:00+00:00,112.45
2026-05-09 01:00:00+00:00,110.21
2026-05-09 02:00:00+00:00,106.94
2026-05-09 03:00:00+00:00,114.21
2026-05-09 04:00:00+00:00,110.8
2026-05-09 05:00:00+00:00,102.37
2026-05-09 06:00:00+00:00,96.86
2026-05-09 07:00:00+00:00,52.22
2026-05-09 08:00:00+00:00,19.37
2026-05-09 09:00:00+00:00,8.66
2026-05-09 10:00:00+00:00,12.1
2026-05-09 11:00:00+00:00,-1.81
2026-05-09 12:00:00+00:00,0.65
2026-05-09 13:00:00+00:00,22.5
2026-05-09 14:00:00+00:00,59.24
2026-05-09 15:00:00+00:00,90.56
2026-05-09 16:00:00+00:00,120.21
2026-05-09 17:00:00+00:00,151.09
2026-05-09 18:00:00+00:00,147.76
2026-05-09 19:00:00+00:00,147.31
2026-05-09 20:00:00+00:00,138.2
2026-05-09 21:00:00+00:00,123.11
2026-05-09 22:00:00+00:00,124.02
2026-05-09 23:00:00+00:00,120.91
2026-05-10 00:00:00+00:00,122.78
2026-05-10 01:00:00+00:00,118.81
2026-05-10 02:00:00+00:00,115.77
2026-05-10 03:00:00+00:00,114.86
2026-05-10 04:00:00+00:00,112.32
2026-05-10 05:00:00+00:00,96.31
2026-05-10 06:00:00+00:00,72.06
2026-05-10 07:00:00+00:00,20.78
2026-05-10 08:00:00+00:00,-3.02
2026-05-10 09:00:00+00:00,-41.4
2026-05-10 10:00:00+00:00,-71.75
2026-05-10 11:00:00+00:00,-78.22
2026-05-10 12:00:00+00:00,-42.18
2026-05-10 13:00:00+00:00,-5.98
2026-05-10 14:00:00+00:00,2.71
2026-05-10 15:00:00+00:00,65.1
2026-05-10 16:00:00+00:00,106.56
2026-05-10 17:00:00+00:00,123.78
2026-05-10 18:00:00+00:00,128.42
2026-05-10 19:00:00+00:00,123.43
2026-05-10 20:00:00+00:00,126.25
2026-05-10 21:00:00+00:00,117.7
2026-05-10 22:00:00+00:00,119.94
2026-05-10 23:00:00+00:00,123.67
2026-05-11 00:00:00+00:00,124.36
2026-05-11 01:00:00+00:00,120.89
2026-05-11 02:00:00+00:00,121.59
2026-05-11 03:00:00+00:00,136.91
2026-05-11 04:00:00+00:00,148.54
2026-05-11 05:00:00+00:00,151.11
2026-05-11 06:00:00+00:00,146.77
2026-05-11 07:00:00+00:00,125.79
2026-05-11 08:00:00+00:00,114.89
2026-05-11 09:00:00+00:00,102.18
2026-05-11 10:00:00+00:00,75.08
2026-05-11 11:00:00+00:00,60.51
2026-05-11 12:00:00+00:00,49.52
2026-05-11 13:00:00+00:00,55.66
2026-05-11 14:00:00+00:00,68.18
2026-05-11 15:00:00+00:00,92.24
2026-05-11 16:00:00+00:00,105.28
2026-05-11 17:00:00+00:00,121.45
2026-05-11 18:00:00+00:00,131.33
2026-05-11 19:00:00+00:00,124.67
2026-05-11 20:00:00+00:00,113.33
2026-05-11 21:00:00+00:00,96.74
2026-05-11 22:00:00+00:00,83.95
2026-05-11 23:00:00+00:00,77.35
2026-05-12 00:00:00+00:00,76.29
2026-05-12 01:00:00+00:00,75.14
2026-05-12 02:00:00+00:00,76.64
2026-05-12 03:00:00+00:00,83.9
2026-05-12 04:00:00+00:00,86.6
2026-05-12 05:00:00+00:00,90.01
2026-05-12 06:00:00+00:00,84.27
2026-05-12 07:00:00+00:00,52.05
2026-05-12 08:00:00+00:00,24.12
2026-05-12 09:00:00+00:00,15.85
2026-05-12 10:00:00+00:00,9.81
2026-05-12 11:00:00+00:00,7.32
2026-05-12 12:00:00+00:00,15.24
2026-05-12 13:00:00+00:00,19.98
2026-05-12 14:00:00+00:00,31.33
2026-05-12 15:00:00+00:00,69.85
2026-05-12 16:00:00+00:00,102.81
2026-05-12 17:00:00+00:00,127.95
2026-05-12 18:00:00+00:00,135.98
2026-05-12 19:00:00+00:00,139.78
2026-05-12 20:00:00+00:00,127.65
2026-05-12 21:00:00+00:00,112.99
2026-05-12 22:00:00+00:00,100.84
2026-05-12 23:00:00+00:00,95.42
2026-05-13 00:00:00+00:00,92.09
2026-05-13 01:00:00+00:00,92.12
2026-05-13 02:00:00+00:00,94.24
2026-05-13 03:00:00+00:00,107.89
2026-05-13 04:00:00+00:00,130.33
2026-05-13 05:00:00+00:00,147.43
2026-05-13 06:00:00+00:00,115.8
2026-05-13 07:00:00+00:00,87.91
2026-05-13 08:00:00+00:00,58.94
2026-05-13 09:00:00+00:00,53.34
2026-05-13 10:00:00+00:00,46.04
2026-05-13 11:00:00+00:00,32.39
2026-05-13 12:00:00+00:00,35.77
2026-05-13 13:00:00+00:00,48.87
2026-05-13 14:00:00+00:00,71.61
2026-05-13 15:00:00+00:00,103.45
2026-05-13 16:00:00+00:00,132.61
2026-05-13 17:00:00+00:00,146.67
2026-05-13 18:00:00+00:00,159.23
2026-05-13 19:00:00+00:00,149.6
2026-05-13 20:00:00+00:00,133.7
2026-05-13 21:00:00+00:00,116.29
2026-05-13 22:00:00+00:00,111.7
2026-05-13 23:00:00+00:00,106.82
2026-05-14 00:00:00+00:00,103.19
2026-05-14 01:00:00+00:00,104.82
2026-05-14 02:00:00+00:00,102.15
2026-05-14 03:00:00+00:00,100.78
2026-05-14 04:00:00+00:00,114.4
2026-05-14 05:00:00+00:00,113.12
2026-05-14 06:00:00+00:00,96.28
2026-05-14 07:00:00+00:00,70.22
2026-05-14 08:00:00+00:00,57.33
2026-05-14 09:00:00+00:00,41.28
2026-05-14 10:00:00+00:00,38.17
2026-05-14 11:00:00+00:00,35.35
2026-05-14 12:00:00+00:00,30.61
2026-05-14 13:00:00+00:00,35.4
2026-05-14 14:00:00+00:00,47.38
2026-05-14 15:00:00+00:00,77.21
2026-05-14 16:00:00+00:00,108.05
2026-05-14 17:00:00+00:00,133.68
2026-05-14 18:00:00+00:00,215.89
2026-05-14 19:00:00+00:00,190.06
2026-05-14 20:00:00+00:00,154.68
2026-05-14 21:00:00+00:00,133.37
2026-05-14 22:00:00+00:00,133.65
2026-05-14 23:00:00+00:00,128.98
2026-05-15 00:00:00+00:00,126.55
2026-05-15 01:00:00+00:00,127.67
2026-05-15 02:00:00+00:00,124.41
2026-05-15 03:00:00+00:00,128.34
2026-05-15 04:00:00+00:00,135.0
2026-05-15 05:00:00+00:00,131.45
2026-05-15 06:00:00+00:00,114.32
2026-05-15 07:00:00+00:00,91.26
2026-05-15 08:00:00+00:00,74.25
2026-05-15 09:00:00+00:00,60.44
2026-05-15 10:00:00+00:00,35.06
2026-05-15 11:00:00+00:00,22.43
2026-05-15 12:00:00+00:00,21.36
2026-05-15 13:00:00+00:00,29.2
2026-05-15 14:00:00+00:00,62.38
2026-05-15 15:00:00+00:00,90.31
2026-05-15 16:00:00+00:00,112.8
2026-05-15 17:00:00+00:00,132.23
2026-05-15 18:00:00+00:00,141.21
2026-05-15 19:00:00+00:00,132.84
2026-05-15 20:00:00+00:00,127.67
2026-05-15 21:00:00+00:00,118.39
2026-05-15 22:00:00+00:00,111.6
2026-05-15 23:00:00+00:00,102.12
2026-05-16 00:00:00+00:00,101.18
2026-05-16 01:00:00+00:00,95.55
2026-05-16 02:00:00+00:00,91.99
2026-05-16 03:00:00+00:00,86.87
2026-05-16 04:00:00+00:00,80.13
2026-05-16 05:00:00+00:00,75.16
2026-05-16 06:00:00+00:00,48.92
2026-05-16 07:00:00+00:00,15.18
2026-05-16 08:00:00+00:00,-1.04
2026-05-16 09:00:00+00:00,-2.86
2026-05-16 10:00:00+00:00,-8.21
2026-05-16 11:00:00+00:00,-11.59
2026-05-16 12:00:00+00:00,-14.17
2026-05-16 13:00:00+00:00,-12.7
2026-05-16 14:00:00+00:00,-6.0
2026-05-16 15:00:00+00:00,38.3
2026-05-16 16:00:00+00:00,90.82
2026-05-16 17:00:00+00:00,127.69
2026-05-16 18:00:00+00:00,140.14
2026-05-16 19:00:00+00:00,152.46
2026-05-16 20:00:00+00:00,143.87
2026-05-16 21:00:00+00:00,132.13
2026-05-16 22:00:00+00:00,130.82
2026-05-16 23:00:00+00:00,127.47
2026-05-17 00:00:00+00:00,124.64
2026-05-17 01:00:00+00:00,121.83
2026-05-17 02:00:00+00:00,115.41
2026-05-17 03:00:00+00:00,111.8
2026-05-17 04:00:00+00:00,103.19
2026-05-17 05:00:00+00:00,89.17
2026-05-17 06:00:00+00:00,52.79
2026-05-17 07:00:00+00:00,8.25
2026-05-17 08:00:00+00:00,1.62
2026-05-17 09:00:00+00:00,1.48
2026-05-17 10:00:00+00:00,-1.63
2026-05-17 11:00:00+00:00,-7.05
2026-05-17 12:00:00+00:00,-3.19
2026-05-17 13:00:00+00:00,5.36
2026-05-17 14:00:00+00:00,26.77
2026-05-17 15:00:00+00:00,75.96
2026-05-17 16:00:00+00:00,114.54
2026-05-17 17:00:00+00:00,135.85
2026-05-17 18:00:00+00:00,144.13
2026-05-17 19:00:00+00:00,136.48
2026-05-17 20:00:00+00:00,131.5
2026-05-17 21:00:00+00:00,126.43
2026-05-17 22:00:00+00:00,124.97
2026-05-17 23:00:00+00:00,113.91
2026-05-18 00:00:00+00:00,113.48
2026-05-18 01:00:00+00:00,107.36
2026-05-18 02:00:00+00:00,108.39
2026-05-18 03:00:00+00:00,121.23
2026-05-18 04:00:00+00:00,139.51
2026-05-18 05:00:00+00:00,141.24
2026-05-18 06:00:00+00:00,125.37
2026-05-18 07:00:00+00:00,101.67
2026-05-18 08:00:00+00:00,81.46
2026-05-18 09:00:00+00:00,63.16
2026-05-18 10:00:00+00:00,47.24
2026-05-18 11:00:00+00:00,48.27
2026-05-18 12:00:00+00:00,57.06
2026-05-18 13:00:00+00:00,73.0
2026-05-18 14:00:00+00:00,86.54
2026-05-18 15:00:00+00:00,109.89
2026-05-18 16:00:00+00:00,137.91
2026-05-18 17:00:00+00:00,163.12
2026-05-18 18:00:00+00:00,219.04
2026-05-18 19:00:00+00:00,214.47
2026-05-18 20:00:00+00:00,166.54
2026-05-18 21:00:00+00:00,142.92
2026-05-18 22:00:00+00:00,143.72
2026-05-18 23:00:00+00:00,132.48
2026-05-19 00:00:00+00:00,133.87
2026-05-19 01:00:00+00:00,133.32
2026-05-19 02:00:00+00:00,134.75
2026-05-19 03:00:00+00:00,160.54
2026-05-19 04:00:00+00:00,171.93
2026-05-19 05:00:00+00:00,162.31
2026-05-19 06:00:00+00:00,148.3
2026-05-19 07:00:00+00:00,110.65
2026-05-19 08:00:00+00:00,86.4
2026-05-19 09:00:00+00:00,79.39
2026-05-19 10:00:00+00:00,77.26
2026-05-19 11:00:00+00:00,66.03
2026-05-19 12:00:00+00:00,67.13
2026-05-19 13:00:00+00:00,88.21
2026-05-19 14:00:00+00:00,97.3
2026-05-19 15:00:00+00:00,123.95
2026-05-19 16:00:00+00:00,141.66
2026-05-19 17:00:00+00:00,166.98
2026-05-19 18:00:00+00:00,186.31
2026-05-19 19:00:00+00:00,171.15
2026-05-19 20:00:00+00:00,150.13
2026-05-19 21:00:00+00:00,138.7
2026-05-19 22:00:00+00:00,123.83
2026-05-19 23:00:00+00:00,114.76
2026-05-20 00:00:00+00:00,112.77
2026-05-20 01:00:00+00:00,110.97
2026-05-20 02:00:00+00:00,111.59
2026-05-20 03:00:00+00:00,121.12
2026-05-20 04:00:00+00:00,130.93
2026-05-20 05:00:00+00:00,130.86
2026-05-20 06:00:00+00:00,128.75
2026-05-20 07:00:00+00:00,106.79
2026-05-20 08:00:00+00:00,94.21
2026-05-20 09:00:00+00:00,83.39
2026-05-20 10:00:00+00:00,73.84
2026-05-20 11:00:00+00:00,64.81
2026-05-20 12:00:00+00:00,57.83
2026-05-20 13:00:00+00:00,61.96
2026-05-20 14:00:00+00:00,78.43
2026-05-20 15:00:00+00:00,98.06
2026-05-20 16:00:00+00:00,123.96
2026-05-20 17:00:00+00:00,147.62
2026-05-20 18:00:00+00:00,166.94
2026-05-20 19:00:00+00:00,162.67
2026-05-20 20:00:00+00:00,148.67
2026-05-20 21:00:00+00:00,136.74
2026-05-20 22:00:00+00:00,130.91
2026-05-20 23:00:00+00:00,117.42
2026-05-21 00:00:00+00:00,112.92
2026-05-21 01:00:00+00:00,113.78
2026-05-21 02:00:00+00:00,115.68
2026-05-21 03:00:00+00:00,130.65
2026-05-21 04:00:00+00:00,139.2
2026-05-21 05:00:00+00:00,128.25
2026-05-21 06:00:00+00:00,118.17
2026-05-21 07:00:00+00:00,94.96
2026-05-21 08:00:00+00:00,71.89
2026-05-21 09:00:00+00:00,50.18
2026-05-21 10:00:00+00:00,38.63
2026-05-21 11:00:00+00:00,25.17
2026-05-21 12:00:00+00:00,19.76
2026-05-21 13:00:00+00:00,41.37
2026-05-21 14:00:00+00:00,66.14
2026-05-21 15:00:00+00:00,97.48
2026-05-21 16:00:00+00:00,130.74
2026-05-21 17:00:00+00:00,163.57
2026-05-21 18:00:00+00:00,166.27
2026-05-21 19:00:00+00:00,172.91
2026-05-21 20:00:00+00:00,162.42
2026-05-21 21:00:00+00:00,145.48
2026-05-21 22:00:00+00:00,142.66
2026-05-21 23:00:00+00:00,137.92
2026-05-22 00:00:00+00:00,127.4
2026-05-22 01:00:00+00:00,125.06
2026-05-22 02:00:00+00:00,131.83
2026-05-22 03:00:00+00:00,158.35
2026-05-22 04:00:00+00:00,148.62
2026-05-22 05:00:00+00:00,142.33
2026-05-22 06:00:00+00:00,128.72
2026-05-22 07:00:00+00:00,90.75
2026-05-22 08:00:00+00:00,46.16
2026-05-22 09:00:00+00:00,30.01
2026-05-22 10:00:00+00:00,13.37
2026-05-22 11:00:00+00:00,17.51
2026-05-22 12:00:00+00:00,15.16
2026-05-22 13:00:00+00:00,40.06
2026-05-22 14:00:00+00:00,64.95
2026-05-22 15:00:00+00:00,95.33
2026-05-22 16:00:00+00:00,128.23
2026-05-22 17:00:00+00:00,147.13
2026-05-22 18:00:00+00:00,196.76
2026-05-22 19:00:00+00:00,170.03
2026-05-22 20:00:00+00:00,152.31
2026-05-22 21:00:00+00:00,139.76
2026-05-22 22:00:00+00:00,133.69
2026-05-22 23:00:00+00:00,127.52
2026-05-23 00:00:00+00:00,123.05
2026-05-23 01:00:00+00:00,119.64
2026-05-23 02:00:00+00:00,118.3
2026-05-23 03:00:00+00:00,113.81
2026-05-23 04:00:00+00:00,106.82
2026-05-23 05:00:00+00:00,96.09
2026-05-23 06:00:00+00:00,64.55
2026-05-23 07:00:00+00:00,25.43
2026-05-23 08:00:00+00:00,-5.71
2026-05-23 09:00:00+00:00,-13.88
2026-05-23 10:00:00+00:00,-35.18
2026-05-23 11:00:00+00:00,-58.82
2026-05-23 12:00:00+00:00,-42.6
2026-05-23 13:00:00+00:00,-28.78
2026-05-23 14:00:00+00:00,7.08
2026-05-23 15:00:00+00:00,63.54
2026-05-23 16:00:00+00:00,118.27
2026-05-23 17:00:00+00:00,145.26
2026-05-23 18:00:00+00:00,151.31
2026-05-23 19:00:00+00:00,161.4
2026-05-23 20:00:00+00:00,148.36
2026-05-23 21:00:00+00:00,139.95
2026-05-23 22:00:00+00:00,128.32
2026-05-23 23:00:00+00:00,128.08
2026-05-24 00:00:00+00:00,127.82
2026-05-24 01:00:00+00:00,124.65
2026-05-24 02:00:00+00:00,119.52
2026-05-24 03:00:00+00:00,112.62
2026-05-24 04:00:00+00:00,107.48
2026-05-24 05:00:00+00:00,99.83
2026-05-24 06:00:00+00:00,70.21
2026-05-24 07:00:00+00:00,16.82
2026-05-24 08:00:00+00:00,-28.28
2026-05-24 09:00:00+00:00,-38.88
2026-05-24 10:00:00+00:00,-78.05
2026-05-24 11:00:00+00:00,-147.59
2026-05-24 12:00:00+00:00,-117.26
2026-05-24 13:00:00+00:00,-44.1
2026-05-24 14:00:00+00:00,-13.27
2026-05-24 15:00:00+00:00,27.52
2026-05-24 16:00:00+00:00,108.79
2026-05-24 17:00:00+00:00,132.86
2026-05-24 18:00:00+00:00,158.78
2026-05-24 19:00:00+00:00,159.0
2026-05-24 20:00:00+00:00,149.75
2026-05-24 21:00:00+00:00,139.85
2026-05-24 22:00:00+00:00,145.96
2026-05-24 23:00:00+00:00,137.05
2026-05-25 00:00:00+00:00,137.24
2026-05-25 01:00:00+00:00,127.07
2026-05-25 02:00:00+00:00,117.36
2026-05-25 03:00:00+00:00,118.25
2026-05-25 04:00:00+00:00,115.92
2026-05-25 05:00:00+00:00,106.87
2026-05-25 06:00:00+00:00,48.08
2026-05-25 07:00:00+00:00,-1.31
2026-05-25 08:00:00+00:00,-47.02
2026-05-25 09:00:00+00:00,-95.59
2026-05-25 10:00:00+00:00,-113.29
2026-05-25 11:00:00+00:00,-152.66
2026-05-25 12:00:00+00:00,-101.25
2026-05-25 13:00:00+00:00,-67.15
2026-05-25 14:00:00+00:00,-49.08
2026-05-25 15:00:00+00:00,27.74
2026-05-25 16:00:00+00:00,100.68
2026-05-25 17:00:00+00:00,174.05
2026-05-25 18:00:00+00:00,189.84
2026-05-25 19:00:00+00:00,198.73
2026-05-25 20:00:00+00:00,159.35
2026-05-25 21:00:00+00:00,151.73
2026-05-25 22:00:00+00:00,136.92
2026-05-25 23:00:00+00:00,125.1
2026-05-26 00:00:00+00:00,125.13
2026-05-26 01:00:00+00:00,122.48
2026-05-26 02:00:00+00:00,120.63
2026-05-26 03:00:00+00:00,121.79
2026-05-26 04:00:00+00:00,129.3
2026-05-26 05:00:00+00:00,119.3
2026-05-26 06:00:00+00:00,92.39
2026-05-26 07:00:00+00:00,33.32
2026-05-26 08:00:00+00:00,-3.72
2026-05-26 09:00:00+00:00,-19.16
2026-05-26 10:00:00+00:00,-35.8
2026-05-26 11:00:00+00:00,-61.11
2026-05-26 12:00:00+00:00,-64.36
2026-05-26 13:00:00+00:00,-16.31
2026-05-26 14:00:00+00:00,-18.75
2026-05-26 15:00:00+00:00,45.52
2026-05-26 16:00:00+00:00,108.83
2026-05-26 17:00:00+00:00,140.66
2026-05-26 18:00:00+00:00,162.43
2026-05-26 19:00:00+00:00,165.14
2026-05-26 20:00:00+00:00,147.08
2026-05-26 21:00:00+00:00,130.9
2026-05-26 22:00:00+00:00,116.81
2026-05-26 23:00:00+00:00,110.75
2026-05-27 00:00:00+00:00,104.7
2026-05-27 01:00:00+00:00,104.87
2026-05-27 02:00:00+00:00,107.93
2026-05-27 03:00:00+00:00,116.91
2026-05-27 04:00:00+00:00,124.98
2026-05-27 05:00:00+00:00,119.17
2026-05-27 06:00:00+00:00,95.0
2026-05-27 07:00:00+00:00,42.48
2026-05-27 08:00:00+00:00,4.02
2026-05-27 09:00:00+00:00,-5.24
2026-05-27 10:00:00+00:00,-18.38
2026-05-27 11:00:00+00:00,-38.81
2026-05-27 12:00:00+00:00,-40.54
2026-05-27 13:00:00+00:00,-28.35
2026-05-27 14:00:00+00:00,-5.49
2026-05-27 15:00:00+00:00,51.22
2026-05-27 16:00:00+00:00,101.87
2026-05-27 17:00:00+00:00,133.32
2026-05-27 18:00:00+00:00,157.05
2026-05-27 19:00:00+00:00,154.46
2026-05-27 20:00:00+00:00,147.08
2026-05-27 21:00:00+00:00,134.05
2026-05-27 22:00:00+00:00,140.43
2026-05-27 23:00:00+00:00,130.83
2026-05-28 00:00:00+00:00,124.23
2026-05-28 01:00:00+00:00,128.57
2026-05-28 02:00:00+00:00,136.21
2026-05-28 03:00:00+00:00,146.43
2026-05-28 04:00:00+00:00,156.96
2026-05-28 05:00:00+00:00,140.94
2026-05-28 06:00:00+00:00,105.63
2026-05-28 07:00:00+00:00,55.86
2026-05-28 08:00:00+00:00,26.87
2026-05-28 09:00:00+00:00,10.13
2026-05-28 10:00:00+00:00,-7.12
2026-05-28 11:00:00+00:00,-19.8
2026-05-28 12:00:00+00:00,-16.8
2026-05-28 13:00:00+00:00,-3.1
2026-05-28 14:00:00+00:00,15.58
2026-05-28 15:00:00+00:00,80.05
2026-05-28 16:00:00+00:00,136.48
2026-05-28 17:00:00+00:00,177.23
2026-05-28 18:00:00+00:00,240.65
2026-05-28 19:00:00+00:00,188.5
2026-05-28 20:00:00+00:00,163.73
2026-05-28 21:00:00+00:00,144.59
2026-05-28 22:00:00+00:00,143.8
2026-05-28 23:00:00+00:00,136.14
2026-05-29 00:00:00+00:00,129.3
2026-05-29 01:00:00+00:00,131.2
2026-05-29 02:00:00+00:00,129.79
2026-05-29 03:00:00+00:00,128.14
2026-05-29 04:00:00+00:00,132.52
2026-05-29 05:00:00+00:00,119.27
2026-05-29 06:00:00+00:00,104.54
2026-05-29 07:00:00+00:00,55.33
2026-05-29 08:00:00+00:00,4.56
2026-05-29 09:00:00+00:00,1.19
2026-05-29 10:00:00+00:00,-10.84
2026-05-29 11:00:00+00:00,-24.01
2026-05-29 12:00:00+00:00,-13.86
2026-05-29 13:00:00+00:00,14.12
2026-05-29 14:00:00+00:00,37.6
2026-05-29 15:00:00+00:00,87.3
2026-05-29 16:00:00+00:00,121.08
2026-05-29 17:00:00+00:00,164.37
2026-05-29 18:00:00+00:00,207.54
2026-05-29 19:00:00+00:00,231.31
2026-05-29 20:00:00+00:00,145.19
2026-05-29 21:00:00+00:00,129.3
2026-05-29 22:00:00+00:00,115.67
2026-05-29 23:00:00+00:00,113.23
2026-05-30 00:00:00+00:00,111.75
2026-05-30 01:00:00+00:00,112.61
2026-05-30 02:00:00+00:00,104.82
2026-05-30 03:00:00+00:00,102.46
2026-05-30 04:00:00+00:00,98.17
2026-05-30 05:00:00+00:00,94.84
2026-05-30 06:00:00+00:00,70.11
2026-05-30 07:00:00+00:00,30.16
2026-05-30 08:00:00+00:00,21.73
2026-05-30 09:00:00+00:00,1.1
2026-05-30 10:00:00+00:00,-22.87
2026-05-30 11:00:00+00:00,-25.91
2026-05-30 12:00:00+00:00,-19.22
2026-05-30 13:00:00+00:00,7.98
2026-05-30 14:00:00+00:00,9.72
2026-05-30 15:00:00+00:00,30.84
2026-05-30 16:00:00+00:00,108.94
2026-05-30 17:00:00+00:00,134.27
2026-05-30 18:00:00+00:00,132.14
2026-05-30 19:00:00+00:00,140.59
2026-05-30 20:00:00+00:00,160.63
2026-05-30 21:00:00+00:00,151.77
2026-05-30 22:00:00+00:00,144.69
2026-05-30 23:00:00+00:00,136.36
2026-05-31 00:00:00+00:00,141.35
2026-05-31 01:00:00+00:00,128.44
2026-05-31 02:00:00+00:00,131.24
2026-05-31 03:00:00+00:00,127.37
2026-05-31 04:00:00+00:00,111.86
2026-05-31 05:00:00+00:00,98.88
2026-05-31 06:00:00+00:00,77.85
2026-05-31 07:00:00+00:00,43.71
2026-05-31 08:00:00+00:00,23.57
2026-05-31 09:00:00+00:00,19.68
2026-05-31 10:00:00+00:00,16.01
2026-05-31 11:00:00+00:00,16.4
2026-05-31 12:00:00+00:00,19.92
2026-05-31 13:00:00+00:00,16.24
2026-05-31 14:00:00+00:00,33.05
2026-05-31 15:00:00+00:00,71.58
2026-05-31 16:00:00+00:00,108.63
2026-05-31 17:00:00+00:00,133.92
2026-05-31 18:00:00+00:00,151.41
2026-05-31 19:00:00+00:00,156.31
2026-05-31 20:00:00+00:00,149.24
2026-05-31 21:00:00+00:00,135.55
2026-05-31 22:00:00+00:00,129.39
2026-05-31 23:00:00+00:00,119.25
2026-06-01 00:00:00+00:00,119.08
2026-06-01 01:00:00+00:00,121.48
2026-06-01 02:00:00+00:00,134.25
2026-06-01 03:00:00+00:00,144.63
2026-06-01 04:00:00+00:00,147.52
2026-06-01 05:00:00+00:00,143.48
2026-06-01 06:00:00+00:00,122.3
2026-06-01 07:00:00+00:00,103.79
2026-06-01 08:00:00+00:00,78.23
2026-06-01 09:00:00+00:00,51.82
2026-06-01 10:00:00+00:00,41.92
2026-06-01 11:00:00+00:00,38.08
2026-06-01 12:00:00+00:00,36.26
2026-06-01 13:00:00+00:00,50.5
2026-06-01 14:00:00+00:00,87.61
2026-06-01 15:00:00+00:00,103.77
2026-06-01 16:00:00+00:00,142.99
2026-06-01 17:00:00+00:00,192.71
2026-06-01 18:00:00+00:00,239.88
2026-06-01 19:00:00+00:00,245.78
2026-06-01 20:00:00+00:00,199.89
2026-06-01 21:00:00+00:00,190.5
2026-06-01 22:00:00+00:00,154.57
2026-06-01 23:00:00+00:00,128.96
2026-06-02 00:00:00+00:00,117.81
2026-06-02 01:00:00+00:00,115.74
2026-06-02 02:00:00+00:00,122.23
2026-06-02 03:00:00+00:00,132.02
2026-06-02 04:00:00+00:00,140.61
2026-06-02 05:00:00+00:00,132.19
2026-06-02 06:00:00+00:00,121.68
2026-06-02 07:00:00+00:00,92.02
2026-06-02 08:00:00+00:00,88.59
2026-06-02 09:00:00+00:00,78.66
2026-06-02 10:00:00+00:00,66.33
2026-06-02 11:00:00+00:00,70.35
2026-06-02 12:00:00+00:00,66.48
2026-06-02 13:00:00+00:00,86.44
2026-06-02 14:00:00+00:00,103.14
2026-06-02 15:00:00+00:00,130.01
2026-06-02 16:00:00+00:00,137.52
2026-06-02 17:00:00+00:00,164.29
2026-06-02 18:00:00+00:00,235.82
2026-06-02 19:00:00+00:00,227.64
2026-06-02 20:00:00+00:00,150.61
2026-06-02 21:00:00+00:00,132.06
2026-06-02 22:00:00+00:00,112.24
2026-06-02 23:00:00+00:00,107.43
2026-06-03 00:00:00+00:00,109.35
2026-06-03 01:00:00+00:00,105.28
2026-06-03 02:00:00+00:00,109.86
2026-06-03 03:00:00+00:00,121.65
2026-06-03 04:00:00+00:00,124.49
2026-06-03 05:00:00+00:00,125.96
2026-06-03 06:00:00+00:00,113.48
2026-06-03 07:00:00+00:00,96.54
2026-06-03 08:00:00+00:00,76.26
2026-06-03 09:00:00+00:00,57.95
2026-06-03 10:00:00+00:00,39.75
2026-06-03 11:00:00+00:00,28.07
2026-06-03 12:00:00+00:00,29.19
2026-06-03 13:00:00+00:00,42.46
2026-06-03 14:00:00+00:00,60.7
2026-06-03 15:00:00+00:00,86.89
2026-06-03 16:00:00+00:00,118.17
2026-06-03 17:00:00+00:00,140.02
2026-06-03 18:00:00+00:00,137.7
2026-06-03 19:00:00+00:00,129.52
2026-06-03 20:00:00+00:00,127.8
2026-06-03 21:00:00+00:00,115.07
2026-06-03 22:00:00+00:00,90.48
2026-06-03 23:00:00+00:00,79.38
2026-06-04 00:00:00+00:00,69.23
2026-06-04 01:00:00+00:00,68.74
2026-06-04 02:00:00+00:00,79.33
2026-06-04 03:00:00+00:00,84.1
2026-06-04 04:00:00+00:00,98.66
2026-06-04 05:00:00+00:00,105.66
2026-06-04 06:00:00+00:00,93.55
2026-06-04 07:00:00+00:00,67.13
2026-06-04 08:00:00+00:00,36.74
2026-06-04 09:00:00+00:00,28.83
2026-06-04 10:00:00+00:00,23.35
2026-06-04 11:00:00+00:00,21.14
2026-06-04 12:00:00+00:00,22.16
2026-06-04 13:00:00+00:00,27.93
2026-06-04 14:00:00+00:00,48.09
2026-06-04 15:00:00+00:00,82.55
2026-06-04 16:00:00+00:00,104.58
2026-06-04 17:00:00+00:00,109.5
2026-06-04 18:00:00+00:00,109.03
2026-06-04 19:00:00+00:00,102.03
2026-06-04 20:00:00+00:00,99.59
2026-06-04 21:00:00+00:00,85.24
2026-06-04 22:00:00+00:00,75.94
2026-06-04 23:00:00+00:00,76.12
2026-06-05 00:00:00+00:00,79.72
2026-06-05 01:00:00+00:00,82.55
2026-06-05 02:00:00+00:00,87.56
2026-06-05 03:00:00+00:00,99.18
2026-06-05 04:00:00+00:00,108.28
2026-06-05 05:00:00+00:00,107.28
2026-06-05 06:00:00+00:00,99.31
2026-06-05 07:00:00+00:00,81.5
2026-06-05 08:00:00+00:00,49.11
2026-06-05 09:00:00+00:00,34.68
2026-06-05 10:00:00+00:00,19.36
2026-06-05 11:00:00+00:00,15.61
2026-06-05 12:00:00+00:00,15.84
2026-06-05 13:00:00+00:00,24.23
2026-06-05 14:00:00+00:00,40.74
2026-06-05 15:00:00+00:00,85.02
2026-06-05 16:00:00+00:00,122.18
2026-06-05 17:00:00+00:00,168.81
2026-06-05 18:00:00+00:00,253.05
2026-06-05 19:00:00+00:00,245.77
2026-06-05 20:00:00+00:00,153.49
2026-06-05 21:00:00+00:00,139.5
2026-06-05 22:00:00+00:00,121.34
2026-06-05 23:00:00+00:00,123.91
2026-06-06 00:00:00+00:00,122.38
2026-06-06 01:00:00+00:00,121.79
2026-06-06 02:00:00+00:00,126.85
2026-06-06 03:00:00+00:00,116.41
2026-06-06 04:00:00+00:00,118.29
2026-06-06 05:00:00+00:00,113.66
2026-06-06 06:00:00+00:00,87.26
2026-06-06 07:00:00+00:00,47.37
2026-06-06 08:00:00+00:00,30.11
2026-06-06 09:00:00+00:00,24.48
2026-06-06 10:00:00+00:00,20.2
2026-06-06 11:00:00+00:00,17.97
2026-06-06 12:00:00+00:00,16.88
2026-06-06 13:00:00+00:00,20.87
2026-06-06 14:00:00+00:00,49.11
2026-06-06 15:00:00+00:00,92.66
2026-06-06 16:00:00+00:00,125.2
2026-06-06 17:00:00+00:00,133.49
2026-06-06 18:00:00+00:00,147.7
2026-06-06 19:00:00+00:00,138.66
2026-06-06 20:00:00+00:00,135.35
2026-06-06 21:00:00+00:00,111.8
2026-06-06 22:00:00+00:00,107.13
2026-06-06 23:00:00+00:00,100.19
2026-06-07 00:00:00+00:00,92.6
2026-06-07 01:00:00+00:00,84.06
2026-06-07 02:00:00+00:00,85.46
2026-06-07 03:00:00+00:00,81.46
2026-06-07 04:00:00+00:00,64.06
2026-06-07 05:00:00+00:00,39.1
2026-06-07 06:00:00+00:00,23.37
2026-06-07 07:00:00+00:00,3.78
2026-06-07 08:00:00+00:00,-0.43
2026-06-07 09:00:00+00:00,-5.83
2026-06-07 10:00:00+00:00,-11.74
2026-06-07 11:00:00+00:00,-11.44
2026-06-07 12:00:00+00:00,-10.29
2026-06-07 13:00:00+00:00,-7.38
2026-06-07 14:00:00+00:00,-8.83
2026-06-07 15:00:00+00:00,5.44
2026-06-07 16:00:00+00:00,53.04
2026-06-07 17:00:00+00:00,112.86
2026-06-07 18:00:00+00:00,132.78
2026-06-07 19:00:00+00:00,138.49
2026-06-07 20:00:00+00:00,142.89
2026-06-07 21:00:00+00:00,132.95
2026-06-07 22:00:00+00:00,154.38
2026-06-07 23:00:00+00:00,129.68
2026-06-08 00:00:00+00:00,125.78
2026-06-08 01:00:00+00:00,118.53
2026-06-08 02:00:00+00:00,130.62
2026-06-08 03:00:00+00:00,136.64
2026-06-08 04:00:00+00:00,153.85
2026-06-08 05:00:00+00:00,153.62
2026-06-08 06:00:00+00:00,132.78
2026-06-08 07:00:00+00:00,94.33
2026-06-08 08:00:00+00:00,59.97
2026-06-08 09:00:00+00:00,47.72
2026-06-08 10:00:00+00:00,39.37
2026-06-08 11:00:00+00:00,35.52
2026-06-08 12:00:00+00:00,43.86
2026-06-08 13:00:00+00:00,87.69
2026-06-08 14:00:00+00:00,86.32
2026-06-08 15:00:00+00:00,114.86
2026-06-08 16:00:00+00:00,136.27
2026-06-08 17:00:00+00:00,195.89
2026-06-08 18:00:00+00:00,202.91
2026-06-08 19:00:00+00:00,162.9
2026-06-08 20:00:00+00:00,146.58
2026-06-08 21:00:00+00:00,126.98
2026-06-08 22:00:00+00:00,113.18
2026-06-08 23:00:00+00:00,109.15
2026-06-09 00:00:00+00:00,103.38
2026-06-09 01:00:00+00:00,103.67
2026-06-09 02:00:00+00:00,102.18
2026-06-09 03:00:00+00:00,109.56
2026-06-09 04:00:00+00:00,118.26
2026-06-09 05:00:00+00:00,121.15
2026-06-09 06:00:00+00:00,118.49
2026-06-09 07:00:00+00:00,94.0
2026-06-09 08:00:00+00:00,76.05
2026-06-09 09:00:00+00:00,59.55
2026-06-09 10:00:00+00:00,25.01
2026-06-09 11:00:00+00:00,24.48
2026-06-09 12:00:00+00:00,15.95
2026-06-09 13:00:00+00:00,21.96
2026-06-09 14:00:00+00:00,20.78
2026-06-09 15:00:00+00:00,63.93
2026-06-09 16:00:00+00:00,103.55
2026-06-09 17:00:00+00:00,138.09
2026-06-09 18:00:00+00:00,161.98
2026-06-09 19:00:00+00:00,160.07
2026-06-09 20:00:00+00:00,151.7
2026-06-09 21:00:00+00:00,131.55
2026-06-09 22:00:00+00:00,127.47
2026-06-09 23:00:00+00:00,121.5
2026-06-10 00:00:00+00:00,116.08
2026-06-10 01:00:00+00:00,107.26
2026-06-10 02:00:00+00:00,114.11
2026-06-10 03:00:00+00:00,128.4
2026-06-10 04:00:00+00:00,144.22
2026-06-10 05:00:00+00:00,146.42
2026-06-10 06:00:00+00:00,129.05
2026-06-10 07:00:00+00:00,100.06
2026-06-10 08:00:00+00:00,75.96
2026-06-10 09:00:00+00:00,66.29
2026-06-10 10:00:00+00:00,60.45
2026-06-10 11:00:00+00:00,47.4
2026-06-10 12:00:00+00:00,55.16
2026-06-10 13:00:00+00:00,76.67
2026-06-10 14:00:00+00:00,92.16
2026-06-10 15:00:00+00:00,113.72
2026-06-10 16:00:00+00:00,160.2
2026-06-10 17:00:00+00:00,180.85
2026-06-10 18:00:00+00:00,208.89
2026-06-10 19:00:00+00:00,218.47
2026-06-10 20:00:00+00:00,193.65
2026-06-10 21:00:00+00:00,142.35
2026-06-10 22:00:00+00:00,136.82
2026-06-10 23:00:00+00:00,129.12
2026-06-11 00:00:00+00:00,119.24
2026-06-11 01:00:00+00:00,117.23
2026-06-11 02:00:00+00:00,119.72
2026-06-11 03:00:00+00:00,140.04
2026-06-11 04:00:00+00:00,145.74
2026-06-11 05:00:00+00:00,143.64
2026-06-11 06:00:00+00:00,133.72
2026-06-11 07:00:00+00:00,103.46
2026-06-11 08:00:00+00:00,82.17
2026-06-11 09:00:00+00:00,65.83
2026-06-11 10:00:00+00:00,48.04
2026-06-11 11:00:00+00:00,32.94
2026-06-11 12:00:00+00:00,21.97
2026-06-11 13:00:00+00:00,39.66
2026-06-11 14:00:00+00:00,59.86
2026-06-11 15:00:00+00:00,98.4
2026-06-11 16:00:00+00:00,114.63
2026-06-11 17:00:00+00:00,133.39
2026-06-11 18:00:00+00:00,144.32
2026-06-11 19:00:00+00:00,144.81
2026-06-11 20:00:00+00:00,143.16
2026-06-11 21:00:00+00:00,127.7
