Date,0
2010-01-04,0.0
2010-01-05,0.0
2010-01-06,0.0
2010-01-07,0.0
2010-01-08,0.0
2010-01-11,0.0
2010-01-12,0.0
2010-01-13,0.0
2010-01-14,0.0
2010-01-15,0.0
2010-01-19,0.0
2010-01-20,0.0
2010-01-21,0.0
2010-01-22,0.0
2010-01-25,0.0
2010-01-26,0.0
2010-01-27,0.0
2010-01-28,0.0
2010-01-29,0.0
2010-02-01,0.0
2010-02-02,0.0
2010-02-03,0.0
2010-02-04,0.0
2010-02-05,0.0
2010-02-08,0.0
2010-02-09,0.0
2010-02-10,0.0
2010-02-11,0.0
2010-02-12,0.0
2010-02-16,0.0
2010-02-17,0.0
2010-02-18,0.0
2010-02-19,0.0
2010-02-22,0.0
2010-02-23,0.0
2010-02-24,0.0
2010-02-25,0.0
2010-02-26,0.0
2010-03-01,0.0
2010-03-02,0.0
2010-03-03,0.0
2010-03-04,0.0
2010-03-05,0.0
2010-03-08,0.0
2010-03-09,0.0
2010-03-10,0.0
2010-03-11,0.0
2010-03-12,0.0
2010-03-15,0.0
2010-03-16,0.0
2010-03-17,0.0
2010-03-18,0.0
2010-03-19,0.0
2010-03-22,0.0
2010-03-23,0.0
2010-03-24,0.0
2010-03-25,0.0
2010-03-26,0.0
2010-03-29,0.0
2010-03-30,0.0
2010-03-31,0.0
2010-04-01,0.0
2010-04-05,0.0
2010-04-06,0.0
2010-04-07,0.0
2010-04-08,0.0
2010-04-09,0.0
2010-04-12,0.0
2010-04-13,0.0
2010-04-14,0.0
2010-04-15,0.0
2010-04-16,0.0
2010-04-19,0.0
2010-04-20,0.0
2010-04-21,0.0
2010-04-22,0.0
2010-04-23,0.0
2010-04-26,0.0
2010-04-27,0.0
2010-04-28,0.0
2010-04-29,0.0
2010-04-30,0.0
2010-05-03,0.0
2010-05-04,0.0
2010-05-05,0.0
2010-05-06,0.0
2010-05-07,0.0
2010-05-10,0.0
2010-05-11,0.0
2010-05-12,0.0
2010-05-13,0.0
2010-05-14,0.0
2010-05-17,0.0
2010-05-18,0.0
2010-05-19,0.0
2010-05-20,0.0
2010-05-21,0.0
2010-05-24,0.0
2010-05-25,0.0
2010-05-26,0.0
2010-05-27,0.0
2010-05-28,0.0
2010-06-01,0.0
2010-06-02,0.0
2010-06-03,0.0
2010-06-04,0.0
2010-06-07,0.0
2010-06-08,0.0
2010-06-09,0.0
2010-06-10,0.0
2010-06-11,0.0
2010-06-14,0.0
2010-06-15,0.0
2010-06-16,0.0
2010-06-17,0.0
2010-06-18,0.0
2010-06-21,0.0
2010-06-22,0.0
2010-06-23,0.0
2010-06-24,0.0
2010-06-25,0.0
2010-06-28,0.0
2010-06-29,0.0
2010-06-30,0.0
2010-07-01,0.0
2010-07-02,0.0
2010-07-06,0.0
2010-07-07,0.0
2010-07-08,0.0
2010-07-09,0.0
2010-07-12,0.0
2010-07-13,0.0
2010-07-14,0.0
2010-07-15,0.0
2010-07-16,0.0
2010-07-19,0.0
2010-07-20,0.0
2010-07-21,0.0
2010-07-22,0.0
2010-07-23,0.0
2010-07-26,0.0
2010-07-27,0.0
2010-07-28,0.0
2010-07-29,0.0
2010-07-30,0.0
2010-08-02,0.0
2010-08-03,0.0
2010-08-04,0.0
2010-08-05,0.0
2010-08-06,0.0
2010-08-09,0.0
2010-08-10,0.0
2010-08-11,0.0
2010-08-12,0.0
2010-08-13,0.0
2010-08-16,0.0
2010-08-17,0.0
2010-08-18,0.0
2010-08-19,0.0
2010-08-20,0.0
2010-08-23,0.0
2010-08-24,0.0
2010-08-25,0.0
2010-08-26,0.0
2010-08-27,0.0
2010-08-30,0.0
2010-08-31,0.0
2010-09-01,0.0
2010-09-02,0.0
2010-09-03,0.0
2010-09-07,0.0
2010-09-08,0.0
2010-09-09,0.0
2010-09-10,0.0
2010-09-13,0.0
2010-09-14,0.0
2010-09-15,0.0
2010-09-16,0.0
2010-09-17,0.0
2010-09-20,0.0
2010-09-21,0.0
2010-09-22,0.0
2010-09-23,0.0
2010-09-24,0.0
2010-09-27,0.0
2010-09-28,0.0
2010-09-29,0.0
2010-09-30,0.0
2010-10-01,0.0
2010-10-04,0.0
2010-10-05,0.0
2010-10-06,0.0
2010-10-07,0.0
2010-10-08,0.0
2010-10-11,0.0
2010-10-12,0.0
2010-10-13,0.0
2010-10-14,0.0
2010-10-15,0.0
2010-10-18,0.0
2010-10-19,0.0
2010-10-20,0.0
2010-10-21,0.0
2010-10-22,0.0
2010-10-25,0.0
2010-10-26,0.0
2010-10-27,0.0
2010-10-28,0.0
2010-10-29,0.0
2010-11-01,0.0
2010-11-02,0.0
2010-11-03,0.0
2010-11-04,0.0
2010-11-05,0.0
2010-11-08,0.0
2010-11-09,0.0
2010-11-10,0.0
2010-11-11,0.0
2010-11-12,0.0
2010-11-15,0.0
2010-11-16,0.0
2010-11-17,0.0
2010-11-18,0.0
2010-11-19,0.0
2010-11-22,0.0
2010-11-23,0.0
2010-11-24,0.0
2010-11-26,0.0
2010-11-29,0.0
2010-11-30,0.0
2010-12-01,0.0
2010-12-02,0.0
2010-12-03,0.0
2010-12-06,0.0
2010-12-07,0.0
2010-12-08,0.0
2010-12-09,0.0
2010-12-10,0.0
2010-12-13,0.0
2010-12-14,0.0
2010-12-15,0.0
2010-12-16,0.0
2010-12-17,0.0
2010-12-20,0.0
2010-12-21,0.0
2010-12-22,0.0
2010-12-23,0.0
2010-12-27,0.0
2010-12-28,0.0
2010-12-29,0.0
2010-12-30,0.0
2010-12-31,0.0
2011-01-03,0.0
2011-01-04,-0.008588672537702827
2011-01-05,0.0038426151057913216
2011-01-06,-0.00471339139900133
2011-01-07,-0.003153186776143571
2011-01-10,0.004923113074274433
2011-01-11,0.005824753317892141
2011-01-12,0.0053572696929955
2011-01-13,-6.310872343000642e-05
2011-01-14,-0.002188068641201163
2011-01-18,0.0031243682457248643
2011-01-19,-0.0012761134790819893
2011-01-20,-0.006708213507141464
2011-01-21,0.0043273147213495336
2011-01-24,-0.0010956804159782886
2011-01-25,-0.008436533699858282
2011-01-26,0.009129166415038905
2011-01-27,-0.0005255609869814023
2011-01-28,0.006673961615067174
2011-01-31,0.005825942340215919
2011-02-01,0.005613868519475307
2011-02-02,0.0014947385029987347
2011-02-03,-0.0006884531873884369
2011-02-04,-0.0027482297817402754
2011-02-07,0.0011708463365139052
2011-02-08,0.0037605159849899315
2011-02-09,0.005039755164170602
2011-02-10,-0.0028329427275735537
2011-02-11,-0.0015274927453999192
2011-02-14,0.004427987306116384
2011-02-15,-0.004441378058772347
2011-02-16,0.004098541056571198
2011-02-17,0.005864956141878433
2011-02-18,-0.0018674583284327292
2011-02-22,-0.0041938468199853906
2011-02-23,0.007243280659907833
2011-02-24,-0.0006941355210947502
2011-02-25,0.00816415168621985
2011-02-28,0.004932144879091642
2011-03-01,0.010261304857852805
2011-03-02,0.006129577389453275
2011-03-03,-8.301748956880346e-05
2011-03-04,0.004275108173157821
2011-03-07,-0.005009937214514148
2011-03-08,-0.00428457107098347
2011-03-09,-9.748578646872705e-05
2011-03-10,-0.01053691815509087
2011-03-11,-0.002551173361402708
2011-03-14,-0.00308558489235987
2011-03-15,-0.023861105806145304
2011-03-16,0.0020446813240745237
2011-03-17,0.011349397820855556
2011-03-18,0.007308692987478596
2011-03-21,0.003959063098954988
2011-03-22,0.0020166849830324254
2011-03-23,0.0013504305757461629
2011-03-24,0.003258003036572768
2011-03-25,-0.0022241559229963363
2011-03-28,-0.005840523838797599
2011-03-29,-0.0003416060820472165
2011-03-30,0.001919006678399751
2011-03-31,0.008961156873150604
2011-04-01,0.0003486317175268159
2011-04-04,0.004309356626658691
2011-04-05,0.0066416280636188525
2011-04-06,0.0017325402209298958
2011-04-07,0.0015103446117279012
2011-04-08,0.009386406499976541
2011-04-11,-0.004290945514353123
2011-04-12,-0.010574924610178081
2011-04-13,0.0017084384743513547
2011-04-14,0.0025058923088636174
2011-04-15,0.0039613883571489525
2011-04-18,-0.0014033132430066628
2011-04-19,0.0007192567142440239
2011-04-20,0.005116628367518105
2011-04-21,0.006282385951503837
2011-04-25,0.0016466150303192162
2011-04-26,-0.0027937725530367942
2011-04-27,0.00038822331433590863
2011-04-28,0.0015032102969247177
2011-04-29,0.008963307602096359
2011-05-02,-0.0058506504468044465
2011-05-03,-0.008360361834335013
2011-05-04,-0.013663663050068347
2011-05-05,-0.028977548667676063
2011-05-06,-0.005869123043795674
2011-05-09,0.013509553218015969
2011-05-10,0.006265555904598868
2011-05-11,-0.018439189678836485
2011-05-12,-0.0004865591288088206
2011-05-13,-0.0011929358278192248
2011-05-16,-0.0034749284493840404
2011-05-17,0.0022140503269543615
2011-05-18,0.012323778734680858
2011-05-19,-0.00501305298676544
2011-05-20,0.0015586545789000334
2011-05-23,-0.003750386075779449
2011-05-24,0.0034499617108254685
2011-05-25,0.00737828786885195
2011-05-26,-0.0001853706636562783
2011-05-27,0.004210574974126159
2011-05-31,0.0034840937023759523
2011-06-01,-0.005190011318490223
2011-06-02,0.0020412972496967204
2011-06-03,0.0025711618099253106
2011-06-06,-0.006747484636730859
2011-06-07,0.002225138512474406
2011-06-08,0.0014751959366653136
2011-06-09,0.0047052412870658466
2011-06-10,-0.0033037653914857906
2011-06-13,-0.004034846616522594
2011-06-14,0.0025929224826927353
2011-06-15,-0.008811218654821498
2011-06-16,-0.002808370682997449
2011-06-17,-0.00075119844695968
2011-06-20,-0.0007609502911499627
2011-06-21,0.002032016520384545
2011-06-22,0.0027710284756628212
2011-06-23,-0.011003677630378432
2011-06-24,-0.0052542339137351774
2011-06-27,-0.0024454270754147847
2011-06-28,0.007810558740180955
2011-06-29,0.0113945929062022
2011-06-30,-0.007215495049194069
2011-07-01,-0.004343582401264474
2011-07-05,0.009841565348348163
2011-07-06,0.0026637995779847435
2011-07-07,0.00927410001770197
2011-07-08,-0.005299397475212115
2011-07-11,-0.0061136018791478905
2011-07-12,0.004173683464390642
2011-07-13,0.009028203703177883
2011-07-14,-0.004111229826767284
2011-07-15,-0.004603007426707628
2011-07-18,-0.0010162710069692618
2011-07-19,0.0019019542856156361
2011-07-20,-2.2275862819074718e-05
2011-07-21,-0.001196713158793578
2011-07-22,0.0070886702293225965
2011-07-25,-0.002256161544319089
2011-07-26,0.006044905355377612
2011-07-27,-0.0013847092111096632
2011-07-28,-0.0025365706648647858
2011-07-29,-0.000330968004256333
2011-08-01,-0.0025412988274814766
2011-08-02,0.0009846571296589597
2011-08-03,-0.003895981970748944
2011-08-04,-0.013674880962613283
2011-08-05,-0.0026215485106337584
2011-08-08,-0.006882139587797817
2011-08-09,-0.0020071407774862548
2011-08-10,0.006582951017194926
2011-08-11,0.001973973913657512
2011-08-12,0.0020705663332231034
2011-08-15,0.006485437975725793
2011-08-16,0.005358539043274031
2011-08-17,0.009800839819073426
2011-08-18,-0.00496028407189337
2011-08-19,0.010503435999651967
2011-08-22,0.005573114532335333
2011-08-23,-0.0016820725328180548
2011-08-24,-0.008635625246374911
2011-08-25,0.0038883965682235196
2011-08-26,0.0062570686280713165
2011-08-29,0.0008573364877813901
2011-08-30,0.007992676075128805
2011-08-31,0.002142066591618144
2011-09-01,-0.005942617307135001
2011-09-02,0.0024039930763138937
2011-09-06,-0.007273850058915804
2011-09-07,0.002394395339961701
2011-09-08,0.0016951620982368642
2011-09-09,-0.007228672715748147
2011-09-12,-0.0055494843060094595
2011-09-13,-0.001397684118124524
2011-09-14,-0.002692609408936483
2011-09-15,-0.0024550948651771063
2011-09-16,0.00018222184625257896
2011-09-19,-0.012845353971703648
2011-09-20,0.0029793220262606937
2011-09-21,-0.002837947750242762
2011-09-22,-0.028268393792837358
2011-09-23,-0.023553730271849448
2011-09-26,-0.0032583984573992288
2011-09-27,0.0011533773363123754
2011-09-28,0.001346930599824342
2011-09-29,-0.007955156891328424
2011-09-30,0.010112611264408806
2011-10-03,0.0021289594068027444
2011-10-04,0.00012899526209284807
2011-10-05,-0.003946508068030613
2011-10-06,0.0006135551005093771
2011-10-07,0.0025951502173869293
2011-10-10,-0.0043108354748377644
2011-10-11,-0.0010371618674579004
2011-10-12,0.014423072325105236
2011-10-13,0.0012335027134581053
2011-10-14,-0.004592980455018689
2011-10-17,-0.007268475607542093
2011-10-18,0.001348836859929327
2011-10-19,-0.0012531863347462122
2011-10-20,0.006891443337770214
2011-10-21,2.2765150297456877e-05
2011-10-24,-0.003432904190843252
2011-10-25,0.003893594830665385
2011-10-26,-0.0069277841141779685
2011-10-27,-0.002577833215902561
2011-10-28,-0.015119826260963174
2011-10-31,0.0029544373352816907
2011-11-01,0.002990692454104761
2011-11-02,-0.00025971906236525575
2011-11-03,0.00038056963304431085
2011-11-04,0.004351245123899878
2011-11-07,0.016057946042987412
2011-11-08,-0.005439864580825761
2011-11-09,0.0034890587909488426
2011-11-10,0.006713847189890747
2011-11-11,0.0035289136985347477
2011-11-14,-0.005713358537038759
2011-11-15,-0.0009283328728761326
2011-11-16,0.002081370414108081
2011-11-17,-0.008331950097533054
2011-11-18,0.0024370125199723465
2011-11-21,0.0014093784252478222
2011-11-22,0.008841567811670689
2011-11-23,-0.0028615637303509456
2011-11-25,-0.00265871916843362
2011-11-28,0.009999184034416467
2011-11-29,-0.010620844268985045
2011-11-30,0.0030094521109392206
2011-12-01,-0.007672993825263048
2011-12-02,0.00037832101946057273
2011-12-05,0.0024952854706808574
2011-12-06,0.0018242235091717755
2011-12-07,0.005229092238185579
2011-12-08,-0.011182677925776749
2011-12-09,0.011552225207358617
2011-12-12,-0.002583230214105952
2011-12-13,0.0016042271292442023
2011-12-14,-0.006297088153163435
2011-12-15,-0.0009539016673986358
2011-12-16,-0.0059183515009368515
2011-12-19,-0.008070531345350504
2011-12-20,-0.0004892066190255436
2011-12-21,0.0019714861969370133
2011-12-22,-0.0028958759042570005
2011-12-23,2.4102469245679308e-05
2011-12-27,-0.007630933207284436
2011-12-28,-0.003875694958676624
2011-12-29,0.004054291940160862
2011-12-30,-0.0036328606401696646
2012-01-03,-0.0002887394080993299
2012-01-04,0.006071941301054578
2012-01-05,0.010562134618545424
2012-01-06,-0.0023329338400163145
2012-01-09,-0.006397130762459077
2012-01-10,0.0028333893902069487
2012-01-11,-0.00331178781974676
2012-01-12,-0.0036413052134402824
2012-01-13,0.0010693926614493729
2012-01-17,0.004215297092267552
2012-01-18,0.0034574565622066374
2012-01-19,-0.0016282050915206036
2012-01-20,-0.006070155053608583
2012-01-23,-0.007482375693073567
2012-01-24,-0.003463175447127573
2012-01-25,0.0008749353852208283
2012-01-26,0.003957865778220087
2012-01-27,0.004830517425230099
2012-01-30,0.00047032959914165666
2012-01-31,0.0051289523441289024
2012-02-01,0.0003307889583458572
2012-02-02,-0.003347438340019316
2012-02-03,0.0024989729460095753
2012-02-06,-0.001958063793931463
2012-02-07,0.007810018797011014
2012-02-08,0.0007996668482193595
2012-02-09,0.009223017131462365
2012-02-10,-0.003819258037717276
2012-02-13,0.0028265322225041827
2012-02-14,0.0007998786741048956
2012-02-15,0.008776924172515603
2012-02-16,0.00032920514523378914
2012-02-17,-0.005572313047527492
2012-02-21,0.01113572178111267
2012-02-22,0.004055866197010258
2012-02-23,0.008437892176779276
2012-02-24,0.001993726616537626
2012-02-27,-0.0045015144785609355
2012-02-28,-0.009944172832551768
2012-02-29,-0.010136599969277278
2012-03-01,0.02660203141219
2012-03-02,-0.012070024675529088
2012-03-05,-0.0008088478680235944
2012-03-06,0.0009105222740666535
2012-03-07,0.012674395201827756
2012-03-08,0.004895614888640731
2012-03-09,0.0009487455880892254
2012-03-12,-0.0025947208058048976
2012-03-13,-0.0007498763873251468
2012-03-14,-0.0037884021306963554
2012-03-15,-0.00907505499126112
2012-03-16,0.009629348229040212
2012-03-19,-0.0032714561896842343
2012-03-20,-0.0036958633905063852
2012-03-21,-0.0003400832402810257
2012-03-22,-6.103932464769504e-06
2012-03-23,0.0006445398335250386
2012-03-26,0.005506398845051916
2012-03-27,-0.0037185292940428464
2012-03-28,0.0005485313093658271
2012-03-29,-0.00025742587747902063
2012-03-30,-0.016295315090220305
2012-04-02,-0.0008680357896664542
2012-04-03,-0.0016350871964977982
2012-04-04,0.0014520502724275897
2012-04-05,0.003799769379402865
2012-04-09,0.0034858439047785227
2012-04-10,0.011463792487114223
2012-04-11,-0.0027236452690143236
2012-04-12,-0.007018528750405158
2012-04-13,0.012749554730175059
2012-04-16,0.005995193861625292
2012-04-17,-0.0004693318984866188
2012-04-18,0.003154664722474665
2012-04-19,-0.0009707817062092062
2012-04-20,0.0003550803140783496
2012-04-23,-0.0012008813756034084
2012-04-24,0.0010161320251186792
2012-04-25,0.0008014187786640597
2012-04-26,-0.0034805080772340805
2012-04-27,-0.009309084102209582
2012-04-30,-0.0030163646606654647
2012-05-01,-0.0019779713420545793
2012-05-02,0.012477311327472344
2012-05-03,0.005838079284974277
2012-05-04,0.008878583788305265
2012-05-07,-0.004307611742036621
2012-05-08,-0.004137137628079918
2012-05-09,0.0002408918497369758
2012-05-10,0.004509261176165716
2012-05-11,0.005390789655545864
2012-05-14,0.005192405933767815
2012-05-15,-0.0005688686874141959
2012-05-16,-0.005939800292304049
2012-05-17,-0.006045564819984805
2012-05-18,-0.006360137746822314
2012-05-21,0.0001439510621106775
2012-05-22,0.00855675402659005
2012-05-23,0.015836883758279158
2012-05-24,-0.001869686229420746
2012-05-25,-0.0022003880971185824
2012-05-29,0.005868581507639914
2012-05-30,0.01280768045372151
2012-05-31,0.007257144814377123
2012-06-01,0.019281185253474574
2012-06-04,-0.0028191648997941223
2012-06-05,-0.00016801218609891996
2012-06-06,-0.015339125076597815
2012-06-07,-0.0017744853471462845
2012-06-08,0.003452423590979053
2012-06-11,-0.000539750258737262
2012-06-12,0.0028816768651597
2012-06-13,0.0022318902724129687
2012-06-14,-0.008897893495580197
2012-06-15,-0.004336427678907475
2012-06-18,-0.0031654174754540934
2012-06-19,-0.007542859218228034
2012-06-20,0.010716082000479214
2012-06-21,0.010518713607241952
2012-06-22,0.004374914118509301
2012-06-25,-0.0022169044775519633
2012-06-26,-0.0067893403734699586
2012-06-27,-0.0032437267799945674
2012-06-28,0.005735278935188479
2012-06-29,-0.0298931249674574
2012-07-02,0.0077414380606371505
2012-07-03,-0.011798676982599393
2012-07-05,0.009303767233865444
2012-07-06,0.006250739900137059
2012-07-09,-0.00351731058374768
2012-07-10,0.005091437324422458
2012-07-11,-0.009706976731353312
2012-07-12,0.002309828951610074
2012-07-13,-0.007009815070006415
2012-07-16,0.0014456219668994162
2012-07-17,0.0013752321729620244
2012-07-18,-0.0007799943448177817
2012-07-19,-0.005770274798938196
2012-07-20,0.0038987388351701354
2012-07-23,0.005622032634073919
2012-07-24,-0.00054549652301583
2012-07-25,0.002171592743797809
2012-07-26,-0.004592597819981125
2012-07-27,0.0006017548351702538
2012-07-30,-0.000724748835519696
2012-07-31,0.0011295398746618023
2012-08-01,0.001394378015807063
2012-08-02,0.0054915240083846266
2012-08-03,-0.011385941442883182
2012-08-06,-0.004911081829734149
2012-08-07,0.0003349772425950485
2012-08-08,0.005317894530980818
2012-08-09,0.008884940435935264
2012-08-10,0.0025402454757728916
2012-08-13,-0.001472767707533146
2012-08-14,-0.0003811757488652529
2012-08-15,0.007032206175186889
2012-08-16,-9.061816148913423e-05
2012-08-17,-0.006016900383279319
2012-08-20,-0.0010276805243197395
2012-08-21,0.005063791862775823
2012-08-22,-0.00031702151120194564
2012-08-23,-0.008105565702244015
2012-08-24,-0.002031657759618965
2012-08-27,-0.0035361915907386604
2012-08-28,0.0004257992060036275
2012-08-29,0.005702371987857338
2012-08-30,0.0015102697886164068
2012-08-31,-0.004051363965883784
2012-09-04,-0.006336847497185547
2012-09-05,-0.002704155613725754
2012-09-06,0.006034353071438982
2012-09-07,-0.0053578695218012415
2012-09-10,-0.01314129444823347
2012-09-11,-0.0052525171715002055
2012-09-12,0.000566155969093541
2012-09-13,-0.0006330931067831801
2012-09-14,9.20840348959359e-05
2012-09-17,-0.01063917899104188
2012-09-18,-0.007708330342559429
2012-09-19,-0.0015318020934224125
2012-09-20,-0.0009425753068524669
2012-09-21,0.00028122647419640836
2012-09-24,-0.004916052633727723
2012-09-25,-0.001959143790758258
2012-09-26,-0.003776101614077593
2012-09-27,0.0009995811049762224
2012-09-28,0.010080008560962575
2012-10-01,-0.015433636822205483
2012-10-02,-0.008567843484359064
2012-10-03,-0.00356147624972332
2012-10-04,0.015507548953515204
2012-10-05,-0.0035553691509584927
2012-10-08,-0.005270088012357907
2012-10-09,0.004167898847398245
2012-10-10,-0.0021604895534669826
2012-10-11,0.00961341094615773
2012-10-12,-0.009359543450816582
2012-10-15,-0.008399381456381623
2012-10-16,-0.0021001296365347893
2012-10-17,0.0018977927499403034
2012-10-18,-0.0010218854061903948
2012-10-19,-0.013702772213568248
2012-10-22,-0.0015320893575513153
2012-10-23,-0.0037861315632187723
2012-10-24,0.00261446998358594
2012-10-25,-0.003299198632813493
2012-10-26,0.002914525266354458
2012-10-31,-0.00031003778620124114
2012-11-01,-0.0011805553994155057
2012-11-02,0.012000353634881524
2012-11-05,-0.0030731033929153875
2012-11-06,-0.012084095199837523
2012-11-07,0.007133256568233539
2012-11-08,-0.0022412374250385062
2012-11-09,-0.0067448912167822825
2012-11-12,-0.00817257929588716
2012-11-13,0.003460792496541409
2012-11-14,-0.0045582056829537145
2012-11-15,-0.002005237827115721
2012-11-16,0.0008309437649150762
2012-11-19,-0.012729706926716359
2012-11-20,0.010487465708917839
2012-11-21,0.000956026581855682
2012-11-23,0.011090022974336772
2012-11-26,-0.00166866796148752
2012-11-27,0.002034962818633785
2012-11-28,-0.006265894819085383
2012-11-29,0.0012696886328120098
2012-11-30,-0.0072298130107441945
2012-12-03,-0.0012643650042772768
2012-12-04,-0.000927040665724916
2012-12-05,-0.0014910504710437624
2012-12-06,0.002528271039390254
2012-12-07,-0.004085348040832184
2012-12-10,0.007107760056144527
2012-12-11,-0.008993425798315972
2012-12-12,0.0026885787413177486
2012-12-13,-0.007736917001808927
2012-12-14,-0.0010148116218937557
2012-12-17,-0.00442189176504027
2012-12-18,-0.004045484036495632
2012-12-19,-0.015369922765239201
2012-12-20,-0.013604968040590835
2012-12-21,0.0029018771812363044
2012-12-24,-0.0004959717762612979
2012-12-26,-0.002954601903680473
2012-12-27,-0.0010331174197377776
2012-12-28,0.0002745637645069432
2012-12-31,0.004225027391940544
2013-01-02,-0.003705072515276021
2013-01-03,0.0020515892452827107
2013-01-04,-0.008298788781840158
2013-01-07,-0.0006349702156433295
2013-01-08,0.004473073470754797
2013-01-09,-0.000585729327486485
2013-01-10,0.005458450756971487
2013-01-11,-0.005703079492447376
2013-01-14,0.0067575178693123385
2013-01-15,0.008681493810720827
2013-01-16,0.0014633178147172772
2013-01-17,-0.0038359742799679167
2013-01-18,-0.0033281973995765595
2013-01-22,0.006620022832923148
2013-01-23,-0.0036363131582075998
2013-01-24,-0.005363454613133711
2013-01-25,0.005824480508233118
2013-01-28,-0.004113992503461558
2013-01-29,0.0035272585044980797
2013-01-30,0.003732219278481831
2013-01-31,0.0014785633705333109
2013-02-01,-0.0004737758030760109
2013-02-04,0.004498526844735895
2013-02-05,0.006813811118342989
2013-02-06,0.004837291591125794
2013-02-07,-0.0019198096194929612
2013-02-08,0.000363697086427728
2013-02-11,-0.008326266350818625
2013-02-12,0.002224114078833898
2013-02-13,0.003386702660274506
2013-02-14,0.0038032254904102865
2013-02-15,0.004637955643063597
2013-02-19,0.0038584824253062823
2013-02-20,0.0014194006146095249
2013-02-21,0.00442891717373572
2013-02-22,-0.0019120656905501348
2013-02-25,-0.0002280806023886107
2013-02-26,0.0031119517247264333
2013-02-27,0.004684504008292578
2013-02-28,0.002886895420473565
2013-03-01,0.0071584153710012935
2013-03-04,-0.001591984308820979
2013-03-05,-0.0011960955604720094
2013-03-06,-0.003958695516195842
2013-03-07,-0.004209698207914012
2013-03-08,0.0010683270213372208
2013-03-11,0.0028161000503073444
2013-03-12,-0.002819489586892293
2013-03-13,0.0035624748493095697
2013-03-14,-0.003357673374436124
2013-03-15,-0.001856943819697701
2013-03-18,0.004984292035103137
2013-03-19,0.010917709061890416
2013-03-20,-0.0065925331812186
2013-03-21,0.0024356818218121087
2013-03-22,-0.0026693589868589263
2013-03-25,-0.0010928194515121004
2013-03-26,-0.00045802313205013445
2013-03-27,-0.0007292524616148663
2013-03-28,-0.008631456565549186
2013-04-01,-0.015401219416540641
2013-04-02,0.006220535656727968
2013-04-03,0.016583548866772387
2013-04-04,0.002703451187044197
2013-04-05,0.004836774462814622
2013-04-08,-0.0015341812404978603
2013-04-09,-0.012114883419996855
2013-04-10,0.004030986706279148
2013-04-11,0.0028436907490394557
2013-04-12,0.02076496553961051
2013-04-15,0.028372028503938343
2013-04-16,-0.0038523575038457566
2013-04-17,0.010828817474347066
2013-04-18,-0.0013705094511935487
2013-04-19,-0.002279134558088708
2013-04-22,-0.0061611749829370635
2013-04-23,0.006909889687238694
2013-04-24,-0.007067397309826054
2013-04-25,-0.012526146845270635
2013-04-26,0.0025842154897820777
2013-04-29,-0.0016994770188246602
2013-04-30,0.0020632821524222845
2013-05-01,0.019115690734239986
2013-05-02,-0.018226904048937502
2013-05-03,-0.010579886527865396
2013-05-06,-0.007700783784915861
2013-05-07,0.0020424638642722805
2013-05-08,-0.0036330034866458617
2013-05-09,0.003273863427621075
2013-05-10,0.00010664344678847312
2013-05-13,0.007315936257683231
2013-05-14,0.007090313128404421
2013-05-15,-0.008897598405546955
2013-05-16,-0.0038076707977078763
2013-05-17,0.0027754705694045005
2013-05-20,0.002014591891105472
2013-05-21,-0.0008881500183098423
2013-05-22,0.009315341627133092
2013-05-23,-0.005448465828296314
2013-05-24,-0.0003310696756028959
2013-05-28,0.001401154217102786
2013-05-29,-0.0036216727495305815
2013-05-30,-0.0035854144407222893
2013-05-31,0.0033754694638548502
2013-06-03,-0.0005961003924880832
2013-06-04,0.0040346533555900895
2013-06-05,-0.0009709171153197788
2013-06-06,-0.00481332785036956
2013-06-07,0.010292123299544027
2013-06-10,-0.005610467484480439
2013-06-11,0.0068148183229086515
2013-06-12,0.006122012131984654
2013-06-13,0.0035499165665999416
2013-06-14,-0.007280177252764665
2013-06-17,-0.004229130895019226
2013-06-18,0.007337052035705421
2013-06-19,0.0038817145933889804
2013-06-20,0.010858679644357208
2013-06-21,-0.015886317257939396
2013-06-24,0.005808976166205702
2013-06-25,-0.00608223662505119
2013-06-26,0.014164106514396443
2013-06-27,0.005117105745752139
2013-06-28,0.0013750092779093283
2013-07-01,-0.012290859687472191
2013-07-02,0.006765105121858905
2013-07-03,0.010402302791275254
2013-07-05,0.018246057135059283
2013-07-08,-0.006980798629815127
2013-07-09,-0.00010155780736598414
2013-07-10,0.011017149969733499
2013-07-11,-0.014964041022109775
2013-07-12,0.013395105120452526
2013-07-15,0.008323546645180244
2013-07-16,-0.0018497690166972098
2013-07-17,0.0013990978683636377
2013-07-18,0.0046180874181677815
2013-07-19,-0.0007957731704840614
2013-07-22,-0.012278393023148312
2013-07-23,0.004490884516203037
2013-07-24,0.005742425815782031
2013-07-25,-0.005025641710389865
2013-07-26,0.0006946108633376682
2013-07-29,-0.005693464477105388
2013-07-30,0.0002743249103224232
2013-07-31,0.0015974026333320727
2013-08-01,0.011529839972300388
2013-08-02,-0.005147604036474707
2013-08-05,0.0018653641889923183
2013-08-06,-0.004257903498858509
2013-08-07,-0.005043397951479243
2013-08-08,-0.006035206567661128
2013-08-09,0.0018749729578274722
2013-08-12,-0.0075831866026142775
2013-08-13,0.007888295363929607
2013-08-14,-0.0057473824950441945
2013-08-15,0.0024619668975463197
2013-08-16,0.005834494946087659
2013-08-19,-0.0042833835210358715
2013-08-20,0.00015560530245192056
2013-08-21,-0.009959061162131126
2013-08-22,0.00896196942313523
2013-08-23,-0.009906408523352487
2013-08-26,-0.011589344114245068
2013-08-27,0.0021101989144199024
2013-08-28,0.0004703155245647155
2013-08-29,0.001265463189192247
2013-08-30,-0.0011647713302721558
2013-09-03,0.0020561303814078473
2013-09-04,0.0006120622803990061
2013-09-05,0.0005152061331561632
2013-09-06,-0.006778399353199818
2013-09-09,-0.0024898918093603463
2013-09-10,-0.005659684326530372
2013-09-11,-0.005709642798188572
2013-09-12,0.0021993349054251956
2013-09-13,0.00694171134259578
2013-09-16,0.0037657144487726435
2013-09-17,0.009140118270615569
2013-09-18,-0.003305993777153949
2013-09-19,-0.016179616053107294
2013-09-20,0.006553241360361582
2013-09-23,-0.0012489707417673735
2013-09-24,-0.0031448328646080928
2013-09-25,-0.006497753055241242
2013-09-26,0.0003386853360852755
2013-09-27,0.008405305537088974
2013-09-30,0.00217206780142017
2013-10-01,0.0025649983812595476
2013-10-02,-0.009493595063635653
2013-10-03,-8.187664144751174e-05
2013-10-04,0.00014204868276482187
2013-10-07,-0.010358214213438837
2013-10-08,0.00042937734163482546
2013-10-09,0.004743586645217878
2013-10-10,-0.004697924763034802
2013-10-11,0.004838160625715109
2013-10-14,-0.001924665464760482
2013-10-15,0.0028822615783871933
2013-10-16,-0.005702033575032498
2013-10-17,-0.0018805932728503394
2013-10-18,-0.005309378815898758
2013-10-21,-0.0003253748001447013
2013-10-22,-0.005351002472638053
2013-10-23,0.008515871183991743
2013-10-24,-0.0007943952104964672
2013-10-25,0.0033216705362907007
2013-10-28,-0.0033494020860763024
2013-10-29,-6.352084748893615e-05
2013-10-30,-0.004845328203737919
2013-10-31,0.009240034233759693
2013-11-01,0.006801835667819311
2013-11-04,0.005204294932649171
2013-11-05,0.0013054513956095941
2013-11-06,0.0018746645846724412
2013-11-07,0.001005738425211535
2013-11-08,-0.0038501681329670243
2013-11-11,-0.0020576256382863352
2013-11-12,0.0023124748360091934
2013-11-13,0.003838826339339382
2013-11-14,-0.00652446876130474
2013-11-15,-0.0014473188964962377
2013-11-18,0.005468500563716852
2013-11-19,0.002392072409821399
2013-11-20,-0.004812143412963766
2013-11-21,-0.01134462786049931
2013-11-22,-0.00038558789419388615
2013-11-25,0.000904384791226351
2013-11-26,0.0041806893109487325
2013-11-27,0.004156676709117158
2013-11-29,-0.006770451782199354
2013-12-02,0.011523510683000409
2013-12-03,0.002243083808319118
2013-12-04,-0.007184568377052149
2013-12-05,0.009234787236181907
2013-12-06,0.0034186676388626787
2013-12-09,-0.006519034450123214
2013-12-10,-0.005953465920306663
2013-12-11,0.0017973447148856175
2013-12-12,0.007007250492845578
2013-12-13,-0.004276897260579884
2013-12-16,-0.002062959703266183
2013-12-17,0.004765769737622069
2013-12-18,0.0018755269498153808
2013-12-19,0.013664626302803386
2013-12-20,-0.01253154951259468
2013-12-23,0.0013984921129773788
2013-12-24,0.000444638799351364
2013-12-26,-0.0038260556009894827
2013-12-27,-0.001433343546706085
2013-12-30,0.0066404573110465746
2013-12-31,-0.005382639260375135
2014-01-02,-0.00656959538478805
2014-01-03,-0.0051586221067711265
2014-01-06,-0.0022976080465344287
2014-01-07,0.004918484538065232
2014-01-08,0.0038338078567872577
2014-01-09,0.002855402754944932
2014-01-10,-0.00989639356440839
2014-01-13,0.004183608597506684
2014-01-14,0.0032123074517577898
2014-01-15,0.004933499836200959
2014-01-16,0.0009913185118418453
2014-01-17,-0.0005115192288378072
2014-01-21,0.006528607298337261
2014-01-22,0.00024475987076298287
2014-01-23,-0.0023221932760175883
2014-01-24,0.0068956211847264
2014-01-27,-0.005104950856350969
2014-01-28,-0.0003667730615683173
2014-01-29,0.01494687479943724
2014-01-30,-0.003052314250346684
2014-01-31,-0.004721304321883706
2014-02-03,-0.02369676630081268
2014-02-04,-0.006175805521284288
2014-02-05,-0.011870709843990584
2014-02-06,0.002223691438397075
2014-02-07,-0.002221806000525267
2014-02-10,-0.0014294670695311153
2014-02-11,0.0016147534829287046
2014-02-12,-0.010449876943174872
2014-02-13,-0.002276635063507333
2014-02-14,-0.011022293772966024
2014-02-18,0.0015723338734009253
2014-02-19,0.0049027551984287075
2014-02-20,-0.0007486199176446373
2014-02-21,-0.0043749081700608415
2014-02-24,-0.009953648614472807
2014-02-25,-0.007804651231903851
2014-02-26,0.008478131493517409
2014-02-27,0.004249314762806499
2014-02-28,0.003239586110319758
2014-03-03,-0.017158366166647513
2014-03-04,-0.011782777945275132
2014-03-05,-0.004224389687090158
2014-03-06,-0.0021966997632663623
2014-03-07,0.013717634877255018
2014-03-10,0.004876827910337575
2014-03-11,0.0002783636286955325
2014-03-12,-0.009238171237487467
2014-03-13,0.003108029224660389
2014-03-14,-0.0006848031999483181
2014-03-17,0.0017221121174179422
2014-03-18,0.0021632420294552587
2014-03-19,-0.000549464654407721
2014-03-20,0.0038812785783751123
2014-03-21,-0.0018286729436044458
2014-03-24,-0.006598925485180001
2014-03-25,0.005666382288812706
2014-03-26,0.0010236387980781143
2014-03-27,-0.002514897813002827
2014-03-28,0.002232349524359523
2014-03-31,0.0002546207595892052
2014-04-01,-0.0022664527212251555
2014-04-02,-0.006219953590765283
2014-04-03,-0.0013011064109438623
2014-04-04,0.0012664215433238596
2014-04-07,0.00013239530789137464
2014-04-08,0.004232130015300953
2014-04-09,0.0069701166963203115
2014-04-10,-0.00857198098897397
2014-04-11,-0.0014298868671947691
2014-04-14,0.006877955009468131
2014-04-15,0.0025160978047791822
2014-04-16,0.0006372922302832354
2014-04-17,0.004961276179071202
2014-04-21,0.0031481296805770534
2014-04-22,-0.0026749045129869577
2014-04-23,-0.004465613194717003
2014-04-24,-0.0010447364197882021
2014-04-25,-0.005578559188497017
2014-04-28,-0.0008325740324211257
2014-04-29,0.009712145359809613
2014-04-30,-0.0036877477258076947
2014-05-01,-0.00758414183738505
2014-05-02,-0.007101605917953428
2014-05-05,-0.0062987535774260755
2014-05-06,-0.0049059956287876875
2014-05-07,0.006105313925597059
2014-05-08,-0.0019472656844915428
2014-05-09,-0.005384347003871775
2014-05-12,-0.010263146736374419
2014-05-13,-0.0038214389621842033
2014-05-14,-0.001671014893343794
2014-05-15,0.008703110842515483
2014-05-16,-0.0019212567223458295
2014-05-19,-0.0016149422429630306
2014-05-20,0.0011297691320119618
2014-05-21,0.008776824922859252
2014-05-22,-0.004289647874843757
2014-05-23,-0.0014080565094114765
2014-05-27,0.00012473723464280373
2014-05-28,-0.0004615069946743307
2014-05-29,0.007770742624286328
2014-05-30,0.00030184596242973055
2014-06-02,-0.0033289218919431854
2014-06-03,0.005566408723288399
2014-06-04,-0.001915432383129423
2014-06-05,-0.0012182310041340347
2014-06-06,-0.0035317078944837013
2014-06-09,0.006010061549751719
2014-06-10,-0.006010548725456364
2014-06-11,0.006779855271705238
2014-06-12,0.011629436961901997
2014-06-13,-0.0028292426502204778
2014-06-16,0.00020235295659657083
2014-06-17,-0.000787022638152649
2014-06-18,0.0017232563031471027
2014-06-19,-0.011342986512212175
2014-06-20,-0.0027342835758782068
2014-06-23,-0.0033576726074037054
2014-06-24,0.0008316534873418849
2014-06-25,-0.0009888710259992775
2014-06-26,-0.00816365824942668
2014-06-27,-0.003250095174178783
2014-06-30,0.007439986412259214
2014-07-01,0.006640930390847554
2014-07-02,-0.0015610702420802407
2014-07-03,-0.0033978514411115855
2014-07-07,0.00200470593944046
2014-07-08,0.0015435839941264863
2014-07-09,-0.0006882789629832606
2014-07-10,0.012762690109967282
2014-07-11,0.011771193503695519
2014-07-14,-0.012678943689870992
2014-07-15,0.016163826106847006
2014-07-16,-0.003325448613003752
2014-07-17,-0.0015426475571309387
2014-07-18,0.0016911690465416407
2014-07-21,-0.0011136140300098951
2014-07-22,0.0009256653565958332
2014-07-23,-0.0015303181221851348
2014-07-24,0.004173114427489782
2014-07-25,-0.008007145398378655
2014-07-28,0.0008937112097049332
2014-07-29,0.003472545478640052
2014-07-30,0.003615203521396947
2014-07-31,0.0067252352921606615
2014-08-01,0.006081660340615236
2014-08-04,-0.003871860537967432
2014-08-05,0.0009775381662192565
2014-08-06,-0.010524908876465313
2014-08-07,-0.0011239315707313761
2014-08-08,0.002945719072632248
2014-08-11,-0.0015330117051419816
2014-08-12,0.009186989200025687
2014-08-13,-0.0035009308675367588
2014-08-14,0.013758514609162992
2014-08-15,0.0015293187998014152
2014-08-18,0.00878035153273746
2014-08-19,0.001627180247740548
2014-08-20,-0.006806774891462858
2014-08-21,-0.0018806794630156685
2014-08-22,-0.002048740902260647
2014-08-25,0.0047909388198500436
2014-08-26,0.0008666338387591867
2014-08-27,-0.00019827439004306273
2014-08-28,-0.0009104572429695905
2014-08-29,-0.0016299499294473983
2014-09-02,0.026708556336815053
2014-09-03,-0.004993789900337899
2014-09-04,0.007931433748154863
2014-09-05,-0.000898666332598192
2014-09-08,0.006986593155830422
2014-09-09,0.006984489450452272
2014-09-10,0.0028357369496806637
2014-09-11,0.006945655886199316
2014-09-12,0.0038082652992557707
2014-09-15,0.0055973179900813
2014-09-16,-0.00460148377346482
2014-09-17,-0.00411275368748788
2014-09-18,0.014217218549166216
2014-09-19,0.011366771229219317
2014-09-22,0.004984379616964827
2014-09-23,0.0010045440914868717
2014-09-24,-0.0020792228371173584
2014-09-25,0.003643456876595391
2014-09-26,-0.002749893103443659
2014-09-29,-0.005405009237728239
2014-09-30,0.01671718745355109
2014-10-01,-0.0032669837330664927
2014-10-02,0.00457305124849579
2014-10-03,0.009578183452073088
2014-10-06,-0.016359533205926365
2014-10-07,-0.004031293439036275
2014-10-08,0.004946866497268844
2014-10-09,0.002751959054005179
2014-10-10,0.0043722749472669435
2014-10-13,-0.00562068621082591
2014-10-14,0.002864107099672348
2014-10-15,0.007426654807756781
2014-10-16,-0.004232774617634552
2014-10-17,-0.0005233375147439026
2014-10-20,-0.00187247131168424
2014-10-21,-0.01006702927296913
2014-10-22,0.007775753842732044
2014-10-23,-0.005031710708067141
2014-10-24,0.00411835130564407
2014-10-27,-0.0021356501473717027
2014-10-28,-0.007487765160826965
2014-10-29,-0.009607943436342564
2014-10-30,0.01623280010754327
2014-10-31,0.007114715843529545
2014-11-03,0.0042844840802314516
2014-11-04,0.01668230989106859
2014-11-05,0.005466622133461927
2014-11-06,0.0012988386321499679
2014-11-07,-0.00905714768816038
2014-11-10,0.006183600475377161
2014-11-11,-0.006083472073920754
2014-11-12,0.0016250459072856803
2014-11-13,0.010389051320002243
2014-11-14,-0.01058973479304342
2014-11-17,0.006738588661597726
2014-11-18,0.0007862845132910158
2014-11-19,0.005345489201523989
2014-11-20,-0.00424777535951539
2014-11-21,-0.010354429817920147
2014-11-24,0.00570952986462682
2014-11-25,0.0009601218122821645
2014-11-26,-0.0020351280099954643
2014-11-28,0.03170705115242602
2014-12-01,-0.01666506063672159
2014-12-02,0.010267539265562448
2014-12-03,0.000987646856759156
2014-12-04,-0.003371605211117023
2014-12-05,0.004203583005895358
2014-12-08,0.006136842151604626
2014-12-09,-0.009126984402078122
2014-12-10,0.008187352302940817
2014-12-11,-0.0008439629627466216
2014-12-12,0.002294189067231036
2014-12-15,0.006783820690522631
2014-12-16,0.011105269046951001
2014-12-17,-0.004471723692102008
2014-12-18,0.004425856175920388
2014-12-19,-0.005366752054558517
2014-12-22,0.0048295639400272065
2014-12-23,-0.0046684152184831105
2014-12-24,0.0072210905867111635
2014-12-26,-0.0018258673565442485
2014-12-29,0.006092181885047792
2014-12-30,-0.004650214830054709
2014-12-31,0.011302953724070568
2015-01-02,0.0035197572249025476
2015-01-05,0.00370745966882141
2015-01-06,-0.0011532087865505295
2015-01-07,0.003657747218890797
2015-01-08,-0.0001470518422478724
2015-01-09,0.0005428969332489338
2015-01-12,0.009545147897378679
2015-01-13,0.0017660616381685223
2015-01-14,-0.003375494160110382
2015-01-15,-0.0014520318610271035
2015-01-16,-0.008890817789517705
2015-01-20,0.005611937086841256
2015-01-21,-0.005039729615607772
2015-01-22,0.004087532060087946
2015-01-23,-0.00021924215496241548
2015-01-26,0.002587491772082029
2015-01-27,-0.0027000254283317585
2015-01-28,0.006593616976140632
2015-01-29,0.002666947601147613
2015-01-30,-0.014300470910099207
2015-02-02,-0.006583875745408866
2015-02-03,-0.023720589439296277
2015-02-04,0.01490077708974496
2015-02-05,-0.008496824315765924
2015-02-06,-0.0035470629389685246
2015-02-09,-0.006503685639698806
2015-02-10,0.007316457257678337
2015-02-11,0.0024402937441012507
2015-02-12,-0.009068425568302636
2015-02-13,-0.007891908394407078
2015-02-17,-0.0026225898730930686
2015-02-18,0.003636752234268504
2015-02-19,-0.0021800823405062997
2015-02-20,0.0009164654232996363
2015-02-23,0.002001878201229256
2015-02-24,0.0028394393267431473
2015-02-25,-0.0032417375839396026
2015-02-26,0.0006322007168745655
2015-02-27,-0.009474007132623663
2015-03-02,0.01061461865020197
2015-03-03,0.00125484780090781
2015-03-04,0.0024229077935408
2015-03-05,0.003552809588156787
2015-03-06,0.006305603036924209
2015-03-09,0.001624445431396658
2015-03-10,0.008899705101217688
2015-03-11,-0.0005240693671994878
2015-03-12,-0.0009120900975847576
2015-03-13,0.01226908865613715
2015-03-16,-0.0035224031612182388
2015-03-17,0.006096814734499084
2015-03-18,-0.009155597311651099
2015-03-19,-0.004366211418428408
2015-03-20,-0.01624542320328728
2015-03-23,-0.0051014081568528805
2015-03-24,0.0036235672029920887
2015-03-25,-0.0030511184791900776
2015-03-26,-0.0014753286280500112
2015-03-27,0.008976374356482254
2015-03-30,0.003552407046876583
2015-03-31,0.005761578112824861
2015-04-01,-0.014891776186066219
2015-04-02,-0.001239698308261171
2015-04-06,-0.009224536740137948
2015-04-07,-0.001430649567669198
2015-04-08,0.010489700959050498
2015-04-09,0.004602344842038358
2015-04-10,-0.003383912767516105
2015-04-13,0.0032302398014544967
2015-04-14,-0.003162844452427799
2015-04-15,-0.006997959399332345
2015-04-16,-0.006464940474956826
2015-04-17,0.00013492107573084705
2015-04-20,0.0065658125789116225
2015-04-21,0.002864459455940518
2015-04-22,-6.47373977119008e-05
2015-04-23,-0.006835110284764233
2015-04-24,0.002936641590547467
2015-04-27,-0.001097332498717286
2015-04-28,-0.002523871071660779
2015-04-29,-0.005630701070114486
2015-04-30,0.0022872348225335013
2015-05-01,0.003647000131651373
2015-05-04,-0.001196691823430154
2015-05-05,-0.004876102254528505
2015-05-06,-0.0012455688832267442
2015-05-07,0.00894202180254432
2015-05-08,-0.009650294730267656
2015-05-11,0.003425559828922534
2015-05-12,-0.005787323229953942
2015-05-13,-0.0027882453230254436
2015-05-14,-0.007287112792470707
2015-05-15,-0.004079166785571168
2015-05-18,-0.0038455422864560438
2015-05-19,0.01437425489124775
2015-05-20,0.0013501430201047178
2015-05-21,-0.0008652648283918786
2015-05-22,0.009003529869000739
2015-05-26,0.013999552275805132
2015-05-27,0.006402527185461594
2015-05-28,-0.00217349392583296
2015-05-29,-0.00336153608998917
2015-06-01,-0.001634287369642259
2015-06-02,-0.010191580254309683
2015-06-03,0.005511438567266349
2015-06-04,0.0010370962747592784
2015-06-05,0.002950393440345274
2015-06-08,-0.006028351186431202
2015-06-09,-0.008124630691917198
2015-06-10,-0.0008570983103551364
2015-06-11,0.011598613570093235
2015-06-12,0.0031743837349062975
2015-06-15,0.0053346612585435035
2015-06-16,-0.0015225982624675765
2015-06-17,0.00012436946307951306
2015-06-18,-0.0044532752966834855
2015-06-19,0.005920113128718015
2015-06-22,-0.0024854428935656373
2015-06-23,-0.0018939335965411684
2015-06-24,-0.0029469395258050015
2015-06-25,-0.005872020459448296
2015-06-26,-0.004978400381073143
2015-06-29,-0.00011339211771471566
2015-06-30,-0.013083436225592488
2015-07-01,0.003991899414367524
2015-07-02,-6.244565801195807e-05
2015-07-06,0.014643717977887714
2015-07-07,0.013670664544166444
2015-07-08,-0.0037989189810309007
2015-07-09,-0.002521360596051715
2015-07-10,-0.003457258037116049
2015-07-13,1.9763655750498834e-05
2015-07-14,-0.0018975867883774178
2015-07-15,0.00868936200316531
2015-07-16,0.0022964889639586327
2015-07-17,0.002856106862019463
2015-07-20,0.007094717835218328
2015-07-21,-4.352268344617957e-05
2015-07-22,0.00548953828206781
2015-07-23,0.005030017395249513
2015-07-24,0.005012857254037179
2015-07-27,0.00218892855805047
2015-07-28,-0.0020027362871869042
2015-07-29,-0.00389283734216289
2015-07-30,0.002700685370549748
2015-07-31,0.0033446894574943767
2015-08-03,0.0163279253636333
2015-08-04,-0.0033311629990707887
2015-08-05,0.003247369053297116
2015-08-06,-0.0012003649515399826
2015-08-07,-0.0008881272712615149
2015-08-10,-0.01807149931172906
2015-08-11,0.005184434333041675
2015-08-12,-0.006292100192147261
2015-08-13,0.0024117718776141108
2015-08-14,0.0007826704108701343
2015-08-17,0.004655127890837855
2015-08-18,0.00374288943004323
2015-08-19,0.0034635322547381608
2015-08-20,-0.007289699892867639
2015-08-21,0.008396383156956245
2015-08-24,0.01527360489640207
2015-08-25,-0.0002816374526847461
2015-08-26,0.009744063849269437
2015-08-27,-0.023979317291779035
2015-08-28,-0.010396974819399581
2015-08-31,-0.00978265025963862
2015-09-01,0.014877930086536977
2015-09-02,-0.0009464517664903463
2015-09-03,-0.005700251811796446
2015-09-04,0.0070402483162546724
2015-09-08,-0.00466109597372191
2015-09-09,0.007109313761304541
2015-09-10,-0.0035416720065327705
2015-09-11,0.0015643592175300337
2015-09-14,0.004063781488546412
2015-09-15,0.0004463617748655096
2015-09-16,-0.006292362311978985
2015-09-17,0.0002525659878044332
2015-09-18,0.006824574486988908
2015-09-21,-0.004652320848864795
2015-09-22,0.008727199792835445
2015-09-23,0.002822135725583918
2015-09-24,-0.009366328098261715
2015-09-25,-0.004741771619712929
2015-09-28,0.009598831916494872
2015-09-29,-0.002863366635414133
2015-09-30,-0.0016111656719926244
2015-10-01,0.0004856240808962392
2015-10-02,-0.006783649511337261
2015-10-05,-0.008706811216249142
2015-10-06,-0.007120068412027129
2015-10-07,-0.002316823917450481
2015-10-08,-0.004403577074108442
2015-10-09,-0.008756576562254821
2015-10-12,0.002490851670776487
2015-10-13,0.0029504458793936797
2015-10-14,-0.0061087072033632235
2015-10-15,0.0011295480480271124
2015-10-16,0.0028335491401845535
2015-10-19,0.006482039980285305
2015-10-20,-0.0015523209717276398
2015-10-21,0.006243469395892598
2015-10-22,-0.003968057516545608
2015-10-23,0.007356895097833866
2015-10-26,0.006680101055669579
2015-10-27,0.00022214076354611778
2015-10-28,-0.009067940895037943
2015-10-29,0.0012479545815223903
2015-10-30,-0.0052216433596387465
2015-11-02,0.0033439092259596845
2015-11-03,-0.005539969082153297
2015-11-04,0.00852381887656781
2015-11-05,0.002207440303266833
2015-11-06,0.005384067567414844
2015-11-09,0.00176928713150469
2015-11-10,0.0010372005047519501
2015-11-11,0.004999927801200723
2015-11-12,0.007183437712136964
2015-11-13,0.00426206944208293
2015-11-16,-0.0014991229532572631
2015-11-17,0.005260937963246794
2015-11-18,0.002658019769889108
2015-11-19,-0.0064030507147817585
2015-11-20,0.0008697535368499264
2015-11-23,-0.001423602554765253
2015-11-24,-0.004836233930978744
2015-11-25,0.000761522591408858
2015-11-27,0.010269433810201055
2015-11-30,-0.0009707662389808242
2015-12-01,-0.002833969193877044
2015-12-02,0.01183201017086367
2015-12-03,-0.012243633864978511
2015-12-04,-0.005704296943156636
2015-12-07,0.01427287038818458
2015-12-08,0.003020057612424739
2015-12-09,-0.0011485066073212138
2015-12-10,0.0007496531171843708
2015-12-11,0.008450808773801647
2015-12-14,0.001335944465391816
2015-12-15,0.0016905124564523056
2015-12-16,0.001655811338608774
2015-12-17,0.007209879005711181
2015-12-18,-0.008979448585911522
2015-12-21,-0.004399538364872727
2015-12-22,0.004011813818737533
2015-12-23,-0.007237392164713491
2015-12-24,-0.0019498062385316292
2015-12-28,0.005913829489649849
2015-12-29,-0.013353290921138725
2015-12-30,0.011255641397009753
2015-12-31,-0.007138154526504422
2016-01-04,0.003648753831898119
2016-01-05,-0.00048423051360005386
2016-01-06,0.00855493006086981
2016-01-07,-0.001341363116781795
2016-01-08,0.00016495500295603323
2016-01-11,0.016540908430987943
2016-01-12,0.004562292738591215
2016-01-13,-0.0022384133106962086
2016-01-14,0.0014830145126831634
2016-01-15,0.004791961667819225
2016-01-19,0.0023576417299641067
2016-01-20,0.009437055053375058
2016-01-21,-0.011220320387236677
2016-01-22,-0.014516487593417534
2016-01-25,0.003330465950142367
2016-01-26,-0.00951670370342096
2016-01-27,-0.0044723596753470495
2016-01-28,0.0026290825499498674
2016-01-29,-0.006744431768146072
2016-02-01,0.006833205241365597
2016-02-02,0.008953162993090036
2016-02-03,-0.014079784490069663
2016-02-04,-0.002944858151243901
2016-02-05,0.0041069114384258976
2016-02-08,0.0020991170534301828
2016-02-09,0.01264490312224543
2016-02-10,0.0002967710111272239
2016-02-11,0.001151615473598375
2016-02-12,-0.016397096606415806
2016-02-16,0.0022367259724817763
2016-02-17,-0.01089739511616591
2016-02-18,0.006347589176683893
2016-02-19,0.00605817111793853
2016-02-22,-0.006318787354342179
2016-02-23,0.0010323769733654893
2016-02-24,0.00043576357521103097
2016-02-25,-0.0010150627334937561
2016-02-26,0.0007394833342515076
2016-02-29,-0.004231585428824267
2016-03-01,-0.007301931115788009
2016-03-02,-0.0018187563433547337
2016-03-03,-0.002146504381590978
2016-03-04,-0.01194511575270523
2016-03-07,-0.008935734947871692
2016-03-08,0.003694520683200931
2016-03-09,-0.005278770725231645
2016-03-10,0.0010907810712554047
2016-03-11,-0.0050732978620769125
2016-03-14,-0.0007486183861552936
2016-03-15,-0.0032520074849187986
2016-03-16,-0.004880076364694116
2016-03-17,-0.001320146594022849
2016-03-18,0.002020374712935342
2016-03-21,-0.0017469432938254147
2016-03-22,-0.003978520710329557
2016-03-23,0.007585002743446302
2016-03-24,-0.0013420227614075958
2016-03-28,-0.0024531073333783136
2016-03-29,0.0011378562514561036
2016-03-30,0.0005869274888128285
2016-03-31,-0.00016906923341667983
2016-04-01,0.0003679439138213692
2016-04-04,0.0030469509416618293
2016-04-05,0.002116406423886836
2016-04-06,-0.003338398074021075
2016-04-07,-0.000441483597170535
2016-04-08,-0.010464401999373284
2016-04-11,-0.0024154459139112414
2016-04-12,-0.013424626021354212
2016-04-13,-0.0055721320042163005
2016-04-14,0.0011177887368214235
2016-04-15,0.009749245477900499
2016-04-18,-0.0020868823645079655
2016-04-19,-0.00632600819730797
2016-04-20,0.0030037632203161794
2016-04-21,-0.003720294861323364
2016-04-22,-0.016962620101317542
2016-04-25,0.008129858508841835
2016-04-26,0.0031926590866326763
2016-04-27,-0.0020606121781972997
2016-04-28,0.0007103754173313719
2016-04-29,0.0053334580933923365
2016-05-02,0.0053542604624122365
2016-05-03,-0.006334283762075919
2016-05-04,0.0006655260332964212
2016-05-05,-0.006101753360776778
2016-05-06,0.0048000339932092575
2016-05-09,-0.0007216874363949003
2016-05-10,0.006687135613828353
2016-05-11,-0.004935919182617189
2016-05-12,0.0011607586049644442
2016-05-13,-0.0026481732967794614
2016-05-16,-0.00141460147769884
2016-05-17,-0.001279777839756691
2016-05-18,0.0018264735041321949
2016-05-19,-0.005592275358674793
2016-05-20,0.0016131603733546911
2016-05-23,-0.0002847758234189207
2016-05-24,-0.006079661128594297
2016-05-25,0.004343265637302537
2016-05-26,-0.0016251598470094688
2016-05-27,-0.0015367106486169912
2016-05-31,-0.004840007098124867
2016-06-01,0.004192900149978726
2016-06-02,0.006863485562200469
2016-06-03,-0.0031825785485137554
2016-06-06,-0.003200736386878492
2016-06-07,0.0023801183468360725
2016-06-08,0.005271633283875629
2016-06-09,-0.0015260339462184625
2016-06-10,0.006417033087610742
2016-06-13,2.910572717184154e-06
2016-06-14,0.004951215371743873
2016-06-15,-0.00023865442183857287
2016-06-16,0.00641344313459166
2016-06-17,-0.0016799185735774684
2016-06-20,-0.019433765427910706
2016-06-21,-0.015398358380753934
2016-06-22,-0.003418669522501958
2016-06-23,-0.005919384370352116
2016-06-24,0.011865551868330318
2016-06-27,0.010137368222325003
2016-06-28,-0.003906448879767252
2016-06-29,-0.0017434652314944946
2016-06-30,0.009394068957743326
2016-07-01,0.006215609339652232
2016-07-05,0.004087286538767
2016-07-06,-0.00024243663540122746
2016-07-07,-0.00033310479054781756
2016-07-08,0.00020976270969793665
2016-07-11,0.008007265384596535
2016-07-12,-0.011962818106671784
2016-07-13,0.01004026492441424
2016-07-14,-0.0013346257363289406
2016-07-15,-0.008004577304736214
2016-07-18,0.0036668411780088283
2016-07-19,-0.000647895413954758
2016-07-20,-0.0028378955666037656
2016-07-21,0.0062455277930980446
2016-07-22,-0.006375172211093927
2016-07-25,0.004178901827154048
2016-07-26,0.003197384189397704
2016-07-27,0.008991821039415194
2016-07-28,0.0029782843937276476
2016-07-29,0.005667375074729707
2016-08-01,0.002122032780820666
2016-08-02,0.001946798782335038
2016-08-03,-0.008979078496910679
2016-08-04,0.0011139346534856252
2016-08-05,-0.005790506868877061
2016-08-08,-0.0032648606748099038
2016-08-09,0.0011873112438328607
2016-08-10,0.0030207522637916845
2016-08-11,-0.01152972691255074
2016-08-12,-0.00834360297703544
2016-08-15,-0.005692151093467923
2016-08-16,-0.0012089497454817624
2016-08-17,-0.007312843950638239
2016-08-18,-0.00015664306632780125
2016-08-19,-0.0073546464311768185
2016-08-22,0.001554436443853494
2016-08-23,0.00729176427683158
2016-08-24,-0.010503952418672056
2016-08-25,0.0012801527395729798
2016-08-26,0.006335147210312535
2016-08-29,0.001533009789440003
2016-08-30,-0.0017990526738604611
2016-08-31,0.005666612788185178
2016-09-01,0.0013027211775190196
2016-09-02,-0.0004973417066491169
2016-09-06,0.00837428564279844
2016-09-07,-0.0060010632681620595
2016-09-08,-0.014471311947901811
2016-09-09,-0.009181236763636982
2016-09-12,-0.007229149169358703
2016-09-13,0.00045677982067782034
2016-09-14,-0.0048916328797047924
2016-09-15,-0.010769037784350049
2016-09-16,0.0013965264623062449
2016-09-19,0.00907939047841799
2016-09-20,0.006542186853429579
2016-09-21,0.0009526673370327834
2016-09-22,-0.0026366536121188483
2016-09-23,-0.00910643189446432
2016-09-26,-0.0007443349195288057
2016-09-27,0.0016779491541448633
2016-09-28,-0.009056339366870093
2016-09-29,-0.002668323763816891
2016-09-30,-0.003678661961038159
2016-10-03,-0.0036981184057796788
2016-10-04,-0.0038351598095182275
2016-10-05,0.0012608348991373197
2016-10-06,-0.005905322380786709
2016-10-07,0.002729856523000948
2016-10-11,-0.0012849396846552695
2016-10-12,0.006105897018383025
2016-10-13,0.0048895747269857405
2016-10-14,0.000621446867967716
2016-10-17,0.0019784932727695006
2016-10-18,0.002321731231003197
2016-10-19,0.0018435718480985994
2016-10-20,-0.007146713246296842
2016-10-21,0.00048454831196874425
2016-10-24,-0.001037475237517574
2016-10-25,-0.005659619638810397
2016-10-26,-0.004930117099777613
2016-10-27,0.001974244519950953
2016-10-28,0.0006844187055986572
2016-10-31,-0.013819172522600521
2016-11-01,-0.00718321509835148
2016-11-02,0.0010165576184475436
2016-11-03,-0.00040159758318966465
2016-11-04,0.010413064171094817
2016-11-07,-0.0005592313113382176
2016-11-08,-0.0014567840305958638
2016-11-09,0.006653606227811187
2016-11-10,0.00043454224703127505
2016-11-14,-0.008527795952970164
2016-11-15,-0.009197599297086224
2016-11-16,-0.0021996770494200203
2016-11-17,-0.0018234447608134257
2016-11-18,-0.004065349304490604
2016-11-21,0.012134933928380953
2016-11-22,0.0021391560616459897
2016-11-23,-0.0016327570719766873
2016-11-25,-0.0026510467249421426
2016-11-28,0.01034261533880398
2016-11-29,-0.00919565607889968
2016-11-30,-0.001726494169279611
2016-12-01,0.002432091641980456
2016-12-02,0.00036480368514981234
2016-12-05,0.005633635127847814
2016-12-06,-0.0035805575802402103
2016-12-07,-0.0007339846487647605
2016-12-08,-0.0038991822465426623
2016-12-09,-0.004337568729603792
2016-12-12,0.003912031881331578
2016-12-13,-0.0014531524692996574
2016-12-14,-0.001202554665735551
2016-12-15,-0.014050027387199548
2016-12-16,0.00421086259232229
2016-12-19,-0.005703643228701828
2016-12-20,-0.0011492192597870573
2016-12-21,0.0037562472039381145
2016-12-22,-0.0021979322256732315
2016-12-23,-0.001044596964385445
2016-12-27,0.006003510261605103
2016-12-28,0.0033402640820947385
2016-12-29,4.513319451865521e-05
2016-12-30,-0.001623787817698082
2017-01-03,-0.004565524190594593
2017-01-04,0.010495905816159862
2017-01-05,0.001203902241457146
2017-01-06,-0.0017665374939514198
2017-01-09,-0.009440829254038724
2017-01-10,0.002756032562286146
2017-01-11,0.005844177147315952
2017-01-12,0.008114035165509606
2017-01-13,-0.0010273046120341204
2017-01-17,0.0025321429245356037
2017-01-18,-0.006602945226412189
2017-01-19,-0.0006487215179144081
2017-01-20,0.006488210950658023
2017-01-23,0.003989698556173974
2017-01-24,0.0025037207908667103
2017-01-25,-0.00606218881768584
2017-01-26,0.0012732266418240441
2017-01-27,0.0009181189480577578
2017-01-30,-0.007052980651093518
2017-01-31,0.0058811475740023714
2017-02-01,0.007773433769104047
2017-02-02,-0.004290623483653735
2017-02-03,-0.0009153574198051771
2017-02-06,-0.001514643016246892
2017-02-07,-0.005565466451560772
2017-02-08,0.005951045057051329
2017-02-09,0.001444465102835995
2017-02-10,0.008122303917585304
2017-02-13,-0.008336196327309213
2017-02-14,-0.00013819828795099426
2017-02-15,0.0024232901921777002
2017-02-16,-0.0034468109730594596
2017-02-17,-0.004784022326370278
2017-02-21,0.0023234309647595696
2017-02-22,-0.0027972196553154582
2017-02-23,0.0011284909924435137
2017-02-24,0.001604572910112492
2017-02-27,-0.003633737357769774
2017-02-28,0.004183047641703477
2017-03-01,0.008832797230254113
2017-03-02,-0.017210396780880988
2017-03-03,0.004944899558668884
2017-03-06,-0.003370515131085304
2017-03-07,-0.009986790293777052
2017-03-08,-0.011052208458244431
2017-03-09,-0.010204303508952772
2017-03-10,-0.0004167386703248273
2017-03-13,0.005397530338587474
2017-03-14,-0.004586155777014511
2017-03-15,-0.0034943081543859127
2017-03-16,-0.00600102691232902
2017-03-17,0.0013194232585416108
2017-03-20,0.0020092701392878634
2017-03-21,-0.002212568648124166
2017-03-22,0.002200434227162476
2017-03-23,0.0007802089395392803
2017-03-24,-0.002166509287286097
2017-03-27,0.003851725172047413
2017-03-28,0.0027049524443553486
2017-03-29,0.002048726102278931
2017-03-30,0.0006036398308835239
2017-03-31,-0.002623941028283106
2017-04-03,-0.014201364467753476
2017-04-04,0.004978414942729397
2017-04-05,-0.0012527226207593666
2017-04-06,0.004906703014574954
2017-04-07,0.00036130490575310566
2017-04-10,-0.0003098581121406721
2017-04-11,0.0020348959524341004
2017-04-12,-0.0007826348778920051
2017-04-13,0.007867023299341079
2017-04-17,-0.0009352746634356769
2017-04-18,-0.0018686531643434543
2017-04-19,-0.014308572010246243
2017-04-20,0.0020339377354021532
2017-04-21,-0.01015367348536745
2017-04-24,-0.004488370095895824
2017-04-25,-0.004342349721400682
2017-04-26,0.0010085280278570963
2017-04-27,-0.011052055678425005
2017-04-28,-0.00016936198733478246
2017-05-01,-0.02382368147018491
2017-05-02,0.00022346168697130286
2017-05-03,0.0008075081773456158
2017-05-04,0.005019737450160884
2017-05-05,0.001763644857480771
2017-05-08,-0.0022538534982534096
2017-05-09,0.000872300581999251
2017-05-10,-0.006260523521575308
2017-05-11,0.006846802823525242
2017-05-12,0.007359993087512466
2017-05-15,-0.0026607818111605112
2017-05-16,-0.018069619778602646
2017-05-17,-0.008887033791433609
2017-05-18,0.007017779330574094
2017-05-19,-0.0024953907576581043
2017-05-22,-0.003862742366012281
2017-05-23,0.004570368681090593
2017-05-24,-0.001898999586312819
2017-05-25,-0.008599128366812073
2017-05-26,0.006674534778568887
2017-05-30,0.007283231164101654
2017-05-31,-0.009871989475326673
2017-06-01,0.006009663447500952
2017-06-02,-0.0004443880010308153
2017-06-05,0.0039824296074930455
2017-06-06,-0.005608928896050594
2017-06-07,-0.0006684737897385661
2017-06-08,-0.0040636879203301305
2017-06-09,-0.0031140570232249232
2017-06-12,0.002739049418436014
2017-06-13,-0.004742933627187425
2017-06-14,0.00856220087176431
2017-06-15,0.0027226574099632767
2017-06-16,-0.005077609605230035
2017-06-19,0.00307207349369982
2017-06-20,0.00654336616008468
2017-06-21,0.01236611084429439
2017-06-22,0.004633965141779237
2017-06-23,-0.0036066821437926045
2017-06-26,0.002385494171832249
2017-06-27,-0.006121462787781553
2017-06-28,-0.003900941863170122
2017-06-29,-0.003436829051279863
2017-06-30,-0.00628388340697042
2017-07-03,-0.009623431186510201
2017-07-05,0.005544280321341753
2017-07-06,-0.005168192284472004
2017-07-07,0.008824718422364049
2017-07-10,-0.0016847545292254162
2017-07-11,0.0029826141555804064
2017-07-12,-0.01290119409581549
2017-07-13,-0.007395903031698609
2017-07-14,-0.003200405442185324
2017-07-17,0.00427220325646847
2017-07-18,0.0005718462515517143
2017-07-19,0.0027241346251236707
2017-07-20,-0.0022887997761216416
2017-07-21,-0.011831164006781839
2017-07-24,0.0012010036066782803
2017-07-25,0.01488588952767896
2017-07-26,0.004503437695233632
2017-07-27,-0.0011152692110750237
2017-07-28,0.001745006615487637
2017-07-31,-0.005773862878018491
2017-08-01,-0.006786551053587865
2017-08-02,-3.5437079140919654e-05
2017-08-03,-0.0004142848175561861
2017-08-04,0.006204203623574393
2017-08-07,0.0020465508538094267
2017-08-08,-0.002538833039556828
2017-08-09,-0.0012897836644997366
2017-08-10,-0.009003528062055347
2017-08-11,0.0009595043919664681
2017-08-14,-0.005377343750028302
2017-08-15,0.003598806135810408
2017-08-16,-0.003735781310252153
2017-08-17,-0.0020596694597791298
2017-08-18,0.006555390592206621
2017-08-21,-0.005724700494576781
2017-08-22,0.003939706161918213
2017-08-23,0.00035780240486173957
2017-08-24,0.0029328744968488817
2017-08-25,-0.005131303455743239
2017-08-28,0.0011282881114968906
2017-08-29,0.011328594584946073
2017-08-30,0.003671368589807865
2017-08-31,0.02059347337814683
2017-09-01,-0.004579509105939777
2017-09-05,0.0069213889816675455
2017-09-06,0.002747210634264437
2017-09-07,-2.303219543804067e-05
2017-09-08,-0.011523873539059998
2017-09-11,0.001538419436725492
2017-09-12,-0.002492268402977646
2017-09-13,-0.0035919472950180975
2017-09-14,0.0006731577135084638
2017-09-15,-0.00038368719037010023
2017-09-18,0.0022236505862973386
2017-09-19,0.0026460254514823808
2017-09-20,0.0024809195253413254
2017-09-21,-0.008734981033361644
2017-09-22,0.002498058377527482
2017-09-25,0.01317344618726942
2017-09-26,0.004476294035581262
2017-09-27,0.003561921413890154
2017-09-28,-0.0015807243746513405
2017-09-29,-0.0011467930163427714
2017-10-02,-0.015372707763136264
2017-10-03,0.0023009509510091243
2017-10-04,-0.0007027113585384261
2017-10-05,0.005032600475117049
2017-10-06,-0.010363443814889394
2017-10-09,-0.0019327408151101368
2017-10-10,-0.006077517689336783
2017-10-11,0.005873905556731532
2017-10-12,-0.003851557466373333
2017-10-13,0.007229484418219659
2017-10-16,0.009074467454661894
2017-10-17,-0.005115413733480709
2017-10-18,0.004141630395259421
2017-10-19,-0.007094970555384349
2017-10-20,0.002899661169620991
2017-10-23,-0.008236778979077453
2017-10-24,0.005292149661180915
2017-10-25,-0.0004893588143267386
2017-10-26,0.0023302195900616
2017-10-27,-0.0035531082416706064
2017-10-30,0.0035219654706955105
2017-10-31,0.0015709972521991073
2017-11-01,-0.006560831502434649
2017-11-02,-0.0008751987575174309
2017-11-03,0.008727224664467277
2017-11-06,0.005668952745814036
2017-11-07,-0.0015378038904706182
2017-11-08,-0.006440609687205629
2017-11-09,-0.00023379722966636508
2017-11-10,-0.004559968318572373
2017-11-13,-0.0039483760572358835
2017-11-14,-0.0045903281897078894
2017-11-15,-0.006639594839498864
2017-11-16,-0.004604194545522772
2017-11-17,0.0062921049628769194
2017-11-20,-0.006862700520134527
2017-11-21,0.005688337769595681
2017-11-22,0.0010561892490720051
2017-11-24,0.0023718294252410748
2017-11-27,-0.002063677969761365
2017-11-28,-0.006286585017392027
2017-11-29,-0.012678697200605023
2017-11-30,0.0020812398884909634
2017-12-01,0.0066239044296440355
2017-12-04,-0.010545958845726549
2017-12-05,0.000637887686725884
2017-12-06,-0.004418618214379359
2017-12-07,0.01567216662944031
2017-12-08,0.007812069795700316
2017-12-11,0.006793270883891797
2017-12-12,0.004290079341592312
2017-12-13,-0.00912472402088375
2017-12-14,0.0070068470298342515
2017-12-15,-0.0027005508913823676
2017-12-18,-0.005490966238630171
2017-12-19,-0.0029932564669670285
2017-12-20,0.004982605753850867
2017-12-21,0.007090676319703191
2017-12-22,0.005560143567416362
2017-12-26,0.010074657777983465
2017-12-27,-0.0011293812906958112
2017-12-28,0.0021896637895854752
2017-12-29,0.0014919678853581972
2018-01-02,-0.005453957983275698
2018-01-03,0.009471866355626933
2018-01-04,0.005077617304545413
2018-01-05,-0.004230681467564096
2018-01-08,0.002226543637880468
2018-01-09,0.004136442472280321
2018-01-10,0.00816232097853878
2018-01-11,0.005183486175925875
2018-01-12,0.002027350370040441
2018-01-16,-0.0012752563199773948
2018-01-17,-0.0014683410034766857
2018-01-18,0.000964679074649324
2018-01-19,-0.0025691882897824134
2018-01-22,-0.0020860390861536125
2018-01-23,0.005304232197465712
2018-01-24,0.00805453808627411
2018-01-25,0.0010578917949046907
2018-01-26,-0.0024996896435277244
2018-01-29,-0.007745717399331407
2018-01-30,-0.01457799120130851
2018-01-31,0.004865189453519909
2018-02-01,0.005819180877573413
2018-02-02,-0.007989203665357486
2018-02-05,-0.007107125178998731
2018-02-06,-0.013632270668457867
2018-02-07,-0.012475661778695643
2018-02-08,0.0003131074764699598
2018-02-09,-0.011603068631162441
2018-02-12,-0.005286256621656824
2018-02-13,0.0012083415914401158
2018-02-14,0.01121510662697668
2018-02-15,0.0022464061490227775
2018-02-16,0.008781645872194222
2018-02-20,0.00039598526078985375
2018-02-21,0.0025144866711343484
2018-02-22,0.0021514086821687534
2018-02-23,0.007558679687380725
2018-02-26,0.0030270868867298545
2018-02-27,0.0019899166729770174
2018-02-28,-0.008785294616480447
2018-03-01,0.0083813563516977
2018-03-02,0.0024106258926461037
2018-03-05,0.012715611137007482
2018-03-06,-0.001994637710365807
2018-03-07,-0.0025743948898098775
2018-03-08,-0.004776446761700923
2018-03-09,0.005455540436324939
2018-03-12,-0.004563929661389593
2018-03-13,-0.0007430909215533891
2018-03-14,0.003411253999716156
2018-03-15,0.005243835289791199
2018-03-16,0.003406188734094593
2018-03-19,-0.01851337803216258
2018-03-20,0.012810430677166158
2018-03-21,0.00701851638579581
2018-03-22,-0.002894171841361778
2018-03-23,0.010106128329210184
2018-03-26,-0.0058416857597331315
2018-03-27,-0.0031008541212576195
2018-03-28,0.0017000119012510859
2018-03-29,0.010416676122064098
2018-04-02,-0.01279199243035332
2018-04-03,0.0071477961767809
2018-04-04,-0.005215482962675808
2018-04-05,0.007393059726950311
2018-04-06,-0.005827895945960416
2018-04-09,0.0058177601279375424
2018-04-10,0.01761442052509497
2018-04-11,0.0035929815681984396
2018-04-12,-0.00036381493047614276
2018-04-13,-0.0009476556031784557
2018-04-16,-0.003718982577876741
2018-04-17,0.0014684505299529913
2018-04-18,0.004184503964843882
2018-04-19,0.002433924970522165
2018-04-20,-0.0005062792214576779
2018-04-23,0.0036320347264594084
2018-04-24,-0.005576338740612032
2018-04-25,0.012901171046076862
2018-04-26,-0.00014106881479295156
2018-04-27,-0.0015500096240710689
2018-04-30,0.001544514772809451
2018-05-01,-0.005911009492925605
2018-05-02,-0.0017813078207657399
2018-05-03,0.0027818082289422508
2018-05-04,0.007737418520260384
2018-05-07,0.0026026626274023735
2018-05-08,-0.005959680031731405
2018-05-09,0.012372037333231549
2018-05-10,0.0011106552306920361
2018-05-11,-0.004552879680216422
2018-05-14,0.0020576888122165985
2018-05-15,0.0033488594157252893
2018-05-16,0.001311678435331989
2018-05-17,-0.0017176213133445757
2018-05-18,0.0025529919412680857
2018-05-21,-0.004002327342665142
2018-05-22,-0.0007123163474609575
2018-05-23,0.0013243389762197678
2018-05-24,-0.008214716479178506
2018-05-25,-0.007912587795934583
2018-05-29,-0.004143960346662038
2018-05-30,0.0037084193344393826
2018-05-31,-0.00843836298308465
2018-06-01,-0.0006205593594064805
2018-06-04,-0.006974827561071347
2018-06-05,0.0016134486009784345
2018-06-06,-0.004217778112647877
2018-06-07,0.01631372155315584
2018-06-08,-0.00541539473547595
2018-06-11,-0.0037692659282547894
2018-06-12,-0.0018193618646125433
2018-06-13,-0.0018852161376440842
2018-06-14,-0.0008607175026905797
2018-06-15,-0.015339313135820258
2018-06-18,0.004352469303820497
2018-06-19,-0.0014438911460142015
2018-06-20,-0.0006694773111363082
2018-06-21,-0.000793565776867063
2018-06-22,0.004466164500277827
2018-06-25,0.002281727682665266
2018-06-26,0.0014946480612054243
2018-06-27,0.014138544820258921
2018-06-28,0.00853522296451606
2018-06-29,0.004216450713093527
2018-07-02,0.014397958029429198
2018-07-03,-0.008435695328934671
2018-07-05,-0.0016578789493819997
2018-07-06,-0.01381225511895353
2018-07-09,0.009189272122306634
2018-07-10,0.007069451555784424
2018-07-11,-0.008620856474064176
2018-07-12,0.002540969035423107
2018-07-13,0.010552871892425982
2018-07-16,-0.01922782617213255
2018-07-17,0.000300531236475801
2018-07-18,0.004149550276167505
2018-07-19,-0.0016237861691835863
2018-07-20,-0.010898063333421438
2018-07-23,-0.0005458142484133693
2018-07-24,0.0008833933258934695
2018-07-25,-0.0010754329190858496
2018-07-26,0.005503939215274469
2018-07-27,-0.002042440838970421
2018-07-30,0.0019225921458168064
2018-07-31,-0.007712579781596231
2018-08-01,0.0060087875468243426
2018-08-02,0.003202684595061189
2018-08-03,-0.00719430644904417
2018-08-06,0.005502738333885199
2018-08-07,0.0010328938978749211
2018-08-08,-0.007899767323059352
2018-08-09,-0.00216359653181942
2018-08-10,0.01457483076998029
2018-08-13,0.008699707213065316
2018-08-14,-0.00038912392684770347
2018-08-15,0.012712371205658823
2018-08-16,-0.00688180644927785
2018-08-17,0.005825466972010059
2018-08-20,0.002035024484997291
2018-08-21,-0.0015358930251148334
2018-08-22,0.006885285102896445
2018-08-23,0.005562947346828494
2018-08-24,-0.012642860581790228
2018-08-27,-0.0054895620447922636
2018-08-28,0.0052796602230306
2018-08-29,0.0058844330076882456
2018-08-30,0.0038935366276622026
2018-08-31,0.002029263852951498
2018-09-04,0.004049369514961164
2018-09-05,-0.010848384886732742
2018-09-06,-0.0017537973961758164
2018-09-07,7.358904682581315e-05
2018-09-10,-0.00019292043859610265
2018-09-11,0.00836000175744393
2018-09-12,-0.01286326411953102
2018-09-13,-0.005674357306867901
2018-09-14,0.00908916426887312
2018-09-17,0.0021848528135856417
2018-09-18,0.0011422074620122556
2018-09-19,-0.007378584117528926
2018-09-20,-0.012421667498061817
2018-09-21,-0.001277433854034302
2018-09-24,0.015822999709228864
2018-09-25,0.004948522045740672
2018-09-26,-0.0018673144577235762
2018-09-27,0.004378555010192323
2018-09-28,-0.007138633439214683
2018-10-01,0.004636018825673142
2018-10-02,-0.009129504875310819
2018-10-03,0.006842289502639207
2018-10-04,-0.007469183726778286
2018-10-05,-0.005725546505331905
2018-10-08,0.004089956272998341
2018-10-09,0.0003654217141741994
2018-10-10,-0.005906342920755347
2018-10-11,-0.022118012970093703
2018-10-12,-0.0020478509259899014
2018-10-15,-0.001680838663558477
2018-10-16,0.004244298583638513
2018-10-17,-0.009997290584680279
2018-10-18,-0.005171379932186055
2018-10-19,0.002717097415908712
2018-10-22,0.002426574945206636
2018-10-23,-0.016047495286172855
2018-10-24,-0.001289819651993046
2018-10-25,0.0011676997463412556
2018-10-26,0.005751319288398015
2018-10-29,0.005023036759975839
2018-10-30,-0.0018771733989594835
2018-10-31,0.0006035080571081281
2018-11-01,-0.01991776375584204
2018-11-02,-0.00886155402218513
2018-11-05,0.017105846589875368
2018-11-06,0.0007819867590491802
2018-11-07,0.00122408240184569
2018-11-08,-0.004443421488455843
2018-11-09,0.007811721064223195
2018-11-12,0.005424185022125898
2018-11-13,-0.005336445146935634
2018-11-14,0.004878206229947711
2018-11-15,-0.009724378259644019
2018-11-16,-0.006240972014849474
2018-11-19,0.0016524471696842305
2018-11-20,-0.005818093387586477
2018-11-21,-0.006118240418069866
2018-11-23,0.002444982822372657
2018-11-26,0.00028907232902829444
2018-11-27,0.002979981979275037
2018-11-28,-0.0033590896704941047
2018-11-29,-0.0016873627830815243
2018-11-30,0.011460135415078484
2018-12-03,-0.009407323769018249
2018-12-04,0.002258212569061875
2018-12-06,0.001507727187595084
2018-12-07,-0.0024123108732374762
2018-12-10,0.003292679058982166
2018-12-11,-0.0032553221478771035
2018-12-12,-0.004085195036776586
2018-12-13,-0.0019017119801520873
2018-12-14,0.006915056543361416
2018-12-17,-6.603958029759914e-05
2018-12-18,0.014215927977315216
2018-12-19,-0.01365980132024901
2018-12-20,0.00038646571381830075
2018-12-21,0.00540309876802034
2018-12-24,0.003904716111002147
2018-12-26,-0.016779227874030644
2018-12-27,0.009877213955254907
2018-12-28,-0.0044185983614095205
2018-12-31,-0.0016604278774204543
2019-01-02,0.00037876723322680025
2019-01-03,-0.00041794816451819574
2019-01-04,-0.008826774171658452
2019-01-07,-0.006018795011244034
2019-01-08,-0.004418192237002974
2019-01-09,-0.008548098682582671
2019-01-10,-0.00028900251402087036
2019-01-11,0.004168384351606636
2019-01-14,0.00627631014497406
2019-01-15,-0.00780809043046793
2019-01-16,-0.0040086345665319625
2019-01-17,0.0029025106492199
2019-01-18,-0.004180456026907389
2019-01-22,0.007089979796662624
2019-01-23,-0.000564565328758531
2019-01-24,-0.0023332337078208775
2019-01-25,-0.006329076840322892
2019-01-28,0.00814987171794008
2019-01-29,-0.007260773940101245
2019-01-30,-0.0003623117954987634
2019-01-31,-0.006924796170049537
2019-02-01,0.002130196888412952
2019-02-04,0.0007773432379117228
2019-02-05,0.001781603002212774
2019-02-06,-0.0026821487438764093
2019-02-07,0.004462415054831687
2019-02-08,-0.0008467697171129262
2019-02-11,0.007657546159946302
2019-02-12,-0.00043710668518795736
2019-02-13,0.0019103234197423253
2019-02-14,-0.0007199257685333409
2019-02-15,-0.01027291769256233
2019-02-19,-0.01739074667254018
2019-02-20,-0.005800305254582964
2019-02-21,0.0063170633697122005
2019-02-22,-0.006573692614348483
2019-02-25,-0.010245251899187163
2019-02-26,0.005633066224960966
2019-02-27,-0.004548293135398112
2019-02-28,0.0006884748973123273
2019-03-01,-0.003631125337849599
2019-03-04,0.01166949003971518
2019-03-05,-0.008341389394127268
2019-03-06,0.009578592491920536
2019-03-07,0.009970642933155133
2019-03-08,-0.007502949035982328
2019-03-11,0.00582090545984965
2019-03-12,-0.013276198623981182
2019-03-13,-0.00586277814439737
2019-03-14,0.004822639898445858
2019-03-15,-0.016792642890498498
2019-03-18,0.0013435717401674653
2019-03-19,-0.0011186958981556038
2019-03-20,-0.00111510117926004
2019-03-21,-0.0066070157146399175
2019-03-22,0.0008584215442487453
2019-03-25,-0.0049953237016147605
2019-03-26,-0.0015344720754663038
2019-03-27,0.00873139473271202
2019-03-28,0.008097611271948569
2019-03-29,-0.007828923396375575
2019-04-01,0.0009513756343277131
2019-04-02,-0.0005753949532961426
2019-04-03,-0.009307977685715663
2019-04-04,-0.004187385541102005
2019-04-05,0.006663216422548686
2019-04-08,-0.0034309114243134733
2019-04-09,-3.348521578209831e-05
2019-04-10,0.004252101002998779
2019-04-11,0.008560844771244596
2019-04-12,-0.004161891890239877
2019-04-15,0.0020917405989396643
2019-04-16,0.006770682217790832
2019-04-17,0.0032538966179105244
2019-04-18,0.0006417965270420775
2019-04-22,0.00128939099400302
2019-04-23,0.00907655290626297
2019-04-24,0.003260455670695678
2019-04-25,-0.0046040128463563776
2019-04-26,-0.00996973869791357
2019-04-29,0.005707763642723315
2019-04-30,0.0017240847227492691
2019-05-01,0.005157629096883738
2019-05-02,0.006913140919373459
2019-05-03,-0.004769371311260713
2019-05-06,0.007709090284548982
2019-05-07,0.003950116114000349
2019-05-08,0.0005043934963206006
2019-05-09,0.009129615392367642
2019-05-10,0.0017758328847274003
2019-05-13,0.0030135787399932007
2019-05-14,-0.015830073838429253
2019-05-15,-0.007605630032750973
2019-05-16,-0.005735362104944124
2019-05-17,0.010629877727648163
2019-05-20,-0.008416180410804988
2019-05-21,-0.0012574275959190485
2019-05-22,0.0063300951228178306
2019-05-23,0.00372177023487158
2019-05-24,-0.010079613751475962
2019-05-28,-0.010678289953866903
2019-05-29,-0.0036757029984920424
2019-05-30,-9.69178098528025e-05
2019-05-31,0.004422388859444007
2019-06-03,-0.001556454142806285
2019-06-04,-0.002873649353341371
2019-06-05,0.016944670858994856
2019-06-06,-0.0039069278102745394
2019-06-07,0.001873618474629075
2019-06-10,0.0006340650111703305
2019-06-11,-0.0012792227772739637
2019-06-12,0.005023141269769015
2019-06-13,0.00025991539403209904
2019-06-14,0.002043799672143503
2019-06-17,0.002099143062620178
2019-06-18,-0.006566947302698121
2019-06-19,-0.0025680973783631677
2019-06-20,-0.0014597363771324235
2019-06-21,-0.0032914746839891175
2019-06-24,-0.0022923618070356216
2019-06-25,-0.004749226509577873
2019-06-26,-0.00988817546372668
2019-06-27,0.0031027300183301544
2019-06-28,-0.00910807805122467
2019-07-01,-0.004290893103068634
2019-07-02,0.00850226751390448
2019-07-03,0.0005188774471606162
2019-07-05,-0.01034222078063086
2019-07-08,0.001963454501271025
2019-07-09,0.0017710044753582958
2019-07-10,-0.017293919405940068
2019-07-11,0.007692609736501524
2019-07-12,0.0006398099438186202
2019-07-15,-0.008487962457305136
2019-07-16,0.003736415780674137
2019-07-17,-0.0008043052825712375
2019-07-18,0.0036503592428569482
2019-07-19,-0.0020899734178010244
2019-07-22,-0.005981724583612509
2019-07-23,0.0010258831998395225
2019-07-24,0.006748057823534195
2019-07-25,-0.0077760889658790135
2019-07-26,0.0024440430306470716
2019-07-29,0.001991030674200242
2019-07-30,9.772534152591302e-05
2019-07-31,-0.009439315179191877
2019-08-01,0.011995193078739174
2019-08-02,0.008935069515895715
2019-08-05,0.014968151943591235
2019-08-06,0.0013320958483426933
2019-08-07,0.017562721115342284
2019-08-08,-0.013182999948943083
2019-08-09,-0.003016626878711855
2019-08-12,0.0064447646863489355
2019-08-13,-0.018261824832575733
2019-08-14,0.006546865883710169
2019-08-15,-4.322124095475387e-05
2019-08-16,-0.0009490862518497178
2019-08-19,-0.0030043441552875753
2019-08-20,0.00036175283400558184
2019-08-21,-0.0012129685607757976
2019-08-22,0.003283360820973477
2019-08-23,0.0092653446612131
2019-08-26,-0.0008593613054654875
2019-08-27,0.00155299896806929
2019-08-28,0.0007803684632409272
2019-08-29,-0.0026278504879100437
2019-08-30,0.007913997795249355
2019-09-03,0.01617701107876388
2019-09-04,-0.012930100704322914
2019-09-05,-0.01229535134775117
2019-09-06,-0.006745398801584475
2019-09-09,-0.009253017322032198
2019-09-10,-0.006850037788814621
2019-09-11,0.00451837435087877
2019-09-12,-0.002370013811328896
2019-09-13,-0.0027802076104851254
2019-09-16,-0.020448531006532586
2019-09-17,0.00998080887929641
2019-09-18,0.0015103281642756855
2019-09-19,0.001194391370652802
2019-09-20,0.0007070745390980035
2019-09-23,0.007336626057680818
2019-09-24,0.005862225978980328
2019-09-25,-0.007262923117878537
2019-09-26,0.0005264744590233644
2019-09-27,-0.004316370197570829
2019-09-30,-0.00023976950691690296
2019-10-01,0.010790340639682077
2019-10-02,0.006567230344178332
2019-10-03,-0.001729981430930528
2019-10-04,-0.003010223082151474
2019-10-07,-0.0005819560575521461
2019-10-08,0.0035261486413099485
2019-10-09,0.001458802605909373
2019-10-10,-0.00592850533120337
2019-10-11,-0.004852068851352695
2019-10-14,0.004383238569638629
2019-10-15,-0.006110360634282124
2019-10-16,0.00014378012170578676
2019-10-17,0.00032837217606543573
2019-10-18,-0.0021316217506071903
2019-10-21,0.0008694177545947709
2019-10-22,-0.0038539242991478045
2019-10-23,-0.0012566782301997742
2019-10-24,-0.0014531392874307053
2019-10-25,-0.0029973849623090073
2019-10-28,-0.008208087876199139
2019-10-29,-0.0018014703683898116
2019-10-30,0.0015409723814075787
2019-10-31,0.007112970447013024
2019-11-01,-0.004041282630884188
2019-11-04,-0.008130545520312248
2019-11-05,-0.01090691108761688
2019-11-06,0.004750596794838864
2019-11-07,-0.008823778572746832
2019-11-08,-0.00514775598750088
2019-11-11,0.00037467344215303213
2019-11-12,-0.0015709213166134306
2019-11-13,-0.0027977293570383014
2019-11-14,0.0023565549865036915
2019-11-15,-0.0007890733703178694
2019-11-18,0.0048218877050947295
2019-11-19,0.010779068357994078
2019-11-20,-0.00680271418189133
2019-11-21,-0.005871995823757373
2019-11-22,-0.007193288193276988
2019-11-25,0.004637231062394516
2019-11-26,0.0002674274951769292
2019-11-27,-0.0067643014604404075
2019-11-29,0.009218508620404194
2019-12-02,-0.0007364328965326291
2019-12-03,0.0010964549202786551
2019-12-04,0.00016746210637240305
2019-12-05,0.0012132989973481871
2019-12-06,-0.0036955126839037108
2019-12-09,0.0015351117645068608
2019-12-10,0.0068878141525711934
2019-12-11,0.005248760280537856
2019-12-12,-0.0002644088803821813
2019-12-13,-0.0010211132011388934
2019-12-16,0.002751008904691257
2019-12-17,0.003382235153297881
2019-12-18,-0.0005887645080791225
2019-12-19,0.0009226524040611578
2019-12-20,-0.004948522072313808
2019-12-23,0.00455576502411844
2019-12-24,0.009937255940629448
2019-12-26,0.005631978896640717
2019-12-27,0.004318421885777522
2019-12-30,-0.00014408763616286486
2019-12-31,-0.004603303110236841
2020-01-02,0.0029607292033632282
2020-01-03,0.0067816974491974194
2020-01-06,-0.0011260896414452422
2020-01-07,-0.0006587290031693794
2020-01-08,-0.014609925126296924
2020-01-09,-0.0007379435573371488
2020-01-10,0.004758309342948625
2020-01-13,-0.004510426703729388
2020-01-14,0.0014708345719778573
2020-01-15,0.009004348364158523
2020-01-16,-0.007331501476978481
2020-01-17,0.010867826397971438
2020-01-21,-0.0021425680167990024
2020-01-22,-0.0046563186780011236
2020-01-23,-0.0036776033293317695
2020-01-24,-0.0011797690292384795
2020-01-27,-0.007642329578071875
2020-01-28,-0.004741405901289653
2020-01-29,-0.0011855129766099198
2020-01-30,0.017970086357919936
2020-01-31,-8.912026530931595e-05
2020-02-03,0.012203400885020118
2020-02-04,-0.007619596453387668
2020-02-05,-0.0028427152709285643
2020-02-06,-0.0031549930388532926
2020-02-07,0.005263275185195975
2020-02-10,0.005104911992769238
2020-02-11,-0.0061008848891197535
2020-02-12,-0.006684330735439195
2020-02-13,-0.0021413128013483516
2020-02-14,-0.0011213516738318
2020-02-18,0.01113455229726246
2020-02-19,-0.0014756738022600447
2020-02-20,-0.0030706214256531424
2020-02-21,0.006696293469841513
2020-02-24,0.013827121535725852
2020-02-25,-0.0015762634571698892
2020-02-26,0.005852651205412661
2020-02-27,0.004212452155994099
2020-02-28,-0.0028776578078766536
2020-03-02,-0.01575215427885986
2020-03-03,0.006191921936203924
2020-03-04,-0.0031556814408645953
2020-03-05,0.008490456068429048
2020-03-06,0.022567269933888825
2020-03-09,0.04595367988054389
2020-03-10,-0.01381644096802409
2020-03-11,0.003014299110326763
2020-03-12,0.010826876895776086
2020-03-13,-0.005404358694965993
2020-03-16,0.027911658556671257
2020-03-17,0.0109122567567542
2020-03-18,0.026518031680959557
2020-03-19,-0.01324542151504476
2020-03-20,0.005441068842714022
2020-03-23,0.006775423920607856
2020-03-24,-0.010288910203484953
2020-03-25,-0.007635209133633984
2020-03-26,0.005238161412132935
2020-03-27,0.002025916008671184
2020-03-30,0.0072423578318569605
2020-03-31,-0.0007487174646791467
2020-04-01,0.009835394680745397
2020-04-02,-0.01616923585544692
2020-04-03,-0.008684559741164388
2020-04-06,-0.002235999961605258
2020-04-07,-0.00015354002398778783
2020-04-08,-0.0009800705428191798
2020-04-09,0.004365998822673722
2020-04-13,0.0016094944507298843
2020-04-14,0.006124898752278702
2020-04-15,0.004833880249366366
2020-04-16,-0.0033631868684610355
2020-04-17,-0.004055098896260752
2020-04-20,0.0054531393494653985
2020-04-21,0.026719648069443908
2020-04-22,-0.01995998056607184
2020-04-23,-0.0038629988376653723
2020-04-24,0.003687598145575439
2020-04-27,0.010344408103022304
2020-04-28,-0.0020154218173786603
2020-04-29,-0.017622344673268134
2020-04-30,-0.015920116444135837
2020-05-01,-0.005132401444927983
2020-05-04,0.00020932660462535236
2020-05-05,-0.013034610932595725
2020-05-06,0.007071845816844869
2020-05-07,-5.588333970532568e-05
2020-05-08,-0.003426458906658941
2020-05-11,0.0026372401001365717
2020-05-12,-0.0028474512822043193
2020-05-13,0.0039964056195222275
2020-05-14,-0.0058451847621140895
2020-05-15,-0.0026077609995413843
2020-05-18,-0.013568757775336344
2020-05-19,0.00011379618513613259
2020-05-20,0.002498541619451902
2020-05-21,-0.004804628260730493
2020-05-22,0.0031801262242982607
2020-05-26,-0.00534117950658139
2020-05-27,0.005220322876730083
2020-05-28,-0.006309059612603008
2020-05-29,0.0033768714424725916
2020-06-01,-0.0020560340160007636
2020-06-02,-0.01216979477179158
2020-06-03,-0.006883370101215333
2020-06-04,-0.000315168301185093
2020-06-05,-0.015281409845467612
2020-06-08,0.006567280509857336
2020-06-09,0.0010586785598606162
2020-06-10,-0.002476230798967162
2020-06-11,0.00692312775801879
2020-06-12,-0.001603332102338252
2020-06-15,-7.221645492707751e-05
2020-06-16,0.002371184675212934
2020-06-17,-0.002085498758860208
2020-06-18,-0.0037621251554296547
2020-06-19,0.0005606470774170163
2020-06-22,-0.00016905778728513397
2020-06-23,0.004261550434333496
2020-06-24,0.00012856695308291604
2020-06-25,0.005376012148986818
2020-06-26,0.0059485475554832004
2020-06-29,-0.016192504585636227
2020-06-30,-0.007532389636838862
2020-07-01,-0.012500522172958254
2020-07-02,0.002478169969575062
2020-07-06,0.006638387645844824
2020-07-07,0.0005066127747066068
2020-07-08,0.004105455099035102
2020-07-09,-0.0008826827854727582
2020-07-10,0.0037341571707475334
2020-07-13,0.013839332713237245
2020-07-14,-0.0051606679329727
2020-07-15,0.0010917524555344744
2020-07-16,-0.002801130584415736
2020-07-17,-0.00268479698492007
2020-07-20,0.009647780563023971
2020-07-21,0.010078472010533553
2020-07-22,0.002855238592261344
2020-07-23,0.0015489340163381594
2020-07-24,-0.00043708227499918953
2020-07-27,0.008861511815242022
2020-07-28,-0.001518376083128766
2020-07-29,-1.5060987102189146e-05
2020-07-30,-0.004113496039031684
2020-07-31,0.0038290148277505777
2020-08-03,-0.005173989867132959
2020-08-04,0.0054849665992262805
2020-08-05,0.005619822443482108
2020-08-06,0.0040097250712941394
2020-08-07,-0.020490414430976482
2020-08-10,0.008778480401840705
2020-08-11,-0.010848780029321272
2020-08-12,-0.0017365575636437553
2020-08-13,0.004136829294944769
2020-08-14,-0.0026606850394998013
2020-08-17,0.008439783007839633
2020-08-18,0.00670350080076886
2020-08-19,0.0010786252460232688
2020-08-20,-0.005885363888286795
2020-08-21,-0.0023256369113820274
2020-08-24,-0.0027040804498149862
2020-08-25,-0.00013798488000997365
2020-08-26,0.006626099763687502
2020-08-27,0.0033590229499576504
2020-08-28,0.007518097596232506
2020-08-31,0.005765729730905495
2020-09-01,0.0012086407720497204
2020-09-02,-0.00411072873513592
2020-09-03,-0.00713283966826976
2020-09-04,0.008167885832563
2020-09-08,0.0029366691452285534
2020-09-09,-0.0027335788524302266
2020-09-10,0.0063460045755578546
2020-09-11,0.004391889641340614
2020-09-14,0.0006106325893766263
2020-09-15,-0.004931436044364812
2020-09-16,-0.0027944642688528423
2020-09-17,-0.001564597520634072
2020-09-18,0.004690902708583011
2020-09-21,-0.012218967581134301
2020-09-22,0.0033694781997655474
2020-09-23,-0.0159365852338915
2020-09-24,-0.0026247664661401705
2020-09-25,0.002352850640326692
2020-09-28,-0.00542167411459142
2020-09-29,0.002552584497280368
2020-09-30,0.003954489346476851
2020-10-01,-0.001842780400263362
2020-10-02,0.010834397490066733
2020-10-05,-0.006722132838831747
2020-10-06,-0.00405568548339918
2020-10-07,0.011873233965966522
2020-10-08,-0.004844341175011182
2020-10-09,0.011175839419223087
2020-10-12,-0.0005865923436173091
2020-10-13,-0.004229117757841625
2020-10-14,-0.0002303335498434073
2020-10-15,0.008566358109278305
2020-10-16,0.0007008534585701356
2020-10-19,0.007875034579781235
2020-10-20,0.0017706229630536025
2020-10-21,0.009353748859401895
2020-10-22,-0.0020950941587872082
2020-10-23,0.00038329212677270873
2020-10-26,0.005554744017662389
2020-10-27,-0.005250204198366111
2020-10-28,-0.006921021363089524
2020-10-29,0.0031442188065706534
2020-10-30,0.00011117191409179717
2020-11-02,-0.0005825687573677488
2020-11-03,-0.0009684488316459938
2020-11-04,-0.003062272092122112
2020-11-05,0.0028762298018431046
2020-11-06,0.004993945761583992
2020-11-09,-0.015205265781139368
2020-11-10,0.0035506938804143345
2020-11-11,-0.005655271310341156
2020-11-12,-0.000835416713739745
2020-11-13,0.008539527066824126
2020-11-16,0.004690123641810991
2020-11-17,-0.001323644138160687
2020-11-18,0.0019628910479489274
2020-11-19,-0.004467067937471908
2020-11-20,0.006569934623202388
2020-11-23,-0.003077737779098601
2020-11-24,-0.0022183244680551695
2020-11-25,-0.007676001128256171
2020-11-27,0.002105836071330786
2020-11-30,-0.006779896625603941
2020-12-01,0.004892392937995246
2020-12-02,-0.0009322852518614749
2020-12-03,0.00019816892143043497
2020-12-04,0.0007234467288652443
2020-12-07,0.001041243894487879
2020-12-08,-0.00550302301305563
2020-12-09,0.010087648007203041
2020-12-10,3.492431396047515e-05
2020-12-11,0.0010129952276324806
2020-12-14,-0.00482376613904389
2020-12-15,0.00928320812047132
2020-12-16,0.0016235886745802142
2020-12-17,0.011512738561386324
2020-12-18,0.0022058253756171626
2020-12-21,-0.00033618359924721044
2020-12-22,-0.0015953132186194566
2020-12-23,0.005074950499741814
2020-12-24,0.0017527824827343337
2020-12-28,0.0026833256971132776
2020-12-29,0.00641058978314873
2020-12-30,0.007286026980567728
2020-12-31,0.0022467512103313417
2021-01-04,0.010225472918051981
2021-01-05,0.013485262475473879
2021-01-06,-0.0054690807325437135
2021-01-07,-8.047818562931368e-05
2021-01-08,-0.0157437229118513
2021-01-11,-0.003572277989390777
2021-01-12,0.013112391287828491
2021-01-13,0.006098293523688546
2021-01-14,0.00968053210572046
2021-01-15,-0.007455923764249873
2021-01-19,-0.0025914161327526713
2021-01-20,0.0022536380032447323
2021-01-21,0.001806802975928481
2021-01-22,-0.015866000904940638
2021-01-25,0.00614292203119117
2021-01-26,0.007776148721474942
2021-01-27,-0.0038923784831732416
2021-01-28,-0.0036158184794891617
2021-01-29,0.006322719467956358
2021-02-01,0.011052924884964553
2021-02-02,-0.007285844409932843
2021-02-03,0.007137702378247718
2021-02-04,0.0010465831122887905
2021-02-05,0.005758208954178999
2021-02-08,0.011615740569071041
2021-02-09,0.003982293540650966
2021-02-10,-0.0034247773722302223
2021-02-11,0.00027165454117575105
2021-02-12,0.005162881060748549
2021-02-16,0.012946932745979547
2021-02-17,0.002147463390004981
2021-02-18,0.0028751717211231843
2021-02-19,0.0024948402014060922
2021-02-22,0.013970839480774289
2021-02-23,0.0014362142610001942
2021-02-24,0.00836129499876307
2021-02-25,-0.006294727764428225
2021-02-26,-0.012213151890289571
2021-03-01,-0.0038343634911150635
2021-03-02,0.004883674972348298
2021-03-03,-0.004469600970782836
2021-03-04,-0.0009635133733148055
2021-03-05,0.01033222031020024
2021-03-08,-0.0021756482672368096
2021-03-09,-0.002570492576135731
2021-03-10,0.0014583695082534423
2021-03-11,0.009600193596110963
2021-03-12,-0.002380401284594172
2021-03-15,-0.0015390920465619545
2021-03-16,-0.00026962603147822896
2021-03-17,-0.0034687578663807274
2021-03-18,-0.018275950004481088
2021-03-19,0.0051544140358878
2021-03-22,0.0004146828689834789
2021-03-23,-0.013208501585762427
2021-03-24,0.011574272752535926
2021-03-25,-0.014252878641091636
2021-03-26,0.009717472872089402
2021-03-29,-0.0013878582218264475
2021-03-30,-0.008482979101559476
2021-03-31,0.006780996009112569
2021-04-01,0.004190624237921251
2021-04-05,-0.004499672596578192
2021-04-06,0.005068905115581751
2021-04-07,-7.585447769044737e-05
2021-04-08,0.004629844828148238
2021-04-09,-0.0026705637228503893
2021-04-12,-0.004015373496393113
2021-04-13,0.002955118371763321
2021-04-14,0.013884902140839444
2021-04-15,0.004199643233979922
2021-04-16,-0.0007789599674810284
2021-04-19,0.0017649129035986178
2021-04-20,0.0008259261109648277
2021-04-21,0.0029460835643384956
2021-04-22,0.004302531692016644
2021-04-23,0.00536553465281405
2021-04-26,0.007152880745894886
2021-04-27,0.00990999407641149
2021-04-28,-0.00279243848651988
2021-04-29,0.0002523722061383845
2021-04-30,0.0012588908240062152
2021-05-03,0.003967595959082937
2021-05-04,0.0042689073317602735
2021-05-05,0.005193946650419406
2021-05-06,0.007650457012927627
2021-05-07,0.004959599928426585
2021-05-10,-0.0035017389095061266
2021-05-11,0.003816220628451669
2021-05-12,0.00022065707245777028
2021-05-13,-0.015208737331234616
2021-05-14,0.0009405528935246936
2021-05-17,0.004165351444074277
2021-05-18,0.00010635207624293905
2021-05-19,-0.011123333254899927
2021-05-20,-0.004974455300797539
2021-05-21,-0.0011716024055417166
2021-05-24,0.006276380285395961
2021-05-25,-0.0005576646835337894
2021-05-26,0.001821800725501831
2021-05-27,0.006885377964045919
2021-05-28,0.00035581149573167905
2021-06-01,0.009182004520438344
2021-06-02,0.0018377414605825558
2021-06-03,-0.008667862561629597
2021-06-04,0.009004685566210138
2021-06-07,-0.00269802381284746
2021-06-08,0.002732354261073024
2021-06-09,-0.00024735953947789937
2021-06-10,0.0008714161364026064
2021-06-11,-0.002261582227878438
2021-06-14,-0.005354539817554158
2021-06-15,-0.00433341931531682
2021-06-16,0.0008128373282185438
2021-06-17,-0.026387537230442678
2021-06-18,0.005919632616198104
2021-06-21,0.006616103984250971
2021-06-22,0.000265933650992812
2021-06-23,0.006336423859168646
2021-06-24,-1.9209885772647963e-05
2021-06-25,-0.00038290258464767176
2021-06-28,0.002193224549753903
2021-06-29,-0.0009463395764797031
2021-06-30,0.006117834310058216
2021-07-01,0.0032420835199941495
2021-07-02,0.003026078530215341
2021-07-06,-0.016273338168620085
2021-07-07,-0.0021569018485345062
2021-07-08,0.0029969581738916065
2021-07-09,0.006546426074099913
2021-07-12,0.0033304531530235527
2021-07-13,0.00402109991174323
2021-07-14,-0.0028455590799044343
2021-07-15,-0.009017224814376145
2021-07-16,0.0009932608296013832
2021-07-19,-0.024748674833974103
2021-07-20,0.009579961781436745
2021-07-21,0.014475757288499074
2021-07-22,0.00947218785076251
2021-07-23,-0.0002065074902395135
2021-07-26,0.006501426662451045
2021-07-27,-0.004129516085568842
2021-07-28,0.0032456123098295936
2021-07-29,0.004416089849933285
2021-07-30,-0.005335249266790005
2021-08-02,-0.007142331449271121
2021-08-03,-0.0012165055571793718
2021-08-04,-0.005006054805748555
2021-08-05,0.006419261225441594
2021-08-06,0.003842226211729354
2021-08-09,-0.0015836952936151498
2021-08-10,0.010852792500564878
2021-08-11,-0.0022991186185949545
2021-08-12,0.002510650594108203
2021-08-13,-0.0028912112592157824
2021-08-16,-0.006572824975786692
2021-08-17,-0.0070304296704133615
2021-08-18,-0.0016097672519812642
2021-08-19,-0.012557514718167911
2021-08-20,-0.005664741185178514
2021-08-23,0.010529529006864859
2021-08-24,0.008344736801259606
2021-08-25,0.008136901794986388
2021-08-26,0.0008982881561148358
2021-08-27,0.005481359008142488
2021-08-30,-0.00038476419033038725
2021-08-31,-0.004816703498092761
2021-09-01,-0.0069138583684058685
2021-09-02,0.007234207473046999
2021-09-03,-0.0030663191093755924
2021-09-07,-0.004886123170913934
2021-09-08,0.0035261802485152716
2021-09-09,-0.005208947969644205
2021-09-10,0.005154091920614832
2021-09-13,0.0020703886171490387
2021-09-14,0.00039839423397204627
2021-09-15,0.013814761143640712
2021-09-16,0.0005710904022482835
2021-09-17,-0.003502946831963701
2021-09-20,-0.014320250600408585
2021-09-21,-0.003919602532833396
2021-09-22,0.007225218024808875
2021-09-23,0.009933686124251339
2021-09-24,0.006805943029777598
2021-09-27,0.007260035706271141
2021-09-28,0.002112157766682352
2021-09-29,0.002797968915676778
2021-09-30,0.004727422178966628
2021-10-01,0.003333772673467933
2021-10-04,0.003974852909971941
2021-10-05,0.007966164930931151
2021-10-06,-0.006330933199900817
2021-10-07,0.004212941195401053
2021-10-08,0.0016028758850253164
2021-10-11,0.0019920025141999293
2021-10-12,-0.002316906524870873
2021-10-13,-0.004629776996004589
2021-10-14,0.0062492478114873065
2021-10-15,0.0046904015802576365
2021-10-18,-0.004111581283996407
2021-10-19,-0.00017096821638452214
2021-10-20,0.005614712218469194
2021-10-21,-0.008845513386630427
2021-10-22,0.002651329254634476
2021-10-25,0.006913813549562551
2021-10-26,0.0026291813267824288
2021-10-27,-0.004763894618006946
2021-10-28,0.0007632837503372494
2021-10-29,-7.01292039305154e-05
2021-11-01,0.005272091797750108
2021-11-02,-0.001089257408274182
2021-11-03,-0.009957070870187743
2021-11-04,-0.008014556556601535
2021-11-05,0.004205133720281764
2021-11-08,0.00035010307807146275
2021-11-09,0.007495620385091163
2021-11-10,-0.005973656328934697
2021-11-11,0.005789234469232933
2021-11-12,-0.0012572764130549757
2021-11-15,0.0016581869643280754
2021-11-16,0.00042234592164342046
2021-11-17,-0.004565768006652944
2021-11-18,-0.00047107850036143847
2021-11-19,-0.008000795411742008
2021-11-22,0.00204071069616343
2021-11-23,0.011251519608340522
2021-11-24,-0.0006815505236033919
2021-11-26,-0.03768510271183464
2021-11-29,-0.0012886244853378248
2021-11-30,-0.020240154740712762
2021-12-01,-0.004910193649692072
2021-12-02,0.0071941501223094255
2021-12-03,0.0006128550454490443
2021-12-06,0.008354345311520543
2021-12-07,0.0021489602766302856
2021-12-08,0.0031097056949815093
2021-12-09,-0.003233941607025328
2021-12-10,-0.0004508735166454156
2021-12-13,-0.002759985352187523
2021-12-14,0.0036749635583169108
2021-12-15,0.0008648440252089364
2021-12-16,-0.0009668713949552619
2021-12-17,-0.005501286825135684
2021-12-20,-0.005075102715788475
2021-12-21,0.010372142903033833
2021-12-22,0.0033427567913906085
2021-12-23,0.00017537485036863933
2021-12-27,0.0075372779598910375
2021-12-28,-0.0048586632779838435
2021-12-29,0.004802585397889768
2021-12-30,-0.005252651178772255
2021-12-31,-0.006388247977947107
2022-01-03,0.005009422778038894
2022-01-04,0.00883848374221677
2022-01-05,-0.0034219186893281995
2022-01-06,0.007538215066374096
2022-01-07,0.0025591616482122737
2022-01-10,-0.0028458477283565668
2022-01-11,0.004093640990357528
2022-01-12,0.004729039023936622
2022-01-13,-0.004819279673762895
2022-01-14,0.006492357273105925
2022-01-18,0.002880145518505279
2022-01-19,0.0011042464345256912
2022-01-20,-0.0014628894055441996
2022-01-21,-0.0009551620484674214
2022-01-24,-0.003776445603753537
2022-01-25,0.005683043176811096
2022-01-26,0.00658516450184535
2022-01-27,0.008670046040890701
2022-01-28,0.0013357813519236318
2022-01-31,0.0009391050374668809
2022-02-01,0.0024364678319201585
2022-02-02,0.00034714590805463993
2022-02-03,0.004461896820756179
2022-02-04,0.004055392627299677
2022-02-07,-0.0013605655608818154
2022-02-08,-0.004263056999612841
2022-02-09,0.00674349076751405
2022-02-10,-0.002688464368413347
2022-02-11,0.007796487069149602
2022-02-14,0.0031046868119842344
2022-02-15,-0.009342248045604285
2022-02-16,0.004271072485068861
2022-02-17,-0.00373624238923567
2022-02-18,0.0008393159654671189
2022-02-22,0.007323953042535264
2022-02-23,0.004052150550951529
2022-02-24,0.005712317666334525
2022-02-25,-0.012627380224533311
2022-02-28,0.017063524666982754
2022-03-01,0.028644853555262847
2022-03-02,0.013271060905797123
2022-03-03,0.005439919220469701
2022-03-04,0.015586940956793777
2022-03-07,0.004653087389565586
2022-03-08,0.01247925143179154
2022-03-09,-0.02828851382732422
2022-03-10,-0.0055865677106229136
2022-03-11,0.007452581292273277
2022-03-14,-0.012071886386427975
2022-03-15,-0.007425181201024972
2022-03-16,-0.0028453446949004385
2022-03-17,0.016720970212087686
2022-03-18,0.0033620763739182257
2022-03-21,0.01291088870361232
2022-03-22,0.0009539385658873243
2022-03-23,0.0077614269912725095
2022-03-24,-0.0034841999941706957
2022-03-25,0.005426397562228182
2022-03-28,-0.011687357766678038
2022-03-29,-0.007774878296858475
2022-03-30,0.00930391431951364
2022-03-31,-0.007057937663085911
2022-04-01,-0.008028144523214896
2022-04-04,0.008577959635781719
2022-04-05,0.002564491820150247
2022-04-06,-0.006541180159105077
2022-04-07,-0.00019812160929065522
2022-04-08,0.006232607930912691
2022-04-11,-0.004130712631081036
2022-04-12,0.010526261123797545
2022-04-13,0.007072151353566086
2022-04-14,0.003215826967383133
2022-04-18,0.005877484187523749
2022-04-19,-0.010621761469386386
2022-04-20,0.0012993933355316739
2022-04-21,0.002895885691349166
2022-04-22,-0.0038912848494702095
2022-04-25,-0.003326331491048229
2022-04-26,0.006469262767863762
2022-04-27,0.004914384937003109
2022-04-28,0.008312207812168614
2022-04-29,-0.001743266603874673
2022-05-02,-0.0033688566280293056
2022-05-03,-0.00782775533746044
2022-05-04,0.006003858685734086
2022-05-05,0.0011932381219410283
2022-05-06,-0.0008676238353125544
2022-05-09,-0.008754777005615529
2022-05-10,-0.001045813392597573
2022-05-11,0.0028285308256493845
2022-05-12,0.015155862030878983
2022-05-13,0.001204930528544464
2022-05-16,0.006615946577045608
2022-05-17,-0.005418732174299319
2022-05-18,-0.0073512889750366505
2022-05-19,-0.0016639081287462894
2022-05-20,-0.0016460512249100545
2022-05-23,-0.0018054420235782418
2022-05-24,-0.003846393625418374
2022-05-25,0.006837296829595684
2022-05-26,0.0017899847764657833
2022-05-27,0.001840795234206924
2022-05-31,-0.004878307622786486
2022-06-01,-0.0073357460987581126
2022-06-02,-0.0049044453374855815
2022-06-03,0.002284005898333471
2022-06-06,0.0044638000707246306
2022-06-07,-0.0004538196721110636
2022-06-08,0.003911756788543392
2022-06-09,0.01025410996656183
2022-06-10,-0.005824887973000694
2022-06-13,0.0030562028914363337
2022-06-14,0.00013376819042885518
2022-06-15,-0.004997860706262987
2022-06-16,0.001239231291936967
2022-06-17,-0.008300711367821078
2022-06-21,-0.0038326818168922267
2022-06-22,0.002341223727613835
2022-06-23,-0.0042462081001673575
2022-06-24,-0.005761616207479925
2022-06-27,-0.0020664915875098235
2022-06-28,0.007088993828871881
2022-06-29,0.0009161337831374577
2022-06-30,-0.007069177477109646
2022-07-01,0.008424955267425328
2022-07-05,-0.012665274889902833
2022-07-06,-0.003954132935713661
2022-07-07,0.004720135217783127
2022-07-08,0.00601130157445206
2022-07-11,0.007764684928897231
2022-07-12,-0.010394008764965657
2022-07-13,-0.003798801499609417
2022-07-14,0.008864992620548904
2022-07-15,-0.010388131018741767
2022-07-18,0.0027919543774756173
2022-07-19,-0.00043710026662782924
2022-07-20,0.0005656030585327467
2022-07-21,-0.011857463644316897
2022-07-22,-0.009241044742776178
2022-07-25,0.006984947739580285
2022-07-26,0.002815853073424689
2022-07-27,0.0022789873999268465
2022-07-28,-0.01407783716404499
2022-07-29,-0.00503172564182046
2022-08-01,-0.017888682327552582
2022-08-02,-0.0023681274179981173
2022-08-03,0.002434550719277535
2022-08-04,-0.00921877057162913
2022-08-05,-0.002756536988860908
2022-08-08,-0.006864675814105095
2022-08-09,0.00766053672019218
2022-08-10,-4.817111700155913e-06
2022-08-11,0.004262463551388615
2022-08-12,-0.0010035046819845792
2022-08-15,-0.007656546809343524
2022-08-16,-0.0034057540224877387
2022-08-17,0.00757885262340548
2022-08-18,0.008650765253720967
2022-08-19,0.0011951855549314136
2022-08-22,0.008786747991656515
2022-08-23,0.0040513600363932915
2022-08-24,0.005979585736753844
2022-08-25,-0.0064721573879969845
2022-08-26,0.008432593902841498
2022-08-29,0.004594131362008709
2022-08-30,-0.0020098951718009535
2022-08-31,0.001218300495197463
2022-09-01,-0.00570345063708246
2022-09-02,-0.005308995040539378
2022-09-06,-0.002782233172217324
2022-09-07,-0.014317246716110957
2022-09-08,-0.001958311233986059
2022-09-09,0.0021109914307856597
2022-09-12,-0.008165728206866745
2022-09-13,0.0033212797046589266
2022-09-14,-0.0001784864527324164
2022-09-15,-0.007649145920206055
2022-09-16,-0.003630418326361418
2022-09-19,0.002633764530217951
2022-09-20,-0.0006405204855113391
2022-09-21,-0.0024525771114815758
2022-09-22,-0.0015271513131179955
2022-09-23,0.001824389924966699
2022-09-26,0.00018607802444594646
2022-09-27,0.006394492919226252
2022-09-28,-0.003633598986018286
2022-09-29,-0.002794367077476438
2022-09-30,-0.007310379890551574
2022-10-03,-0.008009663042716938
2022-10-04,-0.006385317869302684
2022-10-05,0.009544039921431421
2022-10-06,-0.0025987141644133694
2022-10-07,0.010126962514092742
2022-10-10,0.008696444365097446
2022-10-11,-0.005523061876922252
2022-10-12,0.0030742491981497646
2022-10-13,0.0071610129568859485
2022-10-14,-0.0008292938743890201
2022-10-17,-0.006203189652489561
2022-10-18,-0.0015264570910736072
2022-10-19,0.010605829389153327
2022-10-20,-0.006896288739533706
2022-10-21,-0.008834070922579047
2022-10-24,0.003136669358126548
2022-10-25,0.004055492663349657
2022-10-26,-0.0032507295298464995
2022-10-27,0.008881228655259043
2022-10-28,0.012797724049999052
2022-10-31,-0.006947480511865219
2022-11-01,-0.015441494367040258
2022-11-02,-0.005097402960489846
2022-11-03,0.0051561242949739895
2022-11-04,-0.013677130768271466
2022-11-07,-0.0034484381857879534
2022-11-08,-0.011783980385986917
2022-11-09,-0.006143076556229637
2022-11-10,-0.012575625076043267
2022-11-11,0.00136587891882538
2022-11-14,-0.002950090946820065
2022-11-15,0.00760104915052021
2022-11-16,-0.002084773686602012
2022-11-17,-0.0022899806546393562
2022-11-18,-0.0005889315337653095
2022-11-21,0.0015892920041367202
2022-11-22,-0.0010907899022714125
2022-11-23,-0.00527387555841699
2022-11-25,-0.003519639406003938
2022-11-28,0.007911713001828836
2022-11-29,-0.004052193182440127
2022-11-30,-2.518435259611652e-06
2022-12-01,-0.009244828099038871
2022-12-02,-0.004326189500732875
2022-12-05,-0.010556946873902932
2022-12-06,-0.006667840114846332
2022-12-07,-0.005151710551861858
2022-12-08,0.007937638643715935
2022-12-09,0.004723993998359987
2022-12-12,-0.004249523624453513
2022-12-13,0.006007446778954582
2022-12-14,0.0065124580316344395
2022-12-15,-0.010141524962432442
2022-12-16,-0.00103333593510252
2022-12-19,-0.008427458667513134
2022-12-20,0.0045094350366362305
2022-12-21,0.0017005329462345374
2022-12-22,-0.004387737257236822
2022-12-23,0.008417106541563659
2022-12-27,0.0032426325324014585
2022-12-28,-0.005751160191113462
2022-12-29,0.0018881043958361805
2022-12-30,0.004412361876475594
2023-01-03,-0.013290543756491557
2023-01-04,-0.008319976107762672
2023-01-05,-0.012697590714438895
2023-01-06,0.006171077976818789
2023-01-09,-0.004111128116519434
2023-01-10,0.008122584515100133
2023-01-11,2.057028893350758e-05
2023-01-12,0.004964247637983736
2023-01-13,0.004803384979466725
2023-01-17,-0.0008543412950426152
2023-01-18,-0.007702585051615961
2023-01-19,0.0004942232808926552
2023-01-20,-0.001627242731046691
2023-01-23,-0.004197567198203921
2023-01-24,0.0035130580421174045
2023-01-25,-0.0013440420005646114
2023-01-26,0.0015791713351407438
2023-01-27,-0.004409439051108343
2023-01-30,0.004955752294464079
2023-01-31,-0.004560419091562685
2023-02-01,-0.0032294787689896944
2023-02-02,-0.003822032865819265
2023-02-03,-0.007084338699527507
2023-02-06,-0.003713809997743419
2023-02-07,-0.010528786367823117
2023-02-08,0.001994417854310695
2023-02-09,0.0002414941944500989
2023-02-10,-0.0022022377175717972
2023-02-13,-0.0027278993134944043
2023-02-14,0.0007181346019259373
2023-02-15,0.004787004015954316
2023-02-16,-0.0016394548752300547
2023-02-17,0.004577619684609466
2023-02-21,-0.0037407586004360766
2023-02-22,-0.00010862387394247155
2023-02-23,0.0009561403259307769
2023-02-24,0.005574253979094211
2023-02-27,-0.00180454620360159
2023-02-28,-0.004296611652966851
2023-03-01,-0.012612080364732879
2023-03-02,0.0011249564361240755
2023-03-03,-0.005621901089154433
2023-03-06,0.0039405897098107314
2023-03-07,0.013798689203946576
2023-03-08,0.004332314158317261
2023-03-09,0.006089397883882109
2023-03-10,-0.005830877200165701
2023-03-13,-0.0121984137385281
2023-03-14,0.0038826340036770546
2023-03-15,0.010229868643650799
2023-03-16,-0.003723473160767942
2023-03-17,-0.001818514508770916
2023-03-20,-0.002034848534217087
2023-03-21,-0.0005094822513215127
2023-03-22,0.002616363764059785
2023-03-23,0.0036131021979756324
2023-03-24,-0.004993110504344683
2023-03-27,-0.009134733684042674
2023-03-28,-0.0013099751564554349
2023-03-29,0.0016189218095661005
2023-03-30,0.0006521858288822048
2023-03-31,-0.006645417567175181
2023-04-03,-0.004713057226603974
2023-04-04,0.0022155113013811296
2023-04-05,-0.001878936704762552
2023-04-06,0.004774474320002529
2023-04-10,-0.003735684308086984
2023-04-11,-0.0004656593353154374
2023-04-12,-0.0021322908840139226
2023-04-13,0.008334685591723992
2023-04-14,-0.00791356567535074
2023-04-17,-0.0035429787863035683
2023-04-18,0.00016120023793611494
2023-04-19,0.009607861313929019
2023-04-20,0.019032591464157363
2023-04-21,0.0024386415807933796
2023-04-24,0.004002169390079231
2023-04-25,0.01226223109428918
2023-04-26,0.008770700310176802
2023-04-27,0.000669921204330865
2023-04-28,-0.005490063643602312
2023-05-01,-0.0031559754216334023
2023-05-02,0.014883241078309165
2023-05-03,0.00304141330083093
2023-05-04,0.0002510124181419001
2023-05-05,-0.0116636437054509
2023-05-08,-0.003974441321832926
2023-05-09,0.005477448579053582
2023-05-10,0.005076884321560195
2023-05-11,0.003312873244150906
2023-05-12,-0.0026014249716749117
2023-05-15,-0.00678705459762649
2023-05-16,0.002618755908816987
2023-05-17,-0.003153540626445605
2023-05-18,-0.00178471141120944
2023-05-19,0.005588656130199318
2023-05-22,-0.0004614314402967291
2023-05-23,-0.0024826570345255405
2023-05-24,-0.004288809691699357
2023-05-25,0.0031539290158638434
2023-05-26,-0.004409665383033438
2023-05-30,0.0138265920899165
2023-05-31,0.002120173024190302
2023-06-01,-0.007038000157393018
2023-06-02,-0.009798161383729307
2023-06-05,-0.0023664371548345327
2023-06-06,-0.0004849307035437829
2023-06-07,-0.005221209631651587
2023-06-08,0.0017409243159024375
2023-06-09,0.0033899151883241127
2023-06-12,0.00759787905893878
2023-06-13,-0.011912245011257191
2023-06-14,0.00559710659543416
2023-06-15,-0.01729364494120811
2023-06-16,-0.009064237574872163
2023-06-20,0.001930152783438223
2023-06-21,-0.01464792034041883
2023-06-22,0.0024978646048650455
2023-06-23,0.004117187534243841
2023-06-26,-0.001750792445306788
2023-06-27,0.005943062745389555
2023-06-28,-0.0009524415883139704
2023-06-29,-0.004585820720905712
2023-06-30,-0.0004677886868106697
2023-07-03,0.0053138625868206875
2023-07-05,-0.006397435044641544
2023-07-06,-0.003079759987664535
2023-07-07,0.0006680874231062102
2023-07-10,0.0029759487372836755
2023-07-11,-0.0081075843920307
2023-07-12,0.0122265879356006
2023-07-13,-0.0022455726862566036
2023-07-14,0.0009513642072735449
2023-07-17,0.00790588092215987
2023-07-18,-0.007677907207776772
2023-07-19,-0.00770418526509752
2023-07-20,-0.006255824989810843
2023-07-21,0.00013022494975007415
2023-07-24,-0.010352593898436669
2023-07-25,-0.0003732308273653735
2023-07-26,-0.0002986685234455477
2023-07-27,-0.006419263950774092
2023-07-28,0.003529048517554907
2023-07-31,0.005292328285563167
2023-08-01,-0.006570232816701849
2023-08-02,0.00031390902067195955
2023-08-03,-0.0034076758268235838
2023-08-04,-0.0015215736022424827
2023-08-07,-0.007179018101891438
2023-08-08,-0.0037848851447986115
2023-08-09,-0.0017507503635141605
2023-08-10,-0.00024807042902469254
2023-08-11,0.0010560284088129285
2023-08-14,0.009583070829013532
2023-08-15,0.011970056384579274
2023-08-16,0.0038723930925770706
2023-08-17,0.00012999117534279295
2023-08-18,-0.008934423167613247
2023-08-21,0.0020602831973539925
2023-08-22,0.003229530198644524
2023-08-23,-0.0004399547785049365
2023-08-24,0.002218714199559881
2023-08-25,-0.001386917017359487
2023-08-28,0.003151097399413467
2023-08-29,0.007833480792104386
2023-08-30,-0.006984547465936546
2023-08-31,-0.002005134350723199
2023-09-01,-0.00405849908308463
2023-09-05,-0.0020946596326446264
2023-09-06,-0.005482292012753679
2023-09-07,0.00729966630539921
2023-09-08,-0.004231671478174706
2023-09-11,-0.0006092064859783081
2023-09-12,0.005059978584711673
2023-09-13,-0.0037573432809488846
2023-09-14,-0.0001397804741393011
2023-09-15,-0.005064135270316069
2023-09-18,0.002934575045104482
2023-09-19,-0.0040757160593228444
2023-09-20,-0.0006158418985002713
2023-09-21,0.0037943359686307718
2023-09-22,0.001353109323272182
2023-09-25,-0.010280993735617366
2023-09-26,-0.004715108161803116
2023-09-27,0.004266971561875162
2023-09-28,-0.003165381749242376
2023-09-29,0.007571386818746553
2023-10-02,-0.019302068051519496
2023-10-03,-0.003652723353621659
2023-10-04,-0.0018513678105818495
2023-10-05,-0.004689490870158153
2023-10-06,-0.0018808740018255565
2023-10-09,-0.0025287192894630165
2023-10-10,0.001077811685941597
2023-10-11,0.003365878479903035
2023-10-12,-0.005888678994497701
2023-10-13,-0.008916704530115449
2023-10-16,-0.0010112152385111435
2023-10-17,-0.0024629937773409023
2023-10-18,0.0003958622001169155
2023-10-19,-0.007843155881518158
2023-10-20,-0.0026060122403067988
2023-10-23,0.0058422785392371
2023-10-24,0.004765100624472447
2023-10-25,0.00249106313884442
2023-10-26,-0.006728986436252932
2023-10-27,-0.001960454767770647
2023-10-30,0.0019651444999566835
2023-10-31,-0.00721892286637459
2023-11-01,0.00852622122828805
2023-11-02,-0.008260624803986247
2023-11-03,0.000776379666394255
2023-11-06,9.127756752704641e-05
2023-11-07,0.007577149291802321
2023-11-08,0.003123458282138991
2023-11-09,0.007810613395350257
2023-11-10,-0.007677111768488449
2023-11-13,-0.012825187536372592
2023-11-14,-0.001833698526883197
2023-11-15,0.003476001904998365
2023-11-16,0.016322232978008805
2023-11-17,-0.006897863405106342
2023-11-20,-0.005069210104886721
2023-11-21,-0.0020271083704276327
2023-11-22,-0.00490092427576989
2023-11-23,0.0014456799598857669
2023-11-24,0.008427493174338056
2023-11-27,0.009859383868919007
2023-11-28,-0.0030387264053033667
2023-11-29,-0.006464651415394539
2023-11-30,0.0012325267884999269
2023-12-01,0.01206587275875889
2023-12-04,-0.005724745114977655
2023-12-05,-0.0062070136043265445
2023-12-06,0.0037493373343155736
2023-12-07,-0.01110282564380433
2023-12-08,-0.0054071503324795624
2023-12-11,0.0018237383670225938
2023-12-12,0.003329818358751594
2023-12-13,0.0018161011766597553
2023-12-14,-0.016043372115877426
2023-12-15,-0.01140565580892343
2023-12-18,-0.0030846611288820195
2023-12-19,0.00044067489633862014
2023-12-20,-0.0033524915501099584
2023-12-21,-0.0018217340579698284
2023-12-22,-0.00037613888050003674
2023-12-26,-0.006780127406162687
2023-12-27,0.006912754285200337
2023-12-28,0.008956074212055546
2023-12-29,-0.005789525899637017
2024-01-02,0.011613419594626341
2024-01-03,-0.011787059816740829
2024-01-04,0.001272533003099267
2024-01-05,-0.00519907569621129
2024-01-08,0.004163030136879795
2024-01-09,-0.009689863554793728
2024-01-10,0.00577143642973211
2024-01-11,-0.002692231662645581
2024-01-12,-0.0004575468650207411
2024-01-16,0.009489856824071738
2024-01-17,0.0015646770268502794
2024-01-18,-0.0039419866887668905
2024-01-19,0.004260001112910446
2024-01-22,-0.0010100512603668016
2024-01-23,-0.0010104334482972548
2024-01-24,-0.011670742572066604
2024-01-25,-0.0031283665623640434
2024-01-26,0.0011300976317425277
2024-01-29,0.00549099362090419
2024-01-30,0.0005613115021530179
2024-01-31,0.006439287544964849
2024-02-01,0.006146094503659713
2024-02-02,0.012543774985046378
2024-02-05,-0.0029512165356382837
2024-02-06,-0.0005366399677679693
2024-02-07,0.0055721213866191405
2024-02-08,-0.0026890935073961048
2024-02-09,0.006586962009668864
2024-02-12,-0.010283755914504
2024-02-13,-0.0012149015469054803
2024-02-14,0.011370400593007956
2024-02-15,0.0030118010457866654
2024-02-16,-0.004247360030231443
2024-02-20,-0.009875021797399334
2024-02-21,0.006016517886468834
2024-02-22,0.0010791997741755196
2024-02-23,0.003711178049550949
2024-02-26,0.004763431999027058
2024-02-27,0.004624022556205174
2024-02-28,0.0037919612958148383
2024-02-29,-0.00802254176270294
2024-03-01,-0.006576752804841838
2024-03-04,-0.0027189588982660354
2024-03-05,0.009968637504959878
2024-03-06,0.0025275946480396855
2024-03-07,-0.005213180540659023
2024-03-08,-0.008550580133833823
2024-03-11,-0.0035015830470178214
2024-03-12,-0.0031610846069185213
2024-03-13,0.00387384876247756
2024-03-14,0.0033409196974111483
2024-03-15,-0.004864210511724732
2024-03-18,0.0058610432889663515
2024-03-19,-0.005077333729326041
2024-03-20,-0.0065394480041547996
2024-03-21,-0.0008369358010193559
2024-03-22,-0.0016120472654702013
2024-03-25,0.004523916282179202
2024-03-26,0.006759584785279871
2024-03-27,-0.0021619558584391294
2024-03-28,-0.0003101667375058074
2024-04-01,0.00543799223885645
2024-04-02,0.010858490469702027
2024-04-03,0.0014065973788142537
2024-04-04,0.005078436101669082
2024-04-05,0.003872151831466754
2024-04-08,-0.0024589738335225393
2024-04-09,-0.0014316635191951174
2024-04-10,0.0014221399121476484
2024-04-11,0.003003409968068786
2024-04-12,-0.001403138949450875
2024-04-15,0.013414095846983403
2024-04-16,0.0005223040221198887
2024-04-17,-0.0018940855220155066
2024-04-18,0.004471077101497794
2024-04-19,-0.0011135515280754273
2024-04-22,-0.018450535669929283
2024-04-23,-0.0016654087216981905
2024-04-24,0.0012972150258158206
2024-04-25,0.0066841947072370286
2024-04-26,0.0018987940202912184
2024-04-29,-0.014068145499335516
2024-04-30,-0.009990235091264626
2024-05-01,-0.010135477895781569
2024-05-02,-0.010123539538168698
2024-05-03,-0.008990378822123928
2024-05-06,-0.0009995718110976553
2024-05-07,-0.0046676308603807205
2024-05-08,0.0017647179495739566
2024-05-09,0.008047709591316989
2024-05-10,-0.002704301007926487
2024-05-13,0.003796460742723738
2024-05-14,0.002527251177047766
2024-05-15,0.0014598640270193559
2024-05-16,0.0005842236368099947
2024-05-17,0.01470947085768279
2024-05-20,0.003202166288247517
2024-05-21,0.0011473084965133926
2024-05-22,-0.014694281282810334
2024-05-23,-0.013979249811478738
2024-05-24,-0.0006887662891119949
2024-05-28,0.019999055995834198
2024-05-29,-0.0010941380126690203
2024-05-30,-0.002422387494695514
2024-05-31,-0.007682428810484785
2024-06-03,0.0034988110105600248
2024-06-04,-0.010858623972240397
2024-06-05,0.0034528707740244993
2024-06-06,-0.003481803555828232
2024-06-07,-0.005972716331434947
2024-06-10,0.002823361022000961
2024-06-11,-0.0012574411465629642
2024-06-12,0.007040699676940468
2024-06-13,-0.009991414856147877
2024-06-14,0.007925031524385702
2024-06-17,0.0069381749777384875
2024-06-18,-0.002125763319925558
2024-06-20,0.009523870690004772
2024-06-21,-0.004765571028251675
2024-06-24,0.001260083973951197
2024-06-25,-0.005930210554027007
2024-06-26,-0.00032739435008349854
2024-06-27,-0.0006423984385100044
2024-06-28,0.007162981198367834
2024-07-01,-0.0011906423052092244
2024-07-02,0.0006167605503307285
2024-07-03,0.007701769386263978
2024-07-05,0.0023287406396000883
2024-07-08,0.00015863369668182596
2024-07-09,0.0010801789532682165
2024-07-10,0.003033297727948561
2024-07-11,0.0022352860802517267
2024-07-12,0.00448129668868512
2024-07-15,0.005879051196421304
2024-07-16,-0.0011682128397733423
2024-07-17,-2.0736121865156986e-05
2024-07-18,-0.0025607034470503088
2024-07-19,-0.006846282286509039
2024-07-22,-0.007967570255048222
2024-07-23,0.0009023447781936689
2024-07-24,-0.003879001822116059
2024-07-25,-0.005313842172351317
2024-07-26,0.01516239110188776
2024-07-29,0.0005300281480878793
2024-07-30,0.006283602672750185
2024-07-31,-0.003722485754226065
2024-08-01,0.0070074252636651325
2024-08-02,0.006859957963680109
2024-08-05,-0.005942611421888524
2024-08-06,0.003015193475485229
2024-08-07,-0.004715452170339311
2024-08-08,0.0014473768789059704
2024-08-09,-0.004420887189667665
2024-08-12,-0.003819027233257677
2024-08-13,0.009138938198145147
2024-08-14,0.0020306328108409153
2024-08-15,0.006890255312682163
2024-08-16,0.011515183628988318
2024-08-19,0.0010802483495589198
2024-08-20,0.0028556753690372107
2024-08-21,0.005747469965132664
2024-08-22,-0.001963468211384742
2024-08-23,-0.0025892436371607163
2024-08-26,-0.001470895658088998
2024-08-27,0.002201814483197339
2024-08-28,0.0037454721125784506
2024-08-29,-0.015468133803320103
2024-08-30,-0.0005440962085374123
2024-09-03,0.004258182906260697
2024-09-04,0.002279917119953953
2024-09-05,0.0017474759263419717
2024-09-06,0.007137481343362991
2024-09-09,0.002399412719659989
2024-09-10,0.010379776924755843
2024-09-11,-0.005392193522214062
2024-09-12,-0.003097688180252211
2024-09-13,0.009125095360169755
2024-09-16,-0.014314469217407188
2024-09-17,-0.004973835804892472
2024-09-18,-0.0032702716536305884
2024-09-19,-0.0020741794676093976
2024-09-20,-0.002073596322337845
2024-09-23,-0.0012313716250043243
2024-09-24,0.004523155991656669
2024-09-25,0.0005204185084058371
2024-09-26,0.013630300096765269
2024-09-27,-0.010566982289244317
2024-09-30,-0.004318186855812152
2024-10-01,0.000906516144601517
2024-10-02,-0.0002753526327493125
2024-10-03,-0.01400216840391266
2024-10-04,-0.0014305519435433962
2024-10-07,-0.012065171194130185
2024-10-08,0.0030120814202524286
2024-10-09,0.0007322220599684158
2024-10-10,-0.001971951491920955
2024-10-11,0.008224045460870752
2024-10-14,0.005702962696006125
2024-10-15,0.006914879002409031
2024-10-16,0.006451031452426038
2024-10-17,-0.0014766372694110699
2024-10-18,0.012786519594625706
2024-10-21,-0.005072414075521887
2024-10-22,-0.0016447970866546957
2024-10-23,-0.00586349218163642
2024-10-24,0.00033691824033479207
2024-10-25,-0.001541974071636927
2024-10-28,0.01767150422978534
2024-10-29,0.0015543116842857726
2024-10-30,-0.011317787070576062
2024-10-31,-0.009694583718666813
2024-11-01,0.0010708135118222017
2024-11-04,-0.005569429325523539
2024-11-05,0.0015406255160960326
2024-11-06,-0.013888242641389964
2024-11-07,0.0039085996692198675
2024-11-08,-0.00226323430072408
2024-11-11,-0.0029501101273896858
2024-11-12,0.001038761988799972
2024-11-13,-0.0009210816266680421
2024-11-14,0.006047135793933141
2024-11-15,0.0020888689500255008
2024-11-18,-0.005887300850453058
2024-11-19,0.002161594565282216
2024-11-20,0.004205233360753482
2024-11-21,0.001276043645057825
2024-11-22,-0.0012850462314818259
2024-11-25,-0.0018564010935374054
2024-11-26,-0.0006934302679112116
2024-11-27,0.004007484697134702
2024-11-29,0.0036861639014799928
2024-12-02,-0.003673333344209605
2024-12-03,-0.0055229081099934995
2024-12-04,0.008214044929618114
2024-12-05,-0.003127127406021744
2024-12-06,0.005357959118855195
2024-12-09,0.002291082577250876
2024-12-10,0.0013683733561515405
2024-12-11,-0.005411631227893118
2024-12-12,-0.0005483684427508131
2024-12-13,0.0006070504429419063
2024-12-16,-0.006151217971253102
2024-12-17,0.007724897541893046
2024-12-18,0.0070432932305231274
2024-12-19,-0.002912641060259409
2024-12-20,-0.0003380375442554708
2024-12-23,-0.004974333272187832
2024-12-24,0.0009027656762026619
2024-12-26,-0.0002741605818854536
2024-12-27,-0.003884269023375247
2024-12-30,-0.0004854461774812063
2024-12-31,-0.007848350463392112
2025-01-02,-0.0013731848175769046
2025-01-03,0.00734832296507815
2025-01-06,-0.00017996593747430194
2025-01-07,-0.002318450477237761
2025-01-08,0.007886230787802902
2025-01-09,0.004526669472537586
2025-01-10,0.0023733349172636114
2025-01-13,-0.004805735168250566
2025-01-14,-0.002390593011857798
2025-01-15,0.01204981559761052
2025-01-16,0.003445929651434748
2025-01-17,-0.004831216596082945
2025-01-21,-0.004030563502746076
2025-01-22,0.006077989424684577
2025-01-23,-0.0045478231732044684
2025-01-24,0.001775437343693065
2025-01-27,-0.006582729345035445
2025-01-28,0.002109335982209356
2025-01-29,0.005668950668725216
2025-01-30,0.009471722882229446
2025-01-31,0.0008562739458692502
2025-02-03,-0.0002891498955176604
2025-02-04,0.0013184200997476256
2025-02-05,0.014231742577020581
2025-02-06,-0.0018291779100060817
2025-02-07,0.00251935835042727
2025-02-10,0.009330528875846051
2025-02-11,-0.014477228489623576
2025-02-12,0.015330256230836566
2025-02-13,0.0030992259726322427
2025-02-14,-0.01057083353655826
2025-02-18,0.002640081712366391
2025-02-19,-0.0023652193931581657
2025-02-20,-0.002411786808130762
2025-02-21,0.0017063151233765756
2025-02-24,-0.006723496358284135
2025-02-25,-0.0018246386973455602
2025-02-26,0.009785609438193713
2025-02-27,-0.005748309768184486
2025-02-28,0.0001308267783990804
2025-03-03,0.009163056276379818
2025-03-04,0.010090747710981974
2025-03-05,0.011879032677034513
2025-03-06,-0.004961014923152524
2025-03-07,-0.006718431893758479
2025-03-10,-0.0010106377193579209
2025-03-11,0.0055047136456722705
2025-03-12,-0.0031617927746378617
2025-03-13,0.008567024554359036
2025-03-14,-0.00390663103149124
2025-03-17,-0.0012088872447651782
2025-03-18,0.005782136063045425
2025-03-19,0.0012461784841068867
2025-03-20,-0.006432831356205849
2025-03-21,-0.0018465399744989081
2025-03-24,-0.002741403815047793
2025-03-25,0.0038421391766201417
2025-03-26,-0.002439862851129834
2025-03-27,-0.00016614825671110034
2025-03-28,0.004037804988420068
2025-03-31,-0.002996211307154881
2025-04-01,-0.005926520191657839
2025-04-02,-0.00034058015338015726
2025-04-03,0.007607720944686839
2025-04-04,-0.003858492790749467
2025-04-07,-0.010695760867686062
2025-04-08,0.0037313042617504594
2025-04-09,-0.003780202717068478
2025-04-10,0.009226241808908502
2025-04-11,-3.2121655310659618e-06
2025-04-14,-0.0006033446387695627
2025-04-15,0.00276601190517343
2025-04-16,-0.0014076472024995412
2025-04-17,-0.009614197444579895
2025-04-21,0.007799469643653897
2025-04-22,-0.00615822105073748
2025-04-23,0.0012442251900845838
2025-04-24,0.0031760081962524033
2025-04-25,-0.005879787199805046
2025-04-28,0.012507265877158107
2025-04-29,0.006321130030019972
2025-04-30,0.0031878123194524926
2025-05-01,-0.003655491788569519
2025-05-02,-0.005042327975543735
2025-05-05,0.005496508357015372
2025-05-06,-0.0015286382962779082
2025-05-07,0.0030664427336448523
2025-05-08,-0.007104092204082422
2025-05-09,-0.0033231587652166146
2025-05-12,-0.010896716196016044
2025-05-13,-0.007446007782403425
2025-05-14,-0.005536444766118133
2025-05-15,0.003031009319547575
2025-05-16,-3.289206280976421e-05
2025-05-19,-0.002157325293012062
2025-05-20,-0.004429031108827461
2025-05-21,-0.0009112100936322333
2025-05-22,0.0008555180507811125
2025-05-23,0.004271830111886171
2025-05-27,0.004374729908628079
2025-05-28,-0.0005668719749927214
2025-05-29,0.0065250651850152965
2025-05-30,-0.0019883555176826327
2025-06-02,0.0038252808316593815
2025-06-03,-0.005137424296465356
2025-06-04,0.007692865216412485
2025-06-05,0.004731901878095173
2025-06-06,-0.005019001496502343
2025-06-09,0.0021994955668491792
2025-06-10,4.244415194368909e-05
2025-06-11,-0.00959326839587219
2025-06-12,0.007313281227426051
2025-06-13,-0.02243412746016646
2025-06-16,0.00307311447412653
2025-06-17,-0.005174186008145908
2025-06-18,-0.0011887627911359808
2025-06-20,-0.005725742071672822
2025-06-23,0.016064101506156947
2025-06-24,0.005846087492188751
2025-06-25,0.0025172266456411226
2025-06-26,0.007599038928124604
2025-06-27,-0.0068215903119048975
2025-06-30,0.0009278459220150872
2025-07-01,-0.001221917483952819
2025-07-02,-0.0027413535301769637
2025-07-03,-0.005408969653393097
2025-07-04,-0.0012128639251197156
2025-07-07,-0.002237430206253352
2025-07-08,0.012803955211863118
2025-07-09,-0.003902606442288828
2025-07-10,0.006923100503817173
2025-07-11,0.0024768920232320518
2025-07-14,0.0037330060715630806
2025-07-15,-0.008884206134989147
2025-07-16,0.004052344794563423
2025-07-17,-0.0065386440354405825
2025-07-18,0.0005177403011869072
2025-07-21,0.01047078035147554
2025-07-22,0.00218666051491735
2025-07-23,-0.0024440445670489263
2025-07-24,-0.00732574974169662
2025-07-25,-0.0015631713117998983
2025-07-28,-0.0046572892448076865
2025-07-29,-0.004631842231391523
2025-07-30,-0.006291078211154642
2025-07-31,-0.012505987937311763
2025-08-01,0.01464936097163024
2025-08-04,0.002689819315290222
2025-08-05,0.006091335325778318
2025-08-06,0.0033808759439069845
2025-08-07,-0.0004828988112988602
2025-08-08,0.0014294826184223226
2025-08-11,-0.010446826551233919
2025-08-12,-0.00809787583333919
2025-08-13,0.0012436340621664115
2025-08-14,-0.001894753876119852
2025-08-15,0.002400740015953106
2025-08-18,-0.0015727944088217338
2025-08-19,-0.001482945119451118
2025-08-20,-0.0027816922352760297
2025-08-21,0.005701940898161409
2025-08-22,0.005491879269811529
2025-08-25,-0.004101429733142687
2025-08-26,0.004409266208813945
2025-08-27,-0.0019541623904734424
2025-08-28,-0.0022108143991633007
2025-08-29,0.010615340446616207
2025-09-02,0.009414513161845993
2025-09-03,0.011006311232405011
2025-09-04,-0.004229772619314867
2025-09-05,0.006118293637463618
2025-09-08,0.0009697271138172591
2025-09-09,-0.003583217802097552
2025-09-10,-0.0010498736224918643
2025-09-11,0.0024942015286878345
2025-09-12,0.006420739405418037
2025-09-15,0.004976730289842988
2025-09-16,-0.004586868935383382
2025-09-17,-0.006176433627414959
2025-09-18,4.566280370314626e-05
2025-09-19,0.0010732308207781348
2025-09-22,0.011213514296923507
2025-09-23,-0.003616582734601009
2025-09-24,-0.00023186410745008003
2025-09-25,0.0051132985592004555
2025-09-26,0.007617563687470661
2025-09-29,0.012580768331915954
2025-09-30,0.0012449643531712768
2025-10-01,0.004776254294101724
2025-10-02,-0.00645275764546632
2025-10-03,0.0087170800569136
2025-10-06,-0.0019362870914152812
2025-10-07,0.0030306716730151007
2025-10-08,0.0047109723725288315
2025-10-09,-0.00660479505115965
2025-10-10,0.0008570562952335997
2025-10-13,0.015788355287114475
2025-10-14,0.0026809497934885953
2025-10-15,0.004417508229112004
2025-10-16,0.010357272808762205
2025-10-17,-0.012002877939903808
2025-10-20,0.011936814216730287
2025-10-21,-0.01226961213202623
2025-10-22,0.0004062757059391115
2025-10-23,-0.00504141405849998
2025-10-24,-0.0002688552632261545
2025-10-27,-0.0028232333408452714
2025-10-28,0.0006501421862347056
2025-10-29,-0.0011291464207063364
2025-10-30,0.009779952258341362
2025-10-31,-0.005653892489739116
2025-11-03,0.004337131569485614
2025-11-04,-0.0026761685889685085
2025-11-05,0.0071293271356399094
2025-11-06,-0.002934635435171966
2025-11-07,0.006938966377544444
2025-11-10,0.00726411538206712
2025-11-11,-0.0003186607291545032
2025-11-12,0.008539029165972212
2025-11-13,0.0021489918881083107
2025-11-14,-0.017651400605461626
2025-11-17,0.0031291317920282614
2025-11-18,0.003492900146645044
2025-11-19,0.003558978648744393
2025-11-20,-0.0033364370485243085
2025-11-21,0.002741454536177733
2025-11-24,-0.00021314068202628883
2025-11-25,0.0006203295563147418
2025-11-26,-0.001174725008477456
2025-11-28,0.01219453849081123
2025-12-01,0.00549510643086903
2025-12-02,-0.004058497174189531
2025-12-03,0.0013562250466606295
2025-12-04,0.0017230896723860107
2025-12-05,0.002462471064602109
2025-12-08,-0.0023769155621158177
2025-12-09,-0.0025143363391030003
2025-12-10,-0.002135634764093548
2025-12-11,0.011975651349006829
2025-12-12,-0.006384763363663669
2025-12-15,0.0058315936968178165
2025-12-16,0.009958147959382276
2025-12-17,0.0018561035182983047
2025-12-18,-0.00219177305326065
2025-12-19,0.0002503947717643832
2025-12-22,-0.0011401612840659019
2025-12-23,0.007770177680601694
2025-12-24,-0.0017840956549185804
2025-12-26,0.02307127227621398
2025-12-29,-0.021373045471586045
2025-12-30,0.009905007260403302
2025-12-31,-0.008662718615380155
2026-01-02,0.005692095697141674
2026-01-05,0.004428380855644526
2026-01-06,0.011208793872571737
2026-01-07,-0.0059245946319353955
2026-01-08,-0.009784532794163003
2026-01-09,0.0007085532972418857
2026-01-12,0.009205856830660827
2026-01-13,-0.006197463631017879
2026-01-14,0.0005799852702378249
2026-01-15,0.00724646018706758
2026-01-16,-0.009574846361053081
2026-01-20,0.0010493037301184326
2026-01-21,-0.004637248134692431
2026-01-22,0.006188598473545624
2026-01-23,-0.0009790429371828362
2026-01-26,0.009821021608150904
2026-01-27,-0.011953770742334027
2026-01-28,0.0026815307461407352
2026-01-29,0.00020952470023043326
2026-01-30,-0.024112275043937068
2026-02-02,0.00233005978567788
2026-02-03,0.006927100624600016
2026-02-04,-0.003555063857321455
2026-02-05,-0.0021918517825680463
2026-02-06,0.007969660522797066
2026-02-09,-0.0017052567425405963
2026-02-10,0.0025337929558572267
2026-02-11,0.0012984924227862032
2026-02-12,-0.007386026291308387
2026-02-13,0.0036510315723821637
2026-02-17,0.00300153376335125
2026-02-18,-0.004401559476379005
2026-02-19,-0.0047675959122185745
2026-02-20,-0.0037859925315643097
2026-02-23,0.0024837347918999636
2026-02-24,0.0020195386594848495
2026-02-25,0.0021654676780304104
2026-02-26,2.6232882020251265e-05
2026-02-27,0.007100900297778076
2026-03-02,0.011077947046719126
2026-03-03,0.00012194427619676188
2026-03-04,0.0047542978634003115
2026-03-05,0.00693045391550342
2026-03-06,0.011618490271786778
2026-03-09,-0.0015130837747825937
2026-03-10,-0.006525410181083326
2026-03-11,0.007243174584972795
2026-03-12,0.006487810494778926
2026-03-13,8.291573690529312e-05
2026-03-16,-0.015490913891310232
2026-03-17,0.0012399870652509528
2026-03-18,-0.004527054000046088
2026-03-19,-0.011936227326611669
2026-03-20,-0.0018330834549324898
2026-03-23,-0.013258747671944954
2026-03-24,0.0011216272684063772
2026-03-25,0.004807457135403536
2026-03-26,0.002267707896337942
2026-03-27,0.008014969876031192
2026-03-30,0.004624943761922958
2026-03-31,0.005589487064645978
2026-04-01,-0.005419353343147361
2026-04-02,0.007991259188061284
2026-04-06,0.0007403903418018498
2026-04-07,0.003521833138069883
2026-04-08,-0.009576709994795679
2026-04-09,0.007932156219379843
2026-04-10,-0.0006737211930580246
2026-04-13,0.005922273451484803
2026-04-14,-0.004462070326024782
2026-04-15,0.0030634521950402118
2026-04-16,0.00523583036693968
2026-04-17,-0.0028908302894348073
2026-04-20,0.0006971332708508424
2026-04-21,0.0030955855568611016
2026-04-22,0.00036152158101551924
2026-04-23,-0.0013995099862646784
2026-04-24,-0.0014947845659032193
2026-04-27,0.003123038069842954
2026-04-28,-0.003678585953797313
2026-04-29,-0.00106281591969803
2026-04-30,0.004925861921501526
2026-05-01,-0.005247852072816966
2026-05-04,-0.0016457332769202846
2026-05-05,-0.0027582869322951274
2026-05-06,-0.00046562515063424716
2026-05-07,0.004217974148943033
2026-05-08,0.00795516178424012
2026-05-11,0.009116823128027769
2026-05-12,0.011611928913774472
2026-05-13,3.696221012502601e-05
2026-05-14,-0.01286127640118517
2026-05-15,-0.005566353452577283
2026-05-18,0.015311368974765958
2026-05-19,-0.006071867261556718
2026-05-20,-0.006399945584344311
2026-05-21,-0.00953744429497346
2026-05-22,0.0034466441890743217
2026-05-26,-0.006401630543793789
2026-05-27,-0.00512786608923595
2026-05-28,0.0016397538235827455
2026-05-29,-0.0016234812371614929
2026-06-01,0.004689428950175727
2026-06-02,0.004902539794193282
2026-06-03,-0.002688471684045346
2026-06-04,-0.0019167585846312633
2026-06-05,-0.009373517748955508
2026-06-08,0.0006847411495677265
2026-06-09,-0.007848004332468468
2026-06-10,-0.002152840157068791
2026-06-11,-0.00040023518765029616
